Historical Mutual Fund NAV of ICICI Prudential Gilt Fund - Growth,
scheme:- ICICI Prudential Gilt Fund - Growth,
Start Date:- 19-08-1999,
End Date:- 13-11-2020,
NAV Date,NAV (Rs)
13-11-2020,77.2858
12-11-2020,77.1552
11-11-2020,77.1414
10-11-2020,77.1157
09-11-2020,77.2673
06-11-2020,77.33
05-11-2020,77.2784
04-11-2020,77.1369
03-11-2020,77.0358
02-11-2020,77.098
29-10-2020,77.1211
28-10-2020,77.2715
27-10-2020,77.3048
26-10-2020,77.3355
23-10-2020,77.0458
22-10-2020,76.7755
21-10-2020,76.7589
20-10-2020,76.658
19-10-2020,76.6294
16-10-2020,76.6269
15-10-2020,76.8172
14-10-2020,76.7725
13-10-2020,76.7906
12-10-2020,76.7842
09-10-2020,76.5045
08-10-2020,75.9055
07-10-2020,75.9085
06-10-2020,75.8517
05-10-2020,75.9582
01-10-2020,75.9364
30-09-2020,75.8296
29-09-2020,75.6839
28-09-2020,75.5987
25-09-2020,75.7225
24-09-2020,75.8811
23-09-2020,75.8797
22-09-2020,75.8423
21-09-2020,75.8239
18-09-2020,75.7894
17-09-2020,75.8217
16-09-2020,75.9914
15-09-2020,75.846
14-09-2020,75.8477
11-09-2020,75.7767
10-09-2020,75.8358
09-09-2020,75.9779
08-09-2020,75.6941
07-09-2020,76.044
04-09-2020,76.3422
03-09-2020,76.4468
02-09-2020,76.3326
01-09-2020,76.2065
31-08-2020,75.0343
28-08-2020,74.8142
27-08-2020,74.8361
26-08-2020,74.7869
25-08-2020,74.9517
24-08-2020,74.8047
21-08-2020,75.2962
20-08-2020,75.9315
19-08-2020,75.8873
18-08-2020,75.9716
17-08-2020,75.9919
14-08-2020,76.0058
13-08-2020,76.2839
12-08-2020,76.2633
11-08-2020,76.1848
10-08-2020,76.1556
07-08-2020,76.1787
06-08-2020,76.3373
05-08-2020,76.538
04-08-2020,76.5032
03-08-2020,76.4358
31-07-2020,76.4393
30-07-2020,76.4559
29-07-2020,76.4667
28-07-2020,76.3993
27-07-2020,76.3758
24-07-2020,76.4749
23-07-2020,76.4573
22-07-2020,76.4137
21-07-2020,76.3855
20-07-2020,76.4222
17-07-2020,76.4221
16-07-2020,76.4081
15-07-2020,76.3386
14-07-2020,76.2582
13-07-2020,76.3745
10-07-2020,76.331
09-07-2020,76.148
08-07-2020,76.1227
07-07-2020,76.0082
06-07-2020,75.7888
03-07-2020,75.7248
02-07-2020,75.7132
01-07-2020,75.7192
30-06-2020,75.5193
29-06-2020,75.3708
26-06-2020,75.2693
25-06-2020,75.2763
24-06-2020,75.2018
23-06-2020,75.2677
22-06-2020,75.3213
19-06-2020,75.3345
18-06-2020,75.3043
17-06-2020,75.1731
16-06-2020,75.1579
15-06-2020,75.3419
12-06-2020,75.3148
11-06-2020,75.4068
10-06-2020,75.3765
09-06-2020,75.3359
08-06-2020,75.2364
05-06-2020,75.1273
04-06-2020,75.1986
03-06-2020,75.1911
02-06-2020,75.157
01-06-2020,75.1413
29-05-2020,75.3025
28-05-2020,75.3675
27-05-2020,75.3185
26-05-2020,75.2594
22-05-2020,75.1696
21-05-2020,74.6248
20-05-2020,74.4768
19-05-2020,74.4228
18-05-2020,74.2468
15-05-2020,74.045
14-05-2020,74.0605
13-05-2020,73.9665
12-05-2020,73.7333
11-05-2020,73.8318
08-05-2020,74.6205
06-05-2020,74.2499
05-05-2020,73.9708
04-05-2020,73.5583
30-04-2020,73.3006
29-04-2020,73.2388
28-04-2020,73.2454
27-04-2020,73.1758
24-04-2020,73.1535
23-04-2020,73.7802
22-04-2020,72.6742
21-04-2020,72.7418
20-04-2020,72.5115
17-04-2020,71.5284
16-04-2020,71.2437
15-04-2020,71.0955
13-04-2020,70.816
09-04-2020,70.5555
08-04-2020,70.3355
07-04-2020,70.5514
03-04-2020,71.1563
31-03-2020,71.6252
30-03-2020,71.2293
27-03-2020,71.6765
26-03-2020,71.185
24-03-2020,70.7283
23-03-2020,70.4338
20-03-2020,71.1658
19-03-2020,70.31
18-03-2020,71.0261
17-03-2020,71.075
16-03-2020,71.251
13-03-2020,70.8118
12-03-2020,71.4556
11-03-2020,72.0079
09-03-2020,72.4088
06-03-2020,71.9789
05-03-2020,71.7287
04-03-2020,71.6259
03-03-2020,71.1613
02-03-2020,71.2481
28-02-2020,71.1607
27-02-2020,71.2394
26-02-2020,71.4113
25-02-2020,71.3524
24-02-2020,71.3858
20-02-2020,71.1836
18-02-2020,71.3563
17-02-2020,71.3979
14-02-2020,71.4142
13-02-2020,70.9874
12-02-2020,70.6751
11-02-2020,70.6534
10-02-2020,70.6085
07-02-2020,70.5688
06-02-2020,70.5249
05-02-2020,70.1376
04-02-2020,70.1725
03-02-2020,70.1192
31-01-2020,69.4
30-01-2020,69.5003
29-01-2020,69.4615
28-01-2020,69.4633
27-01-2020,69.6055
24-01-2020,69.5169
23-01-2020,69.4183
22-01-2020,69.2902
21-01-2020,69.3168
20-01-2020,69.2113
17-01-2020,69.2265
16-01-2020,69.017
15-01-2020,68.8687
14-01-2020,68.6338
13-01-2020,68.9853
10-01-2020,69.019
09-01-2020,69.4087
08-01-2020,69.1273
07-01-2020,69.1687
06-01-2020,69.1143
03-01-2020,69.4396
02-01-2020,69.5003
01-01-2020,69.4199
31-12-2019,69.1636
30-12-2019,69.1622
27-12-2019,69.2228
26-12-2019,69.06
24-12-2019,68.9602
23-12-2019,69.0044
20-12-2019,68.8566
19-12-2019,67.9342
18-12-2019,68.0343
17-12-2019,67.8087
16-12-2019,67.4897
13-12-2019,67.482
12-12-2019,67.5376
11-12-2019,67.6325
10-12-2019,67.8526
09-12-2019,68.0169
06-12-2019,67.9079
05-12-2019,68.0918
04-12-2019,68.7028
03-12-2019,68.6217
02-12-2019,68.5016
29-11-2019,68.5011
28-11-2019,68.4989
27-11-2019,68.451
26-11-2019,68.4312
25-11-2019,68.4339
22-11-2019,68.3013
21-11-2019,68.2258
20-11-2019,68.4475
19-11-2019,68.3903
18-11-2019,68.3056
15-11-2019,68.1296
14-11-2019,68.0755
13-11-2019,68.054
11-11-2019,67.8999
08-11-2019,68.0073
07-11-2019,68.1429
06-11-2019,68.247
05-11-2019,68.1149
04-11-2019,68.2655
01-11-2019,68.2936
31-10-2019,68.3189
30-10-2019,68.2037
29-10-2019,68.1242
25-10-2019,68.0896
24-10-2019,68.0468
23-10-2019,68.0261
22-10-2019,67.934
18-10-2019,67.9445
17-10-2019,67.8591
16-10-2019,67.9755
15-10-2019,67.7869
14-10-2019,67.8316
11-10-2019,67.7226
10-10-2019,67.973
09-10-2019,68.0343
07-10-2019,68.0261
04-10-2019,68.1064
03-10-2019,68.5663
01-10-2019,68.2391
30-09-2019,67.7628
27-09-2019,67.5776
26-09-2019,67.5118
25-09-2019,67.4167
24-09-2019,67.4504
23-09-2019,67.6163
20-09-2019,67.4194
19-09-2019,67.9902
18-09-2019,68.0201
17-09-2019,67.6581
16-09-2019,67.7187
13-09-2019,67.87
12-09-2019,67.6964
11-09-2019,67.7688
09-09-2019,68.0779
06-09-2019,67.8988
05-09-2019,68.0029
04-09-2019,68.0494
03-09-2019,68.0124
30-08-2019,67.7622
29-08-2019,67.7718
28-08-2019,67.7878
27-08-2019,67.8958
26-08-2019,67.9809
23-08-2019,67.6611
22-08-2019,67.6684
21-08-2019,67.5957
20-08-2019,67.4942
19-08-2019,67.4319
16-08-2019,67.5555
14-08-2019,67.2361
13-08-2019,67.5864
09-08-2019,67.7
08-08-2019,67.9971
07-08-2019,68.079
06-08-2019,68.0491
05-08-2019,67.8227
02-08-2019,67.964
01-08-2019,67.7365
31-07-2019,67.9087
30-07-2019,67.824
29-07-2019,67.7444
26-07-2019,67.3186
25-07-2019,67.3225
24-07-2019,67.6731
23-07-2019,67.5685
22-07-2019,67.7228
19-07-2019,67.8994
18-07-2019,67.8157
17-07-2019,67.9254
16-07-2019,68.0014
15-07-2019,67.6876
12-07-2019,67.4635
11-07-2019,67.4261
10-07-2019,67.2495
09-07-2019,67.061
08-07-2019,67.111
05-07-2019,66.7341
04-07-2019,66.4403
03-07-2019,66.1712
02-07-2019,66.1497
01-07-2019,66.0426
28-06-2019,66.021
27-06-2019,65.9357
26-06-2019,65.8694
25-06-2019,65.953
24-06-2019,66.015
21-06-2019,66.0016
20-06-2019,66.122
19-06-2019,65.9492
18-06-2019,66.0127
17-06-2019,65.5646
14-06-2019,65.5127
13-06-2019,65.2543
12-06-2019,65.2195
11-06-2019,65.1773
10-06-2019,65.1117
07-06-2019,65.2625
06-06-2019,65.2938
04-06-2019,65.0794
03-06-2019,65.1528
31-05-2019,64.927
30-05-2019,64.6704
29-05-2019,64.6597
28-05-2019,64.6146
27-05-2019,64.4959
24-05-2019,64.3135
23-05-2019,64.294
22-05-2019,64.2529
21-05-2019,64.247
20-05-2019,64.1832
17-05-2019,63.9973
16-05-2019,63.9936
15-05-2019,63.9497
14-05-2019,63.923
13-05-2019,63.8378
10-05-2019,63.8107
09-05-2019,63.8204
08-05-2019,63.8886
07-05-2019,63.8687
06-05-2019,63.8359
03-05-2019,63.7866
02-05-2019,63.7637
30-04-2019,63.7092
26-04-2019,63.6611
25-04-2019,63.6492
24-04-2019,63.6282
23-04-2019,63.5367
22-04-2019,63.4914
18-04-2019,63.5229
16-04-2019,63.5458
15-04-2019,63.5209
12-04-2019,63.4974
11-04-2019,63.5328
10-04-2019,63.5509
09-04-2019,63.508
08-04-2019,63.4259
05-04-2019,63.5436
04-04-2019,63.5245
03-04-2019,63.9007
02-04-2019,63.8889
31-03-2019,63.8137
29-03-2019,63.7988
28-03-2019,63.7989
27-03-2019,63.7221
26-03-2019,63.7208
25-03-2019,63.7068
22-03-2019,63.5501
20-03-2019,63.3899
19-03-2019,63.2908
18-03-2019,63.2745
15-03-2019,63.1313
14-03-2019,63.0998
13-03-2019,63.0517
12-03-2019,62.952
11-03-2019,62.8967
08-03-2019,62.8679
07-03-2019,62.8381
06-03-2019,62.8425
05-03-2019,62.8341
01-03-2019,62.7871
28-02-2019,62.7305
27-02-2019,62.5499
26-02-2019,62.6637
25-02-2019,62.6637
22-02-2019,62.6048
21-02-2019,62.7441
20-02-2019,62.7334
18-02-2019,62.6216
15-02-2019,62.603
14-02-2019,62.7124
13-02-2019,62.7756
12-02-2019,62.7137
11-02-2019,62.7066
08-02-2019,62.685
07-02-2019,62.6948
06-02-2019,62.6748
05-02-2019,62.6603
04-02-2019,62.6377
01-02-2019,62.6422
31-01-2019,62.6592
30-01-2019,62.6167
29-01-2019,62.6146
28-01-2019,62.6007
25-01-2019,62.5706
24-01-2019,62.5363
23-01-2019,62.5126
22-01-2019,62.5642
21-01-2019,62.5513
18-01-2019,62.5234
17-01-2019,62.521
16-01-2019,62.5016
15-01-2019,62.5086
14-01-2019,62.5196
11-01-2019,62.4632
10-01-2019,62.4614
09-01-2019,62.4604
08-01-2019,62.4787
07-01-2019,62.3728
04-01-2019,62.3832
03-01-2019,62.386
02-01-2019,62.4555
01-01-2019,62.3762
31-12-2018,62.4099
28-12-2018,62.3571
27-12-2018,62.5192
26-12-2018,62.5326
24-12-2018,62.4706
21-12-2018,62.4531
20-12-2018,62.45
19-12-2018,62.5116
18-12-2018,62.3099
17-12-2018,62.15
14-12-2018,62.1261
13-12-2018,62.1708
12-12-2018,62.1502
11-12-2018,61.9279
10-12-2018,61.6984
07-12-2018,61.6844
06-12-2018,61.6773
05-12-2018,61.6682
04-12-2018,61.6136
03-12-2018,61.5397
30-11-2018,61.5287
29-11-2018,61.5183
28-11-2018,61.4633
27-11-2018,61.3856
26-11-2018,61.3797
22-11-2018,61.347
20-11-2018,61.3149
19-11-2018,61.3058
16-11-2018,61.2728
15-11-2018,61.273
14-11-2018,61.286
13-11-2018,61.2319
12-11-2018,61.19
09-11-2018,61.21
06-11-2018,61.1375
05-11-2018,61.1121
02-11-2018,61.1162
01-11-2018,61.1109
31-10-2018,61.0865
30-10-2018,61.0706
29-10-2018,61.0632
26-10-2018,61.0188
25-10-2018,61.0102
24-10-2018,60.9988
23-10-2018,60.9886
22-10-2018,60.9783
19-10-2018,60.9452
17-10-2018,60.9257
16-10-2018,60.9167
15-10-2018,60.9054
12-10-2018,60.8726
11-10-2018,60.8625
10-10-2018,60.846
09-10-2018,60.8334
08-10-2018,60.8268
05-10-2018,60.7949
04-10-2018,60.7834
03-10-2018,60.773
01-10-2018,60.7536
28-09-2018,60.7231
27-09-2018,60.7119
26-09-2018,60.7007
25-09-2018,60.6907
24-09-2018,60.6861
21-09-2018,60.6574
19-09-2018,60.636
18-09-2018,60.6252
17-09-2018,60.6151
14-09-2018,60.5875
12-09-2018,60.5668
11-09-2018,60.5617
10-09-2018,60.5532
07-09-2018,60.5275
06-09-2018,60.5184
05-09-2018,60.5082
04-09-2018,60.4994
03-09-2018,60.4905
31-08-2018,60.4628
30-08-2018,60.4539
29-08-2018,60.4455
28-08-2018,60.4359
27-08-2018,60.4267
24-08-2018,60.4039
23-08-2018,60.3946
21-08-2018,60.3765
20-08-2018,60.3664
16-08-2018,60.3232
14-08-2018,60.3052
13-08-2018,60.2968
10-08-2018,60.2693
09-08-2018,60.2601
08-08-2018,60.2494
07-08-2018,60.239
06-08-2018,60.2298
03-08-2018,60.2021
02-08-2018,60.1957
01-08-2018,60.1863
31-07-2018,60.1672
30-07-2018,60.1448
27-07-2018,60.1195
26-07-2018,60.1198
25-07-2018,60.0939
24-07-2018,60.0841
23-07-2018,60.0587
20-07-2018,60.045
19-07-2018,60.0343
18-07-2018,60.0505
17-07-2018,60.0476
16-07-2018,59.9449
13-07-2018,59.9302
12-07-2018,59.9521
11-07-2018,59.6852
10-07-2018,59.5999
09-07-2018,59.617
06-07-2018,59.6365
05-07-2018,59.5425
04-07-2018,59.6794
03-07-2018,59.5529
02-07-2018,59.4761
29-06-2018,59.4769
28-06-2018,59.3367
27-06-2018,59.5708
26-06-2018,59.6955
25-06-2018,59.7061
22-06-2018,59.7166
21-06-2018,59.853
20-06-2018,59.644
19-06-2018,59.4983
18-06-2018,59.4348
15-06-2018,59.3396
14-06-2018,59.1231
13-06-2018,59.1691
12-06-2018,59.0161
11-06-2018,59.0139
08-06-2018,59.0414
07-06-2018,58.8499
06-06-2018,59.1453
05-06-2018,59.4573
04-06-2018,59.2781
01-06-2018,59.3584
31-05-2018,59.3983
30-05-2018,59.5628
29-05-2018,59.6462
28-05-2018,59.6895
25-05-2018,59.4735
24-05-2018,59.1273
23-05-2018,59.1977
22-05-2018,59.3627
21-05-2018,59.3093
18-05-2018,59.1824
17-05-2018,59.0105
16-05-2018,58.9142
15-05-2018,58.8881
14-05-2018,59.1603
11-05-2018,59.5302
10-05-2018,59.5482
09-05-2018,59.5528
08-05-2018,60.0321
07-05-2018,59.7581
04-05-2018,59.3937
03-05-2018,59.3577
02-05-2018,59.3644
27-04-2018,59.1976
26-04-2018,59.243
25-04-2018,59.3064
24-04-2018,59.506
23-04-2018,59.397
20-04-2018,59.4286
19-04-2018,59.6661
18-04-2018,60.0321
17-04-2018,60.2128
16-04-2018,60.2131
13-04-2018,60.4236
12-04-2018,60.2503
11-04-2018,60.0779
10-04-2018,60.1793
09-04-2018,60.2482
06-04-2018,60.2354
05-04-2018,60.2401
04-04-2018,60.0446
03-04-2018,59.9559
28-03-2018,59.7158
27-03-2018,59.8606
26-03-2018,58.394
23-03-2018,58.6229
22-03-2018,58.5792
21-03-2018,58.4381
20-03-2018,58.3359
19-03-2018,58.3517
16-03-2018,58.5667
15-03-2018,58.2138
14-03-2018,57.9906
13-03-2018,58.0581
12-03-2018,58.1622
09-03-2018,57.9792
08-03-2018,58.0252
07-03-2018,57.918
06-03-2018,57.5121
05-03-2018,57.5343
01-03-2018,57.5866
28-02-2018,57.6421
27-02-2018,57.8493
26-02-2018,57.7438
23-02-2018,57.7591
22-02-2018,57.4714
21-02-2018,57.5957
20-02-2018,57.737
16-02-2018,57.9736
15-02-2018,57.9727
14-02-2018,58.0652
12-02-2018,58.0464
09-02-2018,58.0413
08-02-2018,58.0793
07-02-2018,57.952
06-02-2018,57.8484
05-02-2018,57.7915
02-02-2018,57.8597
01-02-2018,57.6767
31-01-2018,58.0975
30-01-2018,58.0967
29-01-2018,58.0011
25-01-2018,58.3813
24-01-2018,58.4809
23-01-2018,58.6036
22-01-2018,58.3833
19-01-2018,58.311
18-01-2018,58.3149
17-01-2018,58.5734
16-01-2018,57.981
15-01-2018,58.37
12-01-2018,58.3313
11-01-2018,58.3436
10-01-2018,58.3626
09-01-2018,58.5556
08-01-2018,58.6369
05-01-2018,58.7136
04-01-2018,58.4012
03-01-2018,58.4653
02-01-2018,58.361
01-01-2018,58.475
29-12-2017,58.4511
28-12-2017,58.0879
27-12-2017,58.7442
26-12-2017,58.6643
22-12-2017,58.67
21-12-2017,58.8327
20-12-2017,58.8502
19-12-2017,58.8968
18-12-2017,58.8907
15-12-2017,58.9452
14-12-2017,58.9712
13-12-2017,58.8573
12-12-2017,58.8029
11-12-2017,58.8601
08-12-2017,59.0167
07-12-2017,59.075
06-12-2017,59.1121
05-12-2017,59.0069
04-12-2017,59.0132
30-11-2017,58.9773
29-11-2017,58.9875
28-11-2017,59.0136
27-11-2017,58.9697
24-11-2017,59.0333
23-11-2017,59.0358
22-11-2017,59.0555
21-11-2017,59.2492
20-11-2017,59.3163
17-11-2017,59.0114
16-11-2017,58.9066
15-11-2017,59.0253
14-11-2017,59.0266
13-11-2017,59.189
10-11-2017,59.2676
09-11-2017,59.2647
08-11-2017,59.2517
07-11-2017,59.3104
06-11-2017,59.4059
03-11-2017,59.4477
02-11-2017,59.4241
01-11-2017,59.4263
31-10-2017,59.4229
30-10-2017,59.2768
27-10-2017,59.474
26-10-2017,59.5037
25-10-2017,59.4255
24-10-2017,59.5286
23-10-2017,59.4868
18-10-2017,59.5882
17-10-2017,59.575
16-10-2017,59.633
13-10-2017,59.5802
12-10-2017,59.3531
11-10-2017,59.3263
10-10-2017,59.3124
09-10-2017,59.2951
06-10-2017,59.3231
05-10-2017,59.421
04-10-2017,59.5458
03-10-2017,59.7754
29-09-2017,59.6908
28-09-2017,59.7064
27-09-2017,59.587
26-09-2017,59.6511
25-09-2017,59.7981
22-09-2017,59.6156
21-09-2017,59.5618
20-09-2017,59.9673
19-09-2017,59.9183
18-09-2017,59.9042
15-09-2017,59.9133
14-09-2017,60.06
13-09-2017,60.0505
12-09-2017,60.1533
11-09-2017,60.1556
08-09-2017,60.1927
07-09-2017,60.2238
06-09-2017,60.2695
05-09-2017,60.1967
04-09-2017,60.1669
01-09-2017,60.2243
31-08-2017,60.0332
30-08-2017,59.9819
29-08-2017,60.0063
28-08-2017,59.8957
24-08-2017,59.9536
23-08-2017,60.0118
22-08-2017,60.0573
21-08-2017,60.1245
18-08-2017,60.1534
16-08-2017,60.024
14-08-2017,60.0636
11-08-2017,60.0473
10-08-2017,60.1204
09-08-2017,60.2355
08-08-2017,60.2501
07-08-2017,60.3035
04-08-2017,60.3584
03-08-2017,60.3639
02-08-2017,60.108
01-08-2017,60.1176
31-07-2017,60.0551
28-07-2017,60.1059
27-07-2017,60.2434
26-07-2017,60.1804
25-07-2017,60.2084
24-07-2017,60.317
21-07-2017,60.1846
20-07-2017,60.0047
19-07-2017,59.9944
18-07-2017,59.8669
17-07-2017,59.8349
14-07-2017,59.7688
13-07-2017,59.824
12-07-2017,59.7529
11-07-2017,59.6871
10-07-2017,59.7596
07-07-2017,59.4284
06-07-2017,59.3579
05-07-2017,59.2755
04-07-2017,59.1841
03-07-2017,59.2579
30-06-2017,59.5928
29-06-2017,59.5947
28-06-2017,59.5918
27-06-2017,59.8482
23-06-2017,59.8368
22-06-2017,59.7869
21-06-2017,59.9052
20-06-2017,59.8275
19-06-2017,59.7477
16-06-2017,59.6337
15-06-2017,59.6553
14-06-2017,59.6966
13-06-2017,59.6805
12-06-2017,59.5257
09-06-2017,59.5272
08-06-2017,59.3927
07-06-2017,58.8893
06-06-2017,58.0886
05-06-2017,57.9056
02-06-2017,57.8089
01-06-2017,57.8724
31-05-2017,57.4979
30-05-2017,57.4424
29-05-2017,57.3888
26-05-2017,57.4551
25-05-2017,57.272
24-05-2017,57.1114
23-05-2017,57.1562
22-05-2017,57.1569
19-05-2017,56.8148
18-05-2017,56.9533
17-05-2017,56.897
16-05-2017,56.9037
15-05-2017,56.975
12-05-2017,56.5486
11-05-2017,56.463
09-05-2017,56.4323
08-05-2017,56.4562
05-05-2017,56.3901
04-05-2017,56.2889
03-05-2017,56.3383
02-05-2017,56.3061
28-04-2017,56.3332
27-04-2017,56.3627
26-04-2017,56.3847
25-04-2017,56.5592
24-04-2017,56.3931
21-04-2017,56.2546
20-04-2017,56.5156
19-04-2017,56.4839
18-04-2017,56.5039
17-04-2017,56.4939
13-04-2017,56.533
12-04-2017,56.3434
11-04-2017,56.2391
10-04-2017,56.0564
07-04-2017,56.0944
06-04-2017,56.1635
05-04-2017,56.5584
03-04-2017,56.6762
31-03-2017,56.7018
30-03-2017,56.65
29-03-2017,56.5679
27-03-2017,56.6328
24-03-2017,56.0822
23-03-2017,56.0487
22-03-2017,55.9935
21-03-2017,55.7069
20-03-2017,55.6254
17-03-2017,55.6342
16-03-2017,55.6867
15-03-2017,55.5807
14-03-2017,55.3092
10-03-2017,55.1632
09-03-2017,55.5898
08-03-2017,55.6009
07-03-2017,55.6227
06-03-2017,55.6185
03-03-2017,55.7967
02-03-2017,55.7275
01-03-2017,55.6212
28-02-2017,55.8768
27-02-2017,55.8863
23-02-2017,55.7692
22-02-2017,55.8216
20-02-2017,55.8983
17-02-2017,56.0544
16-02-2017,55.9959
15-02-2017,55.9656
14-02-2017,55.902
13-02-2017,56.0429
10-02-2017,56.068
09-02-2017,55.8525
08-02-2017,56.5726
07-02-2017,58.0105
06-02-2017,58.023
03-02-2017,58.0524
02-02-2017,58.1165
01-02-2017,58.0278
31-01-2017,57.9718
30-01-2017,58.0167
27-01-2017,57.9684
25-01-2017,57.9892
24-01-2017,57.9076
23-01-2017,57.9325
20-01-2017,57.8454
19-01-2017,57.8352
18-01-2017,57.9149
17-01-2017,58.0118
16-01-2017,57.9386
13-01-2017,58.0244
12-01-2017,58.1143
11-01-2017,57.9968
10-01-2017,58.0007
09-01-2017,58.0127
06-01-2017,58.0643
05-01-2017,58.1453
04-01-2017,58.2
03-01-2017,57.9372
02-01-2017,58.1132
30-12-2016,57.2726
29-12-2016,57.1607
28-12-2016,56.8024
27-12-2016,56.7604
26-12-2016,56.8551
23-12-2016,57.0779
22-12-2016,57.3
21-12-2016,57.5257
20-12-2016,57.4676
19-12-2016,57.4182
16-12-2016,57.4225
15-12-2016,57.3709
14-12-2016,57.95
13-12-2016,57.9391
09-12-2016,57.8863
08-12-2016,58.0399
07-12-2016,58.0956
06-12-2016,59.0667
05-12-2016,59.0354
02-12-2016,58.9678
01-12-2016,59.1293
30-11-2016,59.0309
29-11-2016,58.6462
28-11-2016,58.6921
25-11-2016,59.1066
24-11-2016,59.2637
23-11-2016,58.6573
22-11-2016,58.2803
21-11-2016,58.1705
18-11-2016,57.4785
17-11-2016,57.5152
16-11-2016,57.4344
15-11-2016,57.0692
11-11-2016,56.215
10-11-2016,56.4412
09-11-2016,56.2889
08-11-2016,55.778
07-11-2016,55.6621
04-11-2016,55.6336
03-11-2016,55.7397
02-11-2016,55.7437
01-11-2016,55.7477
28-10-2016,55.8074
27-10-2016,55.8105
26-10-2016,55.876
25-10-2016,55.8444
24-10-2016,55.893
21-10-2016,55.8652
20-10-2016,55.8431
19-10-2016,55.9058
18-10-2016,55.9386
17-10-2016,55.8424
14-10-2016,55.8081
13-10-2016,55.9352
10-10-2016,56.0076
07-10-2016,55.8966
06-10-2016,56.0341
05-10-2016,56.1344
04-10-2016,55.9181
03-10-2016,55.8125
30-09-2016,55.5886
29-09-2016,55.4156
28-09-2016,55.7676
27-09-2016,55.6896
26-09-2016,55.6363
23-09-2016,55.4584
22-09-2016,55.3497
21-09-2016,55.0601
20-09-2016,54.9557
19-09-2016,55.0291
16-09-2016,55.024
15-09-2016,54.9832
14-09-2016,54.9488
12-09-2016,54.9679
09-09-2016,55.0635
08-09-2016,55.088
07-09-2016,55.0674
06-09-2016,54.8156
02-09-2016,54.702
01-09-2016,54.7289
31-08-2016,54.7536
30-08-2016,54.7386
29-08-2016,54.6512
26-08-2016,54.573
25-08-2016,54.5534
24-08-2016,54.4745
23-08-2016,54.3423
22-08-2016,54.3095
19-08-2016,54.5258
18-08-2016,54.3652
16-08-2016,54.5379
12-08-2016,54.557
11-08-2016,54.565
10-08-2016,54.407
09-08-2016,54.2273
08-08-2016,53.9405
05-08-2016,53.8999
04-08-2016,53.8184
03-08-2016,53.7238
02-08-2016,53.8284
01-08-2016,53.944
29-07-2016,53.7861
28-07-2016,53.6982
27-07-2016,53.2986
26-07-2016,53.2771
25-07-2016,53.2212
22-07-2016,53.1398
21-07-2016,53.0812
20-07-2016,52.9923
19-07-2016,52.8785
18-07-2016,52.7646
15-07-2016,52.8095
14-07-2016,52.7115
13-07-2016,52.715
12-07-2016,52.514
11-07-2016,52.2417
08-07-2016,52.2038
07-07-2016,52.1583
05-07-2016,52.0681
04-07-2016,51.9645
01-07-2016,51.964
30-06-2016,51.8533
29-06-2016,51.9131
28-06-2016,51.7566
27-06-2016,51.6322
24-06-2016,51.3945
23-06-2016,51.2805
22-06-2016,51.3005
21-06-2016,51.2107
20-06-2016,51.1719
17-06-2016,51.1546
16-06-2016,51.1414
15-06-2016,51.1047
14-06-2016,51.0854
13-06-2016,51.0456
10-06-2016,51.107
09-06-2016,51.1169
08-06-2016,51.1009
07-06-2016,51.1152
06-06-2016,51.1318
03-06-2016,51.0663
02-06-2016,51.0393
01-06-2016,50.9709
31-05-2016,51.0447
30-05-2016,51.0535
27-05-2016,50.9642
26-05-2016,50.9717
25-05-2016,50.9586
24-05-2016,50.9438
23-05-2016,50.9613
20-05-2016,50.9015
19-05-2016,50.9261
18-05-2016,50.9038
17-05-2016,50.9538
16-05-2016,50.9443
13-05-2016,50.9334
12-05-2016,50.9577
11-05-2016,50.9577
10-05-2016,50.9366
09-05-2016,50.9257
06-05-2016,50.8668
05-05-2016,50.865
04-05-2016,50.8455
03-05-2016,50.8073
02-05-2016,50.8342
29-04-2016,50.8086
28-04-2016,50.7623
27-04-2016,50.7274
26-04-2016,50.7279
25-04-2016,50.7794
22-04-2016,50.8415
21-04-2016,50.7596
20-04-2016,50.902
18-04-2016,50.8867
13-04-2016,50.825
12-04-2016,50.9695
11-04-2016,50.8499
07-04-2016,50.7017
06-04-2016,50.3968
05-04-2016,50.3508
04-04-2016,50.3099
31-03-2016,50.1126
30-03-2016,49.9719
29-03-2016,49.9773
28-03-2016,50.1019
23-03-2016,49.9553
22-03-2016,49.9685
21-03-2016,50.0577
18-03-2016,49.4821
17-03-2016,49.366
16-03-2016,49.05
15-03-2016,48.8716
14-03-2016,48.7052
11-03-2016,48.5433
10-03-2016,48.5351
09-03-2016,48.5066
08-03-2016,48.5191
04-03-2016,48.4723
03-03-2016,48.2863
02-03-2016,48.3387
01-03-2016,48.3158
29-02-2016,48.26
26-02-2016,47.4898
25-02-2016,47.2402
24-02-2016,47.4143
23-02-2016,47.4936
22-02-2016,47.7101
18-02-2016,47.7995
17-02-2016,47.7429
16-02-2016,47.8246
15-02-2016,47.925
12-02-2016,47.9808
11-02-2016,47.988
10-02-2016,47.9525
09-02-2016,47.9482
08-02-2016,47.9983
05-02-2016,47.9741
04-02-2016,47.9225
03-02-2016,47.8505
02-02-2016,47.8957
01-02-2016,48.1015
29-01-2016,48.1124
28-01-2016,48.1152
27-01-2016,48.2458
25-01-2016,48.2392
22-01-2016,48.3648
21-01-2016,48.5101
20-01-2016,48.2754
19-01-2016,48.1536
18-01-2016,48.1078
15-01-2016,48.1334
14-01-2016,48.3642
13-01-2016,48.5112
12-01-2016,48.6047
11-01-2016,48.6506
08-01-2016,48.6173
07-01-2016,48.59
06-01-2016,48.5599
05-01-2016,48.5626
04-01-2016,48.543
01-01-2016,48.5104
31-12-2015,48.4655
30-12-2015,48.4797
29-12-2015,48.4626
28-12-2015,48.5439
23-12-2015,48.5501
22-12-2015,48.4438
21-12-2015,48.4142
18-12-2015,48.5082
17-12-2015,48.6807
16-12-2015,48.6579
15-12-2015,48.5214
14-12-2015,48.468
11-12-2015,48.569
10-12-2015,48.5183
09-12-2015,48.539
08-12-2015,48.5386
07-12-2015,48.6605
04-12-2015,48.63
03-12-2015,48.8378
02-12-2015,48.6717
01-12-2015,48.732
30-11-2015,48.5684
27-11-2015,48.6178
26-11-2015,48.7566
24-11-2015,48.7954
23-11-2015,48.7212
20-11-2015,48.7641
19-11-2015,48.9142
18-11-2015,48.9034
17-11-2015,48.9296
16-11-2015,48.9702
13-11-2015,48.9784
10-11-2015,48.8305
09-11-2015,48.7352
06-11-2015,48.8792
05-11-2015,48.8993
04-11-2015,48.9686
03-11-2015,49.0109
02-11-2015,49.0245
30-10-2015,48.949
29-10-2015,48.979
28-10-2015,49.0602
27-10-2015,49.0476
26-10-2015,49.0195
23-10-2015,49.0745
21-10-2015,49.1026
20-10-2015,49.1036
19-10-2015,49.0754
16-10-2015,49.0877
15-10-2015,49.0939
14-10-2015,49.0508
13-10-2015,49.0148
12-10-2015,48.9975
09-10-2015,49.1035
08-10-2015,49.054
07-10-2015,49.0024
06-10-2015,49.0476
05-10-2015,49.0839
01-10-2015,48.8831
30-09-2015,48.9418
29-09-2015,48.6358
28-09-2015,48.2521
24-09-2015,48.2562
23-09-2015,48.2493
22-09-2015,48.2494
21-09-2015,48.2934
18-09-2015,48.275
16-09-2015,48.0236
15-09-2015,47.9642
14-09-2015,47.9588
11-09-2015,47.8782
10-09-2015,47.8505
09-09-2015,47.8943
08-09-2015,47.8449
07-09-2015,47.7425
04-09-2015,47.8354
03-09-2015,47.8971
02-09-2015,47.8829
01-09-2015,47.8547
31-08-2015,47.727
28-08-2015,47.7315
27-08-2015,47.7489
26-08-2015,47.6263
25-08-2015,47.5276
24-08-2015,47.307
21-08-2015,47.593
20-08-2015,47.73
19-08-2015,47.7271
17-08-2015,47.6765
14-08-2015,47.6543
13-08-2015,47.5669
12-08-2015,47.3878
11-08-2015,47.3807
10-08-2015,47.3959
07-08-2015,47.3267
06-08-2015,47.3386
05-08-2015,47.2438
04-08-2015,47.2417
03-08-2015,47.3302
31-07-2015,47.293
30-07-2015,47.2158
29-07-2015,47.2427
28-07-2015,47.2279
27-07-2015,47.0485
24-07-2015,47.0084
23-07-2015,47.0351
22-07-2015,46.9632
21-07-2015,46.9166
20-07-2015,46.8967
17-07-2015,46.8969
16-07-2015,46.85
15-07-2015,46.8426
14-07-2015,46.8836
13-07-2015,46.7851
10-07-2015,47.0046
09-07-2015,47.0206
08-07-2015,47.0458
07-07-2015,47.0202
06-07-2015,47.0478
03-07-2015,46.8006
02-07-2015,46.7433
01-07-2015,46.6665
30-06-2015,46.5432
29-06-2015,46.3695
26-06-2015,46.4689
25-06-2015,46.51
24-06-2015,46.7244
23-06-2015,46.8113
22-06-2015,46.8435
19-06-2015,46.8798
18-06-2015,46.6272
17-06-2015,46.2835
16-06-2015,46.1155
15-06-2015,46.1905
12-06-2015,46.0801
11-06-2015,46.1971
10-06-2015,46.3509
09-06-2015,46.4947
08-06-2015,46.401
05-06-2015,46.4539
04-06-2015,46.4595
03-06-2015,46.6836
02-06-2015,46.791
01-06-2015,47.1673
29-05-2015,47.1982
28-05-2015,47.111
27-05-2015,47.0527
26-05-2015,47.018
25-05-2015,47.0882
22-05-2015,47.0855
21-05-2015,47.0367
20-05-2015,47.0668
19-05-2015,46.9937
18-05-2015,46.7743
15-05-2015,46.6741
14-05-2015,46.7399
13-05-2015,46.6948
12-05-2015,46.7516
11-05-2015,46.8888
08-05-2015,46.6136
07-05-2015,46.7914
06-05-2015,47.0051
05-05-2015,47.1726
30-04-2015,47.1095
29-04-2015,47.2027
28-04-2015,47.3199
27-04-2015,47.2615
24-04-2015,47.2329
23-04-2015,47.3269
22-04-2015,47.3356
21-04-2015,47.2615
20-04-2015,47.2139
17-04-2015,47.2007
16-04-2015,47.1937
15-04-2015,47.2068
13-04-2015,47.154
10-04-2015,47.1438
09-04-2015,47.2077
08-04-2015,47.1635
07-04-2015,47.1758
06-04-2015,47.3977
31-03-2015,47.2769
30-03-2015,47.1641
27-03-2015,47.0703
26-03-2015,47.0217
25-03-2015,47.0866
24-03-2015,47.1623
23-03-2015,47.1939
20-03-2015,47.1818
19-03-2015,47.1499
18-03-2015,47.0302
17-03-2015,47.0921
16-03-2015,47.0254
13-03-2015,47.0157
12-03-2015,47.2109
11-03-2015,47.0882
10-03-2015,47.0929
09-03-2015,47.1459
05-03-2015,47.2681
04-03-2015,47.36
03-03-2015,47.1473
02-03-2015,47.1916
27-02-2015,47.2237
26-02-2015,47.1769
25-02-2015,47.2476
24-02-2015,47.2175
23-02-2015,47.2542
20-02-2015,47.258
18-02-2015,47.1977
16-02-2015,47.1937
13-02-2015,47.2183
12-02-2015,47.0353
11-02-2015,47.087
10-02-2015,47.1191
09-02-2015,47.1068
06-02-2015,47.1579
05-02-2015,47.1415
04-02-2015,47.0805
03-02-2015,47.1091
02-02-2015,47.3051
30-01-2015,47.0597
29-01-2015,46.9841
28-01-2015,46.9953
27-01-2015,46.9737
23-01-2015,46.9438
22-01-2015,46.9216
21-01-2015,46.9705
20-01-2015,46.7611
19-01-2015,46.6697
16-01-2015,46.7077
15-01-2015,46.6374
14-01-2015,46.2306
13-01-2015,46.2281
12-01-2015,46.082
09-01-2015,45.9035
08-01-2015,45.8757
07-01-2015,45.8326
06-01-2015,45.7107
05-01-2015,45.7319
02-01-2015,45.7875
01-01-2015,45.8627
31-12-2014,45.9248
30-12-2014,45.8749
29-12-2014,45.6641
26-12-2014,45.5197
24-12-2014,45.5904
23-12-2014,45.6508
22-12-2014,45.5555
19-12-2014,45.5185
18-12-2014,45.6369
17-12-2014,45.5382
16-12-2014,45.381
15-12-2014,46.0358
12-12-2014,46.0553
11-12-2014,45.9031
10-12-2014,45.6794
09-12-2014,45.6741
08-12-2014,45.5302
05-12-2014,45.4322
04-12-2014,45.2692
03-12-2014,45.2597
02-12-2014,45.2927
01-12-2014,44.8833
28-11-2014,44.6901
27-11-2014,44.4955
26-11-2014,44.4879
25-11-2014,44.45
24-11-2014,44.4135
21-11-2014,44.3527
20-11-2014,44.3356
19-11-2014,44.3376
18-11-2014,44.3454
17-11-2014,44.2305
14-11-2014,44.096
13-11-2014,44.1437
12-11-2014,44.2917
11-11-2014,44.2399
10-11-2014,44.2893
07-11-2014,44.1912
05-11-2014,44.2252
03-11-2014,43.9493
31-10-2014,43.8492
30-10-2014,43.7368
29-10-2014,43.5738
28-10-2014,43.5415
27-10-2014,43.4856
22-10-2014,43.2904
21-10-2014,43.2231
20-10-2014,43.1844
17-10-2014,43.0507
16-10-2014,43.0854
14-10-2014,42.9992
13-10-2014,42.9277
10-10-2014,42.7768
09-10-2014,42.7537
08-10-2014,42.9133
07-10-2014,42.7546
01-10-2014,42.5865
30-09-2014,42.4825
29-09-2014,42.557
26-09-2014,42.6733
25-09-2014,42.5268
24-09-2014,42.5445
23-09-2014,42.5597
22-09-2014,42.6304
19-09-2014,42.5604
18-09-2014,42.577
17-09-2014,42.3613
16-09-2014,42.3357
15-09-2014,42.2939
12-09-2014,42.2647
11-09-2014,42.2419
10-09-2014,42.1216
09-09-2014,42.1737
08-09-2014,42.2254
05-09-2014,42.1113
04-09-2014,42.0692
03-09-2014,42.0832
02-09-2014,42.0567
01-09-2014,41.9829
28-08-2014,41.938
27-08-2014,41.9472
26-08-2014,41.8928
25-08-2014,41.8834
22-08-2014,42.0151
21-08-2014,42.0311
20-08-2014,42.0854
19-08-2014,41.8573
14-08-2014,41.8207
13-08-2014,41.6918
12-08-2014,41.538
11-08-2014,41.61
08-08-2014,41.5007
07-08-2014,41.4737
06-08-2014,41.4268
05-08-2014,41.569
04-08-2014,41.8741
01-08-2014,41.8253
31-07-2014,41.8908
30-07-2014,41.8423
28-07-2014,41.9367
25-07-2014,42.0093
24-07-2014,42.0779
23-07-2014,42.0638
22-07-2014,42.0007
21-07-2014,41.9344
18-07-2014,41.7756
17-07-2014,41.8407
16-07-2014,41.7985
15-07-2014,41.7793
14-07-2014,41.6542
11-07-2014,41.6518
10-07-2014,41.6897
09-07-2014,41.7557
08-07-2014,41.7678
07-07-2014,41.8516
04-07-2014,41.8674
03-07-2014,41.8083
02-07-2014,41.763
30-06-2014,41.5611
27-06-2014,41.4835
26-06-2014,41.5239
25-06-2014,41.6077
24-06-2014,41.5998
23-06-2014,41.4671
20-06-2014,41.5807
19-06-2014,41.7187
18-06-2014,41.7361
17-06-2014,41.894
16-06-2014,41.7864
13-06-2014,41.872
12-06-2014,41.9668
11-06-2014,41.9814
10-06-2014,41.9339
09-06-2014,41.9488
06-06-2014,42.0687
05-06-2014,41.8497
04-06-2014,41.5951
03-06-2014,41.5216
02-06-2014,41.2994
30-05-2014,41.2734
29-05-2014,41.0388
28-05-2014,40.9166
27-05-2014,40.929
26-05-2014,40.8539
23-05-2014,40.9843
22-05-2014,40.7679
21-05-2014,40.6177
20-05-2014,40.4398
19-05-2014,40.3649
16-05-2014,40.3004
15-05-2014,40.4883
13-05-2014,40.4607
12-05-2014,40.5611
09-05-2014,40.5404
08-05-2014,40.4787
07-05-2014,40.4072
06-05-2014,40.4716
05-05-2014,40.5233
02-05-2014,40.3038
30-04-2014,40.2224
29-04-2014,40.2266
28-04-2014,40.0994
25-04-2014,40.0293
23-04-2014,40.1369
22-04-2014,40.1604
21-04-2014,40.028
17-04-2014,39.8348
16-04-2014,39.5338
15-04-2014,39.5679
11-04-2014,39.4859
10-04-2014,39.3244
09-04-2014,39.252
07-04-2014,39.0676
04-04-2014,39.0758
03-04-2014,39.2321
02-04-2014,39.4135
31-03-2014,39.8361
28-03-2014,39.8207
27-03-2014,39.788
26-03-2014,39.8298
25-03-2014,39.8061
24-03-2014,39.8009
21-03-2014,39.727
20-03-2014,39.6704
19-03-2014,39.6772
18-03-2014,39.6144
14-03-2014,39.5314
13-03-2014,39.5912
12-03-2014,39.6064
11-03-2014,39.582
10-03-2014,39.4237
07-03-2014,39.3496
06-03-2014,39.3725
05-03-2014,39.2633
04-03-2014,39.2363
03-03-2014,39.1552
28-02-2014,39.2161
26-02-2014,39.0408
25-02-2014,39.076
24-02-2014,39.0606
21-02-2014,39.2386
20-02-2014,39.2175
18-02-2014,39.2064
17-02-2014,39.1616
14-02-2014,39.1346
13-02-2014,39.0434
12-02-2014,39.1478
11-02-2014,39.3737
10-02-2014,39.5395
07-02-2014,39.4449
06-02-2014,39.4689
05-02-2014,39.4761
04-02-2014,39.5397
03-02-2014,39.3218
31-01-2014,39.2134
30-01-2014,39.1548
29-01-2014,39.333
28-01-2014,39.4202
27-01-2014,39.4558
24-01-2014,39.5594
23-01-2014,39.8273
22-01-2014,39.8732
21-01-2014,39.9942
20-01-2014,40.0895
17-01-2014,39.8194
16-01-2014,39.8989
15-01-2014,39.7625
13-01-2014,39.493
10-01-2014,39.3094
09-01-2014,39.2013
08-01-2014,39.0866
07-01-2014,39.1011
06-01-2014,39.1038
03-01-2014,38.9112
02-01-2014,38.8883
01-01-2014,38.8849
31-12-2013,38.927
30-12-2013,38.8285
27-12-2013,38.6653
26-12-2013,38.7212
24-12-2013,38.7469
23-12-2013,38.7886
20-12-2013,38.8595
19-12-2013,38.9359
18-12-2013,38.6947
17-12-2013,38.3833
16-12-2013,38.4556
13-12-2013,38.4078
12-12-2013,38.5744
11-12-2013,38.5862
10-12-2013,38.5639
09-12-2013,38.515
06-12-2013,38.6534
05-12-2013,38.8499
04-12-2013,38.8455
03-12-2013,38.8508
02-12-2013,38.9112
29-11-2013,38.8591
28-11-2013,38.9014
27-11-2013,38.9121
26-11-2013,38.7921
25-11-2013,38.6731
22-11-2013,38.6783
21-11-2013,38.732
20-11-2013,38.8404
19-11-2013,38.8813
18-11-2013,38.7039
14-11-2013,38.5298
13-11-2013,38.6969
12-11-2013,38.3369
11-11-2013,38.5515
08-11-2013,38.4683
07-11-2013,38.8209
06-11-2013,39.0003
05-11-2013,39.1357
01-11-2013,39.1642
31-10-2013,39.2574
30-10-2013,39.288
29-10-2013,39.1847
28-10-2013,39.0078
25-10-2013,39.128
24-10-2013,39.1156
23-10-2013,39.041
22-10-2013,39.0865
21-10-2013,39.0801
18-10-2013,39.1325
17-10-2013,39.0005
15-10-2013,38.7604
14-10-2013,39.0319
11-10-2013,39.2308
10-10-2013,39.367
09-10-2013,39.3204
08-10-2013,39.1965
07-10-2013,38.6151
04-10-2013,38.6518
03-10-2013,38.5588
01-10-2013,38.3763
30-09-2013,38.2628
27-09-2013,38.1949
26-09-2013,38.1301
25-09-2013,37.9908
24-09-2013,37.9777
23-09-2013,38.0262
20-09-2013,38.8854
19-09-2013,39.8541
18-09-2013,39.0952
17-09-2013,38.9828
16-09-2013,38.9548
13-09-2013,38.8515
12-09-2013,38.8189
11-09-2013,38.9469
10-09-2013,38.9363
06-09-2013,38.7544
05-09-2013,38.9669
04-09-2013,38.7808
03-09-2013,38.532
02-09-2013,38.4535
30-08-2013,38.0918
29-08-2013,38.0702
28-08-2013,37.7985
27-08-2013,38.37
26-08-2013,39.0922
23-08-2013,39.0939
22-08-2013,39.2742
21-08-2013,39.1718
20-08-2013,37.7417
19-08-2013,37.1522
16-08-2013,37.9328
14-08-2013,38.6293
13-08-2013,38.9512
12-08-2013,39.2117
08-08-2013,39.6052
07-08-2013,39.5208
06-08-2013,39.4331
05-08-2013,39.5921
02-08-2013,39.3605
01-08-2013,39.6652
31-07-2013,39.4305
30-07-2013,39.449
29-07-2013,39.697
26-07-2013,39.701
25-07-2013,39.5588
24-07-2013,39.4279
23-07-2013,39.8292
22-07-2013,40.0015
19-07-2013,40.2975
18-07-2013,40.2911
17-07-2013,40.091
16-07-2013,39.9982
15-07-2013,41.5568
12-07-2013,41.5928
11-07-2013,41.727
10-07-2013,41.6207
09-07-2013,41.5709
08-07-2013,41.4603
05-07-2013,41.6473
04-07-2013,41.7545
03-07-2013,41.5521
02-07-2013,41.6678
28-06-2013,41.6867
27-06-2013,41.454
26-06-2013,41.4907
25-06-2013,41.6331
24-06-2013,41.6453
21-06-2013,41.8204
20-06-2013,41.8108
19-06-2013,42.1762
18-06-2013,42.1829
17-06-2013,42.2347
14-06-2013,42.0705
13-06-2013,42.0425
12-06-2013,42.0962
11-06-2013,42.0885
10-06-2013,42.1448
07-06-2013,42.2617
06-06-2013,42.2936
05-06-2013,42.3147
04-06-2013,42.3149
03-06-2013,42.185
31-05-2013,42.1836
30-05-2013,42.2549
29-05-2013,42.3062
28-05-2013,42.4049
27-05-2013,42.416
24-05-2013,42.3774
23-05-2013,42.2913
22-05-2013,42.2682
21-05-2013,42.3029
20-05-2013,42.2204
17-05-2013,42.0533
16-05-2013,42.0446
15-05-2013,41.9089
14-05-2013,41.7609
13-05-2013,41.5162
10-05-2013,41.4328
09-05-2013,41.3883
08-05-2013,41.1142
07-05-2013,40.9449
06-05-2013,40.8859
03-05-2013,40.8586
02-05-2013,40.8998
30-04-2013,40.8497
29-04-2013,40.8017
26-04-2013,40.8007
25-04-2013,40.739
23-04-2013,40.7527
22-04-2013,40.6588
18-04-2013,40.5709
17-04-2013,40.4156
16-04-2013,40.3286
15-04-2013,40.283
12-04-2013,40.1325
10-04-2013,39.9925
09-04-2013,39.9928
08-04-2013,39.9048
05-04-2013,39.7924
04-04-2013,39.7085
03-04-2013,39.6775
02-04-2013,39.578
28-03-2013,39.6163
26-03-2013,39.5786
25-03-2013,39.6072
22-03-2013,39.5846
21-03-2013,39.6294
20-03-2013,39.642
19-03-2013,39.6923
18-03-2013,39.7541
15-03-2013,39.7652
14-03-2013,39.7573
13-03-2013,39.6905
12-03-2013,39.7137
11-03-2013,39.7954
08-03-2013,39.7861
07-03-2013,39.7286
06-03-2013,39.7198
05-03-2013,39.6782
04-03-2013,39.6357
01-03-2013,39.5374
28-02-2013,39.7076
27-02-2013,39.8782
26-02-2013,39.862
25-02-2013,39.8978
22-02-2013,39.876
21-02-2013,39.8546
20-02-2013,39.8734
18-02-2013,39.7784
15-02-2013,39.74
14-02-2013,39.7531
13-02-2013,39.7004
12-02-2013,39.6275
11-02-2013,39.651
08-02-2013,39.6548
07-02-2013,39.551
06-02-2013,39.4667
05-02-2013,39.4173
04-02-2013,39.3627
01-02-2013,39.4126
31-01-2013,39.3986
30-01-2013,39.4452
29-01-2013,39.5341
28-01-2013,39.5259
24-01-2013,39.4509
23-01-2013,39.4992
22-01-2013,39.5513
21-01-2013,39.5416
18-01-2013,39.5507
17-01-2013,39.5835
16-01-2013,39.4811
15-01-2013,39.6212
14-01-2013,39.6977
11-01-2013,39.4657
10-01-2013,39.4156
09-01-2013,39.3426
08-01-2013,39.3018
07-01-2013,39.2723
04-01-2013,39.1845
03-01-2013,39.0884
02-01-2013,38.9976
01-01-2013,38.9791
31-12-2012,38.8062
28-12-2012,38.6643
27-12-2012,38.6409
26-12-2012,38.5709
24-12-2012,38.5451
21-12-2012,38.4929
20-12-2012,38.4832
19-12-2012,38.4667
18-12-2012,38.4608
17-12-2012,38.4855
14-12-2012,38.4529
13-12-2012,38.4034
12-12-2012,38.3534
11-12-2012,38.3614
10-12-2012,38.3783
07-12-2012,38.3685
06-12-2012,38.3199
05-12-2012,38.3125
04-12-2012,38.2489
03-12-2012,38.1664
30-11-2012,38.1382
29-11-2012,38.0404
27-11-2012,38.062
26-11-2012,38.0083
23-11-2012,37.9522
22-11-2012,37.9811
21-11-2012,38.0419
20-11-2012,38.0507
19-11-2012,38.0676
16-11-2012,38.0553
15-11-2012,38.0538
12-11-2012,37.9781
09-11-2012,37.9632
08-11-2012,38.0168
07-11-2012,38.0054
06-11-2012,38.003
05-11-2012,37.9676
02-11-2012,37.9435
01-11-2012,37.973
31-10-2012,37.929
30-10-2012,38.0004
29-10-2012,38.0865
25-10-2012,38.0814
23-10-2012,38.0454
22-10-2012,38.0532
19-10-2012,38.0553
18-10-2012,38.0178
17-10-2012,37.9818
16-10-2012,37.9609
15-10-2012,37.9107
12-10-2012,37.8927
11-10-2012,37.8979
10-10-2012,37.9072
09-10-2012,37.9226
08-10-2012,37.9079
05-10-2012,37.8364
04-10-2012,37.8461
03-10-2012,37.8316
01-10-2012,37.8276
28-09-2012,37.8028
27-09-2012,37.7516
26-09-2012,37.7154
25-09-2012,37.7162
24-09-2012,37.7646
21-09-2012,37.6783
20-09-2012,37.6649
18-09-2012,37.6151
17-09-2012,37.5586
14-09-2012,37.6233
13-09-2012,37.6049
12-09-2012,37.528
11-09-2012,37.5644
10-09-2012,37.5575
07-09-2012,37.4691
06-09-2012,37.5564
05-09-2012,37.5175
04-09-2012,37.4325
03-09-2012,37.4184
31-08-2012,37.3358
30-08-2012,37.4287
29-08-2012,37.4585
28-08-2012,37.4574
27-08-2012,37.4194
24-08-2012,37.3592
23-08-2012,37.3134
22-08-2012,37.319
21-08-2012,37.2649
17-08-2012,37.2479
16-08-2012,37.1799
14-08-2012,37.2516
13-08-2012,37.2677
10-08-2012,37.3204
09-08-2012,37.3454
08-08-2012,37.3564
07-08-2012,37.3286
06-08-2012,37.2211
03-08-2012,37.1677
02-08-2012,37.1928
01-08-2012,37.172
31-07-2012,37.1459
30-07-2012,37.3539
27-07-2012,37.3969
26-07-2012,37.3946
25-07-2012,37.3971
24-07-2012,37.4407
23-07-2012,37.4621
20-07-2012,37.39
19-07-2012,37.3586
18-07-2012,37.3819
17-07-2012,37.3301
16-07-2012,37.37
13-07-2012,37.2491
12-07-2012,37.235
11-07-2012,37.1792
10-07-2012,37.1348
09-07-2012,37.145
06-07-2012,37.0957
05-07-2012,37.0652
04-07-2012,37.0787
03-07-2012,37.0267
29-06-2012,36.9887
28-06-2012,37.0147
27-06-2012,37.0216
26-06-2012,37.0399
25-06-2012,37.0321
22-06-2012,37.007
21-06-2012,36.9714
20-06-2012,36.8624
19-06-2012,36.8555
18-06-2012,36.8343
15-06-2012,37.0033
14-06-2012,37.0226
13-06-2012,37.0922
12-06-2012,37.0767
11-06-2012,36.9635
08-06-2012,36.9028
07-06-2012,36.9166
06-06-2012,36.8407
05-06-2012,36.8938
04-06-2012,36.823
01-06-2012,36.7038
31-05-2012,36.6654
30-05-2012,36.4445
29-05-2012,36.4353
28-05-2012,36.4373
25-05-2012,36.4153
24-05-2012,36.4097
23-05-2012,36.3884
22-05-2012,36.3693
21-05-2012,36.3514
18-05-2012,36.3429
17-05-2012,36.3384
16-05-2012,36.3116
15-05-2012,36.3144
14-05-2012,36.274
11-05-2012,36.1986
10-05-2012,36.1971
09-05-2012,36.1905
08-05-2012,36.2061
07-05-2012,36.0198
04-05-2012,36.0224
03-05-2012,36.0236
02-05-2012,35.9911
30-04-2012,35.9487
27-04-2012,35.9417
26-04-2012,35.9525
25-04-2012,36.0327
24-04-2012,36.123
23-04-2012,36.1032
20-04-2012,36.0843
19-04-2012,36.226
18-04-2012,36.2965
17-04-2012,36.2973
16-04-2012,36.1786
13-04-2012,36.1256
12-04-2012,36.1578
11-04-2012,36.0163
10-04-2012,35.9524
09-04-2012,35.892
04-04-2012,35.7758
03-04-2012,35.72
30-03-2012,35.8226
29-03-2012,35.7902
28-03-2012,35.7741
27-03-2012,35.8679
26-03-2012,35.9006
22-03-2012,35.9637
21-03-2012,35.9418
20-03-2012,35.917
19-03-2012,35.9077
16-03-2012,35.8831
15-03-2012,35.9426
14-03-2012,36.0355
13-03-2012,35.9761
12-03-2012,36.004
09-03-2012,36.005
07-03-2012,36.0467
06-03-2012,36.0481
05-03-2012,36.0403
02-03-2012,36.0241
01-03-2012,35.9861
29-02-2012,36.0469
28-02-2012,36.0142
27-02-2012,35.9793
24-02-2012,35.9501
23-02-2012,35.995
22-02-2012,35.9411
21-02-2012,36.0035
17-02-2012,35.964
15-02-2012,35.9354
14-02-2012,35.9555
13-02-2012,35.8983
10-02-2012,35.8968
09-02-2012,35.7397
08-02-2012,35.8019
07-02-2012,35.8722
06-02-2012,35.8734
03-02-2012,35.8947
02-02-2012,35.9295
01-02-2012,35.907
31-01-2012,35.6978
30-01-2012,35.651
27-01-2012,35.5374
25-01-2012,35.5828
24-01-2012,35.5008
23-01-2012,35.8156
20-01-2012,35.7603
19-01-2012,35.7993
18-01-2012,35.7547
17-01-2012,35.6979
16-01-2012,35.6822
13-01-2012,35.7077
12-01-2012,35.5811
11-01-2012,35.6048
10-01-2012,35.6122
09-01-2012,35.6535
06-01-2012,35.589
05-01-2012,35.3916
04-01-2012,35.3268
03-01-2012,35.3337
02-01-2012,35.2532
30-12-2011,34.9586
29-12-2011,35.002
28-12-2011,35.1066
27-12-2011,35.0778
26-12-2011,35.0431
23-12-2011,35.2053
22-12-2011,35.2693
21-12-2011,35.2548
20-12-2011,35.3783
19-12-2011,35.214
16-12-2011,35.0415
15-12-2011,34.7914
14-12-2011,34.7711
13-12-2011,34.9671
12-12-2011,34.8823
09-12-2011,34.6972
08-12-2011,34.7085
07-12-2011,34.5729
05-12-2011,34.5562
02-12-2011,34.3941
01-12-2011,34.2861
30-11-2011,34.2049
29-11-2011,33.9877
28-11-2011,33.9727
25-11-2011,33.9718
24-11-2011,33.9997
23-11-2011,33.9651
22-11-2011,33.9213
21-11-2011,33.9473
18-11-2011,33.9035
17-11-2011,33.9442
16-11-2011,33.7287
15-11-2011,33.7248
14-11-2011,33.5881
11-11-2011,33.5673
09-11-2011,33.5903
08-11-2011,33.6585
04-11-2011,33.7449
03-11-2011,33.8445
02-11-2011,33.837
01-11-2011,33.7848
31-10-2011,33.8134
28-10-2011,33.8332
25-10-2011,33.9299
24-10-2011,33.8511
21-10-2011,33.8305
20-10-2011,33.8677
19-10-2011,33.8674
18-10-2011,33.8886
17-10-2011,33.8815
14-10-2011,33.8357
13-10-2011,33.8964
12-10-2011,33.8726
11-10-2011,33.8973
10-10-2011,33.8293
07-10-2011,33.9083
05-10-2011,34.0224
04-10-2011,34.0549
03-10-2011,34.0588
29-09-2011,34.1386
28-09-2011,34.2903
27-09-2011,34.3115
26-09-2011,34.3245
23-09-2011,34.322
22-09-2011,34.32
21-09-2011,34.2702
20-09-2011,34.2477
19-09-2011,34.2621
16-09-2011,34.1798
15-09-2011,34.2285
14-09-2011,34.1921
13-09-2011,34.2126
12-09-2011,34.2612
09-09-2011,34.2069
08-09-2011,34.2264
07-09-2011,34.1982
06-09-2011,34.1913
05-09-2011,34.2244
02-09-2011,34.0814
30-08-2011,34.1115
29-08-2011,34.0962
26-08-2011,34.1219
25-08-2011,34.2201
24-08-2011,34.2563
23-08-2011,34.1792
22-08-2011,34.1651
18-08-2011,34.1544
17-08-2011,34.0443
16-08-2011,34.0888
12-08-2011,34.0468
11-08-2011,34.195
10-08-2011,34.2112
09-08-2011,34.136
08-08-2011,34.0682
05-08-2011,33.9627
04-08-2011,33.8121
03-08-2011,33.7782
02-08-2011,33.7599
01-08-2011,33.7294
29-07-2011,33.7178
28-07-2011,33.7136
27-07-2011,33.7165
26-07-2011,33.7281
25-07-2011,33.9219
22-07-2011,33.8746
21-07-2011,33.9532
20-07-2011,33.9397
19-07-2011,33.9672
18-07-2011,33.9699
15-07-2011,33.9156
14-07-2011,33.9385
13-07-2011,33.856
12-07-2011,33.8779
11-07-2011,33.8024
08-07-2011,33.7449
07-07-2011,33.7268
06-07-2011,33.7514
05-07-2011,33.737
04-07-2011,33.7082
30-06-2011,33.7361
29-06-2011,33.7462
28-06-2011,33.7793
27-06-2011,33.8034
24-06-2011,33.8032
23-06-2011,33.7685
22-06-2011,33.7779
21-06-2011,33.8108
20-06-2011,33.8374
17-06-2011,33.7259
16-06-2011,33.683
15-06-2011,33.5436
14-06-2011,33.6134
13-06-2011,33.7312
10-06-2011,33.7288
09-06-2011,33.6753
08-06-2011,33.6875
07-06-2011,33.6321
06-06-2011,33.6596
03-06-2011,33.6126
02-06-2011,33.5543
01-06-2011,33.5024
31-05-2011,33.4146
30-05-2011,33.3819
27-05-2011,33.3506
26-05-2011,33.3851
25-05-2011,33.4024
24-05-2011,33.3959
23-05-2011,33.4065
20-05-2011,33.3569
19-05-2011,33.36
18-05-2011,33.3641
16-05-2011,33.3653
13-05-2011,33.3613
12-05-2011,33.3673
11-05-2011,33.3278
10-05-2011,33.3329
09-05-2011,33.3368
06-05-2011,33.3543
05-05-2011,33.3133
04-05-2011,33.3139
03-05-2011,33.3272
02-05-2011,33.3875
29-04-2011,33.3761
28-04-2011,33.383
27-04-2011,33.3873
26-04-2011,33.3893
25-04-2011,33.3621
21-04-2011,33.3977
20-04-2011,33.394
19-04-2011,33.4164
18-04-2011,33.412
15-04-2011,33.4011
13-04-2011,33.4325
11-04-2011,33.4458
08-04-2011,33.484
07-04-2011,33.5006
06-04-2011,33.4961
05-04-2011,33.4936
31-03-2011,33.4484
30-03-2011,33.4325
29-03-2011,33.453
28-03-2011,33.4769
25-03-2011,33.4554
24-03-2011,33.4141
23-03-2011,33.3865
22-03-2011,33.3665
21-03-2011,33.3542
18-03-2011,33.357
17-03-2011,33.3618
16-03-2011,33.3586
15-03-2011,33.3565
14-03-2011,33.3398
11-03-2011,33.3417
10-03-2011,33.3406
09-03-2011,33.3231
08-03-2011,33.3218
07-03-2011,33.2801
04-03-2011,33.2847
03-03-2011,33.2981
01-03-2011,33.2386
28-02-2011,33.2274
25-02-2011,33.1616
24-02-2011,33.1515
23-02-2011,33.1701
22-02-2011,33.1832
21-02-2011,33.1577
18-02-2011,33.0988
17-02-2011,33.103
15-02-2011,33.0721
14-02-2011,33.0624
11-02-2011,33.0062
10-02-2011,33.0047
09-02-2011,32.9796
08-02-2011,32.9656
07-02-2011,32.9414
04-02-2011,32.9371
03-02-2011,32.9713
02-02-2011,32.9888
01-02-2011,32.9696
31-01-2011,32.9807
28-01-2011,32.9862
27-01-2011,32.9736
25-01-2011,32.956
24-01-2011,32.8891
21-01-2011,32.8994
20-01-2011,32.9394
19-01-2011,32.8969
18-01-2011,32.8917
17-01-2011,32.8823
14-01-2011,32.8926
13-01-2011,32.9458
12-01-2011,32.9106
11-01-2011,32.8746
10-01-2011,32.8885
07-01-2011,32.8993
06-01-2011,32.9124
05-01-2011,32.9782
04-01-2011,32.945
03-01-2011,32.9988
31-12-2010,33.0095
30-12-2010,32.994
29-12-2010,33.0062
28-12-2010,32.99
27-12-2010,32.9858
24-12-2010,32.9554
23-12-2010,32.9082
22-12-2010,32.8994
21-12-2010,32.8821
20-12-2010,32.8965
16-12-2010,32.9077
15-12-2010,32.7424
14-12-2010,32.7131
13-12-2010,32.5988
10-12-2010,32.5976
09-12-2010,32.4754
08-12-2010,32.4528
07-12-2010,32.4586
06-12-2010,32.395
03-12-2010,32.4697
02-12-2010,32.5831
01-12-2010,32.5415
30-11-2010,32.5858
29-11-2010,32.6141
26-11-2010,32.6579
25-11-2010,32.608
24-11-2010,32.5849
23-11-2010,32.624
22-11-2010,32.5908
19-11-2010,32.5648
18-11-2010,32.5737
16-11-2010,32.5116
15-11-2010,32.5138
12-11-2010,32.489
11-11-2010,32.4803
10-11-2010,32.5081
09-11-2010,32.5569
08-11-2010,32.5399
04-11-2010,32.5331
03-11-2010,32.572
02-11-2010,32.5234
01-11-2010,32.3722
29-10-2010,32.3489
28-10-2010,32.297
27-10-2010,32.3054
26-10-2010,32.2641
25-10-2010,32.3192
22-10-2010,32.3204
21-10-2010,32.3199
20-10-2010,32.2685
19-10-2010,32.3116
18-10-2010,32.2657
15-10-2010,32.2889
14-10-2010,32.3436
13-10-2010,32.3294
12-10-2010,32.3647
11-10-2010,32.3123
08-10-2010,32.255
07-10-2010,32.3004
06-10-2010,32.323
05-10-2010,32.2414
04-10-2010,32.2496
01-10-2010,32.2961
29-09-2010,32.3567
28-09-2010,32.3468
27-09-2010,32.3419
24-09-2010,32.309
23-09-2010,32.2918
22-09-2010,32.2708
21-09-2010,32.2589
20-09-2010,32.2466
17-09-2010,32.2318
16-09-2010,32.256
15-09-2010,32.2576
14-09-2010,32.2618
13-09-2010,32.233
09-09-2010,32.2764
08-09-2010,32.2783
07-09-2010,32.2733
06-09-2010,32.2435
03-09-2010,32.2297
02-09-2010,32.2307
01-09-2010,32.2249
31-08-2010,32.2122
30-08-2010,32.26
27-08-2010,32.2262
26-08-2010,32.1733
25-08-2010,32.1784
24-08-2010,32.1534
23-08-2010,32.0646
20-08-2010,32.0709
18-08-2010,32.0698
17-08-2010,32.1332
16-08-2010,32.1849
13-08-2010,32.1614
12-08-2010,32.1239
11-08-2010,32.1245
10-08-2010,32.0248
09-08-2010,32.0078
06-08-2010,31.9819
05-08-2010,31.9447
04-08-2010,31.9656
03-08-2010,31.9706
02-08-2010,31.9377
30-07-2010,31.9538
29-07-2010,32.0059
28-07-2010,32.0268
27-07-2010,32.0423
26-07-2010,32.0557
23-07-2010,32.0265
22-07-2010,32.0285
21-07-2010,32.0124
20-07-2010,32.0153
19-07-2010,32.0558
16-07-2010,32.0269
15-07-2010,32.0322
14-07-2010,32.0442
13-07-2010,32.0676
12-07-2010,32.0669
09-07-2010,32.0177
08-07-2010,32.0434
07-07-2010,32.0638
06-07-2010,32.0208
05-07-2010,32.0395
02-07-2010,32.1009
30-06-2010,32.0721
29-06-2010,32.0171
28-06-2010,31.9993
25-06-2010,31.9174
24-06-2010,31.9536
23-06-2010,31.9359
22-06-2010,31.9633
21-06-2010,31.9587
18-06-2010,31.9312
17-06-2010,31.8663
16-06-2010,31.9025
15-06-2010,31.8236
14-06-2010,31.8064
11-06-2010,31.8532
10-06-2010,31.8838
09-06-2010,31.8909
08-06-2010,31.9246
07-06-2010,31.9081
04-06-2010,31.8975
03-06-2010,31.8607
02-06-2010,31.8839
01-06-2010,31.8763
31-05-2010,31.8689
28-05-2010,31.8113
26-05-2010,31.7496
25-05-2010,31.7895
24-05-2010,31.8062
21-05-2010,31.7955
20-05-2010,31.7694
19-05-2010,31.6791
18-05-2010,31.6945
17-05-2010,31.6834
14-05-2010,31.6758
13-05-2010,31.667
12-05-2010,31.6485
11-05-2010,31.6352
10-05-2010,31.6252
07-05-2010,31.6247
06-05-2010,31.6239
05-05-2010,31.6121
04-05-2010,31.5663
03-05-2010,31.5191
30-04-2010,31.5052
29-04-2010,31.4977
28-04-2010,31.4913
27-04-2010,31.4905
26-04-2010,31.4874
23-04-2010,31.4827
22-04-2010,31.4777
21-04-2010,31.4621
20-04-2010,31.4706
19-04-2010,31.4548
16-04-2010,31.4426
15-04-2010,31.4461
13-04-2010,31.4299
12-04-2010,31.4331
09-04-2010,31.4323
08-04-2010,31.4476
07-04-2010,31.4565
06-04-2010,31.445
05-04-2010,31.4126
31-03-2010,31.3915
30-03-2010,31.3976
29-03-2010,31.4072
26-03-2010,31.3862
25-03-2010,31.3804
23-03-2010,31.3772
22-03-2010,31.3806
19-03-2010,31.3766
18-03-2010,31.3492
17-03-2010,31.3297
15-03-2010,31.297
12-03-2010,31.2739
11-03-2010,31.2779
10-03-2010,31.2788
09-03-2010,31.2834
08-03-2010,31.243
05-03-2010,31.2463
04-03-2010,31.255
03-03-2010,31.2525
02-03-2010,31.2945
26-02-2010,31.2683
25-02-2010,31.2811
24-02-2010,31.2876
23-02-2010,31.2943
22-02-2010,31.2427
19-02-2010,31.1671
18-02-2010,31.1949
17-02-2010,31.1658
16-02-2010,31.1733
15-02-2010,31.1631
11-02-2010,31.1684
10-02-2010,31.2732
09-02-2010,31.397
08-02-2010,31.424
05-02-2010,31.4245
04-02-2010,31.3881
03-02-2010,31.3979
02-02-2010,31.3779
01-02-2010,31.4873
29-01-2010,31.5475
28-01-2010,31.6225
27-01-2010,31.6081
25-01-2010,31.5415
22-01-2010,31.5893
21-01-2010,31.5818
20-01-2010,31.4296
19-01-2010,31.4001
18-01-2010,31.446
15-01-2010,31.3576
14-01-2010,31.4116
13-01-2010,31.243
12-01-2010,31.2038
11-01-2010,31.293
08-01-2010,31.2746
07-01-2010,31.2187
06-01-2010,31.3039
05-01-2010,31.3276
04-01-2010,31.3455
01-01-2010,31.3836
31-12-2009,31.3517
30-12-2009,31.3189
29-12-2009,31.272
24-12-2009,31.3228
23-12-2009,31.2792
22-12-2009,31.2576
21-12-2009,31.2061
18-12-2009,31.3716
17-12-2009,31.3759
16-12-2009,31.2053
15-12-2009,31.3321
14-12-2009,31.3858
11-12-2009,31.3238
10-12-2009,31.3218
09-12-2009,31.4264
08-12-2009,31.5101
07-12-2009,31.4557
04-12-2009,31.3451
03-12-2009,31.4393
02-12-2009,31.5009
01-12-2009,31.4568
30-11-2009,31.5938
27-11-2009,31.7077
26-11-2009,31.7485
25-11-2009,31.7047
24-11-2009,31.634
23-11-2009,31.5868
20-11-2009,31.6223
19-11-2009,31.4714
18-11-2009,31.4136
17-11-2009,31.3661
16-11-2009,31.3001
13-11-2009,31.2856
12-11-2009,31.2553
11-11-2009,31.2619
10-11-2009,31.3311
09-11-2009,31.3129
06-11-2009,31.2726
05-11-2009,31.2604
04-11-2009,31.2519
03-11-2009,31.3307
30-10-2009,31.2117
29-10-2009,31.2852
28-10-2009,31.2322
27-10-2009,31.1292
26-10-2009,30.9998
23-10-2009,30.9249
22-10-2009,31.0277
21-10-2009,31.0796
20-10-2009,30.9466
16-10-2009,30.919
15-10-2009,30.9622
14-10-2009,30.9446
12-10-2009,30.9607
09-10-2009,31.0567
08-10-2009,31.2277
07-10-2009,31.1773
06-10-2009,31.1926
05-10-2009,31.3812
01-10-2009,31.2346
29-09-2009,31.2578
25-09-2009,31.3474
24-09-2009,31.4684
23-09-2009,31.4985
22-09-2009,31.3967
18-09-2009,31.4495
17-09-2009,31.3339
16-09-2009,31.4531
15-09-2009,31.429
14-09-2009,31.2446
11-09-2009,31.0213
10-09-2009,30.9188
09-09-2009,30.9794
08-09-2009,30.9642
07-09-2009,31.077
04-09-2009,30.8746
03-09-2009,30.8651
02-09-2009,30.8753
01-09-2009,30.8598
31-08-2009,30.8163
28-08-2009,30.9271
27-08-2009,31.0258
26-08-2009,31.2826
25-08-2009,31.0524
24-08-2009,31.008
21-08-2009,31.0798
20-08-2009,31.2616
18-08-2009,31.3064
17-08-2009,31.4185
14-08-2009,31.364
13-08-2009,31.5216
12-08-2009,31.5229
11-08-2009,31.4699
10-08-2009,31.3572
07-08-2009,31.4846
06-08-2009,31.4989
05-08-2009,31.4667
04-08-2009,31.6878
03-08-2009,31.6775
31-07-2009,31.734
30-07-2009,31.7926
29-07-2009,31.8778
28-07-2009,31.9265
27-07-2009,31.8193
24-07-2009,31.8479
23-07-2009,31.9157
22-07-2009,31.9137
21-07-2009,31.7974
20-07-2009,31.778
17-07-2009,31.9211
16-07-2009,31.8165
15-07-2009,31.6987
14-07-2009,31.7285
13-07-2009,31.8468
10-07-2009,31.6291
09-07-2009,31.6912
08-07-2009,31.728
07-07-2009,31.6218
06-07-2009,31.707
03-07-2009,32.1221
02-07-2009,31.9995
30-06-2009,31.7057
29-06-2009,31.6865
26-06-2009,31.5035
25-06-2009,31.5111
24-06-2009,31.5602
23-06-2009,31.5276
22-06-2009,31.5408
19-06-2009,31.5578
18-06-2009,31.5872
17-06-2009,31.5818
16-06-2009,31.4932
15-06-2009,31.5401
12-06-2009,31.4978
11-06-2009,31.4788
10-06-2009,31.6144
09-06-2009,31.77
08-06-2009,31.8371
05-06-2009,31.8555
04-06-2009,31.9637
03-06-2009,31.9348
02-06-2009,31.7528
01-06-2009,31.7483
29-05-2009,31.7156
28-05-2009,31.6482
27-05-2009,31.8199
26-05-2009,31.9313
25-05-2009,31.8356
22-05-2009,31.9696
21-05-2009,32.0453
20-05-2009,32.1791
19-05-2009,32.1473
18-05-2009,32.3325
15-05-2009,32.0602
14-05-2009,32.0891
13-05-2009,32.1443
12-05-2009,32.0281
11-05-2009,32.1555
08-05-2009,32.1283
07-05-2009,32.2996
06-05-2009,32.441
05-05-2009,31.9638
04-05-2009,31.4204
29-04-2009,31.6502
28-04-2009,31.6706
27-04-2009,31.717
24-04-2009,31.8556
23-04-2009,31.6386
22-04-2009,31.7409
21-04-2009,31.644
20-04-2009,31.1878
17-04-2009,31.1278
16-04-2009,31.0157
15-04-2009,30.7211
13-04-2009,30.3961
09-04-2009,30.5242
08-04-2009,30.2498
06-04-2009,30.0241
02-04-2009,29.9859
31-03-2009,29.9311
30-03-2009,29.7988
26-03-2009,29.8131
25-03-2009,30.1535
24-03-2009,30.2032
23-03-2009,30.1526
20-03-2009,30.2972
19-03-2009,30.0635
18-03-2009,29.9941
17-03-2009,29.9075
16-03-2009,30.008
13-03-2009,29.7235
12-03-2009,29.4483
09-03-2009,29.8434
06-03-2009,30.2906
05-03-2009,30.7255
04-03-2009,30.7221
03-03-2009,30.8416
02-03-2009,30.9427
27-02-2009,30.6361
26-02-2009,30.3809
25-02-2009,30.1307
24-02-2009,30.3547
19-02-2009,30.6052
18-02-2009,30.7276
17-02-2009,30.5073
16-02-2009,30.7
13-02-2009,31.0401
12-02-2009,31.0821
11-02-2009,30.8351
10-02-2009,30.6458
09-02-2009,30.9819
06-02-2009,31.251
05-02-2009,31.0472
04-02-2009,31.16
03-02-2009,31.3448
02-02-2009,31.3636
30-01-2009,31.3312
29-01-2009,31.5401
28-01-2009,31.4535
27-01-2009,31.5434
23-01-2009,32.0469
22-01-2009,31.8897
21-01-2009,31.7846
20-01-2009,32.0631
19-01-2009,32.2154
16-01-2009,32.2257
15-01-2009,32.3566
14-01-2009,32.1786
13-01-2009,31.829
12-01-2009,31.5972
09-01-2009,30.5058
07-01-2009,31.4575
06-01-2009,33.5297
05-01-2009,33.8801
02-01-2009,34.1373
01-01-2009,33.5907
31-12-2008,33.5563
30-12-2008,33.514
29-12-2008,32.7576
26-12-2008,32.4999
24-12-2008,32.5517
23-12-2008,32.2811
22-12-2008,32.4069
19-12-2008,32.7816
18-12-2008,32.911
17-12-2008,32.2954
16-12-2008,31.826
15-12-2008,31.4305
12-12-2008,31.3247
11-12-2008,30.7731
10-12-2008,30.4312
08-12-2008,30.2944
05-12-2008,30.1504
04-12-2008,29.8523
03-12-2008,29.9888
02-12-2008,29.4763
01-12-2008,29.3464
28-11-2008,29.1806
26-11-2008,29.1088
25-11-2008,28.9055
24-11-2008,28.9414
21-11-2008,28.9444
20-11-2008,28.6527
19-11-2008,28.4133
18-11-2008,28.2912
17-11-2008,28.1709
14-11-2008,28.1628
12-11-2008,27.929
11-11-2008,27.7776
10-11-2008,27.6815
07-11-2008,27.687
06-11-2008,27.7105
05-11-2008,27.5494
04-11-2008,27.8498
03-11-2008,28.078
31-10-2008,28.1268
29-10-2008,28.0936
27-10-2008,27.9078
24-10-2008,27.5479
23-10-2008,27.93
22-10-2008,27.8835
20-10-2008,28.0845
17-10-2008,27.5349
16-10-2008,27.3701
15-10-2008,26.8763
14-10-2008,26.8528
13-10-2008,27.2078
10-10-2008,27.2306
08-10-2008,26.8095
07-10-2008,26.4293
06-10-2008,26.4904
03-10-2008,26.0684
01-10-2008,25.5718
29-09-2008,25.3796
26-09-2008,25.5542
25-09-2008,25.648
24-09-2008,25.6424
23-09-2008,25.7449
22-09-2008,25.7243
19-09-2008,25.7462
18-09-2008,25.8251
17-09-2008,25.815
16-09-2008,25.8113
15-09-2008,25.6652
12-09-2008,25.363
11-09-2008,25.4559
10-09-2008,25.3108
09-09-2008,25.2979
08-09-2008,25.2497
05-09-2008,25.163
04-09-2008,25.161
02-09-2008,24.9936
01-09-2008,24.9245
29-08-2008,24.7295
28-08-2008,24.6085
27-08-2008,24.4835
26-08-2008,24.4915
25-08-2008,24.3592
22-08-2008,24.3925
21-08-2008,24.3871
20-08-2008,24.3699
18-08-2008,24.3661
14-08-2008,24.3341
13-08-2008,24.3337
12-08-2008,24.3585
11-08-2008,24.3722
08-08-2008,24.2887
07-08-2008,24.2286
06-08-2008,24.2208
05-08-2008,24.2096
04-08-2008,24.2133
01-08-2008,24.2096
31-07-2008,24.2106
30-07-2008,24.1896
29-07-2008,24.1847
28-07-2008,24.1679
25-07-2008,24.1567
24-07-2008,24.1495
23-07-2008,24.1532
22-07-2008,24.1464
21-07-2008,24.1485
18-07-2008,24.1248
17-07-2008,24.1114
16-07-2008,24.0936
15-07-2008,24.0842
14-07-2008,24.0931
11-07-2008,24.0768
10-07-2008,24.113
09-07-2008,24.1068
08-07-2008,24.0987
07-07-2008,24.127
04-07-2008,24.1173
03-07-2008,24.1264
02-07-2008,24.1266
30-06-2008,24.1123
27-06-2008,24.1094
26-06-2008,24.1113
25-06-2008,24.1511
24-06-2008,24.1784
23-06-2008,24.1703
20-06-2008,24.2084
19-06-2008,24.2462
18-06-2008,24.3035
17-06-2008,24.3162
16-06-2008,24.3048
13-06-2008,24.3058
12-06-2008,24.3099
11-06-2008,24.348
10-06-2008,24.3335
09-06-2008,24.336
06-06-2008,24.335
05-06-2008,24.3446
04-06-2008,24.3555
03-06-2008,24.3601
02-06-2008,24.3718
30-05-2008,24.3514
29-05-2008,24.3555
28-05-2008,24.3559
27-05-2008,24.3294
26-05-2008,24.3566
23-05-2008,24.3437
22-05-2008,24.3257
21-05-2008,24.3512
20-05-2008,24.3734
16-05-2008,24.3476
15-05-2008,24.358
14-05-2008,24.3663
13-05-2008,24.377
12-05-2008,24.3787
09-05-2008,24.3189
08-05-2008,24.2966
07-05-2008,24.2932
06-05-2008,24.3556
05-05-2008,24.3301
02-05-2008,24.2799
30-04-2008,24.2494
29-04-2008,24.246
28-04-2008,24.1851
25-04-2008,24.1631
24-04-2008,24.1325
23-04-2008,24.1397
22-04-2008,24.131
21-04-2008,24.0838
17-04-2008,24.1222
16-04-2008,24.1201
15-04-2008,24.1572
11-04-2008,24.1147
10-04-2008,24.1212
09-04-2008,24.1786
08-04-2008,24.0605
07-04-2008,24.0258
04-04-2008,24.1278
03-04-2008,24.3165
02-04-2008,24.2156
31-03-2008,24.2623
28-03-2008,24.3557
27-03-2008,24.5085
26-03-2008,24.5143
25-03-2008,24.5475
24-03-2008,24.6387
19-03-2008,24.8512
18-03-2008,24.9146
17-03-2008,24.8548
14-03-2008,24.8315
13-03-2008,24.9588
12-03-2008,25.0561
11-03-2008,24.8866
10-03-2008,24.869
07-03-2008,24.979
05-03-2008,25.1078
04-03-2008,25.0248
03-03-2008,25.2321
29-02-2008,25.136
28-02-2008,25.0191
27-02-2008,25.0243
26-02-2008,25.0136
25-02-2008,25.1214
22-02-2008,25.0527
21-02-2008,25.2443
20-02-2008,25.155
19-02-2008,25.2907
18-02-2008,25.3078
15-02-2008,25.4072
14-02-2008,25.5233
13-02-2008,25.5475
12-02-2008,25.5128
11-02-2008,25.5396
08-02-2008,25.4634
07-02-2008,25.4293
06-02-2008,25.3521
05-02-2008,25.2577
04-02-2008,25.2655
01-02-2008,25.3101
31-01-2008,25.2968
30-01-2008,25.1261
29-01-2008,25.2317
28-01-2008,25.4495
25-01-2008,25.5395
24-01-2008,25.6
23-01-2008,25.5947
22-01-2008,25.4181
21-01-2008,25.2456
18-01-2008,25.2168
17-01-2008,25.2077
16-01-2008,25.1739
15-01-2008,25.1836
14-01-2008,25.2461
11-01-2008,25.1159
10-01-2008,24.9841
09-01-2008,24.8134
08-01-2008,24.7666
07-01-2008,24.7697
04-01-2008,24.6427
03-01-2008,24.5573
02-01-2008,24.6102
01-01-2008,24.578
31-12-2007,24.4761
28-12-2007,24.38
27-12-2007,24.2863
26-12-2007,24.2444
24-12-2007,24.2484
20-12-2007,24.2326
19-12-2007,24.2264
18-12-2007,24.2248
17-12-2007,24.2008
14-12-2007,24.1677
13-12-2007,24.1272
12-12-2007,24.1419
11-12-2007,24.1231
10-12-2007,24.1231
07-12-2007,24.0971
06-12-2007,24.066
05-12-2007,24.0506
04-12-2007,23.9843
03-12-2007,23.9602
30-11-2007,23.8809
29-11-2007,23.8499
28-11-2007,23.8584
27-11-2007,23.8667
26-11-2007,23.8748
23-11-2007,23.8339
22-11-2007,23.8045
21-11-2007,23.7782
20-11-2007,23.7912
19-11-2007,23.778
16-11-2007,23.7558
15-11-2007,23.7428
14-11-2007,23.7394
13-11-2007,23.732
12-11-2007,23.6688
08-11-2007,23.617
07-11-2007,23.6675
06-11-2007,23.6628
05-11-2007,23.7044
02-11-2007,23.719
01-11-2007,23.7194
31-10-2007,23.7334
30-10-2007,23.7043
29-10-2007,23.7531
26-10-2007,23.7215
25-10-2007,23.7178
24-10-2007,23.6834
23-10-2007,23.6993
22-10-2007,23.6208
19-10-2007,23.559
18-10-2007,23.5496
17-10-2007,23.5223
16-10-2007,23.5246
15-10-2007,23.5327
12-10-2007,23.522
11-10-2007,23.5249
10-10-2007,23.5056
09-10-2007,23.4716
08-10-2007,23.457
05-10-2007,23.4645
04-10-2007,23.4895
03-10-2007,23.5009
01-10-2007,23.4639
28-09-2007,23.4543
27-09-2007,23.4446
26-09-2007,23.4574
25-09-2007,23.4535
24-09-2007,23.4922
21-09-2007,23.5222
20-09-2007,23.5287
19-09-2007,23.507
18-09-2007,23.4818
17-09-2007,23.4758
14-09-2007,23.4812
13-09-2007,23.4543
12-09-2007,23.4677
11-09-2007,23.4545
10-09-2007,23.4913
07-09-2007,23.4418
06-09-2007,23.3959
05-09-2007,23.4009
04-09-2007,23.4056
03-09-2007,23.4225
31-08-2007,23.417
30-08-2007,23.3355
29-08-2007,23.3644
28-08-2007,23.3872
27-08-2007,23.4107
24-08-2007,23.4003
23-08-2007,23.3844
22-08-2007,23.3975
21-08-2007,23.3316
17-08-2007,23.2595
16-08-2007,23.1802
14-08-2007,23.241
13-08-2007,23.2451
10-08-2007,23.2306
09-08-2007,23.2244
08-08-2007,23.3178
07-08-2007,23.4361
06-08-2007,23.3764
03-08-2007,23.2849
02-08-2007,23.2684
01-08-2007,23.2369
31-07-2007,23.3243
30-07-2007,23.439
27-07-2007,23.3152
26-07-2007,23.3812
25-07-2007,23.3484
24-07-2007,23.4125
23-07-2007,23.4535
20-07-2007,23.3459
19-07-2007,23.3121
18-07-2007,23.3886
17-07-2007,23.2782
16-07-2007,23.199
13-07-2007,23.1592
12-07-2007,23.1788
11-07-2007,23.1626
10-07-2007,23.1527
09-07-2007,23.0599
06-07-2007,22.9513
05-07-2007,22.9315
04-07-2007,22.9064
03-07-2007,22.8298
29-06-2007,22.7554
28-06-2007,22.7606
27-06-2007,22.73
26-06-2007,22.7572
25-06-2007,22.744
22-06-2007,22.7526
21-06-2007,22.7545
20-06-2007,22.7496
19-06-2007,22.7462
18-06-2007,22.7571
15-06-2007,22.7027
14-06-2007,22.6795
13-06-2007,22.691
12-06-2007,22.7031
11-06-2007,22.6807
08-06-2007,22.6494
07-06-2007,22.669
06-06-2007,22.6696
05-06-2007,22.668
04-06-2007,22.673
01-06-2007,22.6848
31-05-2007,22.6859
30-05-2007,22.6643
29-05-2007,22.6772
28-05-2007,22.6884
25-05-2007,22.6547
24-05-2007,22.6295
23-05-2007,22.64
22-05-2007,22.6294
21-05-2007,22.6319
18-05-2007,22.6139
17-05-2007,22.6144
16-05-2007,22.6235
15-05-2007,22.6118
14-05-2007,22.5974
11-05-2007,22.5596
10-05-2007,22.5567
09-05-2007,22.5759
08-05-2007,22.5713
07-05-2007,22.551
04-05-2007,22.5619
03-05-2007,22.5726
30-04-2007,22.5521
27-04-2007,22.5584
26-04-2007,22.5743
25-04-2007,22.6132
24-04-2007,22.5971
23-04-2007,22.5352
20-04-2007,22.5162
19-04-2007,22.5067
18-04-2007,22.4893
17-04-2007,22.4893
16-04-2007,22.4748
13-04-2007,22.4602
12-04-2007,22.4682
11-04-2007,22.4628
10-04-2007,22.4602
09-04-2007,22.4455
05-04-2007,22.3973
04-04-2007,22.3957
03-04-2007,22.4151
30-03-2007,22.4096
29-03-2007,22.4175
28-03-2007,22.4131
26-03-2007,22.3976
23-03-2007,22.4094
22-03-2007,22.4025
21-03-2007,22.3636
20-03-2007,22.3451
16-03-2007,22.3295
15-03-2007,22.3217
14-03-2007,22.3192
13-03-2007,22.324
12-03-2007,22.3236
09-03-2007,22.3164
08-03-2007,22.3092
07-03-2007,22.3097
06-03-2007,22.3056
05-03-2007,22.305
02-03-2007,22.301
01-03-2007,22.3095
28-02-2007,22.3032
27-02-2007,22.3157
26-02-2007,22.3208
23-02-2007,22.2971
22-02-2007,22.2853
21-02-2007,22.2925
20-02-2007,22.3032
19-02-2007,22.2889
15-02-2007,22.2708
14-02-2007,22.2519
13-02-2007,22.2995
12-02-2007,22.3213
09-02-2007,22.3078
08-02-2007,22.3237
07-02-2007,22.3921
06-02-2007,22.4002
05-02-2007,22.4116
02-02-2007,22.398
31-01-2007,22.3218
29-01-2007,22.1027
25-01-2007,22.1104
24-01-2007,22.1444
23-01-2007,22.1118
22-01-2007,22.0698
19-01-2007,22.235
18-01-2007,22.2141
17-01-2007,22.2122
16-01-2007,22.2656
15-01-2007,22.2381
12-01-2007,22.2031
11-01-2007,22.5913
10-01-2007,22.5995
09-01-2007,22.6058
08-01-2007,22.6244
05-01-2007,22.5699
04-01-2007,22.5459
03-01-2007,22.5749
02-01-2007,22.572
29-12-2006,22.5009
28-12-2006,22.5008
27-12-2006,22.4903
26-12-2006,22.4978
22-12-2006,22.503
21-12-2006,22.4979
20-12-2006,22.5335
19-12-2006,22.5536
18-12-2006,22.531
15-12-2006,22.457
14-12-2006,22.4032
13-12-2006,22.4249
12-12-2006,22.4254
11-12-2006,22.5148
08-12-2006,22.6206
07-12-2006,22.6088
06-12-2006,22.6084
05-12-2006,22.5993
04-12-2006,22.5782
01-12-2006,22.5594
30-11-2006,22.5269
29-11-2006,22.5445
28-11-2006,22.5543
27-11-2006,22.5475
24-11-2006,22.4833
23-11-2006,22.4825
22-11-2006,22.4789
21-11-2006,22.4669
20-11-2006,22.4372
17-11-2006,22.3552
16-11-2006,22.3443
15-11-2006,22.3634
14-11-2006,22.3067
13-11-2006,22.2558
10-11-2006,22.1947
09-11-2006,22.1853
08-11-2006,22.1495
07-11-2006,22.051
06-11-2006,21.9892
03-11-2006,21.9939
02-11-2006,21.9865
01-11-2006,21.9543
31-10-2006,21.9126
30-10-2006,21.899
27-10-2006,21.8872
26-10-2006,21.8696
23-10-2006,21.8502
20-10-2006,21.8412
19-10-2006,21.8387
18-10-2006,21.841
17-10-2006,21.8393
16-10-2006,21.8583
13-10-2006,21.8621
12-10-2006,21.8716
11-10-2006,21.8366
10-10-2006,21.853
09-10-2006,21.8094
06-10-2006,21.8261
05-10-2006,21.8196
04-10-2006,21.7907
03-10-2006,21.7562
29-09-2006,21.7026
28-09-2006,21.7158
27-09-2006,21.7411
26-09-2006,21.7486
25-09-2006,21.6176
22-09-2006,21.5968
21-09-2006,21.5569
20-09-2006,21.6012
19-09-2006,21.4849
18-09-2006,21.439
15-09-2006,21.3809
14-09-2006,21.4185
13-09-2006,21.4716
12-09-2006,21.4473
11-09-2006,21.5243
08-09-2006,21.5153
07-09-2006,21.4474
06-09-2006,21.4537
05-09-2006,21.4734
04-09-2006,21.4897
01-09-2006,21.3624
31-08-2006,21.3594
30-08-2006,21.3049
29-08-2006,21.2885
28-08-2006,21.2741
25-08-2006,21.2603
24-08-2006,21.3075
23-08-2006,21.2492
22-08-2006,21.2051
21-08-2006,21.1941
18-08-2006,21.1645
17-08-2006,21.1811
16-08-2006,21.1382
14-08-2006,21.1162
11-08-2006,21.0999
10-08-2006,21.1164
09-08-2006,21.0894
08-08-2006,21.0239
07-08-2006,20.983
04-08-2006,20.9709
03-08-2006,20.9671
02-08-2006,20.95
01-08-2006,20.9402
31-07-2006,20.975
28-07-2006,20.9709
27-07-2006,20.981
26-07-2006,20.986
25-07-2006,20.9946
24-07-2006,21
21-07-2006,20.9771
20-07-2006,20.9652
19-07-2006,20.9541
18-07-2006,20.9435
17-07-2006,20.9422
14-07-2006,20.931
13-07-2006,20.9333
12-07-2006,20.9085
11-07-2006,20.9149
10-07-2006,20.9256
07-07-2006,20.9345
06-07-2006,20.9344
05-07-2006,20.936
04-07-2006,20.9349
03-07-2006,20.9451
30-06-2006,20.9401
29-06-2006,20.9348
28-06-2006,20.9376
27-06-2006,20.9303
26-06-2006,20.926
23-06-2006,20.9135
22-06-2006,20.9459
21-06-2006,20.9803
20-06-2006,21.01
19-06-2006,21.0101
16-06-2006,21.0404
15-06-2006,21.0958
14-06-2006,21.1121
13-06-2006,21.0595
12-06-2006,21.0529
09-06-2006,21.0861
08-06-2006,21.0833
07-06-2006,21.086
06-06-2006,21.0869
05-06-2006,21.0651
02-06-2006,21.0875
01-06-2006,21.0895
31-05-2006,21.0922
30-05-2006,21.0942
29-05-2006,21.0968
26-05-2006,21.0896
25-05-2006,21.086
24-05-2006,21.0767
23-05-2006,21.0736
22-05-2006,21.0706
19-05-2006,21.0725
18-05-2006,21.0702
17-05-2006,21.0629
16-05-2006,21.0668
15-05-2006,21.0468
12-05-2006,21.0695
11-05-2006,21.0597
10-05-2006,21.0695
09-05-2006,21.0698
08-05-2006,21.0513
05-05-2006,21.0453
04-05-2006,21.0439
03-05-2006,21.0366
02-05-2006,21.0419
28-04-2006,21.0591
27-04-2006,21.0445
26-04-2006,21.0514
25-04-2006,21.0744
24-04-2006,21.057
21-04-2006,21.0519
20-04-2006,21.0387
19-04-2006,21.0657
18-04-2006,21.0159
17-04-2006,20.983
13-04-2006,20.9723
12-04-2006,20.9879
10-04-2006,20.9498
07-04-2006,20.9409
05-04-2006,20.9323
04-04-2006,20.9144
03-04-2006,20.9249
02-04-2006,20.9249
31-03-2006,20.9255
29-03-2006,20.8665
28-03-2006,20.8937
27-03-2006,20.8876
24-03-2006,20.8764
23-03-2006,20.8655
22-03-2006,20.8596
21-03-2006,20.8565
20-03-2006,20.8425
17-03-2006,20.8276
16-03-2006,20.8219
14-03-2006,20.8157
13-03-2006,20.8131
10-03-2006,20.799
09-03-2006,20.7994
08-03-2006,20.7939
07-03-2006,20.7857
06-03-2006,20.7746
03-03-2006,20.7821
02-03-2006,20.8106
01-03-2006,20.816
28-02-2006,20.8227
27-02-2006,20.8425
24-02-2006,20.8305
23-02-2006,20.8376
22-02-2006,20.8476
21-02-2006,20.8676
20-02-2006,20.8567
17-02-2006,20.8531
16-02-2006,20.8591
15-02-2006,20.8402
14-02-2006,20.8457
13-02-2006,20.8583
10-02-2006,20.8367
08-02-2006,20.8287
07-02-2006,20.8475
06-02-2006,20.8463
03-02-2006,20.8219
02-02-2006,20.8007
01-02-2006,20.8259
31-01-2006,20.8099
30-01-2006,20.7759
27-01-2006,20.7599
25-01-2006,20.7837
24-01-2006,20.8761
23-01-2006,20.976
20-01-2006,20.9255
19-01-2006,20.9198
18-01-2006,20.9318
17-01-2006,20.9381
16-01-2006,20.9368
13-01-2006,20.9245
12-01-2006,20.9378
10-01-2006,20.9418
09-01-2006,20.9475
06-01-2006,20.9354
05-01-2006,20.9401
04-01-2006,20.9296
03-01-2006,20.9287
02-01-2006,20.9281
30-12-2005,20.8946
29-12-2005,20.8928
28-12-2005,20.88
27-12-2005,20.8685
26-12-2005,20.8621
23-12-2005,20.8541
22-12-2005,20.8468
21-12-2005,20.8429
20-12-2005,20.84
19-12-2005,20.8515
16-12-2005,20.8447
15-12-2005,20.8524
14-12-2005,20.8428
13-12-2005,20.829
12-12-2005,20.8256
09-12-2005,20.8218
08-12-2005,20.8236
07-12-2005,20.8166
06-12-2005,20.814
05-12-2005,20.8178
02-12-2005,20.803
01-12-2005,20.8055
30-11-2005,20.8025
29-11-2005,20.8129
28-11-2005,20.7998
25-11-2005,20.782
24-11-2005,20.8
23-11-2005,20.7804
22-11-2005,20.7495
21-11-2005,20.7386
18-11-2005,20.7259
17-11-2005,20.7194
16-11-2005,20.7125
14-11-2005,20.7078
11-11-2005,20.6934
10-11-2005,20.6867
09-11-2005,20.68
08-11-2005,20.6776
07-11-2005,20.6822
03-11-2005,20.6928
02-11-2005,20.6845
31-10-2005,20.6777
28-10-2005,20.677
27-10-2005,20.6792
26-10-2005,20.6704
25-10-2005,20.6644
24-10-2005,20.6505
21-10-2005,20.6329
20-10-2005,20.6043
19-10-2005,20.6004
18-10-2005,20.6085
17-10-2005,20.6283
14-10-2005,20.6294
13-10-2005,20.61
11-10-2005,20.6131
10-10-2005,20.5833
07-10-2005,20.5797
06-10-2005,20.5381
05-10-2005,20.555
04-10-2005,20.5605
03-10-2005,20.5643
29-09-2005,20.5934
28-09-2005,20.6043
27-09-2005,20.5798
26-09-2005,20.6184
23-09-2005,20.6091
22-09-2005,20.6207
21-09-2005,20.6435
20-09-2005,20.6498
19-09-2005,20.6443
16-09-2005,20.6302
15-09-2005,20.6373
14-09-2005,20.6241
13-09-2005,20.6089
12-09-2005,20.607
09-09-2005,20.5823
08-09-2005,20.6012
06-09-2005,20.6006
05-09-2005,20.5899
02-09-2005,20.5641
01-09-2005,20.5311
31-08-2005,20.5119
30-08-2005,20.5117
29-08-2005,20.5133
26-08-2005,20.5094
25-08-2005,20.4882
24-08-2005,20.4891
23-08-2005,20.4855
22-08-2005,20.4956
19-08-2005,20.4861
18-08-2005,20.4704
17-08-2005,20.4668
16-08-2005,20.4458
12-08-2005,20.4659
11-08-2005,20.4681
10-08-2005,20.4613
09-08-2005,20.4247
08-08-2005,20.4238
05-08-2005,20.4214
04-08-2005,20.4258
03-08-2005,20.4155
02-08-2005,20.4168
01-08-2005,20.4055
29-07-2005,20.4146
26-07-2005,20.4074
25-07-2005,20.3337
22-07-2005,20.3476
21-07-2005,20.3491
20-07-2005,20.3321
19-07-2005,20.3313
18-07-2005,20.3607
15-07-2005,20.3315
14-07-2005,20.3445
13-07-2005,20.3339
12-07-2005,20.3345
11-07-2005,20.3194
08-07-2005,20.3381
07-07-2005,20.3561
06-07-2005,20.3921
05-07-2005,20.3701
04-07-2005,20.3959
30-06-2005,20.5064
29-06-2005,20.5168
28-06-2005,20.5006
27-06-2005,20.4683
24-06-2005,20.5372
23-06-2005,20.5638
22-06-2005,20.5485
21-06-2005,20.4651
20-06-2005,20.4333
17-06-2005,20.3983
16-06-2005,20.3627
15-06-2005,20.4012
14-06-2005,20.3788
13-06-2005,20.4056
10-06-2005,20.4237
09-06-2005,20.466
08-06-2005,20.526
07-06-2005,20.4619
06-06-2005,20.4126
03-06-2005,20.4012
02-06-2005,20.382
01-06-2005,20.3664
31-05-2005,20.3334
30-05-2005,20.3216
27-05-2005,20.3425
26-05-2005,20.3411
25-05-2005,20.3645
24-05-2005,20.3707
20-05-2005,20.3165
19-05-2005,20.3008
18-05-2005,20.2679
17-05-2005,20.2732
16-05-2005,20.2627
13-05-2005,20.2682
12-05-2005,20.2363
11-05-2005,20.2318
10-05-2005,20.2209
09-05-2005,20.1926
06-05-2005,20.1743
05-05-2005,20.1801
04-05-2005,20.1796
03-05-2005,20.1576
02-05-2005,20.1416
29-04-2005,20.1719
28-04-2005,20.1646
27-04-2005,20.1938
26-04-2005,20.1885
25-04-2005,20.1724
21-04-2005,20.1792
20-04-2005,20.1825
19-04-2005,20.1828
15-04-2005,20.1564
13-04-2005,20.1584
12-04-2005,20.1513
11-04-2005,20.1445
08-04-2005,20.1269
07-04-2005,20.128
06-04-2005,20.1626
05-04-2005,20.1719
04-04-2005,20.1659
31-03-2005,20.1816
30-03-2005,20.1816
29-03-2005,20.1838
28-03-2005,20.1858
24-03-2005,20.1687
23-03-2005,20.146
22-03-2005,20.1497
21-03-2005,20.1403
18-03-2005,20.1498
17-03-2005,20.1306
16-03-2005,20.1626
15-03-2005,20.162
14-03-2005,20.1794
11-03-2005,20.1771
10-03-2005,20.1672
09-03-2005,20.183
07-03-2005,20.1757
04-03-2005,20.0928
03-03-2005,20.0901
02-03-2005,20.0626
01-03-2005,20.0448
28-02-2005,20.1293
25-02-2005,20.1551
24-02-2005,20.1544
23-02-2005,20.1462
22-02-2005,20.1373
21-02-2005,20.121
18-02-2005,20.1209
17-02-2005,20.107
16-02-2005,20.0831
15-02-2005,20.0819
14-02-2005,20.0798
11-02-2005,20.1114
10-02-2005,20.1093
09-02-2005,20.0724
08-02-2005,20.0662
07-02-2005,20.0647
04-02-2005,20.03
03-02-2005,20.0295
02-02-2005,20.0284
01-02-2005,20.0101
31-01-2005,20.0099
28-01-2005,19.9902
27-01-2005,19.9796
25-01-2005,19.9711
24-01-2005,19.9751
20-01-2005,19.9687
19-01-2005,19.9559
18-01-2005,19.9681
17-01-2005,19.9976
14-01-2005,20.0097
13-01-2005,20.0489
12-01-2005,20.0368
11-01-2005,20.0616
10-01-2005,20.0272
07-01-2005,20.057
06-01-2005,20.0104
05-01-2005,20.0515
04-01-2005,20.1029
03-01-2005,20.0595
31-12-2004,19.9637
30-12-2004,19.9941
29-12-2004,20.028
28-12-2004,20.0393
27-12-2004,20.0121
24-12-2004,19.9984
23-12-2004,19.9999
22-12-2004,19.9725
21-12-2004,19.9445
20-12-2004,19.9128
17-12-2004,19.9115
16-12-2004,19.8971
15-12-2004,19.8903
14-12-2004,19.8848
13-12-2004,19.8992
10-12-2004,19.9304
09-12-2004,19.8611
08-12-2004,19.8495
07-12-2004,19.8285
06-12-2004,19.8427
03-12-2004,19.8247
02-12-2004,19.8267
01-12-2004,19.7923
30-11-2004,19.6845
29-11-2004,19.6732
25-11-2004,19.6603
24-11-2004,19.6608
23-11-2004,19.6649
22-11-2004,19.6861
19-11-2004,19.6832
18-11-2004,19.667
17-11-2004,19.6448
16-11-2004,19.6473
11-11-2004,19.5739
10-11-2004,19.6041
09-11-2004,19.5847
08-11-2004,19.5253
05-11-2004,19.5565
04-11-2004,19.6641
03-11-2004,19.6734
02-11-2004,19.6674
01-11-2004,19.6639
29-10-2004,19.6773
28-10-2004,19.6539
27-10-2004,19.69
26-10-2004,19.7415
25-10-2004,19.8332
21-10-2004,19.7821
20-10-2004,19.7618
19-10-2004,19.753
18-10-2004,19.7468
15-10-2004,19.7161
14-10-2004,19.6904
12-10-2004,19.6438
11-10-2004,19.6276
08-10-2004,19.6983
07-10-2004,19.6967
06-10-2004,19.759
05-10-2004,19.7525
04-10-2004,19.7859
01-10-2004,19.794
30-09-2004,19.847
29-09-2004,19.849
28-09-2004,19.8561
27-09-2004,19.9311
24-09-2004,19.9769
23-09-2004,19.976
22-09-2004,19.9088
21-09-2004,19.9005
20-09-2004,19.8588
17-09-2004,19.8563
16-09-2004,19.8357
15-09-2004,19.8243
14-09-2004,19.8265
13-09-2004,19.8423
10-09-2004,19.9142
09-09-2004,19.8731
08-09-2004,19.8788
07-09-2004,19.8702
06-09-2004,19.8873
03-09-2004,19.791
02-09-2004,19.6964
01-09-2004,19.7556
31-08-2004,19.6697
30-08-2004,19.63
27-08-2004,19.6762
26-08-2004,19.5802
25-08-2004,19.6278
24-08-2004,19.5662
23-08-2004,19.5265
19-08-2004,19.4498
18-08-2004,19.4
17-08-2004,19.4301
16-08-2004,19.4195
13-08-2004,19.4097
12-08-2004,19.3946
11-08-2004,19.4261
10-08-2004,19.4412
09-08-2004,19.4588
06-08-2004,19.542
05-08-2004,19.5953
04-08-2004,19.5892
03-08-2004,19.5609
02-08-2004,19.5679
30-07-2004,19.605
29-07-2004,19.5221
28-07-2004,19.6462
27-07-2004,19.7528
26-07-2004,19.7695
23-07-2004,19.756
22-07-2004,19.7578
21-07-2004,19.8182
20-07-2004,19.8043
19-07-2004,19.8146
16-07-2004,19.7474
15-07-2004,19.7544
14-07-2004,19.8119
13-07-2004,19.8348
12-07-2004,19.7951
09-07-2004,19.7889
08-07-2004,19.7855
07-07-2004,19.8718
06-07-2004,19.8988
05-07-2004,19.8982
02-07-2004,19.8056
01-07-2004,19.7656
29-06-2004,19.7709
28-06-2004,19.8071
25-06-2004,19.7858
24-06-2004,19.8128
23-06-2004,19.8731
22-06-2004,19.8257
21-06-2004,20.0003
18-06-2004,20.1234
17-06-2004,20.192
16-06-2004,20.197
15-06-2004,20.1313
14-06-2004,20.1577
11-06-2004,20.2353
10-06-2004,20.2321
09-06-2004,20.288
08-06-2004,20.3031
07-06-2004,20.2991
04-06-2004,20.2945
03-06-2004,20.278
02-06-2004,20.2601
01-06-2004,20.2712
31-05-2004,20.2745
28-05-2004,20.3047
27-05-2004,20.3352
26-05-2004,20.3535
25-05-2004,20.3671
24-05-2004,20.3747
21-05-2004,20.3662
20-05-2004,20.3742
19-05-2004,20.3719
18-05-2004,20.365
17-05-2004,20.293
14-05-2004,20.3094
13-05-2004,20.3568
12-05-2004,20.3614
11-05-2004,20.3507
10-05-2004,20.3574
07-05-2004,20.4252
06-05-2004,20.4436
05-05-2004,20.4479
03-05-2004,20.4168
30-04-2004,20.4303
29-04-2004,20.3742
28-04-2004,20.3728
27-04-2004,20.3828
23-04-2004,20.4135
22-04-2004,20.4146
21-04-2004,20.4071
20-04-2004,20.4102
19-04-2004,20.4013
16-04-2004,20.4
15-04-2004,20.3933
13-04-2004,20.3843
12-04-2004,20.3863
08-04-2004,20.3538
07-04-2004,20.3343
06-04-2004,20.3193
05-04-2004,20.3235
02-04-2004,20.3336
31-03-2004,20.2469
29-03-2004,20.2219
26-03-2004,20.1923
25-03-2004,20.158
24-03-2004,20.145
23-03-2004,20.1375
22-03-2004,20.1453
19-03-2004,20.1484
18-03-2004,20.1247
17-03-2004,20.1186
16-03-2004,20.0872
15-03-2004,20.0847
12-03-2004,20.0961
11-03-2004,20.0636
10-03-2004,20.0584
09-03-2004,20.028
08-03-2004,20.0017
05-03-2004,19.9522
04-03-2004,19.9598
03-03-2004,19.9398
01-03-2004,19.9188
27-02-2004,19.8993
26-02-2004,19.9126
25-02-2004,19.9448
23-02-2004,19.8548
20-02-2004,19.7905
19-02-2004,19.7572
17-02-2004,19.8252
16-02-2004,19.7414
13-02-2004,19.8263
12-02-2004,19.8783
11-02-2004,19.8644
10-02-2004,19.9114
09-02-2004,19.9473
06-02-2004,19.9159
05-02-2004,19.9353
04-02-2004,20.0106
03-02-2004,19.9473
30-01-2004,19.8908
29-01-2004,19.9497
28-01-2004,19.9992
27-01-2004,20.007
23-01-2004,20.0047
22-01-2004,20.0069
21-01-2004,20.0022
20-01-2004,20.0011
19-01-2004,20.0071
16-01-2004,20.009
15-01-2004,20.0024
14-01-2004,20.0077
13-01-2004,20.0052
12-01-2004,19.9934
09-01-2004,19.9931
08-01-2004,19.9964
07-01-2004,19.9901
06-01-2004,19.9587
05-01-2004,19.9593
02-01-2004,19.9583
01-01-2004,19.9242
31-12-2003,19.9213
30-12-2003,19.9503
29-12-2003,19.9354
26-12-2003,19.9433
24-12-2003,19.8786
23-12-2003,19.8755
22-12-2003,19.852
19-12-2003,19.8368
18-12-2003,19.8234
17-12-2003,19.7718
16-12-2003,19.7427
15-12-2003,19.745
12-12-2003,19.7672
11-12-2003,19.7355
10-12-2003,19.7269
09-12-2003,19.7522
08-12-2003,19.7576
05-12-2003,19.7341
04-12-2003,19.7117
03-12-2003,19.7568
02-12-2003,19.7076
01-12-2003,19.6982
28-11-2003,19.7796
27-11-2003,19.8071
25-11-2003,19.78
24-11-2003,19.7949
21-11-2003,19.7951
20-11-2003,19.7944
19-11-2003,19.7828
18-11-2003,19.7516
17-11-2003,19.7207
14-11-2003,19.8103
13-11-2003,19.8156
12-11-2003,19.8423
11-11-2003,19.8652
10-11-2003,19.8629
07-11-2003,19.8436
06-11-2003,19.8501
05-11-2003,19.869
04-11-2003,19.8286
03-11-2003,19.773
02-11-2003,19.816
31-10-2003,19.7732
30-10-2003,19.8292
29-10-2003,19.8112
28-10-2003,19.5762
27-10-2003,19.7362
26-10-2003,19.8335
24-10-2003,19.8279
23-10-2003,19.7682
22-10-2003,19.9158
21-10-2003,20.0819
20-10-2003,20.1292
19-10-2003,20.226
17-10-2003,20.23
16-10-2003,20.2546
15-10-2003,20.167
14-10-2003,20.1082
13-10-2003,20.0757
12-10-2003,20.0712
10-10-2003,20.04
09-10-2003,20.0489
08-10-2003,20.0421
07-10-2003,20.0432
06-10-2003,19.9277
05-10-2003,19.8289
03-10-2003,19.8234
02-10-2003,19.8159
01-10-2003,19.8131
30-09-2003,19.7852
29-09-2003,19.6041
28-09-2003,19.5461
26-09-2003,19.5347
25-09-2003,19.5365
24-09-2003,19.4939
23-09-2003,19.4158
22-09-2003,19.4428
21-09-2003,19.4356
19-09-2003,19.4279
18-09-2003,19.4216
17-09-2003,19.4714
16-09-2003,19.4487
15-09-2003,19.3845
14-09-2003,19.382
12-09-2003,19.3776
11-09-2003,19.3436
10-09-2003,19.3787
09-09-2003,19.4204
08-09-2003,19.4156
07-09-2003,19.4372
05-09-2003,19.4423
04-09-2003,19.4712
03-09-2003,19.4124
02-09-2003,19.5089
01-09-2003,19.5793
31-08-2003,19.6502
29-08-2003,19.6607
28-08-2003,19.7196
27-08-2003,19.7081
26-08-2003,19.7144
25-08-2003,19.6945
24-08-2003,19.6498
22-08-2003,19.5823
21-08-2003,19.5876
20-08-2003,19.5867
19-08-2003,19.5877
18-08-2003,19.5822
17-08-2003,19.5585
14-08-2003,19.5526
13-08-2003,19.5621
12-08-2003,19.5555
11-08-2003,19.5539
10-08-2003,19.5498
08-08-2003,19.5351
07-08-2003,19.5275
06-08-2003,19.5169
05-08-2003,19.4884
04-08-2003,19.4773
03-08-2003,19.5088
01-08-2003,19.4561
31-07-2003,19.3987
30-07-2003,19.373
29-07-2003,19.3735
28-07-2003,19.3795
27-07-2003,19.4026
25-07-2003,19.3803
24-07-2003,19.3245
23-07-2003,19.3015
22-07-2003,19.2836
21-07-2003,19.2877
20-07-2003,19.2774
18-07-2003,19.2676
17-07-2003,19.2616
16-07-2003,19.2618
15-07-2003,19.2603
14-07-2003,19.2583
13-07-2003,19.2516
11-07-2003,19.2466
10-07-2003,19.2419
09-07-2003,19.2406
08-07-2003,19.2272
07-07-2003,19.2263
06-07-2003,19.2192
04-07-2003,19.2173
03-07-2003,19.219
02-07-2003,19.2167
01-07-2003,19.2005
30-06-2003,19.1856
27-06-2003,19.1808
26-06-2003,19.1681
25-06-2003,19.1868
24-06-2003,19.1804
23-06-2003,19.1827
22-06-2003,19.1874
20-06-2003,19.1532
19-06-2003,19.1313
18-06-2003,19.1271
17-06-2003,19.1298
16-06-2003,19.114
15-06-2003,19.0923
13-06-2003,19.0796
12-06-2003,19.0879
11-06-2003,19.0829
10-06-2003,19.0618
09-06-2003,19.0882
08-06-2003,19.0999
06-06-2003,19.0731
05-06-2003,19.0686
04-06-2003,19.0338
03-06-2003,19.0009
02-06-2003,18.9742
30-05-2003,19.0001
29-05-2003,18.9722
28-05-2003,19.0107
27-05-2003,18.9768
26-05-2003,18.9925
25-05-2003,18.938
23-05-2003,18.9166
22-05-2003,18.8531
21-05-2003,18.842
20-05-2003,18.7929
19-05-2003,18.7912
18-05-2003,18.739
14-05-2003,18.702
13-05-2003,18.6969
12-05-2003,18.6617
11-05-2003,18.6519
09-05-2003,18.6597
08-05-2003,18.6511
07-05-2003,18.61
06-05-2003,18.6011
05-05-2003,18.6009
04-05-2003,18.5562
02-05-2003,18.5657
01-05-2003,18.6074
30-04-2003,18.6041
29-04-2003,18.5372
28-04-2003,18.5591
27-04-2003,18.5442
25-04-2003,18.5597
24-04-2003,18.5164
23-04-2003,18.5453
22-04-2003,18.5581
21-04-2003,18.5729
20-04-2003,18.6014
17-04-2003,18.5873
16-04-2003,18.5373
15-04-2003,18.576
12-04-2003,18.5674
10-04-2003,18.5593
09-04-2003,18.532
08-04-2003,18.4272
07-04-2003,18.4374
04-04-2003,18.3836
03-04-2003,18.3829
02-04-2003,18.0611
31-03-2003,17.9508
30-03-2003,17.7901
28-03-2003,17.7409
27-03-2003,17.7846
26-03-2003,17.7039
25-03-2003,17.717
24-03-2003,17.7054
23-03-2003,17.9955
21-03-2003,17.9477
20-03-2003,17.7085
19-03-2003,17.7171
17-03-2003,17.6524
16-03-2003,17.8474
13-03-2003,17.7485
12-03-2003,17.7245
11-03-2003,17.5596
10-03-2003,17.4467
09-03-2003,17.4966
07-03-2003,17.5259
06-03-2003,17.8613
05-03-2003,17.7046
04-03-2003,17.8321
03-03-2003,18.0677
02-03-2003,18.2982
28-02-2003,18.2922
27-02-2003,17.3987
26-02-2003,17.4834
25-02-2003,17.3787
24-02-2003,17.2104
23-02-2003,17.2288
22-02-2003,17.2259
21-02-2003,17.2824
20-02-2003,17.3615
19-02-2003,17.4501
18-02-2003,17.5521
17-02-2003,17.6621
16-02-2003,17.211
15-02-2003,17.2077
14-02-2003,16.8313
13-02-2003,16.8661
12-02-2003,16.863
11-02-2003,17.1471
10-02-2003,17.2774
09-02-2003,17.1428
08-02-2003,17.1398
07-02-2003,17.4937
06-02-2003,17.8896
05-02-2003,17.96
04-02-2003,18.0217
03-02-2003,18.0112
02-02-2003,18.0501
31-01-2003,17.916
30-01-2003,17.9996
29-01-2003,18.2322
28-01-2003,18.0355
27-01-2003,18.1629
26-01-2003,18.3557
24-01-2003,18.3496
23-01-2003,18.4856
22-01-2003,18.5406
21-01-2003,18.5174
20-01-2003,18.5004
19-01-2003,18.5377
17-01-2003,18.5193
16-01-2003,18.3761
15-01-2003,18.334
14-01-2003,18.4406
13-01-2003,18.3589
12-01-2003,18.3456
10-01-2003,18.3233
09-01-2003,18.2538
08-01-2003,18.3001
07-01-2003,18.3448
06-01-2003,18.3193
03-01-2003,18.2766
02-01-2003,18.3276
01-01-2003,18.202
31-12-2002,18.1423
30-12-2002,18.0818
29-12-2002,17.94
27-12-2002,17.8712
26-12-2002,17.7792
25-12-2002,17.7161
24-12-2002,17.7129
23-12-2002,17.6555
22-12-2002,17.6857
21-12-2002,17.6825
20-12-2002,17.6149
19-12-2002,17.5663
18-12-2002,17.5439
17-12-2002,17.5402
16-12-2002,17.4894
15-12-2002,17.4686
13-12-2002,17.4544
12-12-2002,17.4396
11-12-2002,17.423
10-12-2002,17.4249
09-12-2002,17.4377
08-12-2002,17.455
06-12-2002,17.4483
05-12-2002,17.4497
04-12-2002,17.4502
03-12-2002,17.4394
02-12-2002,17.4167
01-12-2002,17.4261
29-11-2002,17.387
28-11-2002,17.4664
27-11-2002,17.4507
26-11-2002,17.4065
25-11-2002,17.3892
24-11-2002,17.3943
22-11-2002,17.369
21-11-2002,17.2928
20-11-2002,17.265
19-11-2002,17.2451
18-11-2002,17.2421
17-11-2002,17.2274
15-11-2002,17.2535
14-11-2002,17.1604
13-11-2002,17.0715
12-11-2002,17.0214
11-11-2002,17.0019
10-11-2002,16.9845
08-11-2002,16.9807
07-11-2002,16.9863
06-11-2002,16.9518
05-11-2002,16.9491
01-11-2002,16.9099
31-10-2002,16.9077
30-10-2002,16.9037
29-10-2002,16.8733
28-10-2002,16.8306
25-10-2002,16.8215
24-10-2002,16.8274
23-10-2002,16.8225
22-10-2002,16.8208
21-10-2002,16.8303
18-10-2002,16.8241
17-10-2002,16.7978
16-10-2002,16.7747
14-10-2002,16.7832
11-10-2002,16.7516
10-10-2002,16.7495
09-10-2002,16.7471
08-10-2002,16.7534
07-10-2002,16.7434
04-10-2002,16.7113
03-10-2002,16.7035
01-10-2002,16.6868
30-09-2002,16.6689
27-09-2002,16.6639
26-09-2002,16.646
25-09-2002,16.6427
24-09-2002,16.6585
23-09-2002,16.6589
20-09-2002,16.6461
19-09-2002,16.6421
18-09-2002,16.6387
17-09-2002,16.6331
16-09-2002,16.6226
13-09-2002,16.6274
12-09-2002,16.6326
11-09-2002,16.6217
09-09-2002,16.6104
06-09-2002,16.6074
05-09-2002,16.632
04-09-2002,16.6151
03-09-2002,16.593
02-09-2002,16.5732
30-08-2002,16.5734
29-08-2002,16.565
28-08-2002,16.5427
27-08-2002,16.5351
26-08-2002,16.5306
23-08-2002,16.522
22-08-2002,16.5143
21-08-2002,16.5149
20-08-2002,16.5145
19-08-2002,16.5004
16-08-2002,16.4753
14-08-2002,16.451
13-08-2002,16.4744
12-08-2002,16.4785
09-08-2002,16.4495
08-08-2002,16.4864
07-08-2002,16.4949
06-08-2002,16.4407
05-08-2002,16.4561
02-08-2002,16.3732
01-08-2002,16.3438
31-07-2002,16.2942
30-07-2002,16.2566
29-07-2002,16.2693
26-07-2002,16.2745
25-07-2002,16.2265
24-07-2002,16.2157
23-07-2002,16.2146
22-07-2002,16.2118
19-07-2002,16.2055
18-07-2002,16.2062
17-07-2002,16.1769
16-07-2002,16.1503
15-07-2002,16.1548
12-07-2002,16.1489
11-07-2002,16.1875
10-07-2002,16.1704
09-07-2002,16.1783
08-07-2002,16.1752
05-07-2002,16.072
04-07-2002,16.0503
03-07-2002,16.0641
02-07-2002,16.0215
01-07-2002,15.9816
28-06-2002,15.9258
27-06-2002,16.0028
26-06-2002,15.7742
25-06-2002,15.6904
24-06-2002,15.6642
21-06-2002,15.6566
20-06-2002,15.6814
19-06-2002,15.6375
18-06-2002,15.5945
17-06-2002,15.6248
14-06-2002,15.6706
13-06-2002,15.6613
12-06-2002,15.7037
11-06-2002,15.6678
10-06-2002,15.6236
07-06-2002,15.538
06-06-2002,15.601
05-06-2002,15.558
04-06-2002,15.5631
03-06-2002,15.6218
31-05-2002,15.5947
30-05-2002,15.5631
29-05-2002,15.6054
28-05-2002,15.5402
27-05-2002,15.4703
24-05-2002,15.5964
23-05-2002,15.4236
22-05-2002,15.2905
21-05-2002,15.0575
20-05-2002,15.0708
17-05-2002,15.3037
16-05-2002,15.4315
15-05-2002,15.4826
14-05-2002,15.6028
13-05-2002,15.7487
10-05-2002,15.7406
09-05-2002,15.8976
08-05-2002,15.9612
07-05-2002,16.0533
06-05-2002,16.0042
03-05-2002,15.9427
02-05-2002,16.0616
30-04-2002,16.0877
29-04-2002,16.1707
26-04-2002,16.2213
24-04-2002,16.2273
23-04-2002,16.2038
22-04-2002,16.1558
19-04-2002,16.1622
18-04-2002,16.193
17-04-2002,16.2004
15-04-2002,16.1746
12-04-2002,16.2061
11-04-2002,16.233
10-04-2002,16.187
09-04-2002,16.2394
08-04-2002,16.3174
05-04-2002,16.3535
04-04-2002,16.354
03-04-2002,16.2856
02-04-2002,16.2724
28-03-2002,16.0244
27-03-2002,15.9452
26-03-2002,15.9626
22-03-2002,15.9371
21-03-2002,15.9403
20-03-2002,15.924
19-03-2002,15.9235
18-03-2002,15.9381
15-03-2002,15.9777
14-03-2002,15.7706
13-03-2002,15.7993
11-03-2002,15.8388
08-03-2002,15.792
07-03-2002,15.8829
06-03-2002,15.9112
05-03-2002,16.0429
04-03-2002,16.0807
01-03-2002,15.7338
28-02-2002,15.7204
27-02-2002,16.0745
26-02-2002,16.1339
25-02-2002,15.9155
22-02-2002,15.9832
21-02-2002,15.9775
20-02-2002,16.0552
19-02-2002,16.1452
18-02-2002,16.1618
15-02-2002,16.088
14-02-2002,16.1597
13-02-2002,16.1484
12-02-2002,16.0703
11-02-2002,16.0124
08-02-2002,15.8938
07-02-2002,15.7932
06-02-2002,15.701
05-02-2002,15.6848
04-02-2002,15.679
01-02-2002,15.565
31-01-2002,15.539
30-01-2002,15.5131
29-01-2002,15.4887
28-01-2002,15.4501
25-01-2002,15.3991
24-01-2002,15.3959
23-01-2002,15.3904
22-01-2002,15.395
21-01-2002,15.3783
18-01-2002,15.3213
17-01-2002,15.2697
16-01-2002,15.2703
15-01-2002,15.2357
14-01-2002,15.2261
11-01-2002,15.173
10-01-2002,15.208
09-01-2002,15.2073
08-01-2002,15.2153
07-01-2002,15.1976
04-01-2002,15.1566
03-01-2002,15.1528
02-01-2002,15.149
01-01-2002,15.1421
31-12-2001,15.1092
28-12-2001,14.8191
27-12-2001,14.7689
26-12-2001,14.7493
24-12-2001,14.8561
21-12-2001,14.9782
20-12-2001,15.0222
19-12-2001,15.0242
18-12-2001,14.9823
14-12-2001,15.0716
13-12-2001,15.0017
12-12-2001,15.0015
11-12-2001,14.8305
10-12-2001,14.9581
07-12-2001,14.9259
06-12-2001,15.1786
05-12-2001,15.19
04-12-2001,15.1987
03-12-2001,15.0852
29-11-2001,15.0776
28-11-2001,15.0724
27-11-2001,14.9875
26-11-2001,14.8896
23-11-2001,14.8678
22-11-2001,14.8333
21-11-2001,14.7435
20-11-2001,14.7137
19-11-2001,14.6177
15-11-2001,14.444
13-11-2001,14.4406
12-11-2001,14.4446
09-11-2001,14.3667
08-11-2001,14.3486
07-11-2001,14.3575
06-11-2001,14.3172
05-11-2001,14.2848
02-11-2001,14.2758
01-11-2001,14.2203
31-10-2001,14.2284
30-10-2001,14.1781
29-10-2001,14.1437
25-10-2001,14.0857
24-10-2001,14.0806
23-10-2001,14.0849
22-10-2001,14.0481
19-10-2001,13.8842
18-10-2001,13.8805
17-10-2001,13.8773
16-10-2001,13.8568
15-10-2001,13.838
12-10-2001,13.8314
11-10-2001,13.8592
10-10-2001,13.8472
09-10-2001,13.8479
08-10-2001,13.8021
05-10-2001,13.8394
04-10-2001,13.8619
03-10-2001,13.8092
01-10-2001,13.7311
28-09-2001,13.7829
27-09-2001,13.7072
26-09-2001,13.6534
25-09-2001,13.6461
24-09-2001,13.6077
21-09-2001,13.4185
20-09-2001,13.5255
19-09-2001,13.6244
18-09-2001,13.559
17-09-2001,13.3798
14-09-2001,13.6475
13-09-2001,13.718
12-09-2001,13.7667
11-09-2001,13.7937
10-09-2001,13.7607
07-09-2001,13.7629
06-09-2001,13.7813
05-09-2001,13.7805
04-09-2001,13.8037
03-09-2001,13.7837
31-08-2001,13.776
30-08-2001,13.7792
29-08-2001,13.7721
28-08-2001,13.7825
27-08-2001,13.7617
24-08-2001,13.7427
23-08-2001,13.6941
20-08-2001,13.6709
17-08-2001,13.6365
16-08-2001,13.6173
14-08-2001,13.6122
13-08-2001,13.6137
10-08-2001,13.5933
09-08-2001,13.5655
08-08-2001,13.5492
07-08-2001,13.5556
06-08-2001,13.5581
03-08-2001,13.5176
02-08-2001,13.5067
01-08-2001,13.5052
31-07-2001,13.4923
30-07-2001,13.5108
27-07-2001,13.5036
26-07-2001,13.4944
25-07-2001,13.4852
24-07-2001,13.5086
23-07-2001,13.4921
20-07-2001,13.491
19-07-2001,13.4701
18-07-2001,13.4332
17-07-2001,13.3954
16-07-2001,13.4286
13-07-2001,13.3856
12-07-2001,13.365
11-07-2001,13.5176
10-07-2001,13.4642
09-07-2001,13.4327
06-07-2001,13.4174
05-07-2001,13.3806
04-07-2001,13.3296
03-07-2001,13.2915
02-07-2001,13.3036
29-06-2001,13.2941
28-06-2001,13.2991
27-06-2001,13.2889
26-06-2001,13.2777
25-06-2001,13.2119
22-06-2001,13.1559
21-06-2001,13.1608
20-06-2001,13.1416
19-06-2001,13.1141
18-06-2001,13.0744
15-06-2001,13.0493
14-06-2001,13.0428
13-06-2001,13.0372
12-06-2001,13.0007
11-06-2001,13.0012
08-06-2001,12.9449
07-06-2001,12.927
06-06-2001,12.946
04-06-2001,12.9058
01-06-2001,12.9739
31-05-2001,13.0001
30-05-2001,12.987
29-05-2001,12.9735
28-05-2001,12.9553
25-05-2001,12.8902
24-05-2001,12.865
23-05-2001,12.8516
22-05-2001,12.8388
21-05-2001,12.8395
18-05-2001,12.8403
17-05-2001,12.8326
16-05-2001,12.8172
15-05-2001,12.7917
14-05-2001,12.7829
11-05-2001,12.7767
10-05-2001,12.7535
09-05-2001,12.7296
08-05-2001,12.7129
04-05-2001,12.7224
03-05-2001,12.6982
02-05-2001,12.6822
30-04-2001,12.6719
27-04-2001,12.6737
26-04-2001,12.6505
25-04-2001,12.6447
24-04-2001,12.6414
23-04-2001,12.6226
20-04-2001,12.6039
19-04-2001,12.6001
18-04-2001,12.5813
17-04-2001,12.5648
16-04-2001,12.5532
12-04-2001,12.5447
11-04-2001,12.5605
10-04-2001,12.5688
09-04-2001,12.5179
04-04-2001,12.476
03-04-2001,12.4929
30-03-2001,12.5035
29-03-2001,12.4462
28-03-2001,12.404
27-03-2001,12.4034
23-03-2001,12.4502
22-03-2001,12.457
21-03-2001,12.4697
20-03-2001,12.4387
19-03-2001,12.4542
16-03-2001,12.4265
15-03-2001,12.4141
14-03-2001,12.3747
13-03-2001,12.4432
12-03-2001,12.5027
09-03-2001,12.5095
08-03-2001,12.5216
07-03-2001,12.5126
05-03-2001,12.4222
02-03-2001,12.537
01-03-2001,12.589
28-02-2001,12.527
27-02-2001,12.4141
26-02-2001,12.3823
23-02-2001,12.3701
22-02-2001,12.3754
20-02-2001,12.3766
16-02-2001,12.3006
15-02-2001,12.2423
14-02-2001,12.2808
13-02-2001,12.3051
12-02-2001,12.2983
09-02-2001,12.3159
08-02-2001,12.2665
07-02-2001,12.2385
06-02-2001,12.2103
05-02-2001,12.1803
02-02-2001,12.1596
01-02-2001,12.156
31-01-2001,12.1608
30-01-2001,12.1354
29-01-2001,12.1386
25-01-2001,12.1499
24-01-2001,12.1596
23-01-2001,12.155
22-01-2001,12.1409
19-01-2001,12.0756
18-01-2001,12.0597
17-01-2001,12.0332
16-01-2001,12.0238
15-01-2001,12.0271
12-01-2001,11.9925
11-01-2001,11.9798
10-01-2001,11.979
09-01-2001,11.9801
08-01-2001,11.9864
05-01-2001,11.9755
04-01-2001,11.965
03-01-2001,11.9102
02-01-2001,11.8867
01-01-2001,11.8791
29-12-2000,11.8388
27-12-2000,11.8211
26-12-2000,11.7951
22-12-2000,11.7842
20-12-2000,11.7929
19-12-2000,11.798
18-12-2000,11.7727
15-12-2000,11.7273
14-12-2000,11.7179
13-12-2000,11.7104
12-12-2000,11.7148
11-12-2000,11.7105
08-12-2000,11.6987
07-12-2000,11.6729
06-12-2000,11.6476
05-12-2000,11.629
04-12-2000,11.6189
01-12-2000,11.6086
30-11-2000,11.5976
29-11-2000,11.5929
28-11-2000,11.5819
27-11-2000,11.5746
24-11-2000,11.58
23-11-2000,11.5811
22-11-2000,11.5803
21-11-2000,11.5793
20-11-2000,11.576
17-11-2000,11.5714
16-11-2000,11.5736
15-11-2000,11.5589
14-11-2000,11.5498
13-11-2000,11.5408
10-11-2000,11.5297
09-11-2000,11.5278
08-11-2000,11.5242
07-11-2000,11.5133
06-11-2000,11.4904
03-11-2000,11.4655
02-11-2000,11.4417
01-11-2000,11.4223
31-10-2000,11.4157
30-10-2000,11.4073
27-10-2000,11.3966
25-10-2000,11.3945
24-10-2000,11.3918
23-10-2000,11.3862
20-10-2000,11.3749
19-10-2000,11.3662
18-10-2000,11.3631
17-10-2000,11.3552
16-10-2000,11.3471
13-10-2000,11.3184
12-10-2000,11.3397
11-10-2000,11.3324
10-10-2000,11.3558
09-10-2000,11.3496
06-10-2000,11.3329
05-10-2000,11.3185
04-10-2000,11.3081
03-10-2000,11.307
29-09-2000,11.2839
28-09-2000,11.2801
27-09-2000,11.273
26-09-2000,11.2794
25-09-2000,11.2795
22-09-2000,11.2649
21-09-2000,11.259
20-09-2000,11.2101
19-09-2000,11.1929
18-09-2000,11.2106
15-09-2000,11.2406
14-09-2000,11.2492
13-09-2000,11.2516
12-09-2000,11.2607
11-09-2000,11.2594
08-09-2000,11.2415
07-09-2000,11.2291
06-09-2000,11.2154
05-09-2000,11.2124
04-09-2000,11.2193
31-08-2000,11.1932
30-08-2000,11.1931
29-08-2000,11.2036
28-08-2000,11.2222
25-08-2000,11.1979
24-08-2000,11.1837
23-08-2000,11.1781
22-08-2000,11.2056
18-08-2000,11.1835
17-08-2000,11.1778
16-08-2000,11.1961
14-08-2000,11.1818
11-08-2000,11.1471
10-08-2000,11.1261
09-08-2000,11.137
08-08-2000,11.1157
07-08-2000,11.1117
04-08-2000,11.1299
03-08-2000,11.1258
02-08-2000,11.1454
01-08-2000,11.1582
31-07-2000,11.1589
28-07-2000,11.1372
27-07-2000,11.1605
26-07-2000,11.1483
25-07-2000,11.1374
24-07-2000,11.0854
21-07-2000,11.1967
20-07-2000,11.2666
19-07-2000,11.2948
18-07-2000,11.3132
17-07-2000,11.3175
14-07-2000,11.2992
13-07-2000,11.2861
12-07-2000,11.2833
11-07-2000,11.2797
10-07-2000,11.2759
07-07-2000,11.2583
06-07-2000,11.2554
05-07-2000,11.2612
04-07-2000,11.2633
03-07-2000,11.24
30-06-2000,11.224
29-06-2000,11.2139
28-06-2000,11.1981
27-06-2000,11.1913
26-06-2000,11.1943
23-06-2000,11.1943
22-06-2000,11.1914
21-06-2000,11.1673
20-06-2000,11.1555
19-06-2000,11.1538
16-06-2000,11.498
14-06-2000,11.1495
13-06-2000,11.1423
12-06-2000,11.1501
09-06-2000,11.1157
08-06-2000,11.1572
07-06-2000,11.18
06-06-2000,11.2003
05-06-2000,11.2153
02-06-2000,11.2158
01-06-2000,11.2258
31-05-2000,11.2282
30-05-2000,11.2007
29-05-2000,11.2052
26-05-2000,11.1988
25-05-2000,11.1962
24-05-2000,11.2468
23-05-2000,11.2846
22-05-2000,11.2923
19-05-2000,11.2919
17-05-2000,11.2956
16-05-2000,11.295
15-05-2000,11.292
12-05-2000,11.2895
11-05-2000,11.2819
10-05-2000,11.2849
09-05-2000,11.2915
08-05-2000,11.2877
05-05-2000,11.2873
04-05-2000,11.2742
03-05-2000,11.2653
02-05-2000,11.2736
28-04-2000,11.2917
27-04-2000,11.2798
26-04-2000,11.2761
25-04-2000,11.2654
24-04-2000,11.2682
20-04-2000,11.2677
19-04-2000,11.2654
18-04-2000,11.262
17-04-2000,11.257
13-04-2000,11.2559
11-04-2000,11.2555
10-04-2000,11.2347
07-04-2000,11.1762
06-04-2000,11.1615
04-04-2000,11.1566
03-04-2000,11.1684
31-03-2000,11.0143
30-03-2000,10.9282
29-03-2000,10.9313
28-03-2000,10.8828
27-03-2000,10.9184
24-03-2000,10.9379
23-03-2000,10.934
22-03-2000,10.9581
21-03-2000,10.9655
16-03-2000,10.9665
15-03-2000,10.9619
14-03-2000,10.9609
13-03-2000,10.9879
10-03-2000,11.0144
09-03-2000,11.0033
08-03-2000,10.9465
07-03-2000,10.9264
06-03-2000,10.9212
03-03-2000,10.9434
02-03-2000,10.9816
01-03-2000,11.0437
29-02-2000,11.0748
28-02-2000,11.058
25-02-2000,11.0478
24-02-2000,11.0454
23-02-2000,11.0439
22-02-2000,11.0403
21-02-2000,11.0245
18-02-2000,10.9973
17-02-2000,10.99
16-02-2000,10.9892
15-02-2000,10.9822
14-02-2000,11.0973
11-02-2000,11.0081
10-02-2000,10.9721
09-02-2000,10.9729
08-02-2000,10.9288
07-02-2000,10.917
04-02-2000,10.8837
03-02-2000,10.8611
02-02-2000,10.8195
01-02-2000,10.785
31-01-2000,10.7699
28-01-2000,10.7575
27-01-2000,10.7334
25-01-2000,10.7334
24-01-2000,10.7344
21-01-2000,10.719
20-01-2000,10.71
19-01-2000,10.7
18-01-2000,10.6954
17-01-2000,10.68
14-01-2000,10.58
12-01-2000,10.5699
11-01-2000,10.5705
10-01-2000,10.56
07-01-2000,10.54
06-01-2000,10.54
05-01-2000,10.55
04-01-2000,10.57
03-01-2000,10.58
30-12-1999,10.55
29-12-1999,10.54
28-12-1999,10.52
27-12-1999,10.51
24-12-1999,10.5
23-12-1999,10.49
22-12-1999,10.49
21-12-1999,10.49
20-12-1999,10.48
17-12-1999,10.46
16-12-1999,10.44
15-12-1999,10.44
14-12-1999,10.44
13-12-1999,10.44
10-12-1999,10.4
09-12-1999,10.42
08-12-1999,10.42
07-12-1999,10.45
06-12-1999,10.5
03-12-1999,10.45
02-12-1999,10.43
01-12-1999,10.4
30-11-1999,10.38
29-11-1999,10.38
26-11-1999,10.37
25-11-1999,10.36
24-11-1999,10.33
22-11-1999,10.33
19-11-1999,10.32
18-11-1999,10.32
17-11-1999,10.32
16-11-1999,10.32
15-11-1999,10.31
12-11-1999,10.29
11-11-1999,10.28
05-11-1999,10.25
04-11-1999,10.25
03-11-1999,10.24
02-11-1999,10.23
01-11-1999,10.24
29-10-1999,10.22
28-10-1999,10.21
27-10-1999,10.21
26-10-1999,10.21
25-10-1999,10.21
22-10-1999,10.19
21-10-1999,10.18
20-10-1999,10.18
18-10-1999,10.17
15-10-1999,10.15
14-10-1999,10.16
13-10-1999,10.15
12-10-1999,10.17
11-10-1999,10.16
08-10-1999,10.14
07-10-1999,10.14
06-10-1999,10.14
05-10-1999,10.14
04-10-1999,10.15
01-10-1999,10.14
30-09-1999,10.13
29-09-1999,10.13
28-09-1999,10.13
27-09-1999,10.12
24-09-1999,10.12
23-09-1999,10.11
22-09-1999,10.11
21-09-1999,10.11
20-09-1999,10.1
17-09-1999,10.09
16-09-1999,10.08
15-09-1999,10.07
14-09-1999,10.07
10-09-1999,10.06
09-09-1999,10.05
08-09-1999,10.04
07-09-1999,10.03
06-09-1999,10.03
03-09-1999,10.04
02-09-1999,10.03
01-09-1999,10.03
31-08-1999,10.05
30-08-1999,10.04
27-08-1999,10.04
26-08-1999,10.04
25-08-1999,10.04
24-08-1999,10.04
23-08-1999,10.04
19-08-1999,10
