Historical Mutual Fund NAV of SBI FOCUSED EQUITY FUND - REGULAR PLAN -GROWTH,
scheme:- SBI FOCUSED EQUITY FUND - REGULAR PLAN -GROWTH,
Start Date:- 11-10-2004,
End Date:- 13-11-2020,
NAV Date,NAV (Rs)
13-11-2020,159.4421
12-11-2020,158.5936
11-11-2020,158.7128
10-11-2020,158.6611
09-11-2020,157.3364
06-11-2020,155.2594
05-11-2020,152.9882
04-11-2020,150.2654
03-11-2020,148.2937
02-11-2020,147.8914
30-10-2020,147.5161
29-10-2020,147.7329
28-10-2020,148.756
27-10-2020,149.6209
26-10-2020,147.1171
23-10-2020,147.8348
22-10-2020,147.3169
21-10-2020,146.3229
20-10-2020,146.0267
19-10-2020,146.4651
16-10-2020,145.315
15-10-2020,143.6164
14-10-2020,146.0956
13-10-2020,145.5689
12-10-2020,145.8152
09-10-2020,146.3733
08-10-2020,145.6698
07-10-2020,145.8795
06-10-2020,146.1567
05-10-2020,144.7329
01-10-2020,144.721
30-09-2020,143.1266
29-09-2020,143.2311
28-09-2020,142.9739
25-09-2020,140.218
24-09-2020,137.357
23-09-2020,141.0592
22-09-2020,141.4947
21-09-2020,143.4576
18-09-2020,147.2378
17-09-2020,147.8986
16-09-2020,149.0352
15-09-2020,148.6755
14-09-2020,147.5568
11-09-2020,147.2374
10-09-2020,146.8613
09-09-2020,145.981
08-09-2020,146.7233
07-09-2020,148.1588
04-09-2020,149.4154
03-09-2020,151.773
02-09-2020,151.7639
01-09-2020,150.5033
31-08-2020,149.0033
28-08-2020,153.4224
27-08-2020,152.4205
26-08-2020,151.8536
25-08-2020,151.5753
24-08-2020,150.642
21-08-2020,148.5286
20-08-2020,147.4125
19-08-2020,147.6393
18-08-2020,146.9911
17-08-2020,145.617
14-08-2020,144.843
13-08-2020,145.925
12-08-2020,144.9195
11-08-2020,144.821
10-08-2020,144.5777
07-08-2020,143.4431
06-08-2020,142.0748
05-08-2020,141.9241
04-08-2020,141.6241
03-08-2020,140.0776
31-07-2020,141.4258
30-07-2020,140.7283
29-07-2020,141.1576
28-07-2020,141.2373
27-07-2020,140.4406
24-07-2020,141.5823
23-07-2020,143.383
22-07-2020,142.2511
21-07-2020,142.3471
20-07-2020,141.9908
17-07-2020,140.513
16-07-2020,138.4279
15-07-2020,137.9868
14-07-2020,138.6989
13-07-2020,140.7726
10-07-2020,141.1133
09-07-2020,141.9451
08-07-2020,140.9123
07-07-2020,141.7782
06-07-2020,140.9074
03-07-2020,139.6071
02-07-2020,138.4488
01-07-2020,137.807
30-06-2020,136.9039
29-06-2020,137.2425
26-06-2020,138.3614
25-06-2020,138.1976
24-06-2020,138.1214
23-06-2020,139.0014
22-06-2020,137.2547
19-06-2020,135.8326
18-06-2020,134.6409
17-06-2020,132.1848
16-06-2020,131.8383
15-06-2020,131.431
12-06-2020,133.3864
11-06-2020,133.0734
10-06-2020,135.3889
09-06-2020,133.8322
08-06-2020,135.6022
05-06-2020,135.5569
04-06-2020,133.2577
03-06-2020,134.2027
02-06-2020,133.0622
01-06-2020,130.5218
29-05-2020,126.562
28-05-2020,125.4643
27-05-2020,124.5082
26-05-2020,122.5225
22-05-2020,122.9208
21-05-2020,124.3568
20-05-2020,124.0155
19-05-2020,122.3221
18-05-2020,120.9285
15-05-2020,124.6172
14-05-2020,124.9576
13-05-2020,126.7624
12-05-2020,124.8237
11-05-2020,124.2333
08-05-2020,123.4413
07-05-2020,124.2366
06-05-2020,125.0929
05-05-2020,123.4481
04-05-2020,125.1976
30-04-2020,130.6701
29-04-2020,128.2183
28-04-2020,126.8115
27-04-2020,125.8603
24-04-2020,125.36
23-04-2020,127.7973
22-04-2020,126.5255
21-04-2020,125.5608
20-04-2020,127.9854
17-04-2020,127.6805
16-04-2020,125.5192
15-04-2020,125.2403
13-04-2020,125.4789
09-04-2020,126.7726
08-04-2020,122.9091
07-04-2020,121.9315
03-04-2020,115.8109
01-04-2020,117.3625
31-03-2020,119.811
30-03-2020,116.6575
27-03-2020,119.8656
26-03-2020,119.5455
25-03-2020,115.6708
24-03-2020,110.7483
23-03-2020,109.2024
20-03-2020,124.1892
19-03-2020,121.62
18-03-2020,125.1503
17-03-2020,130.3965
16-03-2020,133.5231
13-03-2020,139.9579
12-03-2020,135.2125
11-03-2020,145.7872
09-03-2020,147.1121
06-03-2020,151.8796
05-03-2020,154.2204
04-03-2020,152.9403
03-03-2020,154.9032
02-03-2020,153.5835
28-02-2020,155.0527
27-02-2020,159.6348
26-02-2020,159.9048
25-02-2020,160.3462
24-02-2020,160.7252
20-02-2020,162.4939
19-02-2020,162.1772
18-02-2020,160.5029
17-02-2020,161.5491
14-02-2020,161.7569
13-02-2020,162.3673
12-02-2020,161.7625
11-02-2020,161.7747
10-02-2020,161.1443
07-02-2020,161.3879
06-02-2020,161.1316
05-02-2020,159.8827
04-02-2020,158.9213
03-02-2020,156.8164
31-01-2020,157.981
30-01-2020,157.5593
29-01-2020,158.2097
28-01-2020,157.153
27-01-2020,157.725
24-01-2020,159.0936
23-01-2020,158.0182
22-01-2020,157.2576
21-01-2020,157.1179
20-01-2020,157.8409
17-01-2020,158.331
16-01-2020,156.9061
15-01-2020,155.8808
14-01-2020,155.6019
13-01-2020,155.1326
10-01-2020,154.2025
09-01-2020,153.6415
08-01-2020,152.0505
07-01-2020,152.0281
06-01-2020,151.448
03-01-2020,153.721
02-01-2020,154.0069
01-01-2020,153.4303
31-12-2019,153.4682
30-12-2019,153.7587
27-12-2019,153.6977
26-12-2019,152.4124
24-12-2019,153.1748
23-12-2019,153.5655
20-12-2019,153.398
19-12-2019,152.4965
18-12-2019,151.7944
17-12-2019,152.0416
16-12-2019,150.9448
13-12-2019,151.4953
12-12-2019,150.7384
11-12-2019,149.8914
10-12-2019,150.2649
09-12-2019,150.8636
06-12-2019,150.814
05-12-2019,152.2247
04-12-2019,152.9105
03-12-2019,151.9879
02-12-2019,152.5376
29-11-2019,152.6944
28-11-2019,153.0548
27-11-2019,152.8499
26-11-2019,152.2517
25-11-2019,153.0986
22-11-2019,150.8827
21-11-2019,151.878
20-11-2019,152.5825
19-11-2019,152.2286
18-11-2019,150.9672
15-11-2019,150.658
14-11-2019,148.6496
13-11-2019,148.4426
11-11-2019,150.1635
08-11-2019,149.448
07-11-2019,150.4672
06-11-2019,150.4042
05-11-2019,150.2164
04-11-2019,150.5571
01-11-2019,150.0794
31-10-2019,149.733
30-10-2019,149.2915
29-10-2019,148.2917
25-10-2019,147.0828
24-10-2019,146.8451
23-10-2019,147.2345
22-10-2019,147.5129
18-10-2019,147.6913
17-10-2019,145.5303
16-10-2019,143.8917
15-10-2019,143.2674
14-10-2019,143.3318
11-10-2019,142.4058
10-10-2019,141.7639
09-10-2019,142.4636
07-10-2019,140.4963
04-10-2019,140.8098
03-10-2019,142.7017
01-10-2019,143.805
30-09-2019,145.2955
27-09-2019,145.8529
26-09-2019,145.4378
25-09-2019,143.6097
24-09-2019,144.6835
23-09-2019,144.8331
20-09-2019,140.9978
19-09-2019,134.7787
18-09-2019,135.89
17-09-2019,135.5559
16-09-2019,137.4952
13-09-2019,137.3434
12-09-2019,136.7943
11-09-2019,137.0669
09-09-2019,136.6221
06-09-2019,135.9725
05-09-2019,134.2579
04-09-2019,134.153
03-09-2019,133.6312
30-08-2019,135.0878
29-08-2019,134.6066
28-08-2019,135.4835
27-08-2019,136.4363
26-08-2019,135.3958
23-08-2019,133.3153
22-08-2019,132.7232
21-08-2019,134.1654
20-08-2019,135.0773
19-08-2019,135.0339
16-08-2019,135.5542
14-08-2019,135.0412
13-08-2019,134.381
09-08-2019,137.5282
08-08-2019,137.0733
07-08-2019,135.8967
06-08-2019,136.4984
05-08-2019,135.0813
02-08-2019,137.1386
01-08-2019,137.6388
31-07-2019,139.1256
30-07-2019,138.5474
29-07-2019,139.5982
26-07-2019,139.9612
25-07-2019,139.319
24-07-2019,139.6632
23-07-2019,140.3818
22-07-2019,140.6877
19-07-2019,141.8096
18-07-2019,143.4796
17-07-2019,144.2606
16-07-2019,143.4424
15-07-2019,142.7556
12-07-2019,142.7547
11-07-2019,142.7604
10-07-2019,142.018
09-07-2019,143.2365
08-07-2019,143.0688
05-07-2019,145.9355
04-07-2019,147.2317
03-07-2019,146.4556
02-07-2019,146.4499
01-07-2019,145.5739
28-06-2019,145.1786
27-06-2019,145.1805
26-06-2019,145.3813
25-06-2019,143.8971
24-06-2019,142.2863
21-06-2019,142.6456
20-06-2019,143.4336
19-06-2019,142.0622
18-06-2019,142.0708
17-06-2019,142.3596
14-06-2019,143.4099
13-06-2019,144.1755
12-06-2019,144.435
11-06-2019,145.3519
10-06-2019,145.1073
07-06-2019,145.0461
06-06-2019,145.0189
04-06-2019,147.0724
03-06-2019,147.8847
31-05-2019,146.6441
30-05-2019,146.4103
29-05-2019,145.7904
28-05-2019,146.5248
27-05-2019,146.53
24-05-2019,145.4907
23-05-2019,142.5084
22-05-2019,142.8304
21-05-2019,142.3471
20-05-2019,143.4147
17-05-2019,139.9833
16-05-2019,138.7046
15-05-2019,138.6086
14-05-2019,138.4031
13-05-2019,137.996
10-05-2019,139.2785
09-05-2019,138.8209
08-05-2019,139.3382
07-05-2019,140.6725
06-05-2019,141.2296
03-05-2019,142.3191
02-05-2019,141.9869
30-04-2019,141.6656
26-04-2019,141.4553
25-04-2019,141.5705
24-04-2019,141.8723
23-04-2019,140.7439
22-04-2019,140.9565
18-04-2019,143.0215
16-04-2019,143.7004
15-04-2019,143.1373
12-04-2019,142.1266
11-04-2019,141.8933
10-04-2019,141.2362
09-04-2019,141.5991
08-04-2019,141.8484
05-04-2019,142.5308
04-04-2019,141.5525
03-04-2019,141.1316
02-04-2019,141.72
01-04-2019,141.3227
31-03-2019,140.5376
29-03-2019,140.5505
28-03-2019,139.1274
27-03-2019,137.642
26-03-2019,137.7804
25-03-2019,136.4841
22-03-2019,137.403
20-03-2019,137.9276
19-03-2019,138.0039
18-03-2019,137.4839
15-03-2019,136.7913
14-03-2019,136.0903
13-03-2019,135.9424
12-03-2019,135.8129
11-03-2019,134.6832
08-03-2019,132.8665
07-03-2019,133.1278
06-03-2019,133.3315
05-03-2019,132.5407
01-03-2019,130.2308
28-02-2019,129.3206
27-02-2019,128.8581
26-02-2019,129.0109
25-02-2019,129.0573
22-02-2019,128.4719
21-02-2019,128.4859
20-02-2019,127.6736
19-02-2019,126.5966
18-02-2019,125.7516
15-02-2019,126.7077
14-02-2019,127.563
13-02-2019,127.9948
12-02-2019,127.9301
11-02-2019,128.3491
08-02-2019,129.1467
07-02-2019,129.5371
06-02-2019,129.065
05-02-2019,128.0016
04-02-2019,128.0664
01-02-2019,127.8936
31-01-2019,127.8178
30-01-2019,126.406
29-01-2019,126.4693
28-01-2019,126.5856
25-01-2019,128.7182
24-01-2019,129.301
23-01-2019,129.2491
22-01-2019,130.0936
21-01-2019,130.2733
18-01-2019,129.9757
17-01-2019,130.4939
16-01-2019,130.4862
15-01-2019,130.6166
14-01-2019,129.8821
11-01-2019,130.3244
10-01-2019,130.6214
09-01-2019,130.4411
08-01-2019,130.1752
07-01-2019,130.6318
04-01-2019,130.8525
03-01-2019,130.7688
02-01-2019,131.5304
01-01-2019,132.6721
31-12-2018,132.2276
28-12-2018,131.7238
27-12-2018,130.9936
26-12-2018,130.569
24-12-2018,130.0885
21-12-2018,131.1557
20-12-2018,132.4657
19-12-2018,132.2375
18-12-2018,131.1207
17-12-2018,130.16
14-12-2018,129.9908
13-12-2018,129.7984
12-12-2018,128.8387
11-12-2018,126.3567
10-12-2018,125.4036
07-12-2018,127.6541
06-12-2018,126.3481
05-12-2018,128.1046
04-12-2018,129.1492
03-12-2018,128.748
30-11-2018,128.5872
29-11-2018,127.7304
28-11-2018,126.7453
27-11-2018,127.188
26-11-2018,126.744
22-11-2018,126.5223
21-11-2018,127.0622
20-11-2018,126.8661
19-11-2018,127.5953
16-11-2018,127.4966
15-11-2018,126.6112
14-11-2018,126.1331
13-11-2018,125.9011
12-11-2018,125.723
09-11-2018,126.9495
06-11-2018,125.5313
05-11-2018,126.5889
02-11-2018,126.4951
01-11-2018,125.2886
31-10-2018,124.5338
30-10-2018,123.3642
29-10-2018,122.9972
26-10-2018,120.8904
25-10-2018,120.6393
24-10-2018,121.4025
23-10-2018,119.9803
22-10-2018,121.0186
19-10-2018,121.7303
17-10-2018,123.6021
16-10-2018,125.1864
15-10-2018,124.2955
12-10-2018,124.3592
11-10-2018,122.093
10-10-2018,124.6341
09-10-2018,120.5434
08-10-2018,121.1401
05-10-2018,121.7285
04-10-2018,123.9241
03-10-2018,125.8218
01-10-2018,126.8411
28-09-2018,127.5569
27-09-2018,128.529
26-09-2018,130.2919
25-09-2018,130.6429
24-09-2018,130.8355
21-09-2018,133.8682
19-09-2018,135.248
18-09-2018,135.8509
17-09-2018,137.1611
14-09-2018,138.4457
12-09-2018,137.241
11-09-2018,136.3315
10-09-2018,137.28
07-09-2018,139.6756
06-09-2018,139.0889
05-09-2018,138.1792
04-09-2018,138.6994
03-09-2018,139.9893
31-08-2018,141.1062
30-08-2018,140.5559
29-08-2018,140.357
28-08-2018,140.2837
27-08-2018,139.6462
24-08-2018,138.5113
23-08-2018,139.0483
21-08-2018,139.4706
20-08-2018,138.775
17-08-2018,137.9097
16-08-2018,137.7058
14-08-2018,138.2436
13-08-2018,137.8793
10-08-2018,138.8069
09-08-2018,138.6349
08-08-2018,138.7381
07-08-2018,138.454
06-08-2018,138.4407
03-08-2018,137.9906
02-08-2018,136.5092
01-08-2018,136.4573
31-07-2018,136.3575
30-07-2018,136.4308
27-07-2018,135.9273
26-07-2018,133.9665
25-07-2018,133.4788
24-07-2018,133.5409
23-07-2018,133.3894
20-07-2018,132.2944
19-07-2018,131.401
18-07-2018,132.5832
17-07-2018,133.1934
16-07-2018,132.027
13-07-2018,133.6636
12-07-2018,134.4847
11-07-2018,133.9062
10-07-2018,133.9855
09-07-2018,133.5914
06-07-2018,132.9043
05-07-2018,132.6564
04-07-2018,132.489
03-07-2018,131.3905
02-07-2018,130.3396
29-06-2018,130.8382
28-06-2018,129.6089
27-06-2018,130.8865
26-06-2018,132.4477
25-06-2018,133.0452
22-06-2018,133.6815
21-06-2018,133.099
20-06-2018,133.8496
19-06-2018,133.7377
18-06-2018,135.0415
15-06-2018,135.3905
14-06-2018,135.4898
13-06-2018,135.3725
12-06-2018,136.0628
11-06-2018,135.4926
08-06-2018,135.4391
07-06-2018,135.3428
06-06-2018,134.2208
05-06-2018,132.8787
04-06-2018,133.9624
01-06-2018,136.0126
31-05-2018,137.0551
30-05-2018,136.6003
29-05-2018,136.0864
28-05-2018,137.1654
25-05-2018,136.9357
24-05-2018,135.5543
23-05-2018,134.7039
22-05-2018,135.3002
21-05-2018,135.0582
18-05-2018,136.6301
17-05-2018,136.3959
16-05-2018,136.1138
15-05-2018,136.2477
14-05-2018,136.2094
11-05-2018,136.9892
10-05-2018,137.3348
09-05-2018,137.6742
08-05-2018,137.8373
07-05-2018,137.3576
04-05-2018,137.0451
03-05-2018,136.9828
02-05-2018,138.4982
30-04-2018,138.7304
27-04-2018,138.3679
26-04-2018,138.6544
25-04-2018,137.6596
24-04-2018,137.9862
23-04-2018,137.797
20-04-2018,137.2636
19-04-2018,136.7868
18-04-2018,136.1634
17-04-2018,136.6804
16-04-2018,137.0039
13-04-2018,135.967
12-04-2018,136.3147
11-04-2018,135.84
10-04-2018,135.7003
09-04-2018,135.5799
06-04-2018,134.9119
05-04-2018,134.4972
04-04-2018,132.3443
03-04-2018,133.1763
02-04-2018,132.1678
28-03-2018,130.2943
27-03-2018,130.6383
26-03-2018,128.8396
23-03-2018,127.3637
22-03-2018,128.9033
21-03-2018,129.5845
20-03-2018,129.1901
19-03-2018,129.3734
16-03-2018,130.3129
15-03-2018,131.6075
14-03-2018,131.3715
13-03-2018,131.1004
12-03-2018,130.3557
09-03-2018,129.8938
08-03-2018,129.5937
07-03-2018,129.238
06-03-2018,130.7685
05-03-2018,131.7374
01-03-2018,132.7341
28-02-2018,132.6618
27-02-2018,133.0779
26-02-2018,133.2699
23-02-2018,132.2708
22-02-2018,131.3591
21-02-2018,131.6231
20-02-2018,131.0805
19-02-2018,131.4134
16-02-2018,132.7328
15-02-2018,133.7644
14-02-2018,134.4888
12-02-2018,134.4866
09-02-2018,133.4843
08-02-2018,133.7517
07-02-2018,131.7916
06-02-2018,130.5193
05-02-2018,133.2192
02-02-2018,133.7307
01-02-2018,136.8885
31-01-2018,136.4956
30-01-2018,137.4599
29-01-2018,137.4388
25-01-2018,138.5063
24-01-2018,138.9574
23-01-2018,139.7484
22-01-2018,140.0659
19-01-2018,140.5046
18-01-2018,138.1759
17-01-2018,137.8437
16-01-2018,137.925
15-01-2018,139.0161
12-01-2018,138.7706
11-01-2018,138.9791
10-01-2018,138.7134
09-01-2018,138.8053
08-01-2018,138.7961
05-01-2018,138.7819
04-01-2018,137.5295
03-01-2018,137.0089
02-01-2018,136.2377
01-01-2018,137.5624
29-12-2017,137.4703
28-12-2017,137.7446
27-12-2017,137.5146
26-12-2017,137.968
22-12-2017,136.6069
21-12-2017,136.3476
20-12-2017,135.7144
19-12-2017,135.3831
18-12-2017,133.5866
15-12-2017,132.7518
14-12-2017,131.6717
13-12-2017,131.5292
12-12-2017,132.7948
11-12-2017,133.337
08-12-2017,133.4615
07-12-2017,131.7058
06-12-2017,130.9481
05-12-2017,131.6053
04-12-2017,132.0035
01-12-2017,131.8365
30-11-2017,132.0099
29-11-2017,131.424
28-11-2017,130.8252
27-11-2017,129.9266
24-11-2017,129.6574
23-11-2017,129.4839
22-11-2017,129.1843
21-11-2017,129.4772
20-11-2017,128.7282
17-11-2017,127.8296
16-11-2017,126.3487
15-11-2017,124.7348
14-11-2017,125.0272
13-11-2017,125.6386
10-11-2017,125.9985
09-11-2017,126.2862
08-11-2017,124.7042
07-11-2017,125.085
06-11-2017,126.5079
03-11-2017,126.0644
02-11-2017,125.3098
01-11-2017,123.7657
31-10-2017,122.8981
30-10-2017,122.73
27-10-2017,121.465
26-10-2017,121.2496
25-10-2017,121.6478
24-10-2017,122.2983
23-10-2017,122.205
18-10-2017,122.5418
17-10-2017,122.4678
16-10-2017,122.3927
13-10-2017,122.6
12-10-2017,122.3755
11-10-2017,121.2147
10-10-2017,122.2766
09-10-2017,121.5291
06-10-2017,121.075
05-10-2017,120.4082
04-10-2017,120.1991
03-10-2017,119.2692
29-09-2017,119.0211
28-09-2017,118.1507
27-09-2017,118.05
26-09-2017,119.8928
25-09-2017,119.4349
22-09-2017,121.2592
21-09-2017,123.4178
20-09-2017,123.3766
19-09-2017,122.7173
18-09-2017,122.0866
15-09-2017,122.3783
14-09-2017,122.1546
13-09-2017,120.9414
12-09-2017,121.0772
11-09-2017,119.2918
08-09-2017,119.3579
07-09-2017,118.8568
06-09-2017,118.8766
05-09-2017,118.9008
04-09-2017,118.4994
01-09-2017,119.1257
31-08-2017,118.4572
30-08-2017,117.4484
29-08-2017,116.3357
28-08-2017,117.4007
24-08-2017,116.5864
23-08-2017,115.7188
22-08-2017,115.3422
21-08-2017,114.7579
18-08-2017,115.4072
17-08-2017,115.9197
16-08-2017,115.704
14-08-2017,114.7838
11-08-2017,113.4932
10-08-2017,113.4123
09-08-2017,115.413
08-08-2017,117.0991
07-08-2017,117.829
04-08-2017,117.4739
03-08-2017,116.8398
02-08-2017,117.7009
01-08-2017,118.5524
31-07-2017,118.4997
28-07-2017,118.3951
27-07-2017,117.3268
26-07-2017,117.6856
25-07-2017,117.4732
24-07-2017,117.6654
21-07-2017,117.6793
20-07-2017,118.0373
19-07-2017,118.573
18-07-2017,117.6892
17-07-2017,117.9536
14-07-2017,117.9673
13-07-2017,118.7625
12-07-2017,117.847
11-07-2017,116.4899
10-07-2017,116.9232
07-07-2017,115.7672
06-07-2017,114.9086
05-07-2017,114.528
04-07-2017,113.8074
03-07-2017,114.1275
30-06-2017,113.1973
29-06-2017,112.7535
28-06-2017,112.4685
27-06-2017,112.7447
23-06-2017,113.2729
22-06-2017,114.1827
21-06-2017,114.3854
20-06-2017,114.3824
19-06-2017,114.2511
16-06-2017,114.2152
15-06-2017,114.0293
14-06-2017,113.5775
13-06-2017,113.807
12-06-2017,113.7279
09-06-2017,113.1877
08-06-2017,112.486
07-06-2017,112.197
06-06-2017,111.5794
05-06-2017,111.8646
02-06-2017,111.4254
01-06-2017,109.7523
31-05-2017,109.1701
30-05-2017,108.6523
29-05-2017,108.1391
26-05-2017,108.7921
25-05-2017,107.6638
24-05-2017,106.3877
23-05-2017,107.3878
22-05-2017,108.8377
19-05-2017,109.49
18-05-2017,110.3849
17-05-2017,111.6353
16-05-2017,111.6585
15-05-2017,111.5209
12-05-2017,110.7689
11-05-2017,110.6254
10-05-2017,111.0393
09-05-2017,110.1565
08-05-2017,109.6288
05-05-2017,109.0549
04-05-2017,109.4315
03-05-2017,108.8716
02-05-2017,108.5925
28-04-2017,108.9347
27-04-2017,109.1423
26-04-2017,109.0366
25-04-2017,109.7753
24-04-2017,109.0951
21-04-2017,109.1085
20-04-2017,109.2282
19-04-2017,108.5341
18-04-2017,108.2403
17-04-2017,108.2325
13-04-2017,108.3643
12-04-2017,108.585
11-04-2017,109.2752
10-04-2017,109.0904
07-04-2017,108.2062
06-04-2017,109.1074
05-04-2017,109.0695
03-04-2017,107.8214
31-03-2017,107.2962
30-03-2017,106.3011
29-03-2017,104.9031
28-03-2017,103.9891
27-03-2017,103.3296
24-03-2017,103.3595
23-03-2017,103.0622
22-03-2017,102.7238
21-03-2017,103.5195
20-03-2017,105.3606
17-03-2017,104.6746
16-03-2017,105.0148
15-03-2017,104.0769
14-03-2017,103.5929
10-03-2017,102.7589
09-03-2017,102.8359
08-03-2017,103.1735
07-03-2017,103.2082
06-03-2017,103.1081
03-03-2017,103.4345
02-03-2017,103.3118
01-03-2017,103.9256
28-02-2017,103.1862
27-02-2017,103.0743
23-02-2017,103.2716
22-02-2017,103.301
21-02-2017,103.7258
20-02-2017,103.2869
17-02-2017,102.9254
16-02-2017,101.9676
15-02-2017,101.2359
14-02-2017,101.6978
13-02-2017,101.9702
10-02-2017,102.5661
09-02-2017,102.4396
08-02-2017,102.0141
07-02-2017,102.2589
06-02-2017,102.7138
03-02-2017,101.8657
02-02-2017,100.9439
01-02-2017,100.2166
31-01-2017,99.1283
30-01-2017,99.4637
27-01-2017,99.8829
25-01-2017,99.2502
24-01-2017,98.4397
23-01-2017,97.69
20-01-2017,98.1063
19-01-2017,99.2185
18-01-2017,98.3476
17-01-2017,97.9271
16-01-2017,97.901
13-01-2017,97.5852
12-01-2017,97.4149
11-01-2017,97.3637
10-01-2017,96.5468
09-01-2017,95.8789
06-01-2017,96.1652
05-01-2017,96.257
04-01-2017,95.337
03-01-2017,95.7092
02-01-2017,95.4993
30-12-2016,94.9869
29-12-2016,94.8341
28-12-2016,94.2453
27-12-2016,93.2981
26-12-2016,91.8679
23-12-2016,93.6709
22-12-2016,95.9031
21-12-2016,97.0315
20-12-2016,97.223
19-12-2016,98.2641
16-12-2016,98.6594
15-12-2016,98.7096
14-12-2016,98.8827
13-12-2016,99.0848
12-12-2016,98.7063
09-12-2016,99.5984
08-12-2016,99.6511
07-12-2016,98.7665
06-12-2016,99.0108
05-12-2016,98.7182
02-12-2016,98.0188
01-12-2016,99.2978
30-11-2016,100.0556
29-11-2016,99.4059
28-11-2016,99.4697
25-11-2016,98.2327
24-11-2016,96.7958
23-11-2016,97.8158
22-11-2016,97.9197
21-11-2016,97.0397
18-11-2016,99.11
17-11-2016,98.9769
16-11-2016,99.1909
15-11-2016,99.7268
11-11-2016,103.3688
10-11-2016,105.4223
09-11-2016,104.2059
08-11-2016,104.6723
07-11-2016,104.6176
04-11-2016,104.0853
03-11-2016,105.3954
02-11-2016,105.9476
01-11-2016,106.8513
28-10-2016,106.5078
27-10-2016,105.814
26-10-2016,105.6864
25-10-2016,106.6224
24-10-2016,106.5424
21-10-2016,106.3402
20-10-2016,105.7991
19-10-2016,105.4246
18-10-2016,105.8955
17-10-2016,104.3322
14-10-2016,105.279
13-10-2016,105.3188
10-10-2016,106.9141
07-10-2016,106.9449
06-10-2016,106.827
05-10-2016,106.838
04-10-2016,106.3623
03-10-2016,105.9928
30-09-2016,104.2198
29-09-2016,103.319
28-09-2016,106.1496
27-09-2016,105.8881
26-09-2016,105.7042
23-09-2016,106.7212
22-09-2016,107.2093
21-09-2016,106.0361
20-09-2016,105.9547
19-09-2016,106.3784
16-09-2016,106.0744
15-09-2016,105.2225
14-09-2016,104.763
12-09-2016,104.4524
09-09-2016,105.6359
08-09-2016,106.1515
07-09-2016,105.4935
06-09-2016,105.695
02-09-2016,105.3533
01-09-2016,104.4453
31-08-2016,105.2863
30-08-2016,104.5085
29-08-2016,103.1811
26-08-2016,103.2635
25-08-2016,103.6469
24-08-2016,104.0957
23-08-2016,103.3785
22-08-2016,103.8098
19-08-2016,103.3292
18-08-2016,102.9294
17-08-2016,101.6943
16-08-2016,101.7578
12-08-2016,100.9259
11-08-2016,100.7637
10-08-2016,100.7571
09-08-2016,101.8764
08-08-2016,101.7754
05-08-2016,100.9504
04-08-2016,99.9801
03-08-2016,99.8292
02-08-2016,100.8874
01-08-2016,101.7236
29-07-2016,102.5459
28-07-2016,102.0322
27-07-2016,101.6344
26-07-2016,101.8204
25-07-2016,102.2793
22-07-2016,101.4866
21-07-2016,100.8493
20-07-2016,101.0284
19-07-2016,100.1595
18-07-2016,100.0042
15-07-2016,100.3055
14-07-2016,100.1729
13-07-2016,99.3212
12-07-2016,99.5241
11-07-2016,99.864
08-07-2016,98.7864
07-07-2016,98.7622
05-07-2016,99.1344
04-07-2016,99.052
01-07-2016,97.7367
30-06-2016,97.1541
29-06-2016,96.5314
28-06-2016,95.4322
27-06-2016,94.5773
24-06-2016,94.104
23-06-2016,95.258
22-06-2016,95.1786
21-06-2016,95.3215
20-06-2016,95.7611
17-06-2016,95.7429
16-06-2016,95.7844
15-06-2016,96.193
14-06-2016,95.6056
13-06-2016,95.693
10-06-2016,96.1781
09-06-2016,96.2753
08-06-2016,96.8815
07-06-2016,97.0077
06-06-2016,96.2091
03-06-2016,96.2944
02-06-2016,96.1001
01-06-2016,95.8457
31-05-2016,95.7249
30-05-2016,95.4013
27-05-2016,95.1833
26-05-2016,94.8123
25-05-2016,94.0449
24-05-2016,93.4294
23-05-2016,93.916
20-05-2016,93.4358
19-05-2016,93.5624
18-05-2016,94.7511
17-05-2016,95.0055
16-05-2016,94.719
13-05-2016,94.8475
12-05-2016,95.0277
11-05-2016,94.1642
10-05-2016,94.011
09-05-2016,94.063
06-05-2016,93.3375
05-05-2016,94.0108
04-05-2016,93.9767
03-05-2016,94.8405
02-05-2016,95.3529
29-04-2016,95.0542
28-04-2016,94.7401
27-04-2016,95.2677
26-04-2016,94.7101
25-04-2016,94.1745
22-04-2016,94.2404
21-04-2016,94.446
20-04-2016,94.3777
18-04-2016,94.2041
13-04-2016,93.4673
12-04-2016,92.7546
11-04-2016,91.5634
08-04-2016,90.4966
07-04-2016,89.8293
06-04-2016,90.0877
05-04-2016,89.8238
04-04-2016,90.8694
01-04-2016,90.114
31-03-2016,90.0162
30-03-2016,89.3614
29-03-2016,88.5468
28-03-2016,88.6177
23-03-2016,89.195
22-03-2016,88.9234
21-03-2016,89.5089
18-03-2016,88.9981
17-03-2016,88.2307
16-03-2016,87.5219
15-03-2016,87.0724
14-03-2016,87.6322
11-03-2016,87.4223
10-03-2016,87.3289
09-03-2016,87.2572
08-03-2016,86.9527
04-03-2016,86.4251
03-03-2016,86.2707
02-03-2016,85.3808
01-03-2016,83.7788
29-02-2016,82.2006
26-02-2016,82.5557
25-02-2016,82.903
24-02-2016,83.0184
23-02-2016,84.0366
22-02-2016,84.9292
19-02-2016,85.0602
18-02-2016,85.1869
17-02-2016,84.4891
16-02-2016,84.0088
15-02-2016,84.368
12-02-2016,83.0375
11-02-2016,83.9061
10-02-2016,86.3891
09-02-2016,87.3706
08-02-2016,87.975
05-02-2016,87.192
04-02-2016,86.488
03-02-2016,86.7309
02-02-2016,87.9953
01-02-2016,88.1534
29-01-2016,87.4306
28-01-2016,86.6942
27-01-2016,86.8301
25-01-2016,86.5525
22-01-2016,86.235
21-01-2016,85.2066
20-01-2016,85.3181
19-01-2016,86.5937
18-01-2016,85.5549
15-01-2016,87.9119
14-01-2016,89.1634
13-01-2016,89.7447
12-01-2016,90.7295
11-01-2016,91.2507
08-01-2016,91.8399
07-01-2016,90.9185
06-01-2016,92.7963
05-01-2016,93.1634
04-01-2016,93.0077
01-01-2016,93.9729
31-12-2015,92.9195
30-12-2015,92.2962
29-12-2015,92.145
28-12-2015,92.2298
24-12-2015,91.4663
23-12-2015,91.1113
22-12-2015,90.7013
21-12-2015,91.0941
18-12-2015,90.7527
17-12-2015,91.2865
16-12-2015,90.3285
15-12-2015,90.3261
14-12-2015,89.5552
11-12-2015,89.4129
10-12-2015,89.6501
09-12-2015,88.9343
08-12-2015,89.9757
07-12-2015,90.5965
04-12-2015,90.4397
03-12-2015,91.1069
02-12-2015,91.4513
01-12-2015,91.6006
30-11-2015,91.9447
27-11-2015,91.8516
26-11-2015,91.2837
24-11-2015,91.5089
23-11-2015,91.9015
20-11-2015,91.7559
19-11-2015,91.4373
18-11-2015,90.5728
17-11-2015,91.0013
16-11-2015,90.6857
13-11-2015,90.5325
10-11-2015,90.5435
09-11-2015,91.845
06-11-2015,91.2431
05-11-2015,91.9088
04-11-2015,93.2034
03-11-2015,93.0765
02-11-2015,92.7249
30-10-2015,93.2147
29-10-2015,93.4476
28-10-2015,93.4117
27-10-2015,93.6031
26-10-2015,93.17
23-10-2015,93.2523
21-10-2015,93.2481
20-10-2015,93.3735
19-10-2015,92.7912
16-10-2015,92.8022
15-10-2015,92.5847
14-10-2015,92.3122
13-10-2015,92.1615
12-10-2015,92.2977
09-10-2015,92.4415
08-10-2015,91.5081
07-10-2015,91.7606
06-10-2015,91.2627
05-10-2015,91.0102
01-10-2015,89.917
30-09-2015,89.8634
29-09-2015,89.5427
28-09-2015,89.4086
24-09-2015,89.6151
23-09-2015,89.4269
22-09-2015,88.7396
21-09-2015,90.1684
18-09-2015,89.9543
16-09-2015,88.8484
15-09-2015,88.9004
14-09-2015,89.2989
11-09-2015,88.5237
10-09-2015,88.4321
09-09-2015,88.2376
08-09-2015,87.1734
07-09-2015,86.9664
04-09-2015,88.2971
03-09-2015,89.3082
02-09-2015,88.5347
01-09-2015,88.7415
31-08-2015,90.2641
28-08-2015,90.566
27-08-2015,90.7596
26-08-2015,89.1443
25-08-2015,89.132
24-08-2015,88.7685
21-08-2015,93.9735
20-08-2015,94.6876
19-08-2015,96.0142
18-08-2015,95.2812
17-08-2015,94.3962
14-08-2015,94.6535
13-08-2015,93.0044
12-08-2015,93.1377
11-08-2015,94.6498
10-08-2015,95.4353
07-08-2015,94.4987
06-08-2015,94.7242
05-08-2015,94.3343
04-08-2015,93.3926
03-08-2015,93.0955
31-07-2015,92.8388
30-07-2015,91.7744
29-07-2015,90.8246
28-07-2015,90.3005
27-07-2015,89.8249
24-07-2015,90.8966
23-07-2015,91.6811
22-07-2015,91.6938
21-07-2015,91.367
20-07-2015,92.1516
17-07-2015,92.0509
16-07-2015,91.7905
15-07-2015,91.2382
14-07-2015,91.1938
13-07-2015,91.3306
10-07-2015,91.0005
09-07-2015,90.584
08-07-2015,90.5177
07-07-2015,91.5092
06-07-2015,91.229
03-07-2015,90.5168
02-07-2015,90.278
01-07-2015,89.9874
30-06-2015,89.2117
29-06-2015,87.9344
26-06-2015,88.8136
25-06-2015,88.3591
24-06-2015,88.4268
23-06-2015,88.5956
22-06-2015,87.8437
19-06-2015,87.2585
18-06-2015,87.4541
17-06-2015,86.6133
16-06-2015,85.8601
15-06-2015,85.7221
12-06-2015,85.3044
11-06-2015,85.7274
10-06-2015,86.4573
09-06-2015,85.7253
08-06-2015,86.1701
05-06-2015,86.911
04-06-2015,86.8045
03-06-2015,86.8309
02-06-2015,87.5402
01-06-2015,89.0855
29-05-2015,88.9857
28-05-2015,89.0625
27-05-2015,89.7154
26-05-2015,89.7593
25-05-2015,90.1855
22-05-2015,90.4953
21-05-2015,90.2968
20-05-2015,89.8799
19-05-2015,89.5074
18-05-2015,89.8204
15-05-2015,89.1489
14-05-2015,88.4311
13-05-2015,88.0871
12-05-2015,87.2768
11-05-2015,88.3051
08-05-2015,87.499
07-05-2015,87.3284
06-05-2015,88.5144
05-05-2015,90.3886
04-05-2015,89.8656
30-04-2015,89.3421
29-04-2015,89.4503
28-04-2015,89.0032
27-04-2015,88.2166
24-04-2015,89.8766
23-04-2015,90.7874
22-04-2015,91.0266
21-04-2015,91.2228
20-04-2015,91.4502
17-04-2015,93.0972
16-04-2015,93.4966
15-04-2015,94.1891
13-04-2015,94.6253
10-04-2015,94.5779
09-04-2015,94.4786
08-04-2015,94.2363
07-04-2015,93.3256
06-04-2015,93.0512
01-04-2015,92.3171
31-03-2015,91.3274
30-03-2015,91.4068
27-03-2015,89.4187
26-03-2015,89.276
25-03-2015,89.664
24-03-2015,90.1604
23-03-2015,90.3811
20-03-2015,91.4771
19-03-2015,92.3695
18-03-2015,92.6162
17-03-2015,92.2384
16-03-2015,92.1586
13-03-2015,92.3253
12-03-2015,93.2629
11-03-2015,92.5064
10-03-2015,92.3707
09-03-2015,93.0064
05-03-2015,94.1429
04-03-2015,93.8024
03-03-2015,94.15
02-03-2015,92.9552
27-02-2015,91.7834
26-02-2015,90.8926
25-02-2015,91.7793
24-02-2015,91.9936
23-02-2015,92.6
20-02-2015,93.8828
19-02-2015,93.7559
18-02-2015,93.1164
16-02-2015,92.3953
13-02-2015,91.6639
12-02-2015,91.4763
11-02-2015,90.5534
10-02-2015,89.6198
09-02-2015,89.4523
06-02-2015,90.4789
05-02-2015,91.0176
04-02-2015,91.8633
03-02-2015,92.9683
02-02-2015,93.2286
30-01-2015,93.4043
29-01-2015,94.163
28-01-2015,93.4792
27-01-2015,93.4859
23-01-2015,92.5212
22-01-2015,92.6996
21-01-2015,92.6058
20-01-2015,92.5487
19-01-2015,92.1428
16-01-2015,91.8649
15-01-2015,91.6031
14-01-2015,90.5827
13-01-2015,90.1162
12-01-2015,90.1422
09-01-2015,89.9192
08-01-2015,89.7056
07-01-2015,87.9565
06-01-2015,88.3963
05-01-2015,90.3654
02-01-2015,90.4538
01-01-2015,89.7796
31-12-2014,89.0626
30-12-2014,88.603
29-12-2014,88.4565
26-12-2014,87.1993
24-12-2014,87.3255
23-12-2014,87.1035
22-12-2014,86.7882
19-12-2014,86.4029
18-12-2014,86.2498
17-12-2014,84.4152
16-12-2014,84.7205
15-12-2014,86.6594
12-12-2014,86.9435
11-12-2014,87.7071
10-12-2014,87.5129
09-12-2014,86.9923
08-12-2014,88.107
05-12-2014,88.6855
04-12-2014,87.8654
03-12-2014,87.7619
02-12-2014,86.9313
01-12-2014,86.3419
28-11-2014,86.378
27-11-2014,85.725
26-11-2014,85.4618
25-11-2014,85.2022
24-11-2014,86.4944
21-11-2014,86.3129
20-11-2014,85.8254
19-11-2014,85.9537
18-11-2014,86.232
17-11-2014,85.4357
14-11-2014,84.3802
13-11-2014,83.8894
12-11-2014,83.315
11-11-2014,82.9507
10-11-2014,83.1907
07-11-2014,83.4693
05-11-2014,83.0982
03-11-2014,83.1269
31-10-2014,82.9251
30-10-2014,82.1501
29-10-2014,81.722
28-10-2014,80.7897
27-10-2014,80.8682
22-10-2014,80.3391
21-10-2014,79.7948
20-10-2014,79.9367
17-10-2014,79.3963
16-10-2014,79.5121
14-10-2014,80.8799
13-10-2014,80.946
10-10-2014,81.0083
09-10-2014,81.8883
08-10-2014,80.9128
07-10-2014,81.0457
01-10-2014,81.913
30-09-2014,81.6823
29-09-2014,81.1372
26-09-2014,80.0689
25-09-2014,79.7052
24-09-2014,80.7749
23-09-2014,81.1827
22-09-2014,82.7618
19-09-2014,82.4635
18-09-2014,82.5728
17-09-2014,81.5789
16-09-2014,81.9789
15-09-2014,84.4125
12-09-2014,84.0516
11-09-2014,83.4382
10-09-2014,81.9145
09-09-2014,81.5259
08-09-2014,81.4005
05-09-2014,80.7737
04-09-2014,80.6645
03-09-2014,80.7029
02-09-2014,80.4899
01-09-2014,79.6933
28-08-2014,78.698
27-08-2014,78.3664
26-08-2014,77.6488
25-08-2014,78.1378
22-08-2014,78.599
21-08-2014,78.4062
20-08-2014,77.715
19-08-2014,77.1446
18-08-2014,76.3704
14-08-2014,75.1225
13-08-2014,74.5725
12-08-2014,75.067
11-08-2014,75.0921
08-08-2014,74.7032
07-08-2014,75.9513
06-08-2014,76.1243
05-08-2014,76.6605
04-08-2014,76.2073
01-08-2014,75.5523
31-07-2014,76.0834
30-07-2014,75.7389
28-07-2014,75.4134
25-07-2014,75.656
24-07-2014,76.7343
23-07-2014,76.6685
22-07-2014,76.8966
21-07-2014,76.6352
18-07-2014,75.4162
17-07-2014,75.3854
16-07-2014,75.0229
15-07-2014,74.1208
14-07-2014,73.3063
11-07-2014,73.4443
10-07-2014,74.7934
09-07-2014,74.306
08-07-2014,75.0886
07-07-2014,76.2413
04-07-2014,75.9569
03-07-2014,75.2557
02-07-2014,75.0141
01-07-2014,74.1391
30-06-2014,72.8508
27-06-2014,71.8293
26-06-2014,71.7235
25-06-2014,71.73
24-06-2014,71.3004
23-06-2014,71.0537
20-06-2014,70.3686
19-06-2014,70.6625
18-06-2014,71.2235
17-06-2014,70.9854
16-06-2014,70.1802
13-06-2014,70.3173
12-06-2014,71.1795
11-06-2014,70.2182
10-06-2014,70.5892
09-06-2014,70.6534
06-06-2014,69.7267
05-06-2014,68.5177
04-06-2014,67.9881
03-06-2014,67.4445
02-06-2014,67.5528
30-05-2014,66.8636
29-05-2014,66.2786
28-05-2014,66.528
27-05-2014,65.421
26-05-2014,65.2493
23-05-2014,66.1231
22-05-2014,65.6477
21-05-2014,64.8647
20-05-2014,64.4093
19-05-2014,63.3013
16-05-2014,62.1698
15-05-2014,61.9852
14-05-2014,62.1712
13-05-2014,62.3318
12-05-2014,61.9173
09-05-2014,61.6408
08-05-2014,60.9932
07-05-2014,60.6078
06-05-2014,60.3211
05-05-2014,60.0771
02-05-2014,60.5794
30-04-2014,60.6804
29-04-2014,60.6011
28-04-2014,60.8834
25-04-2014,60.8223
23-04-2014,60.7784
22-04-2014,60.8606
21-04-2014,60.9199
17-04-2014,60.4447
16-04-2014,59.9393
15-04-2014,59.861
11-04-2014,59.9108
10-04-2014,59.8048
09-04-2014,59.8906
07-04-2014,59.3566
04-04-2014,59.6052
03-04-2014,59.8403
02-04-2014,59.6073
01-04-2014,59.204
31-03-2014,59.3896
28-03-2014,58.9141
27-03-2014,58.3291
26-03-2014,58.2011
25-03-2014,57.9624
24-03-2014,57.7707
21-03-2014,57.4921
20-03-2014,57.1939
19-03-2014,57.3583
18-03-2014,57.1559
14-03-2014,56.3451
13-03-2014,56.5224
12-03-2014,56.5426
11-03-2014,56.3789
10-03-2014,56.5558
07-03-2014,56.2138
06-03-2014,55.8871
05-03-2014,55.3813
04-03-2014,55.3023
03-03-2014,55.0641
28-02-2014,54.75
26-02-2014,54.5015
25-02-2014,54.6489
24-02-2014,54.6073
21-02-2014,54.5512
20-02-2014,54.2698
19-02-2014,54.0564
18-02-2014,53.8449
17-02-2014,53.4843
14-02-2014,53.6316
13-02-2014,53.5903
12-02-2014,53.9923
11-02-2014,54.0411
10-02-2014,54.0566
07-02-2014,54.2406
06-02-2014,54.1153
05-02-2014,54.0898
04-02-2014,54.2486
03-02-2014,54.0217
31-01-2014,54.1718
30-01-2014,53.8464
29-01-2014,54.2227
28-01-2014,54.4574
27-01-2014,54.8345
24-01-2014,55.9252
23-01-2014,56.4769
22-01-2014,56.4412
21-01-2014,56.1126
20-01-2014,56.001
17-01-2014,56.0628
16-01-2014,56.4996
15-01-2014,56.6514
14-01-2014,56.497
13-01-2014,56.3234
10-01-2014,56.463
09-01-2014,56.6229
08-01-2014,56.7363
07-01-2014,56.2764
06-01-2014,56.0794
03-01-2014,56.2398
02-01-2014,55.9263
01-01-2014,56.4587
31-12-2013,56.3634
30-12-2013,56.231
27-12-2013,55.9718
26-12-2013,55.6236
24-12-2013,55.1538
23-12-2013,55.053
20-12-2013,54.8431
19-12-2013,54.7107
18-12-2013,54.7561
17-12-2013,54.5276
16-12-2013,54.601
13-12-2013,54.3334
12-12-2013,54.5224
11-12-2013,54.7422
10-12-2013,54.4923
09-12-2013,54.7687
06-12-2013,55.0464
05-12-2013,54.8721
04-12-2013,54.5153
03-12-2013,54.3275
02-12-2013,54.4787
29-11-2013,54.0973
28-11-2013,53.6731
27-11-2013,53.3177
26-11-2013,53.2283
25-11-2013,53.5251
22-11-2013,52.8865
21-11-2013,52.8444
20-11-2013,53.0409
19-11-2013,52.993
18-11-2013,52.6127
14-11-2013,52.3492
13-11-2013,52.1747
12-11-2013,52.2866
11-11-2013,52.3433
08-11-2013,52.3292
07-11-2013,52.5496
06-11-2013,53.0869
05-11-2013,52.7226
01-11-2013,52.1697
31-10-2013,51.7179
30-10-2013,51.7627
29-10-2013,51.8474
28-10-2013,51.3283
25-10-2013,51.44
24-10-2013,51.4718
23-10-2013,51.7257
22-10-2013,51.9821
21-10-2013,51.3673
18-10-2013,51.1674
17-10-2013,50.7088
15-10-2013,50.6658
14-10-2013,51.1571
11-10-2013,51.3166
10-10-2013,51.1029
09-10-2013,50.7088
08-10-2013,50.4519
07-10-2013,50.236
04-10-2013,50.2386
03-10-2013,50.0557
01-10-2013,49.8153
30-09-2013,49.4435
27-09-2013,49.6157
26-09-2013,49.3774
25-09-2013,49.5558
24-09-2013,49.8133
23-09-2013,49.8273
20-09-2013,50.0624
19-09-2013,50.0311
18-09-2013,49.3364
17-09-2013,48.8924
16-09-2013,48.5482
13-09-2013,48.8774
12-09-2013,49.1784
11-09-2013,49.255
10-09-2013,48.9141
06-09-2013,48.3994
05-09-2013,48.2139
04-09-2013,47.5825
03-09-2013,47.2834
02-09-2013,47.8478
30-08-2013,47.7604
29-08-2013,47.8344
28-08-2013,47.6884
27-08-2013,47.7295
26-08-2013,48.9
23-08-2013,48.6543
22-08-2013,48.5404
21-08-2013,48.3704
20-08-2013,48.2392
19-08-2013,48.2624
16-08-2013,49.1555
14-08-2013,50.1843
13-08-2013,49.9733
12-08-2013,49.8433
08-08-2013,49.1109
07-08-2013,48.9069
06-08-2013,48.6139
05-08-2013,49.7141
02-08-2013,49.6762
01-08-2013,50.0295
31-07-2013,50.1962
30-07-2013,50.6871
29-07-2013,51.4704
26-07-2013,51.5123
25-07-2013,51.8516
24-07-2013,52.2667
23-07-2013,53.0521
22-07-2013,52.9979
19-07-2013,53.2397
18-07-2013,53.6832
17-07-2013,53.5928
16-07-2013,53.8147
15-07-2013,54.3884
12-07-2013,54.08
11-07-2013,53.9322
10-07-2013,53.525
09-07-2013,53.5581
08-07-2013,53.2388
05-07-2013,53.4912
04-07-2013,53.3686
03-07-2013,53.1762
02-07-2013,53.8244
01-07-2013,53.9706
28-06-2013,52.9963
27-06-2013,51.9855
26-06-2013,51.7771
25-06-2013,51.8019
24-06-2013,52.0016
21-06-2013,52.8958
20-06-2013,53.2085
19-06-2013,54.2648
18-06-2013,54.3371
17-06-2013,54.5537
14-06-2013,54.4525
13-06-2013,53.9797
12-06-2013,54.3416
11-06-2013,54.5043
10-06-2013,55.9675
07-06-2013,56.5435
06-06-2013,56.9855
05-06-2013,57.1938
04-06-2013,56.4264
03-06-2013,56.3168
31-05-2013,56.4975
30-05-2013,57.1248
29-05-2013,56.7504
28-05-2013,57.2471
27-05-2013,57.1668
24-05-2013,57.036
23-05-2013,56.603
22-05-2013,57.5054
21-05-2013,57.7558
20-05-2013,58.3247
17-05-2013,58.6386
16-05-2013,58.2339
15-05-2013,58.1825
14-05-2013,57.2502
13-05-2013,57.0675
10-05-2013,57.478
09-05-2013,57.3499
08-05-2013,57.3465
07-05-2013,57.2079
06-05-2013,56.8278
03-05-2013,56.3974
02-05-2013,56.1436
30-04-2013,55.504
29-04-2013,55.6952
26-04-2013,55.3976
25-04-2013,55.5362
23-04-2013,54.9546
22-04-2013,54.9906
18-04-2013,54.427
17-04-2013,53.9308
16-04-2013,54.0772
15-04-2013,53.7984
12-04-2013,53.6012
11-04-2013,53.6301
10-04-2013,53.5763
09-04-2013,53.4141
08-04-2013,53.6874
05-04-2013,53.9793
04-04-2013,53.6945
03-04-2013,54.8026
02-04-2013,54.7143
01-04-2013,53.9305
31-03-2013,53.7559
28-03-2013,53.764
26-03-2013,53.2861
25-03-2013,53.3205
22-03-2013,53.6223
21-03-2013,53.635
20-03-2013,54.3702
19-03-2013,55.2711
18-03-2013,55.822
15-03-2013,55.8633
14-03-2013,56.1815
13-03-2013,55.8373
12-03-2013,56.219
11-03-2013,56.5404
08-03-2013,56.6603
07-03-2013,56.3966
06-03-2013,55.9325
05-03-2013,55.5227
04-03-2013,55.1017
01-03-2013,56.019
28-02-2013,55.7867
27-02-2013,56.7591
26-02-2013,56.3723
25-02-2013,57.176
22-02-2013,57.7746
21-02-2013,57.8888
20-02-2013,58.8041
19-02-2013,58.6486
18-02-2013,57.9542
15-02-2013,58.0975
14-02-2013,58.2675
13-02-2013,58.5663
12-02-2013,58.6028
11-02-2013,58.42
08-02-2013,58.51
07-02-2013,58.98
06-02-2013,59.36
05-02-2013,59.46
04-02-2013,59.8
01-02-2013,60.47
31-01-2013,60.4
30-01-2013,59.88
29-01-2013,60.04
28-01-2013,60.1
25-01-2013,59.94
24-01-2013,59.19
23-01-2013,59.86
22-01-2013,60.13
21-01-2013,60.68
18-01-2013,60.64
17-01-2013,61
16-01-2013,60.98
15-01-2013,61.57
14-01-2013,61.79
11-01-2013,61.25
10-01-2013,61.86
09-01-2013,62.03
08-01-2013,62.11
07-01-2013,62.36
04-01-2013,62.5
03-01-2013,62.49
02-01-2013,61.91
01-01-2013,61.46
31-12-2012,61.18
28-12-2012,60.19
27-12-2012,59.21
26-12-2012,59.4
24-12-2012,58.89
21-12-2012,58.81
20-12-2012,59.16
19-12-2012,59.5
18-12-2012,59.31
17-12-2012,59.08
14-12-2012,58.96
13-12-2012,58.48
12-12-2012,58.72
11-12-2012,58.45
10-12-2012,58.72
07-12-2012,58.91
06-12-2012,59.13
05-12-2012,59.11
04-12-2012,58.57
03-12-2012,58.37
30-11-2012,57.78
29-11-2012,57.83
27-11-2012,57.64
26-11-2012,57.23
23-11-2012,56.49
22-11-2012,56
21-11-2012,55.84
20-11-2012,55.72
19-11-2012,55.74
16-11-2012,56
15-11-2012,56.78
12-11-2012,56.44
09-11-2012,54.77
08-11-2012,55.1
07-11-2012,54.97
06-11-2012,54.71
05-11-2012,54.41
02-11-2012,54.14
01-11-2012,53.69
31-10-2012,53.68
30-10-2012,53.15
29-10-2012,53.13
26-10-2012,53.53
25-10-2012,53.87
23-10-2012,53.52
22-10-2012,53.83
19-10-2012,53.75
18-10-2012,54.04
17-10-2012,53.48
16-10-2012,53.42
15-10-2012,53.67
12-10-2012,53.58
11-10-2012,53.34
10-10-2012,53.15
09-10-2012,53.61
08-10-2012,53.21
05-10-2012,53.32
04-10-2012,53.7
03-10-2012,53.51
01-10-2012,53.28
30-09-2012,52.75
28-09-2012,52.75
27-09-2012,52.47
26-09-2012,52.32
25-09-2012,52.04
24-09-2012,51.45
21-09-2012,51.8
20-09-2012,51.45
18-09-2012,51.71
17-09-2012,51.59
14-09-2012,51.21
13-09-2012,51.09
12-09-2012,50.61
11-09-2012,50.08
10-09-2012,49.71
07-09-2012,49.24
06-09-2012,48.88
05-09-2012,48.81
04-09-2012,48.86
03-09-2012,48.85
31-08-2012,48.82
30-08-2012,48.71
29-08-2012,48.6
28-08-2012,49.16
27-08-2012,49.48
24-08-2012,49.73
23-08-2012,49.89
22-08-2012,49.94
21-08-2012,49.96
17-08-2012,49.8
16-08-2012,49.83
14-08-2012,49.52
13-08-2012,49.32
10-08-2012,49.21
09-08-2012,49.04
08-08-2012,49.22
07-08-2012,49.31
06-08-2012,49.07
03-08-2012,48.88
02-08-2012,48.97
01-08-2012,48.6
31-07-2012,48.28
30-07-2012,47.63
27-07-2012,46.96
26-07-2012,47.59
25-07-2012,48.16
24-07-2012,48.04
23-07-2012,47.92
20-07-2012,48.36
19-07-2012,48.3
18-07-2012,48.25
17-07-2012,48.02
16-07-2012,48.47
13-07-2012,48.49
12-07-2012,48.52
11-07-2012,48.36
10-07-2012,48.47
09-07-2012,48.19
06-07-2012,48.48
05-07-2012,48.73
04-07-2012,48.11
03-07-2012,47.86
29-06-2012,46.86
28-06-2012,46.29
27-06-2012,46.35
26-06-2012,46.16
25-06-2012,45.61
22-06-2012,45.47
21-06-2012,45.43
20-06-2012,45.42
19-06-2012,44.98
18-06-2012,45.05
15-06-2012,45.49
14-06-2012,45.23
13-06-2012,45.59
12-06-2012,45.41
11-06-2012,45.23
08-06-2012,45.61
07-06-2012,45.49
06-06-2012,45.16
05-06-2012,44.61
04-06-2012,44.34
01-06-2012,44.33
31-05-2012,44.81
30-05-2012,44.88
29-05-2012,45.57
28-05-2012,45.47
25-05-2012,45.18
24-05-2012,45.13
23-05-2012,44.89
22-05-2012,44.95
21-05-2012,45.26
18-05-2012,44.89
17-05-2012,45.11
16-05-2012,45.16
15-05-2012,45.21
14-05-2012,44.85
11-05-2012,45.29
10-05-2012,45.62
09-05-2012,45.56
08-05-2012,45.72
07-05-2012,46.22
04-05-2012,46.13
03-05-2012,46.64
02-05-2012,46.89
30-04-2012,47.01
27-04-2012,46.66
26-04-2012,46.87
25-04-2012,46.73
24-04-2012,46.68
23-04-2012,47.11
20-04-2012,48.03
19-04-2012,47.96
18-04-2012,47.31
17-04-2012,46.92
16-04-2012,46.57
13-04-2012,46.16
12-04-2012,45.91
11-04-2012,45.72
10-04-2012,45.63
09-04-2012,45.48
04-04-2012,45.59
03-04-2012,45.45
31-03-2012,44.54
30-03-2012,44.54
29-03-2012,43.83
28-03-2012,43.64
27-03-2012,43.66
26-03-2012,43.66
22-03-2012,43.67
21-03-2012,44.23
20-03-2012,43.41
19-03-2012,43.32
16-03-2012,43.52
15-03-2012,44.1
14-03-2012,44.47
13-03-2012,44.6
12-03-2012,43.91
09-03-2012,43.85
07-03-2012,43.54
06-03-2012,43.59
05-03-2012,43.75
02-03-2012,43.77
01-03-2012,43.89
29-02-2012,43.74
28-02-2012,43.8
27-02-2012,42.95
24-02-2012,43.62
23-02-2012,43.92
22-02-2012,44.32
21-02-2012,45.26
17-02-2012,44.77
15-02-2012,44.74
14-02-2012,44.33
13-02-2012,44.44
10-02-2012,44.23
09-02-2012,44.43
08-02-2012,44.5
07-02-2012,43.95
06-02-2012,44.28
03-02-2012,43.65
02-02-2012,43.24
01-02-2012,43.08
31-01-2012,42.29
30-01-2012,41.84
27-01-2012,42.65
25-01-2012,42.38
24-01-2012,42.13
23-01-2012,41.94
20-01-2012,42.07
19-01-2012,42.15
18-01-2012,41.82
17-01-2012,41.88
16-01-2012,41.43
13-01-2012,41.71
12-01-2012,41.37
11-01-2012,41.1
10-01-2012,40.57
09-01-2012,39.83
06-01-2012,39.36
05-01-2012,39.37
04-01-2012,39.4
03-01-2012,39.46
02-01-2012,38.85
30-12-2011,39.14
29-12-2011,39.03
28-12-2011,39.03
27-12-2011,39.26
26-12-2011,39.57
23-12-2011,39.19
22-12-2011,38.89
21-12-2011,38.46
20-12-2011,37.7
19-12-2011,38.51
16-12-2011,39.62
15-12-2011,40.13
14-12-2011,40.79
13-12-2011,40.91
12-12-2011,41.41
09-12-2011,42.05
08-12-2011,42.26
07-12-2011,42.8
05-12-2011,42.66
02-12-2011,42.65
01-12-2011,42.14
30-11-2011,41.67
29-11-2011,41.7
28-11-2011,41.93
25-11-2011,41.42
24-11-2011,41
23-11-2011,40.81
22-11-2011,41.65
21-11-2011,41.84
18-11-2011,42.54
17-11-2011,42.96
16-11-2011,43.25
15-11-2011,43.42
14-11-2011,44.26
11-11-2011,44.89
09-11-2011,44.98
08-11-2011,45.4
04-11-2011,44.85
03-11-2011,44.69
02-11-2011,44.53
01-11-2011,44.25
31-10-2011,44.36
28-10-2011,43.99
25-10-2011,43.33
24-10-2011,43.36
21-10-2011,43.35
20-10-2011,43.61
19-10-2011,43.77
18-10-2011,43.32
17-10-2011,43.67
14-10-2011,43.51
13-10-2011,43.39
12-10-2011,43.25
11-10-2011,42.69
10-10-2011,42.43
07-10-2011,42.12
05-10-2011,41.59
04-10-2011,41.86
03-10-2011,42.6
30-09-2011,43.07
29-09-2011,43.23
28-09-2011,43.12
27-09-2011,43.53
26-09-2011,43
23-09-2011,43.76
22-09-2011,44.15
21-09-2011,45.15
20-09-2011,44.86
19-09-2011,44.22
16-09-2011,44.23
15-09-2011,43.97
14-09-2011,43.87
13-09-2011,43.76
12-09-2011,43.71
09-09-2011,44.45
08-09-2011,44.87
07-09-2011,44.94
06-09-2011,44.56
05-09-2011,43.92
02-09-2011,43.48
30-08-2011,42.96
29-08-2011,42.21
26-08-2011,41.42
25-08-2011,42.11
24-08-2011,42.54
23-08-2011,42.94
22-08-2011,42.69
18-08-2011,43.01
17-08-2011,43.75
16-08-2011,44.13
12-08-2011,44.47
11-08-2011,44.81
10-08-2011,44.28
09-08-2011,42.65
08-08-2011,43
05-08-2011,43.4
04-08-2011,44.72
03-08-2011,45.1
02-08-2011,45.2
01-08-2011,45.59
29-07-2011,45.44
28-07-2011,46.4
27-07-2011,46.58
26-07-2011,46.49
25-07-2011,46.74
22-07-2011,46.34
21-07-2011,45.67
20-07-2011,45.63
19-07-2011,45.56
18-07-2011,44.98
15-07-2011,44.42
14-07-2011,44.11
13-07-2011,43.93
12-07-2011,43.78
11-07-2011,43.97
08-07-2011,43.88
07-07-2011,44.17
06-07-2011,43.64
05-07-2011,43.68
04-07-2011,43.7
30-06-2011,43.15
29-06-2011,42.89
28-06-2011,42.34
27-06-2011,42.19
24-06-2011,42.02
23-06-2011,41.46
22-06-2011,41.44
21-06-2011,41.48
20-06-2011,41.47
17-06-2011,42.47
16-06-2011,42.96
15-06-2011,42.88
14-06-2011,42.72
13-06-2011,42.48
10-06-2011,41.82
09-06-2011,41.68
08-06-2011,41.87
07-06-2011,41.3
06-06-2011,40.94
03-06-2011,40.78
02-06-2011,40.59
01-06-2011,41.09
31-05-2011,41.04
30-05-2011,40.71
27-05-2011,40.22
26-05-2011,39.9
25-05-2011,39.84
24-05-2011,39.72
23-05-2011,39.56
20-05-2011,39.84
19-05-2011,39.74
18-05-2011,39.91
16-05-2011,39.95
13-05-2011,40.28
12-05-2011,40.17
11-05-2011,40.61
10-05-2011,40.3
09-05-2011,40.51
06-05-2011,40.44
05-05-2011,40.22
04-05-2011,40.66
03-05-2011,40.58
02-05-2011,41.27
29-04-2011,41.66
28-04-2011,41.75
27-04-2011,42.06
26-04-2011,41.92
25-04-2011,41.81
21-04-2011,41.62
20-04-2011,41.37
19-04-2011,40.86
18-04-2011,40.86
15-04-2011,41.37
13-04-2011,41.56
11-04-2011,40.83
08-04-2011,41.35
07-04-2011,41.52
06-04-2011,41.08
05-04-2011,41.13
31-03-2011,39.63
30-03-2011,39.05
29-03-2011,38.78
28-03-2011,38.42
25-03-2011,38.24
24-03-2011,38.16
23-03-2011,37.61
22-03-2011,37.45
21-03-2011,37.3
18-03-2011,37.47
17-03-2011,37.6
16-03-2011,37.7
15-03-2011,37.43
14-03-2011,37.82
11-03-2011,37.69
10-03-2011,37.94
09-03-2011,37.83
08-03-2011,37.62
07-03-2011,37.21
04-03-2011,37.76
03-03-2011,37.82
01-03-2011,37.68
28-02-2011,37.21
25-02-2011,37.04
24-02-2011,37.19
23-02-2011,37.98
22-02-2011,37.96
21-02-2011,38.13
18-02-2011,37.71
17-02-2011,38.05
15-02-2011,37.31
14-02-2011,37.42
11-02-2011,36.11
10-02-2011,35.04
09-02-2011,35.35
08-02-2011,36.06
07-02-2011,36.62
04-02-2011,36.81
03-02-2011,37.46
02-02-2011,37.28
01-02-2011,37.1
31-01-2011,37.51
28-01-2011,38.19
27-01-2011,39.36
25-01-2011,39.8
24-01-2011,40.02
21-01-2011,39.79
20-01-2011,39.93
19-01-2011,39.8
18-01-2011,39.64
17-01-2011,39.48
14-01-2011,40
13-01-2011,40.59
12-01-2011,40.84
11-01-2011,40.21
10-01-2011,40.56
07-01-2011,41.33
06-01-2011,42.15
05-01-2011,42.82
04-01-2011,43.43
03-01-2011,43.54
31-12-2010,43.77
30-12-2010,43.09
29-12-2010,42.35
28-12-2010,42.15
27-12-2010,41.85
24-12-2010,41.5
23-12-2010,41.08
22-12-2010,40.87
21-12-2010,40.58
20-12-2010,40.17
16-12-2010,39.98
15-12-2010,39.98
14-12-2010,40.57
13-12-2010,40.24
10-12-2010,39.89
09-12-2010,39.17
08-12-2010,40.86
07-12-2010,41.64
06-12-2010,42.19
03-12-2010,42.31
02-12-2010,42.76
01-12-2010,42.24
30-11-2010,41.31
29-11-2010,40.88
26-11-2010,41.08
25-11-2010,41.87
24-11-2010,42.72
23-11-2010,42.99
22-11-2010,43.27
19-11-2010,42.48
18-11-2010,43.4
16-11-2010,43.65
15-11-2010,44.37
12-11-2010,45.01
11-11-2010,45.27
10-11-2010,45.33
09-11-2010,45.26
08-11-2010,45.32
04-11-2010,44.78
03-11-2010,44.28
02-11-2010,44.07
01-11-2010,43.92
29-10-2010,43.45
28-10-2010,43.91
27-10-2010,44.17
26-10-2010,44.3
25-10-2010,44.46
22-10-2010,43.73
21-10-2010,43.64
20-10-2010,43.15
19-10-2010,43.14
18-10-2010,43.36
15-10-2010,43.76
14-10-2010,44.05
13-10-2010,44.3
12-10-2010,44.05
11-10-2010,44.16
08-10-2010,43.97
07-10-2010,44.14
06-10-2010,44.63
05-10-2010,44.36
04-10-2010,44.21
01-10-2010,43.73
30-09-2010,43.37
29-09-2010,43.46
28-09-2010,43.34
27-09-2010,43.33
24-09-2010,43.23
23-09-2010,42.73
22-09-2010,42.97
21-09-2010,43.15
20-09-2010,43.46
17-09-2010,43.33
16-09-2010,42.91
15-09-2010,43.37
14-09-2010,43.47
13-09-2010,43.81
09-09-2010,43.66
08-09-2010,43.66
07-09-2010,43.47
06-09-2010,43.44
03-09-2010,42.88
02-09-2010,42.42
01-09-2010,41.69
31-08-2010,40.84
30-08-2010,41.08
27-08-2010,41.27
26-08-2010,41.63
25-08-2010,41.42
24-08-2010,41.83
23-08-2010,41.95
20-08-2010,41.87
18-08-2010,41.27
17-08-2010,41.05
16-08-2010,40.85
13-08-2010,41.22
12-08-2010,41.16
11-08-2010,40.83
10-08-2010,41.06
09-08-2010,41.21
06-08-2010,40.4
05-08-2010,40.33
04-08-2010,40.5
03-08-2010,40.49
02-08-2010,40.37
30-07-2010,39.28
29-07-2010,38.72
28-07-2010,38.6
27-07-2010,38.45
26-07-2010,38.23
23-07-2010,38.64
22-07-2010,38.62
21-07-2010,38.48
20-07-2010,37.96
19-07-2010,38.16
16-07-2010,38.12
15-07-2010,37.88
14-07-2010,37.87
13-07-2010,38.02
12-07-2010,37.72
09-07-2010,37.42
08-07-2010,37.15
07-07-2010,36.82
06-07-2010,36.81
05-07-2010,36.63
02-07-2010,36.41
30-06-2010,36.25
29-06-2010,36.35
28-06-2010,36.65
25-06-2010,36.32
24-06-2010,36.38
23-06-2010,36.5
22-06-2010,36.3
21-06-2010,36.29
18-06-2010,35.96
17-06-2010,36.4
16-06-2010,36.13
15-06-2010,35.85
14-06-2010,35.54
11-06-2010,35.28
10-06-2010,35.15
09-06-2010,34.83
08-06-2010,34.71
07-06-2010,34.82
04-06-2010,35.32
03-06-2010,35.33
02-06-2010,35
01-06-2010,34.67
31-05-2010,35.01
28-05-2010,34.62
26-05-2010,34.14
25-05-2010,33.85
24-05-2010,34.47
21-05-2010,34.35
20-05-2010,34.6
19-05-2010,34.79
18-05-2010,35.51
17-05-2010,35.23
14-05-2010,35.53
13-05-2010,35.91
12-05-2010,35.75
11-05-2010,35.82
10-05-2010,36.07
07-05-2010,35.29
06-05-2010,36.02
05-05-2010,36.49
04-05-2010,36.59
03-05-2010,37.12
30-04-2010,37.27
29-04-2010,37.25
28-04-2010,36.84
27-04-2010,37.55
26-04-2010,37.86
23-04-2010,37.48
22-04-2010,37.42
21-04-2010,37.24
20-04-2010,36.87
19-04-2010,36.45
16-04-2010,36.83
15-04-2010,36.87
13-04-2010,36.7
12-04-2010,36.8
09-04-2010,36.58
08-04-2010,36.31
07-04-2010,36.57
06-04-2010,36.3
05-04-2010,36.19
31-03-2010,34.87
30-03-2010,34.78
29-03-2010,34.6
26-03-2010,34.81
25-03-2010,34.93
23-03-2010,34.87
22-03-2010,34.7
19-03-2010,34.91
18-03-2010,34.61
17-03-2010,34.54
15-03-2010,34.07
12-03-2010,34.32
11-03-2010,34.35
10-03-2010,34.34
09-03-2010,34.43
08-03-2010,34.43
05-03-2010,34.1
04-03-2010,33.84
03-03-2010,33.42
02-03-2010,33.03
26-02-2010,32.35
25-02-2010,32.19
24-02-2010,32.28
23-02-2010,32.56
22-02-2010,32.64
19-02-2010,32.55
18-02-2010,32.89
17-02-2010,33.09
16-02-2010,32.74
15-02-2010,32.71
11-02-2010,32.89
10-02-2010,32.73
09-02-2010,32.78
08-02-2010,32.56
05-02-2010,31.88
04-02-2010,32.56
03-02-2010,33.02
02-02-2010,32.54
01-02-2010,32.73
29-01-2010,32.53
28-01-2010,32.33
27-01-2010,32.24
25-01-2010,33.41
22-01-2010,33.7
21-01-2010,34
20-01-2010,34.62
19-01-2010,34.6
18-01-2010,34.65
15-01-2010,34.38
14-01-2010,34.29
13-01-2010,34.15
12-01-2010,33.87
11-01-2010,33.97
08-01-2010,33.7
07-01-2010,33.58
06-01-2010,33.65
05-01-2010,33.53
04-01-2010,33.34
31-12-2009,32.89
30-12-2009,32.65
29-12-2009,32.2
24-12-2009,31.93
23-12-2009,31.9
22-12-2009,31.22
21-12-2009,31.01
18-12-2009,31.16
17-12-2009,31.29
16-12-2009,30.95
15-12-2009,30.85
14-12-2009,31.25
11-12-2009,31.46
10-12-2009,31.49
09-12-2009,31.45
08-12-2009,31.33
07-12-2009,30.87
04-12-2009,31.17
03-12-2009,31.06
02-12-2009,31
01-12-2009,30.91
30-11-2009,30.37
27-11-2009,29.84
26-11-2009,30.15
25-11-2009,30.5
24-11-2009,30.56
23-11-2009,30.34
20-11-2009,30.23
19-11-2009,30.03
18-11-2009,30.47
17-11-2009,30.39
16-11-2009,30.23
13-11-2009,29.97
12-11-2009,29.82
11-11-2009,30.11
10-11-2009,29.75
09-11-2009,29.69
06-11-2009,29.2
05-11-2009,28.46
04-11-2009,28.12
03-11-2009,27.64
30-10-2009,28.28
29-10-2009,28.43
28-10-2009,28.98
27-10-2009,29
26-10-2009,29.8
23-10-2009,30.06
22-10-2009,29.78
21-10-2009,30.28
20-10-2009,30.62
16-10-2009,30.39
15-10-2009,30.27
14-10-2009,30.03
12-10-2009,29.62
09-10-2009,29.26
08-10-2009,29.27
07-10-2009,29.06
06-10-2009,28.72
05-10-2009,28.8
01-10-2009,29.19
30-09-2009,28.98
29-09-2009,28.78
25-09-2009,28.77
24-09-2009,28.72
23-09-2009,28.45
22-09-2009,28.71
18-09-2009,28.55
17-09-2009,28.38
16-09-2009,28.21
15-09-2009,28.24
14-09-2009,27.85
11-09-2009,27.94
10-09-2009,27.85
09-09-2009,28.08
08-09-2009,28.24
07-09-2009,28.25
04-09-2009,27.64
03-09-2009,27.53
02-09-2009,27.37
01-09-2009,27.45
31-08-2009,27.77
28-08-2009,27.78
27-08-2009,27.52
26-08-2009,27.19
25-08-2009,26.86
24-08-2009,26.78
21-08-2009,26.21
20-08-2009,25.76
18-08-2009,25.71
17-08-2009,25.24
14-08-2009,26
13-08-2009,26.23
12-08-2009,25.36
11-08-2009,25.23
10-08-2009,25.1
07-08-2009,25.66
06-08-2009,26.16
05-08-2009,26.71
04-08-2009,26.48
03-08-2009,26.45
31-07-2009,26.08
30-07-2009,25.86
29-07-2009,25.72
28-07-2009,26.02
27-07-2009,25.78
24-07-2009,25.75
23-07-2009,25.43
22-07-2009,24.98
21-07-2009,25.36
20-07-2009,25.25
17-07-2009,24.95
16-07-2009,24.44
15-07-2009,24.44
14-07-2009,23.73
13-07-2009,23.12
10-07-2009,23.41
09-07-2009,23.86
08-07-2009,23.9
07-07-2009,24.39
06-07-2009,24.07
03-07-2009,25.3
02-07-2009,25.05
30-06-2009,24.71
29-06-2009,25.25
26-06-2009,25
25-06-2009,24.61
24-06-2009,24.64
23-06-2009,24.34
22-06-2009,24.41
19-06-2009,24.5
18-06-2009,24.16
17-06-2009,24.88
16-06-2009,25.57
15-06-2009,25.17
12-06-2009,25.74
11-06-2009,26.09
10-06-2009,26.03
09-06-2009,25.64
08-06-2009,25.28
05-06-2009,26.37
04-06-2009,26.36
03-06-2009,25.83
02-06-2009,25.7
01-06-2009,25.71
29-05-2009,24.98
28-05-2009,24.44
27-05-2009,24.54
26-05-2009,23.89
25-05-2009,24.38
22-05-2009,23.98
21-05-2009,23.75
20-05-2009,23.59
19-05-2009,21.93
18-05-2009,21.02
15-05-2009,18.58
14-05-2009,18.44
13-05-2009,18.31
12-05-2009,18.24
11-05-2009,18
08-05-2009,18.45
07-05-2009,18.22
06-05-2009,17.67
05-05-2009,17.96
04-05-2009,17.75
29-04-2009,16.98
28-04-2009,16.57
27-04-2009,17.18
24-04-2009,17.14
23-04-2009,16.66
22-04-2009,16.46
21-04-2009,16.63
20-04-2009,16.77
17-04-2009,16.48
16-04-2009,16.33
15-04-2009,17.2
13-04-2009,16.51
09-04-2009,16.1
08-04-2009,15.87
06-04-2009,15.28
02-04-2009,14.87
01-04-2009,14.2
31-03-2009,13.8
30-03-2009,13.46
27-03-2009,13.94
26-03-2009,13.71
25-03-2009,13.29
24-03-2009,13.13
23-03-2009,13.2
20-03-2009,12.81
19-03-2009,12.85
18-03-2009,12.72
17-03-2009,12.46
16-03-2009,12.39
13-03-2009,12.06
12-03-2009,11.57
09-03-2009,11.5
06-03-2009,11.73
05-03-2009,11.85
04-03-2009,12.06
03-03-2009,12.15
02-03-2009,12.35
27-02-2009,12.72
26-02-2009,12.83
25-02-2009,12.78
24-02-2009,12.74
20-02-2009,13
19-02-2009,13.36
18-02-2009,13.48
17-02-2009,13.53
16-02-2009,13.85
13-02-2009,14.36
12-02-2009,14.19
11-02-2009,14.15
10-02-2009,14.13
09-02-2009,13.93
06-02-2009,13.62
05-02-2009,13.5
04-02-2009,13.56
03-02-2009,13.67
02-02-2009,13.76
30-01-2009,14.03
29-01-2009,13.92
28-01-2009,14.02
27-01-2009,13.83
23-01-2009,13.69
22-01-2009,14.12
21-01-2009,14.35
20-01-2009,14.57
19-01-2009,14.79
16-01-2009,14.74
15-01-2009,14.73
14-01-2009,15.17
13-01-2009,14.94
12-01-2009,15.12
09-01-2009,15.25
07-01-2009,15.7
06-01-2009,16.89
05-01-2009,16.8
02-01-2009,16.48
01-01-2009,16.18
31-12-2008,15.74
30-12-2008,15.71
29-12-2008,15.39
26-12-2008,15.16
24-12-2008,15.35
23-12-2008,15.42
22-12-2008,15.73
19-12-2008,15.79
18-12-2008,15.51
17-12-2008,15.21
16-12-2008,15.8
15-12-2008,15.45
12-12-2008,14.98
11-12-2008,14.78
10-12-2008,14.29
08-12-2008,13.84
05-12-2008,13.8
04-12-2008,14.02
03-12-2008,13.55
02-12-2008,13.33
01-12-2008,13.46
28-11-2008,13.51
26-11-2008,13.54
25-11-2008,13.58
24-11-2008,13.76
21-11-2008,13.73
20-11-2008,13.71
19-11-2008,14.13
18-11-2008,14.5
17-11-2008,15.01
14-11-2008,15.65
12-11-2008,16.08
11-11-2008,16.54
10-11-2008,17.34
07-11-2008,16.36
06-11-2008,16.17
05-11-2008,16.41
04-11-2008,16.67
03-11-2008,15.98
31-10-2008,14.95
29-10-2008,14.51
27-10-2008,14
24-10-2008,14.74
23-10-2008,16
22-10-2008,16.76
21-10-2008,17.24
20-10-2008,16.77
17-10-2008,16.66
16-10-2008,17.22
15-10-2008,17.52
14-10-2008,18.63
13-10-2008,18.14
10-10-2008,17.39
08-10-2008,18.86
07-10-2008,19.7
06-10-2008,20.36
03-10-2008,22.05
01-10-2008,22.66
30-09-2008,22.39
29-09-2008,22.18
26-09-2008,23.39
25-09-2008,24.12
24-09-2008,24.35
23-09-2008,24.15
22-09-2008,24.73
19-09-2008,24.87
18-09-2008,24.18
17-09-2008,24.35
16-09-2008,24.66
15-09-2008,24.89
12-09-2008,25.78
11-09-2008,26.27
10-09-2008,26.67
09-09-2008,27.06
08-09-2008,27.24
05-09-2008,26.83
04-09-2008,27.5
02-09-2008,27.63
01-09-2008,27.08
29-08-2008,27.19
28-08-2008,26.57
27-08-2008,26.84
26-08-2008,27.08
25-08-2008,27.14
22-08-2008,26.94
21-08-2008,27.03
20-08-2008,27.49
19-08-2008,27.35
18-08-2008,27.69
14-08-2008,28.02
13-08-2008,28.82
12-08-2008,28.95
11-08-2008,29.1
08-08-2008,28.4
07-08-2008,28.06
06-08-2008,28.02
05-08-2008,27.79
04-08-2008,27.28
01-08-2008,27.08
31-07-2008,26.65
30-07-2008,26.49
29-07-2008,25.97
28-07-2008,26.72
25-07-2008,26.46
24-07-2008,26.89
23-07-2008,26.99
22-07-2008,25.4
21-07-2008,24.9
18-07-2008,24.96
17-07-2008,24.88
16-07-2008,24.41
15-07-2008,24.87
14-07-2008,25.78
11-07-2008,26
10-07-2008,26.67
09-07-2008,26.75
08-07-2008,25.92
07-07-2008,25.97
04-07-2008,25.53
03-07-2008,24.81
02-07-2008,25.67
01-07-2008,24.98
30-06-2008,25.61
27-06-2008,26.54
26-06-2008,27.46
25-06-2008,27.4
24-06-2008,27.38
23-06-2008,27.75
20-06-2008,29.12
19-06-2008,30.12
18-06-2008,30.81
17-06-2008,31
16-06-2008,30.68
13-06-2008,30.45
12-06-2008,30.61
11-06-2008,30.43
10-06-2008,29.99
09-06-2008,30.53
06-06-2008,31.45
05-06-2008,31.58
04-06-2008,31.59
03-06-2008,32.18
02-06-2008,32.65
30-05-2008,33.05
29-05-2008,33.16
28-05-2008,33.46
27-05-2008,33.18
26-05-2008,33.3
23-05-2008,34.19
22-05-2008,34.58
21-05-2008,35.17
20-05-2008,35.1
16-05-2008,35.01
15-05-2008,34.59
14-05-2008,33.99
13-05-2008,34.14
12-05-2008,34.06
09-05-2008,34.51
08-05-2008,35.24
07-05-2008,35.68
06-05-2008,35.89
05-05-2008,36.54
02-05-2008,36.26
30-04-2008,35.85
29-04-2008,35.88
28-04-2008,35.64
25-04-2008,35.18
24-04-2008,35.26
23-04-2008,35.64
22-04-2008,35.56
21-04-2008,34.85
17-04-2008,34.03
16-04-2008,33.74
15-04-2008,33.49
11-04-2008,33.24
10-04-2008,33.04
09-04-2008,33.08
08-04-2008,32.7
07-04-2008,32.73
04-04-2008,32.4
03-04-2008,32.85
02-04-2008,32.99
01-04-2008,32.53
31-03-2008,32.89
28-03-2008,33.57
27-03-2008,32.49
26-03-2008,32.07
25-03-2008,31.68
24-03-2008,30.18
19-03-2008,30.76
18-03-2008,31.25
17-03-2008,31.79
14-03-2008,33.78
13-03-2008,33.32
12-03-2008,35.32
11-03-2008,35.79
10-03-2008,34.87
07-03-2008,34.74
05-03-2008,36.24
04-03-2008,36.54
03-03-2008,37.45
29-02-2008,39.08
28-02-2008,39.54
27-02-2008,39.52
26-02-2008,39.21
25-02-2008,38.58
22-02-2008,38.23
21-02-2008,38.95
20-02-2008,38.85
19-02-2008,39.89
18-02-2008,39.58
15-02-2008,39.16
14-02-2008,38.4
13-02-2008,36.83
12-02-2008,37.13
11-02-2008,37.85
08-02-2008,39.53
07-02-2008,40.39
06-02-2008,41.61
05-02-2008,42.47
04-02-2008,42.44
01-02-2008,41.4
31-01-2008,42.51
30-01-2008,42.86
29-01-2008,44.3
28-01-2008,44.33
25-01-2008,44.42
24-01-2008,41.81
23-01-2008,42.94
22-01-2008,40.16
21-01-2008,42.95
18-01-2008,46.97
17-01-2008,49.22
16-01-2008,49.19
15-01-2008,50.5
14-01-2008,50.95
11-01-2008,50.35
10-01-2008,49.96
09-01-2008,50.94
08-01-2008,50.83
07-01-2008,52.28
04-01-2008,53.14
03-01-2008,52.19
02-01-2008,51.7
01-01-2008,50.26
31-12-2007,50.03
28-12-2007,49.29
27-12-2007,48.6
26-12-2007,48.73
24-12-2007,47.6
20-12-2007,46.85
19-12-2007,46.24
18-12-2007,46.65
17-12-2007,46.95
14-12-2007,48.91
13-12-2007,48.5
12-12-2007,48.06
11-12-2007,47.88
10-12-2007,47.76
07-12-2007,47.96
06-12-2007,48.2
05-12-2007,47.97
04-12-2007,47.5
03-12-2007,46.6
30-11-2007,45.98
29-11-2007,45.14
28-11-2007,44.91
27-11-2007,44.91
26-11-2007,45.45
23-11-2007,44.51
22-11-2007,43.99
21-11-2007,44.31
20-11-2007,46.02
19-11-2007,46.76
16-11-2007,45.16
15-11-2007,44.71
14-11-2007,44.36
13-11-2007,43.53
12-11-2007,42.59
09-11-2007,43.15
08-11-2007,42.92
07-11-2007,43.03
06-11-2007,43.47
05-11-2007,42.87
02-11-2007,42.57
01-11-2007,42.41
31-10-2007,42.62
30-10-2007,42.25
29-10-2007,42.63
26-10-2007,41.56
25-10-2007,40.06
24-10-2007,39.59
23-10-2007,39.47
22-10-2007,37.63
19-10-2007,37.64
18-10-2007,38.81
17-10-2007,40.02
16-10-2007,40.73
15-10-2007,40.31
12-10-2007,39.49
11-10-2007,39.72
10-10-2007,39.12
09-10-2007,38.31
08-10-2007,37.69
05-10-2007,38.71
04-10-2007,38.8
03-10-2007,39.21
01-10-2007,38.8
28-09-2007,37.79
27-09-2007,37.26
26-09-2007,37.31
25-09-2007,37.26
24-09-2007,36.96
21-09-2007,36.51
20-09-2007,36.05
19-09-2007,35.94
18-09-2007,35.42
17-09-2007,35.19
14-09-2007,34.94
13-09-2007,35.16
12-09-2007,34.83
11-09-2007,34.86
10-09-2007,34.72
07-09-2007,34.58
06-09-2007,34.4
05-09-2007,34.25
04-09-2007,34.43
03-09-2007,34.27
31-08-2007,33.94
30-08-2007,33.44
29-08-2007,33.27
28-08-2007,33.4
27-08-2007,33
24-08-2007,32.02
23-08-2007,31.66
22-08-2007,32.04
21-08-2007,31.82
20-08-2007,33.05
17-08-2007,32.47
16-08-2007,32.96
14-08-2007,34.04
13-08-2007,34
10-08-2007,33.84
09-08-2007,33.96
08-08-2007,34.61
07-08-2007,34.27
06-08-2007,34.11
03-08-2007,34.09
02-08-2007,33.67
01-08-2007,33.45
31-07-2007,34.41
30-07-2007,33.73
27-07-2007,33.83
26-07-2007,34.57
25-07-2007,34.17
24-07-2007,34.6
23-07-2007,34.78
20-07-2007,34.52
19-07-2007,34.82
18-07-2007,34.58
17-07-2007,34.62
16-07-2007,34.9
13-07-2007,35.04
12-07-2007,35.01
11-07-2007,34.83
10-07-2007,34.64
09-07-2007,34.75
06-07-2007,34.46
05-07-2007,34.06
04-07-2007,34.25
03-07-2007,34.3
02-07-2007,34.02
29-06-2007,33.67
28-06-2007,33.43
27-06-2007,33.36
26-06-2007,33.39
25-06-2007,33.2
22-06-2007,33.26
21-06-2007,33.17
20-06-2007,33.06
19-06-2007,32.45
18-06-2007,31.99
15-06-2007,32.08
14-06-2007,31.78
13-06-2007,31.07
12-06-2007,30.96
11-06-2007,31.06
08-06-2007,31.18
07-06-2007,31.4
06-06-2007,31.74
05-06-2007,32.15
04-06-2007,32.12
01-06-2007,32.07
31-05-2007,31.83
30-05-2007,31.56
29-05-2007,32.02
28-05-2007,31.46
25-05-2007,30.97
24-05-2007,30.58
23-05-2007,30.58
22-05-2007,31.03
21-05-2007,31.16
18-05-2007,30.84
17-05-2007,30.6
16-05-2007,30.19
15-05-2007,29.79
14-05-2007,29.41
11-05-2007,28.91
10-05-2007,28.84
09-05-2007,28.91
08-05-2007,29.07
07-05-2007,29.27
04-05-2007,29.44
03-05-2007,29.46
30-04-2007,29.2
27-04-2007,28.94
26-04-2007,29.22
25-04-2007,29.57
24-04-2007,29.31
23-04-2007,29.27
20-04-2007,29.37
19-04-2007,29.16
18-04-2007,29.19
17-04-2007,29.25
16-04-2007,29.33
13-04-2007,28.67
12-04-2007,28.48
11-04-2007,28.45
10-04-2007,28.23
09-04-2007,27.62
05-04-2007,27.21
04-04-2007,27.14
03-04-2007,26.89
02-04-2007,26.82
30-03-2007,27.74
29-03-2007,27.33
28-03-2007,27.23
26-03-2007,27.76
23-03-2007,27.88
22-03-2007,27.65
21-03-2007,27.4
20-03-2007,27.23
19-03-2007,26.98
16-03-2007,26.72
15-03-2007,27.06
14-03-2007,26.94
13-03-2007,27.53
12-03-2007,27.28
09-03-2007,27.23
08-03-2007,27.5
07-03-2007,26.71
06-03-2007,27.09
05-03-2007,26.97
02-03-2007,28.32
01-03-2007,28.52
28-02-2007,28.35
27-02-2007,29.36
26-02-2007,29.31
23-02-2007,29.23
22-02-2007,30.12
21-02-2007,30.38
20-02-2007,30.25
19-02-2007,30.71
15-02-2007,30.51
14-02-2007,29.61
13-02-2007,29.73
12-02-2007,29.73
09-02-2007,31.04
08-02-2007,31.69
07-02-2007,31.77
06-02-2007,31.76
05-02-2007,31.93
02-02-2007,31.6
01-02-2007,31.37
31-01-2007,31.16
29-01-2007,31.67
25-01-2007,31.51
24-01-2007,31.36
23-01-2007,31.16
22-01-2007,31.57
19-01-2007,31.56
18-01-2007,31.67
17-01-2007,31.7
16-01-2007,31.64
15-01-2007,31.59
12-01-2007,31.2
11-01-2007,30.58
10-01-2007,30.34
09-01-2007,30.58
08-01-2007,30.73
05-01-2007,30.93
04-01-2007,31.04
03-01-2007,30.99
02-01-2007,30.86
29-12-2006,30.42
28-12-2006,30.19
27-12-2006,30.11
26-12-2006,30.11
22-12-2006,29.57
21-12-2006,29.38
20-12-2006,29.01
19-12-2006,29
18-12-2006,29.48
15-12-2006,29.61
14-12-2006,29.32
13-12-2006,28.39
12-12-2006,27.74
11-12-2006,28.89
08-12-2006,29.55
07-12-2006,29.86
06-12-2006,29.73
05-12-2006,29.97
04-12-2006,30.03
01-12-2006,29.79
30-11-2006,29.45
29-11-2006,29.52
28-11-2006,29.2
27-11-2006,29.34
24-11-2006,29.25
23-11-2006,29.02
22-11-2006,28.8
21-11-2006,28.59
20-11-2006,27.91
17-11-2006,28.2
16-11-2006,28.9
15-11-2006,28.87
14-11-2006,29.01
13-11-2006,29.41
10-11-2006,29.18
09-11-2006,28.83
08-11-2006,28.68
07-11-2006,29
06-11-2006,28.39
03-11-2006,28.1
02-11-2006,27.92
01-11-2006,27.74
31-10-2006,27.65
30-10-2006,27.85
27-10-2006,27.33
26-10-2006,27.11
23-10-2006,26.81
20-10-2006,26.76
19-10-2006,26.67
18-10-2006,26.73
17-10-2006,26.74
16-10-2006,26.87
13-10-2006,26.89
12-10-2006,26.74
11-10-2006,26.63
10-10-2006,26.87
09-10-2006,27.03
06-10-2006,26.72
05-10-2006,26.47
04-10-2006,26.02
03-10-2006,26.18
29-09-2006,26
28-09-2006,25.71
27-09-2006,25.67
26-09-2006,25.36
25-09-2006,25.23
22-09-2006,25.29
21-09-2006,25.36
20-09-2006,25.24
19-09-2006,25.33
18-09-2006,25.71
15-09-2006,25.56
14-09-2006,25.6
13-09-2006,25.38
12-09-2006,25.04
11-09-2006,24.96
08-09-2006,25.71
07-09-2006,25.41
06-09-2006,25.5
05-09-2006,25
04-09-2006,24.74
01-09-2006,24.21
31-08-2006,24.16
30-08-2006,24.45
29-08-2006,24.61
28-08-2006,24.61
25-08-2006,24.46
24-08-2006,24.29
23-08-2006,24.18
22-08-2006,24.44
21-08-2006,24.23
18-08-2006,24.19
17-08-2006,24.24
16-08-2006,24.49
14-08-2006,24.13
11-08-2006,23.84
10-08-2006,23.38
09-08-2006,23.03
08-08-2006,22.75
07-08-2006,22.3
04-08-2006,22.24
03-08-2006,22.28
02-08-2006,22.06
01-08-2006,21.74
31-07-2006,21.81
28-07-2006,21.49
27-07-2006,21.49
26-07-2006,21.2
25-07-2006,20.7
24-07-2006,20.35
21-07-2006,20.45
20-07-2006,20.94
19-07-2006,20.8
18-07-2006,21.5
17-07-2006,21.94
14-07-2006,22.4
13-07-2006,22.65
12-07-2006,22.74
11-07-2006,22.57
10-07-2006,22.62
07-07-2006,22.59
06-07-2006,22.97
05-07-2006,22.97
04-07-2006,22.8
03-07-2006,22.79
30-06-2006,22.7
29-06-2006,21.9
28-06-2006,21.74
27-06-2006,22.02
26-06-2006,22.21
23-06-2006,23.07
22-06-2006,23.18
21-06-2006,22.6
20-06-2006,21.91
19-06-2006,21.67
16-06-2006,21.44
15-06-2006,20.65
14-06-2006,19.56
13-06-2006,19.82
12-06-2006,21.45
09-06-2006,21.52
08-06-2006,20.01
07-06-2006,22.21
06-06-2006,23.93
05-06-2006,24.75
02-06-2006,25.03
01-06-2006,25.12
31-05-2006,25.86
30-05-2006,26.54
29-05-2006,26.71
26-05-2006,26.18
25-05-2006,25.64
24-05-2006,25.74
23-05-2006,26.03
22-05-2006,25.19
19-05-2006,27.23
18-05-2006,28.4
17-05-2006,30.59
16-05-2006,29.43
15-05-2006,29.73
12-05-2006,30.55
11-05-2006,30.83
10-05-2006,30.99
09-05-2006,30.62
08-05-2006,30.57
05-05-2006,30.27
04-05-2006,30.14
03-05-2006,29.9
02-05-2006,29.82
28-04-2006,29.14
27-04-2006,29.22
26-04-2006,29.08
25-04-2006,28.53
24-04-2006,28.86
21-04-2006,28.74
20-04-2006,28.51
19-04-2006,28.29
18-04-2006,28.36
17-04-2006,27.97
13-04-2006,27.85
12-04-2006,28.41
10-04-2006,29.12
07-04-2006,28.89
05-04-2006,29.05
04-04-2006,28.46
03-04-2006,28.28
31-03-2006,27.61
29-03-2006,27.15
28-03-2006,26.93
27-03-2006,27.28
24-03-2006,27.11
23-03-2006,26.9
22-03-2006,26.94
21-03-2006,27.08
20-03-2006,27.26
17-03-2006,27
16-03-2006,27.19
14-03-2006,27.02
13-03-2006,27.17
10-03-2006,27.11
09-03-2006,26.36
08-03-2006,26.32
07-03-2006,26.74
06-03-2006,26.47
03-03-2006,26.14
02-03-2006,25.89
01-03-2006,25.71
28-02-2006,25.35
27-02-2006,25.27
24-02-2006,24.89
23-02-2006,24.76
22-02-2006,24.94
21-02-2006,25.07
20-02-2006,24.83
17-02-2006,25.12
16-02-2006,25.42
15-02-2006,25.36
14-02-2006,25.29
13-02-2006,25.38
10-02-2006,25.21
08-02-2006,24.85
07-02-2006,24.88
06-02-2006,24.73
03-02-2006,24.62
02-02-2006,24.49
01-02-2006,24.41
31-01-2006,24.75
30-01-2006,24.61
27-01-2006,24.96
25-01-2006,24.83
24-01-2006,24.81
23-01-2006,24.57
20-01-2006,24.38
19-01-2006,24.13
18-01-2006,23.65
17-01-2006,23.74
16-01-2006,24.07
13-01-2006,24.24
12-01-2006,24.16
10-01-2006,24.16
09-01-2006,24.5
06-01-2006,24.2
05-01-2006,24.19
04-01-2006,24.12
03-01-2006,23.88
02-01-2006,23.78
30-12-2005,23.5
29-12-2005,23.26
28-12-2005,23.12
27-12-2005,23.06
26-12-2005,22.65
23-12-2005,23.15
22-12-2005,23.39
21-12-2005,23.34
20-12-2005,23.31
19-12-2005,23.29
16-12-2005,23.03
15-12-2005,22.76
14-12-2005,22.93
13-12-2005,23.01
12-12-2005,23.11
09-12-2005,23.27
08-12-2005,22.98
07-12-2005,22.78
06-12-2005,22.56
05-12-2005,22.58
02-12-2005,22.73
01-12-2005,22.66
30-11-2005,22.39
29-11-2005,22.48
28-11-2005,22.61
25-11-2005,22.16
24-11-2005,22.03
23-11-2005,21.95
22-11-2005,21.74
21-11-2005,21.8
18-11-2005,22.03
17-11-2005,21.94
16-11-2005,21.76
14-11-2005,21.72
11-11-2005,21.69
10-11-2005,21.34
09-11-2005,21.23
08-11-2005,21.19
07-11-2005,21.11
02-11-2005,20.67
31-10-2005,20.6
28-10-2005,20.24
27-10-2005,20.6
26-10-2005,20.88
25-10-2005,20.84
24-10-2005,20.88
21-10-2005,21.03
20-10-2005,20.67
19-10-2005,20.8
18-10-2005,21.35
17-10-2005,21.43
14-10-2005,21.63
13-10-2005,22.19
11-10-2005,22.28
10-10-2005,22.32
07-10-2005,22.54
06-10-2005,22.63
05-10-2005,22.94
04-10-2005,23.23
03-10-2005,23.04
30-09-2005,22.62
29-09-2005,22.92
28-09-2005,23.12
27-09-2005,22.92
26-09-2005,22.52
23-09-2005,21.53
22-09-2005,21.43
21-09-2005,22.71
20-09-2005,23.18
19-09-2005,23.26
16-09-2005,23.22
15-09-2005,23.13
14-09-2005,22.9
13-09-2005,23.11
12-09-2005,22.8
09-09-2005,22.53
08-09-2005,22.82
06-09-2005,22.74
05-09-2005,22.85
02-09-2005,22.6
01-09-2005,22.65
31-08-2005,22.33
30-08-2005,22.08
29-08-2005,21.8
26-08-2005,21.95
25-08-2005,21.74
24-08-2005,21.51
23-08-2005,21.65
22-08-2005,22
19-08-2005,22.07
18-08-2005,22.03
17-08-2005,22.09
16-08-2005,21.73
12-08-2005,21.35
11-08-2005,21.05
10-08-2005,20.87
09-08-2005,20.39
08-08-2005,20.27
05-08-2005,20.49
04-08-2005,20.22
03-08-2005,19.93
02-08-2005,19.89
01-08-2005,19.52
29-07-2005,19.44
26-07-2005,19.38
25-07-2005,19.5
22-07-2005,19.37
21-07-2005,19.14
20-07-2005,19.11
19-07-2005,18.98
18-07-2005,18.87
15-07-2005,18.43
14-07-2005,18.27
13-07-2005,18.29
12-07-2005,18.18
11-07-2005,18.12
08-07-2005,17.78
07-07-2005,17.42
06-07-2005,17.66
05-07-2005,17.44
04-07-2005,17.53
01-07-2005,17.43
30-06-2005,17.02
29-06-2005,16.73
28-06-2005,16.43
27-06-2005,16.63
24-06-2005,16.78
23-06-2005,16.63
22-06-2005,16.56
21-06-2005,16.62
20-06-2005,16.44
17-06-2005,16.76
16-06-2005,17.09
15-06-2005,17.36
14-06-2005,17.26
13-06-2005,17.16
10-06-2005,17.09
09-06-2005,17.04
08-06-2005,16.99
07-06-2005,16.93
06-06-2005,16.93
03-06-2005,16.62
02-06-2005,16.52
01-06-2005,16.63
31-05-2005,16.56
30-05-2005,16.29
27-05-2005,16.45
26-05-2005,16.54
25-05-2005,16.56
24-05-2005,16.36
23-05-2005,16.45
20-05-2005,16.18
19-05-2005,16.22
18-05-2005,16.14
17-05-2005,16.14
16-05-2005,16.35
13-05-2005,16.23
12-05-2005,16.1
11-05-2005,16.08
10-05-2005,15.92
09-05-2005,15.97
06-05-2005,15.77
05-05-2005,15.64
04-05-2005,15.52
03-05-2005,15.33
02-05-2005,15.19
29-04-2005,15.17
28-04-2005,15.4
27-04-2005,15.33
26-04-2005,15.27
25-04-2005,15.23
21-04-2005,15.11
20-04-2005,14.82
19-04-2005,14.69
15-04-2005,14.49
13-04-2005,14.74
12-04-2005,14.66
11-04-2005,14.51
08-04-2005,14.74
07-04-2005,14.95
06-04-2005,15.06
05-04-2005,14.87
04-04-2005,15.03
01-04-2005,14.89
31-03-2005,14.57
30-03-2005,14.17
29-03-2005,13.98
28-03-2005,14.12
24-03-2005,13.59
23-03-2005,13.75
22-03-2005,14.16
21-03-2005,14.45
18-03-2005,14.56
17-03-2005,14.42
16-03-2005,14.57
15-03-2005,14.41
14-03-2005,14.6
11-03-2005,14.83
10-03-2005,14.59
09-03-2005,14.75
07-03-2005,14.66
04-03-2005,14.82
03-03-2005,14.44
02-03-2005,14.09
01-03-2005,13.84
28-02-2005,13.75
25-02-2005,13.58
24-02-2005,13.41
23-02-2005,13.34
22-02-2005,12.99
21-02-2005,13.06
18-02-2005,13.2
17-02-2005,13.12
16-02-2005,13.06
15-02-2005,13.1
14-02-2005,13.22
11-02-2005,13.3
10-02-2005,13.29
09-02-2005,13.32
08-02-2005,13.19
07-02-2005,13.1
04-02-2005,13.11
03-02-2005,13
02-02-2005,12.86
01-02-2005,12.73
31-01-2005,12.43
28-01-2005,12.13
27-01-2005,11.98
25-01-2005,11.67
24-01-2005,11.54
20-01-2005,11.66
19-01-2005,11.8
18-01-2005,11.89
17-01-2005,11.7
14-01-2005,11.78
13-01-2005,11.92
12-01-2005,11.75
11-01-2005,11.95
10-01-2005,12.2
07-01-2005,12.36
06-01-2005,12.19
05-01-2005,12.47
04-01-2005,12.98
03-01-2005,13.02
31-12-2004,13.04
30-12-2004,12.85
29-12-2004,12.82
28-12-2004,12.97
27-12-2004,12.77
24-12-2004,12.61
23-12-2004,12.6
22-12-2004,12.5
21-12-2004,12.54
20-12-2004,12.35
17-12-2004,12.34
16-12-2004,12.36
15-12-2004,12.32
14-12-2004,12.25
13-12-2004,12.08
10-12-2004,11.91
09-12-2004,11.91
08-12-2004,11.78
07-12-2004,11.79
06-12-2004,11.73
03-12-2004,11.61
02-12-2004,11.53
01-12-2004,11.45
30-11-2004,11.45
29-11-2004,11.67
25-11-2004,11.54
24-11-2004,11.54
23-11-2004,11.44
22-11-2004,11.3
19-11-2004,11.21
18-11-2004,11.25
17-11-2004,11.21
16-11-2004,11.23
11-11-2004,11.19
10-11-2004,11.12
09-11-2004,10.99
08-11-2004,11.01
05-11-2004,10.94
04-11-2004,10.87
03-11-2004,10.86
02-11-2004,10.74
01-11-2004,10.64
29-10-2004,10.53
28-10-2004,10.5
27-10-2004,10.31
26-10-2004,10.29
25-10-2004,10.26
21-10-2004,10.37
20-10-2004,10.33
19-10-2004,10.31
18-10-2004,10.17
15-10-2004,10.14
11-10-2004,10
