Historical Mutual Fund NAV of Canara Robeco Emerging Equities - Regular Plan - GROWTH,
scheme:- Canara Robeco Emerging Equities - Regular Plan - GROWTH,
Start Date:- 11-03-2005,
End Date:- 23-11-2020,
NAV Date,NAV (Rs)
23-11-2020,112.69
20-11-2020,111.83
19-11-2020,111.21
18-11-2020,112.53
17-11-2020,111.1
13-11-2020,109.71
12-11-2020,109.1
11-11-2020,109.17
10-11-2020,108.6
09-11-2020,108.12
06-11-2020,106.47
05-11-2020,105.64
04-11-2020,103.9
03-11-2020,102.99
02-11-2020,101.97
30-10-2020,101.47
29-10-2020,101.66
28-10-2020,101.8
27-10-2020,102.98
26-10-2020,101.52
23-10-2020,103.03
22-10-2020,102.46
21-10-2020,102.23
20-10-2020,101.9
19-10-2020,101.69
16-10-2020,101.18
15-10-2020,100.33
14-10-2020,102.18
13-10-2020,101.66
12-10-2020,102.08
09-10-2020,102.13
08-10-2020,101.95
07-10-2020,101.66
06-10-2020,101.56
05-10-2020,100.83
01-10-2020,100.78
30-09-2020,99.77
29-09-2020,99.74
28-09-2020,99.55
25-09-2020,97.5
24-09-2020,95.49
23-09-2020,97.83
22-09-2020,98.04
21-09-2020,98.81
18-09-2020,101.94
17-09-2020,102.09
16-09-2020,102.78
15-09-2020,102.05
14-09-2020,100.94
11-09-2020,99.34
10-09-2020,99.01
09-09-2020,97.78
08-09-2020,98.3
07-09-2020,98.99
04-09-2020,99.49
03-09-2020,100.74
02-09-2020,100.68
01-09-2020,99.55
31-08-2020,98.83
28-08-2020,102.25
27-08-2020,101.82
26-08-2020,101.65
25-08-2020,101.11
24-08-2020,100.51
21-08-2020,99.67
20-08-2020,98.96
19-08-2020,98.84
18-08-2020,98.18
17-08-2020,96.78
14-08-2020,96.59
13-08-2020,97.58
12-08-2020,96.88
11-08-2020,96.82
10-08-2020,96.96
07-08-2020,96.07
06-08-2020,95.57
05-08-2020,94.8
04-08-2020,94.55
03-08-2020,93.07
31-07-2020,93.58
30-07-2020,93.18
29-07-2020,93.55
28-07-2020,93.89
27-07-2020,93.24
24-07-2020,94.1
23-07-2020,94.51
22-07-2020,93.96
21-07-2020,93.67
20-07-2020,93.2
17-07-2020,92.03
16-07-2020,90.8
15-07-2020,89.98
14-07-2020,90.12
13-07-2020,91.19
10-07-2020,91.22
09-07-2020,91.53
08-07-2020,90.74
07-07-2020,91.59
06-07-2020,90.92
03-07-2020,89.58
02-07-2020,88.99
01-07-2020,88.31
30-06-2020,87.66
29-06-2020,87.54
26-06-2020,88.25
25-06-2020,87.94
24-06-2020,87.79
23-06-2020,89.12
22-06-2020,87.94
19-06-2020,87.28
18-06-2020,86.14
17-06-2020,85.08
16-06-2020,85.09
15-06-2020,84.54
12-06-2020,85.56
11-06-2020,84.84
10-06-2020,86.3
09-06-2020,85.89
08-06-2020,86.9
05-06-2020,86.82
04-06-2020,85.73
03-06-2020,85.95
02-06-2020,85.55
01-06-2020,84.31
29-05-2020,82.07
28-05-2020,81.57
27-05-2020,80.19
26-05-2020,78.95
22-05-2020,78.94
21-05-2020,79.68
20-05-2020,79.47
19-05-2020,77.77
18-05-2020,77.41
15-05-2020,80.1
14-05-2020,80.34
13-05-2020,81.3
12-05-2020,79.93
11-05-2020,80.19
08-05-2020,79.83
07-05-2020,79.51
06-05-2020,79.96
05-05-2020,79.47
04-05-2020,80.46
30-04-2020,84.29
29-04-2020,82.7
28-04-2020,81.38
27-04-2020,80.64
24-04-2020,79.33
23-04-2020,80.25
22-04-2020,79.52
21-04-2020,78.67
20-04-2020,80.97
17-04-2020,80.95
16-04-2020,78.6
15-04-2020,77.84
13-04-2020,78.44
09-04-2020,79.73
08-04-2020,76.45
07-04-2020,75.69
03-04-2020,71.16
01-04-2020,72.72
31-03-2020,74.99
30-03-2020,72.68
27-03-2020,75.22
26-03-2020,75.13
25-03-2020,72.46
24-03-2020,68.76
23-03-2020,67.14
20-03-2020,77.46
19-03-2020,73.84
18-03-2020,76.19
17-03-2020,80.98
16-03-2020,83.03
13-03-2020,88.72
12-03-2020,86.23
11-03-2020,93.17
09-03-2020,93.64
06-03-2020,97.09
05-03-2020,98.46
04-03-2020,98.22
03-03-2020,99.95
02-03-2020,98.33
28-02-2020,99.25
27-02-2020,102.14
26-02-2020,102.51
25-02-2020,103.25
24-02-2020,103.5
20-02-2020,105.34
19-02-2020,104.95
18-02-2020,103.27
17-02-2020,103.18
14-02-2020,103.85
13-02-2020,104.21
12-02-2020,103.86
11-02-2020,103.45
10-02-2020,103.1
07-02-2020,103.68
06-02-2020,103.21
05-02-2020,102.81
04-02-2020,101.57
03-02-2020,99.42
31-01-2020,101.06
30-01-2020,101.16
29-01-2020,101.46
28-01-2020,100.99
27-01-2020,101.23
24-01-2020,101.56
23-01-2020,100.43
22-01-2020,99.37
21-01-2020,99.55
20-01-2020,99.74
17-01-2020,100.53
16-01-2020,100.21
15-01-2020,99.65
14-01-2020,99.12
13-01-2020,98.59
10-01-2020,98.18
09-01-2020,97.91
08-01-2020,96.42
07-01-2020,96.11
06-01-2020,95.66
03-01-2020,97.25
02-01-2020,97.67
01-01-2020,96.93
31-12-2019,96.76
30-12-2019,97.08
27-12-2019,96.92
26-12-2019,96.2
24-12-2019,96.28
23-12-2019,96.42
20-12-2019,96.45
19-12-2019,96.54
18-12-2019,96.42
17-12-2019,96.31
16-12-2019,95.73
13-12-2019,96.07
12-12-2019,95.33
11-12-2019,94.87
10-12-2019,94.55
09-12-2019,95.28
06-12-2019,95.1
05-12-2019,95.65
04-12-2019,95.63
03-12-2019,95.19
02-12-2019,95.63
29-11-2019,95.71
28-11-2019,95.9
27-11-2019,95.52
26-11-2019,95.02
25-11-2019,95.36
22-11-2019,94.51
21-11-2019,95
20-11-2019,95.44
19-11-2019,95.16
18-11-2019,94.89
15-11-2019,94.9
14-11-2019,94.34
13-11-2019,93.79
11-11-2019,94.24
08-11-2019,93.9
07-11-2019,94.29
06-11-2019,93.9
05-11-2019,94.07
04-11-2019,94.73
01-11-2019,94.64
31-10-2019,94.64
30-10-2019,94.69
29-10-2019,94.41
25-10-2019,93.09
24-10-2019,93.21
23-10-2019,93.03
22-10-2019,92.62
18-10-2019,92.3
17-10-2019,91.37
16-10-2019,90.39
15-10-2019,90.4
14-10-2019,90.05
11-10-2019,89.48
10-10-2019,89.02
09-10-2019,89.69
07-10-2019,88.44
04-10-2019,88.57
03-10-2019,89.73
01-10-2019,90
30-09-2019,90.82
27-09-2019,91.33
26-09-2019,91.7
25-09-2019,90.57
24-09-2019,91.75
23-09-2019,92.06
20-09-2019,89.45
19-09-2019,85.03
18-09-2019,86.02
17-09-2019,85.87
16-09-2019,87.36
13-09-2019,87.47
12-09-2019,86.69
11-09-2019,86.72
09-09-2019,86.52
06-09-2019,85.9
05-09-2019,85.12
04-09-2019,85.06
03-09-2019,84.71
30-08-2019,86.21
29-08-2019,85.69
28-08-2019,86.31
27-08-2019,86.93
26-08-2019,86.18
23-08-2019,84.63
22-08-2019,84.2
21-08-2019,85.14
20-08-2019,85.96
19-08-2019,86.4
16-08-2019,86.11
14-08-2019,86.11
13-08-2019,85.32
09-08-2019,87.26
08-08-2019,86.65
07-08-2019,85.75
06-08-2019,86.24
05-08-2019,85.23
02-08-2019,86.4
01-08-2019,86.43
31-07-2019,87.4
30-07-2019,87.11
29-07-2019,87.92
26-07-2019,88.55
25-07-2019,88.26
24-07-2019,88.19
23-07-2019,88.99
22-07-2019,89.13
19-07-2019,89.69
18-07-2019,91.2
17-07-2019,92.35
16-07-2019,92.27
15-07-2019,91.9
12-07-2019,92.01
11-07-2019,91.96
10-07-2019,91.64
09-07-2019,92.11
08-07-2019,91.88
05-07-2019,93.94
04-07-2019,95.07
03-07-2019,94.99
02-07-2019,94.89
01-07-2019,94.86
28-06-2019,94.56
27-06-2019,94.66
26-06-2019,94.43
25-06-2019,94
24-06-2019,93.28
21-06-2019,93.54
20-06-2019,94.02
19-06-2019,92.91
18-06-2019,93.3
17-06-2019,93.07
14-06-2019,94.44
13-06-2019,95.26
12-06-2019,95.12
11-06-2019,95.76
10-06-2019,95.26
07-06-2019,94.84
06-06-2019,94.54
04-06-2019,96.15
03-06-2019,96.5
31-05-2019,95.9
30-05-2019,96.2
29-05-2019,95.68
28-05-2019,96.44
27-05-2019,96.3
24-05-2019,94.9
23-05-2019,93.13
22-05-2019,93.29
21-05-2019,93.21
20-05-2019,94
17-05-2019,91.08
16-05-2019,90.13
15-05-2019,89.77
14-05-2019,90.32
13-05-2019,89.9
10-05-2019,91.17
09-05-2019,90.98
08-05-2019,91.16
07-05-2019,92.17
06-05-2019,92.96
03-05-2019,93.58
02-05-2019,93.52
30-04-2019,94.21
26-04-2019,94.28
25-04-2019,93.87
24-04-2019,94.15
23-04-2019,93.53
22-04-2019,93.53
18-04-2019,94.58
16-04-2019,94.85
15-04-2019,94.19
12-04-2019,93.81
11-04-2019,93.35
10-04-2019,93.52
09-04-2019,93.8
08-04-2019,93.63
05-04-2019,94.17
04-04-2019,93.75
03-04-2019,94.04
02-04-2019,94.85
01-04-2019,94.63
29-03-2019,94.45
28-03-2019,93.9
27-03-2019,92.84
26-03-2019,92.68
25-03-2019,91.74
22-03-2019,92.44
20-03-2019,92.89
19-03-2019,93.14
18-03-2019,92.81
15-03-2019,92.95
14-03-2019,92.52
13-03-2019,92.64
12-03-2019,92.51
11-03-2019,91.72
08-03-2019,90.59
07-03-2019,90.69
06-03-2019,90.6
05-03-2019,90.18
01-03-2019,88.72
28-02-2019,87.99
27-02-2019,87.7
26-02-2019,87.5
25-02-2019,87.72
22-02-2019,87.16
21-02-2019,87.02
20-02-2019,86.37
19-02-2019,85.49
18-02-2019,85.38
15-02-2019,86.09
14-02-2019,86.35
13-02-2019,86.55
12-02-2019,86.86
11-02-2019,87.19
08-02-2019,88.03
07-02-2019,89.04
06-02-2019,88.74
05-02-2019,88.17
04-02-2019,88.3
01-02-2019,88.14
31-01-2019,87.78
30-01-2019,86.75
29-01-2019,86.15
28-01-2019,86.18
25-01-2019,87.19
24-01-2019,87.82
23-01-2019,87.85
22-01-2019,88.24
21-01-2019,88.97
18-01-2019,88.85
17-01-2019,89.05
16-01-2019,88.98
15-01-2019,89.01
14-01-2019,88.44
11-01-2019,88.97
10-01-2019,89.12
09-01-2019,88.97
08-01-2019,88.52
07-01-2019,88.43
04-01-2019,88.23
03-01-2019,87.9
02-01-2019,88.58
01-01-2019,89.23
31-12-2018,89.03
28-12-2018,88.78
27-12-2018,88.23
26-12-2018,87.8
24-12-2018,87.65
21-12-2018,88.16
20-12-2018,89.49
19-12-2018,89.72
18-12-2018,88.88
17-12-2018,88.81
14-12-2018,88.63
13-12-2018,88.33
12-12-2018,87.71
11-12-2018,85.97
10-12-2018,85.2
07-12-2018,86.67
06-12-2018,86.19
05-12-2018,87.6
04-12-2018,88.43
03-12-2018,88.25
30-11-2018,88.3
29-11-2018,87.94
28-11-2018,87.24
27-11-2018,87.29
26-11-2018,86.8
22-11-2018,86.53
21-11-2018,86.87
20-11-2018,86.68
19-11-2018,87.57
16-11-2018,87.4
15-11-2018,87
14-11-2018,86.38
13-11-2018,86.52
12-11-2018,86.13
09-11-2018,86.87
06-11-2018,86.01
05-11-2018,86.4
02-11-2018,86.35
01-11-2018,85.87
31-10-2018,85.52
30-10-2018,84.18
29-10-2018,83.85
26-10-2018,81.72
25-10-2018,82.2
24-10-2018,82.58
23-10-2018,82.05
22-10-2018,82.76
19-10-2018,83.66
17-10-2018,84.5
16-10-2018,86.02
15-10-2018,85.15
12-10-2018,84.69
11-10-2018,82.66
10-10-2018,84.63
09-10-2018,82.23
08-10-2018,82.79
05-10-2018,83.34
04-10-2018,85.61
03-10-2018,87.24
01-10-2018,88.5
28-09-2018,88.19
27-09-2018,89
26-09-2018,90.6
25-09-2018,90.39
24-09-2018,89.88
21-09-2018,91.7
19-09-2018,93.4
18-09-2018,94.25
17-09-2018,95.4
14-09-2018,96.43
12-09-2018,95.11
11-09-2018,94.76
10-09-2018,96.2
07-09-2018,97.52
06-09-2018,96.98
05-09-2018,96.56
04-09-2018,96.99
03-09-2018,98.57
31-08-2018,99.55
30-08-2018,99.7
29-08-2018,99.35
28-08-2018,99.21
27-08-2018,99.22
24-08-2018,98.43
23-08-2018,98.86
21-08-2018,98.81
20-08-2018,98.36
17-08-2018,97.81
16-08-2018,96.58
14-08-2018,96.93
13-08-2018,95.78
10-08-2018,96.72
09-08-2018,97.2
08-08-2018,97.06
07-08-2018,96.73
06-08-2018,97
03-08-2018,97.09
02-08-2018,96.32
01-08-2018,96.56
31-07-2018,96.26
30-07-2018,95.65
27-07-2018,95.5
26-07-2018,94.65
25-07-2018,94.34
24-07-2018,94.04
23-07-2018,92.99
20-07-2018,91.82
19-07-2018,90.99
18-07-2018,91.28
17-07-2018,91.78
16-07-2018,91.11
13-07-2018,92.39
12-07-2018,93.07
11-07-2018,92.7
10-07-2018,93.04
09-07-2018,92.34
06-07-2018,91.45
05-07-2018,91.12
04-07-2018,91.36
03-07-2018,91.04
02-07-2018,90.39
29-06-2018,91.07
28-06-2018,89.81
27-06-2018,91.12
26-06-2018,92.1
25-06-2018,92.31
22-06-2018,92.93
21-06-2018,92.27
20-06-2018,92.51
19-06-2018,92.12
18-06-2018,93.07
15-06-2018,93.49
14-06-2018,93.71
13-06-2018,93.81
12-06-2018,94.15
11-06-2018,93.64
08-06-2018,93.43
07-06-2018,92.88
06-06-2018,91.75
05-06-2018,90.72
04-06-2018,92.02
01-06-2018,92.83
31-05-2018,93.73
30-05-2018,93.84
29-05-2018,94.02
28-05-2018,94.39
25-05-2018,93.4
24-05-2018,92.22
23-05-2018,92.27
22-05-2018,92.68
21-05-2018,92.16
18-05-2018,93.66
17-05-2018,94.01
16-05-2018,93.77
15-05-2018,94.03
14-05-2018,94.33
11-05-2018,94.75
10-05-2018,94.13
09-05-2018,94.98
08-05-2018,95.26
07-05-2018,95.49
04-05-2018,94.98
03-05-2018,95.38
02-05-2018,96.14
30-04-2018,97.08
27-04-2018,96.63
26-04-2018,95.67
25-04-2018,95.48
24-04-2018,95.68
23-04-2018,95.2
20-04-2018,94.66
19-04-2018,95.11
18-04-2018,94.66
17-04-2018,94.79
16-04-2018,94.49
13-04-2018,94.15
12-04-2018,94.06
11-04-2018,93.89
10-04-2018,93.73
09-04-2018,93.92
06-04-2018,93.66
05-04-2018,93.42
04-04-2018,91.85
03-04-2018,92.76
02-04-2018,91.7
28-03-2018,90.23
27-03-2018,90.78
26-03-2018,89.74
23-03-2018,88.86
22-03-2018,89.57
21-03-2018,89.91
20-03-2018,89.62
19-03-2018,89.52
16-03-2018,90.92
15-03-2018,92.25
14-03-2018,92.46
13-03-2018,92.62
12-03-2018,92.01
09-03-2018,91.14
08-03-2018,91.13
07-03-2018,90.92
06-03-2018,92.01
05-03-2018,93
01-03-2018,93.91
28-02-2018,94.08
27-02-2018,94.17
26-02-2018,94.34
23-02-2018,93.58
22-02-2018,92.57
21-02-2018,92.8
20-02-2018,92.83
19-02-2018,92.79
16-02-2018,93.73
15-02-2018,94.52
14-02-2018,95.28
12-02-2018,95.35
09-02-2018,93.85
08-02-2018,94.27
07-02-2018,92.82
06-02-2018,91.73
05-02-2018,93.18
02-02-2018,93.57
01-02-2018,96.73
31-01-2018,96.16
30-01-2018,96.61
29-01-2018,97.49
25-01-2018,97.8
24-01-2018,98.86
23-01-2018,99.15
22-01-2018,98.67
19-01-2018,97.94
18-01-2018,97.3
17-01-2018,98.42
16-01-2018,97.73
15-01-2018,99.21
12-01-2018,99.26
11-01-2018,99.46
10-01-2018,99.34
09-01-2018,99.35
08-01-2018,99.32
05-01-2018,98.75
04-01-2018,98.3
03-01-2018,97.59
02-01-2018,97.24
01-01-2018,97.89
29-12-2017,98.15
28-12-2017,97.68
27-12-2017,97.86
26-12-2017,98.22
22-12-2017,97.91
21-12-2017,97.38
20-12-2017,96.74
19-12-2017,95.96
18-12-2017,94.71
15-12-2017,93.93
14-12-2017,92.8
13-12-2017,93.03
12-12-2017,93.68
11-12-2017,94.25
08-12-2017,93.9
07-12-2017,93.18
06-12-2017,92.15
05-12-2017,92.61
04-12-2017,92.9
01-12-2017,93.04
30-11-2017,94.09
29-11-2017,94.26
28-11-2017,94.32
27-11-2017,94.06
24-11-2017,93.67
23-11-2017,93.29
22-11-2017,93.15
21-11-2017,93.35
20-11-2017,92.67
17-11-2017,92.1
16-11-2017,91.27
15-11-2017,90.53
14-11-2017,91.2
13-11-2017,91.19
10-11-2017,91.67
09-11-2017,91.88
08-11-2017,91.51
07-11-2017,92.21
06-11-2017,93.44
03-11-2017,93.36
02-11-2017,92.84
01-11-2017,92.73
31-10-2017,92.01
30-10-2017,91.87
27-10-2017,90.99
26-10-2017,90.59
25-10-2017,90.18
24-10-2017,90.6
23-10-2017,90.53
18-10-2017,90.38
17-10-2017,90.36
16-10-2017,90.23
13-10-2017,90.17
12-10-2017,89.94
11-10-2017,88.86
10-10-2017,89.43
09-10-2017,89.13
06-10-2017,88.96
05-10-2017,88.28
04-10-2017,88
03-10-2017,87.6
29-09-2017,87.12
28-09-2017,86.29
27-09-2017,86.12
26-09-2017,87.69
25-09-2017,87.01
22-09-2017,88.32
21-09-2017,90.48
20-09-2017,90.91
19-09-2017,91.24
18-09-2017,91.13
15-09-2017,90.61
14-09-2017,90.34
13-09-2017,89.96
12-09-2017,90.48
11-09-2017,89.66
08-09-2017,89.08
07-09-2017,89.12
06-09-2017,88.68
05-09-2017,88.45
04-09-2017,87.73
01-09-2017,88.09
31-08-2017,87.37
30-08-2017,86.74
29-08-2017,85.66
28-08-2017,86.49
24-08-2017,85.41
23-08-2017,85.1
22-08-2017,84.46
21-08-2017,84.83
18-08-2017,85.96
17-08-2017,86.33
16-08-2017,86.34
14-08-2017,85.4
11-08-2017,83.78
10-08-2017,83.69
09-08-2017,85.89
08-08-2017,87.18
07-08-2017,87.8
04-08-2017,87.28
03-08-2017,87.12
02-08-2017,87.76
01-08-2017,87.68
31-07-2017,87.64
28-07-2017,87.55
27-07-2017,87.17
26-07-2017,87.42
25-07-2017,87.23
24-07-2017,86.94
21-07-2017,87.02
20-07-2017,86.75
19-07-2017,86.7
18-07-2017,85.88
17-07-2017,86.43
14-07-2017,86.42
13-07-2017,86.52
12-07-2017,86.34
11-07-2017,85.74
10-07-2017,86.04
07-07-2017,85.87
06-07-2017,85.88
05-07-2017,85.64
04-07-2017,84.8
03-07-2017,84.79
30-06-2017,84.09
29-06-2017,83.73
28-06-2017,83.07
27-06-2017,82.88
23-06-2017,83.99
22-06-2017,85.12
21-06-2017,85.55
20-06-2017,85.58
19-06-2017,85.54
16-06-2017,85.18
15-06-2017,84.95
14-06-2017,84.96
13-06-2017,84.77
12-06-2017,84.87
09-06-2017,85.47
08-06-2017,85.29
07-06-2017,85.19
06-06-2017,84.65
05-06-2017,85.08
02-06-2017,84.63
01-06-2017,84.14
31-05-2017,83.58
30-05-2017,82.59
29-05-2017,82.51
26-05-2017,82.88
25-05-2017,81.73
24-05-2017,80.54
23-05-2017,81.45
22-05-2017,82.74
19-05-2017,83.45
18-05-2017,84.11
17-05-2017,85.92
16-05-2017,86.19
15-05-2017,85.61
12-05-2017,84.72
11-05-2017,85.46
10-05-2017,85.65
09-05-2017,85.07
08-05-2017,84.64
05-05-2017,84.27
04-05-2017,84.88
03-05-2017,84.6
02-05-2017,84.49
28-04-2017,83.91
27-04-2017,83.71
26-04-2017,83.81
25-04-2017,84.22
24-04-2017,83.5
21-04-2017,82.61
20-04-2017,82.21
19-04-2017,81.83
18-04-2017,81.25
17-04-2017,81.41
13-04-2017,81.39
12-04-2017,81.52
11-04-2017,81.61
10-04-2017,80.67
07-04-2017,80.04
06-04-2017,79.99
05-04-2017,79.76
03-04-2017,78.91
31-03-2017,78.39
30-03-2017,77.74
29-03-2017,77.07
28-03-2017,76.79
27-03-2017,76.4
24-03-2017,76.28
23-03-2017,75.93
22-03-2017,75.45
21-03-2017,76.13
20-03-2017,76.24
17-03-2017,76.08
16-03-2017,75.99
15-03-2017,75.32
14-03-2017,74.87
10-03-2017,73.96
09-03-2017,73.88
08-03-2017,73.93
07-03-2017,73.89
06-03-2017,73.85
03-03-2017,73.48
02-03-2017,73.44
01-03-2017,74.04
28-02-2017,73.89
27-02-2017,73.19
23-02-2017,72.78
22-02-2017,72.93
21-02-2017,73.27
20-02-2017,72.79
17-02-2017,72.34
16-02-2017,72.23
15-02-2017,71.5
14-02-2017,72.28
13-02-2017,72.4
10-02-2017,72.71
09-02-2017,72.74
08-02-2017,72.73
07-02-2017,72.91
06-02-2017,72.85
03-02-2017,72.2
02-02-2017,71.68
01-02-2017,71.26
31-01-2017,70.02
30-01-2017,70.3
27-01-2017,70.41
25-01-2017,69.9
24-01-2017,69.41
23-01-2017,68.63
20-01-2017,68.43
19-01-2017,69.43
18-01-2017,69.19
17-01-2017,68.47
16-01-2017,68.17
13-01-2017,67.76
12-01-2017,67.89
11-01-2017,67.97
10-01-2017,67.36
09-01-2017,66.64
06-01-2017,66.61
05-01-2017,66.73
04-01-2017,66.11
03-01-2017,65.99
02-01-2017,65.25
30-12-2016,64.55
29-12-2016,64.35
28-12-2016,63.63
27-12-2016,63.06
26-12-2016,62.18
23-12-2016,63.45
22-12-2016,63.43
21-12-2016,64.36
20-12-2016,64.41
19-12-2016,65
16-12-2016,65.2
15-12-2016,65.21
14-12-2016,65.13
13-12-2016,65.66
12-12-2016,65.69
09-12-2016,66.33
08-12-2016,66.17
07-12-2016,65.27
06-12-2016,65.35
05-12-2016,65.14
02-12-2016,64.89
01-12-2016,65.8
30-11-2016,66.37
29-11-2016,65.9
28-11-2016,65.33
25-11-2016,64.9
24-11-2016,64.03
23-11-2016,64.14
22-11-2016,63.32
21-11-2016,62.53
18-11-2016,64.61
17-11-2016,64.43
16-11-2016,64.77
15-11-2016,64.38
11-11-2016,67.76
10-11-2016,70.32
09-11-2016,69.55
08-11-2016,70.77
07-11-2016,70.73
04-11-2016,70.07
03-11-2016,71.15
02-11-2016,71.84
01-11-2016,73.01
28-10-2016,72.35
27-10-2016,71.55
26-10-2016,72.2
25-10-2016,72.82
24-10-2016,72.99
21-10-2016,72.88
20-10-2016,72.61
19-10-2016,72.45
18-10-2016,72.29
17-10-2016,71.49
14-10-2016,71.91
13-10-2016,71.23
10-10-2016,72.15
07-10-2016,72.06
06-10-2016,72.29
05-10-2016,72.32
04-10-2016,72.34
03-10-2016,72.07
30-09-2016,70.47
29-09-2016,69.24
28-09-2016,71.26
27-09-2016,70.8
26-09-2016,70.68
23-09-2016,70.9
22-09-2016,70.77
21-09-2016,69.9
20-09-2016,69.76
19-09-2016,69.8
16-09-2016,69.43
15-09-2016,69.57
14-09-2016,69.46
12-09-2016,68.63
09-09-2016,70.29
08-09-2016,70.65
07-09-2016,70.41
06-09-2016,70.4
02-09-2016,69.65
01-09-2016,69.71
31-08-2016,69.82
30-08-2016,69.42
29-08-2016,68.9
26-08-2016,68.81
25-08-2016,68.63
24-08-2016,68.5
23-08-2016,67.93
22-08-2016,67.9
19-08-2016,68.04
18-08-2016,67.91
17-08-2016,67.27
16-08-2016,66.87
12-08-2016,66.66
11-08-2016,66.46
10-08-2016,66.29
09-08-2016,67.1
08-08-2016,67.42
05-08-2016,66.89
04-08-2016,65.75
03-08-2016,65.62
02-08-2016,66.34
01-08-2016,66.79
29-07-2016,66.99
28-07-2016,66.62
27-07-2016,65.94
26-07-2016,65.67
25-07-2016,66.1
22-07-2016,65.57
21-07-2016,65.06
20-07-2016,65.04
19-07-2016,64.33
18-07-2016,64.23
15-07-2016,64.42
14-07-2016,64.82
13-07-2016,64.36
12-07-2016,65
11-07-2016,64.66
08-07-2016,64.13
07-07-2016,64.36
05-07-2016,64.47
04-07-2016,64.5
01-07-2016,64.05
30-06-2016,63.38
29-06-2016,62.74
28-06-2016,61.87
27-06-2016,61.64
24-06-2016,61
23-06-2016,61.7
22-06-2016,61.69
21-06-2016,61.9
20-06-2016,61.83
17-06-2016,61.73
16-06-2016,61.5
15-06-2016,61.86
14-06-2016,61.38
13-06-2016,61.15
10-06-2016,61.43
09-06-2016,61.68
08-06-2016,61.67
07-06-2016,61.26
06-06-2016,60.91
03-06-2016,60.95
02-06-2016,60.87
01-06-2016,60.43
31-05-2016,60.22
30-05-2016,60.36
27-05-2016,59.97
26-05-2016,59.6
25-05-2016,59.2
24-05-2016,58.45
23-05-2016,58.82
20-05-2016,59.3
19-05-2016,59.69
18-05-2016,60.29
17-05-2016,60.33
16-05-2016,60.22
13-05-2016,60.18
12-05-2016,60.25
11-05-2016,59.74
10-05-2016,59.63
09-05-2016,59.36
06-05-2016,58.44
05-05-2016,58.4
04-05-2016,58.57
03-05-2016,59.03
02-05-2016,59.23
29-04-2016,58.94
28-04-2016,58.88
27-04-2016,59.63
26-04-2016,59.52
25-04-2016,59
22-04-2016,59.23
21-04-2016,59.3
20-04-2016,59.63
18-04-2016,59.17
13-04-2016,58.35
12-04-2016,57.72
11-04-2016,57.12
08-04-2016,56.75
07-04-2016,56.41
06-04-2016,56.54
05-04-2016,56.31
04-04-2016,56.98
01-04-2016,56.74
31-03-2016,56.59
30-03-2016,56.27
29-03-2016,55.43
28-03-2016,55.31
23-03-2016,56.13
22-03-2016,55.78
21-03-2016,55.67
18-03-2016,54.75
17-03-2016,54.39
16-03-2016,54.1
15-03-2016,54.1
14-03-2016,54.51
11-03-2016,54.35
10-03-2016,54.37
09-03-2016,54.51
08-03-2016,54.19
04-03-2016,54.23
03-03-2016,53.98
02-03-2016,53.32
01-03-2016,52.35
29-02-2016,50.52
26-02-2016,50.55
25-02-2016,50.78
24-02-2016,51.5
23-02-2016,52.17
22-02-2016,52.8
19-02-2016,52.49
18-02-2016,52.55
17-02-2016,52.29
16-02-2016,52.22
15-02-2016,53.55
12-02-2016,51.81
11-02-2016,52.45
10-02-2016,54.58
09-02-2016,55.24
08-02-2016,55.96
05-02-2016,56.23
04-02-2016,55.62
03-02-2016,55.86
02-02-2016,57.12
01-02-2016,58.05
29-01-2016,57.84
28-01-2016,57.12
27-01-2016,57.26
25-01-2016,56.88
22-01-2016,56.27
21-01-2016,55
20-01-2016,54.76
19-01-2016,55.84
18-01-2016,55.12
15-01-2016,57.31
14-01-2016,59.01
13-01-2016,59.92
12-01-2016,60.72
11-01-2016,61.21
08-01-2016,61.75
07-01-2016,61.14
06-01-2016,62.9
05-01-2016,62.87
04-01-2016,62.5
01-01-2016,63.37
31-12-2015,62.94
30-12-2015,62.91
29-12-2015,62.81
28-12-2015,62.92
24-12-2015,62.89
23-12-2015,62.55
22-12-2015,62.21
21-12-2015,62.43
18-12-2015,61.78
17-12-2015,62.02
16-12-2015,61.03
15-12-2015,60.92
14-12-2015,60.39
11-12-2015,60.29
10-12-2015,60.34
09-12-2015,59.85
08-12-2015,61.15
07-12-2015,61.78
04-12-2015,61.74
03-12-2015,62.29
02-12-2015,62.55
01-12-2015,62.75
30-11-2015,62.89
27-11-2015,62.52
26-11-2015,61.99
24-11-2015,61.94
23-11-2015,61.91
20-11-2015,61.67
19-11-2015,61.31
18-11-2015,60.28
17-11-2015,60.62
16-11-2015,60.06
13-11-2015,59.99
10-11-2015,59.7
09-11-2015,60.36
06-11-2015,60.05
05-11-2015,60.36
04-11-2015,61.29
03-11-2015,61.43
02-11-2015,61.23
30-10-2015,61.14
29-10-2015,61.26
28-10-2015,61.68
27-10-2015,61.55
26-10-2015,61.71
23-10-2015,61.97
21-10-2015,62.12
20-10-2015,62.29
19-10-2015,62.57
16-10-2015,61.96
15-10-2015,61.88
14-10-2015,61.94
13-10-2015,62.06
12-10-2015,61.68
09-10-2015,61.93
08-10-2015,61.73
07-10-2015,61.76
06-10-2015,61.79
05-10-2015,61.62
01-10-2015,60.67
30-09-2015,60.34
29-09-2015,59.62
28-09-2015,59.66
24-09-2015,59.78
23-09-2015,59.22
22-09-2015,58.88
21-09-2015,59.5
18-09-2015,58.68
16-09-2015,58.19
15-09-2015,58.18
14-09-2015,58.49
11-09-2015,57.89
10-09-2015,57.6
09-09-2015,57.6
08-09-2015,56.71
07-09-2015,56.04
04-09-2015,57.39
03-09-2015,58.68
02-09-2015,58.1
01-09-2015,58.22
31-08-2015,59.45
28-08-2015,59.38
27-08-2015,59.34
26-08-2015,57.68
25-08-2015,57.95
24-08-2015,57.77
21-08-2015,62.91
20-08-2015,63.25
19-08-2015,64.52
18-08-2015,63.99
17-08-2015,63.03
14-08-2015,63.08
13-08-2015,61.89
12-08-2015,62.38
11-08-2015,64.01
10-08-2015,64.75
07-08-2015,64.88
06-08-2015,64.67
05-08-2015,64.96
04-08-2015,64.75
03-08-2015,64.29
31-07-2015,64.08
30-07-2015,63.57
29-07-2015,62.51
28-07-2015,62.27
27-07-2015,61.88
24-07-2015,62.16
23-07-2015,62.47
22-07-2015,62.34
21-07-2015,61.71
20-07-2015,62.5
17-07-2015,62.2
16-07-2015,61.91
15-07-2015,61.49
14-07-2015,61.35
13-07-2015,61.03
10-07-2015,60.51
09-07-2015,60.29
08-07-2015,60.33
07-07-2015,61.06
06-07-2015,60.77
03-07-2015,60.08
02-07-2015,59.84
01-07-2015,59.68
30-06-2015,58.97
29-06-2015,58.08
26-06-2015,58.95
25-06-2015,58.81
24-06-2015,58.55
23-06-2015,58.99
22-06-2015,58.75
19-06-2015,57.89
18-06-2015,57.8
17-06-2015,57.29
16-06-2015,56.28
15-06-2015,56.09
12-06-2015,55.93
11-06-2015,55.83
10-06-2015,56.68
09-06-2015,56.04
08-06-2015,56.24
05-06-2015,57.04
04-06-2015,56.72
03-06-2015,56.69
02-06-2015,57.93
01-06-2015,58.87
29-05-2015,58.84
28-05-2015,58
27-05-2015,58.12
26-05-2015,58.21
25-05-2015,58.2
22-05-2015,58.34
21-05-2015,58.11
20-05-2015,58.22
19-05-2015,58.01
18-05-2015,57.8
15-05-2015,57.41
14-05-2015,56.61
13-05-2015,56.08
12-05-2015,55.44
11-05-2015,56.55
08-05-2015,55.91
07-05-2015,54.89
06-05-2015,55.99
05-05-2015,57.81
04-05-2015,57.75
30-04-2015,56.68
29-04-2015,56.89
28-04-2015,56.43
27-04-2015,55.73
24-04-2015,57.11
23-04-2015,58.63
22-04-2015,58.34
21-04-2015,58.11
20-04-2015,58.42
17-04-2015,59.95
16-04-2015,60.78
15-04-2015,61.43
13-04-2015,61.52
10-04-2015,61.3
09-04-2015,61.02
08-04-2015,60.84
07-04-2015,60.25
06-04-2015,59.97
01-04-2015,59.38
31-03-2015,58.51
30-03-2015,57.96
27-03-2015,56.53
26-03-2015,56.4
25-03-2015,56.9
24-03-2015,57.19
23-03-2015,57.62
20-03-2015,58.05
19-03-2015,58.83
18-03-2015,59.26
17-03-2015,58.97
16-03-2015,58.42
13-03-2015,58.67
12-03-2015,59.5
11-03-2015,58.84
10-03-2015,59.11
09-03-2015,59.42
05-03-2015,60.18
04-03-2015,59.62
03-03-2015,60.68
02-03-2015,59.97
27-02-2015,58.4
26-02-2015,57.37
25-02-2015,57.84
24-02-2015,58.02
23-02-2015,58.32
20-02-2015,58.83
19-02-2015,58.67
18-02-2015,58.63
16-02-2015,58
13-02-2015,58.15
12-02-2015,57.55
11-02-2015,56.84
10-02-2015,56.09
09-02-2015,55.9
06-02-2015,56.59
05-02-2015,57.48
04-02-2015,58.05
03-02-2015,58.32
02-02-2015,58.51
30-01-2015,58.26
29-01-2015,58.84
28-01-2015,58.48
27-01-2015,58.39
23-01-2015,58.23
22-01-2015,58.44
21-01-2015,58.29
20-01-2015,58.29
19-01-2015,57.81
16-01-2015,57.37
15-01-2015,57.17
14-01-2015,56.69
13-01-2015,56.63
12-01-2015,56.77
09-01-2015,55.97
08-01-2015,55.89
07-01-2015,54.99
06-01-2015,55.07
05-01-2015,56.71
02-01-2015,56.58
01-01-2015,56.06
31-12-2014,55.67
30-12-2014,55.03
29-12-2014,54.79
26-12-2014,54.18
24-12-2014,54.24
23-12-2014,54.2
22-12-2014,54.36
19-12-2014,54.05
18-12-2014,53.8
17-12-2014,52.31
16-12-2014,52.59
15-12-2014,54.16
12-12-2014,54.08
11-12-2014,54.42
10-12-2014,54.43
09-12-2014,53.87
08-12-2014,54.72
05-12-2014,55.38
04-12-2014,55.5
03-12-2014,55.37
02-12-2014,54.67
01-12-2014,54.21
28-11-2014,54.43
27-11-2014,53.85
26-11-2014,53.38
25-11-2014,52.99
24-11-2014,53.64
21-11-2014,53.48
20-11-2014,53.17
19-11-2014,53.18
18-11-2014,53.46
17-11-2014,53.17
14-11-2014,52.69
13-11-2014,52.38
12-11-2014,52.38
11-11-2014,52.01
10-11-2014,51.72
07-11-2014,51.76
05-11-2014,51.35
03-11-2014,50.98
31-10-2014,50.54
30-10-2014,49.94
29-10-2014,49.71
28-10-2014,49.31
27-10-2014,49.14
22-10-2014,49.08
21-10-2014,48.45
20-10-2014,48.01
17-10-2014,47.64
16-10-2014,47.64
14-10-2014,48.69
13-10-2014,48.6
10-10-2014,48.58
09-10-2014,49.16
08-10-2014,48.17
07-10-2014,48.17
01-10-2014,48.67
30-09-2014,49.04
29-09-2014,48.82
26-09-2014,48.17
25-09-2014,47.64
24-09-2014,48.86
23-09-2014,49.4
22-09-2014,50.26
19-09-2014,49.81
18-09-2014,49.59
17-09-2014,48.48
16-09-2014,48.26
15-09-2014,50.16
12-09-2014,49.9
11-09-2014,49.7
10-09-2014,49.13
09-09-2014,49.16
08-09-2014,48.91
05-09-2014,48.28
04-09-2014,47.69
03-09-2014,47.6
02-09-2014,47.15
01-09-2014,46.81
28-08-2014,46.16
27-08-2014,45.99
26-08-2014,45.64
25-08-2014,45.76
22-08-2014,45.98
21-08-2014,45.81
20-08-2014,45.42
19-08-2014,45.16
18-08-2014,44.55
14-08-2014,43.66
13-08-2014,43.15
12-08-2014,43.51
11-08-2014,43.28
08-08-2014,42.9
07-08-2014,43.89
06-08-2014,44.04
05-08-2014,44.12
04-08-2014,43.79
01-08-2014,43.43
31-07-2014,43.78
30-07-2014,43.78
28-07-2014,43.52
25-07-2014,43.77
24-07-2014,44.55
23-07-2014,44.64
22-07-2014,44.69
21-07-2014,44.63
18-07-2014,44.33
17-07-2014,44.3
16-07-2014,43.56
15-07-2014,42.94
14-07-2014,42.08
11-07-2014,42.11
10-07-2014,43.33
09-07-2014,42.9
08-07-2014,43.58
07-07-2014,44.88
04-07-2014,44.84
03-07-2014,44.63
02-07-2014,44.51
01-07-2014,43.78
30-06-2014,43.51
27-06-2014,42.62
26-06-2014,42.36
25-06-2014,42.3
24-06-2014,42.17
23-06-2014,41.51
20-06-2014,41.25
19-06-2014,41.58
18-06-2014,41.8
17-06-2014,41.85
16-06-2014,41.09
13-06-2014,40.99
12-06-2014,41.75
11-06-2014,41.35
10-06-2014,41.63
09-06-2014,41.74
06-06-2014,41.11
05-06-2014,40.58
04-06-2014,40.36
03-06-2014,39.67
02-06-2014,39.28
30-05-2014,38.51
29-05-2014,38.2
28-05-2014,38.31
27-05-2014,38.15
26-05-2014,38.51
23-05-2014,38.82
22-05-2014,38.3
21-05-2014,37.49
20-05-2014,37.11
19-05-2014,36.39
16-05-2014,34.59
15-05-2014,33.64
14-05-2014,33.97
13-05-2014,33.69
12-05-2014,33.22
09-05-2014,33.03
08-05-2014,32.45
07-05-2014,32.24
06-05-2014,32.15
05-05-2014,31.9
02-05-2014,31.91
30-04-2014,31.94
29-04-2014,32.02
28-04-2014,32.23
25-04-2014,32.31
23-04-2014,32.56
22-04-2014,32.37
21-04-2014,32.38
17-04-2014,32.03
16-04-2014,31.52
15-04-2014,31.81
11-04-2014,31.93
10-04-2014,31.94
09-04-2014,31.88
07-04-2014,31.17
04-04-2014,31.43
03-04-2014,31.39
02-04-2014,31.59
01-04-2014,31.21
31-03-2014,31.44
28-03-2014,31.18
27-03-2014,30.51
26-03-2014,30.39
25-03-2014,30.26
24-03-2014,30.07
21-03-2014,29.79
20-03-2014,29.54
19-03-2014,29.55
18-03-2014,29.39
14-03-2014,29.07
13-03-2014,29.13
12-03-2014,29.28
11-03-2014,29.26
10-03-2014,29.35
07-03-2014,29.33
06-03-2014,29.18
05-03-2014,28.71
04-03-2014,28.38
03-03-2014,27.96
28-02-2014,28.02
26-02-2014,27.86
25-02-2014,27.81
24-02-2014,27.76
21-02-2014,27.47
20-02-2014,27.18
19-02-2014,27.24
18-02-2014,27.01
17-02-2014,26.84
14-02-2014,26.94
13-02-2014,27.02
12-02-2014,27.28
11-02-2014,27.34
10-02-2014,27.24
07-02-2014,27.28
06-02-2014,27.08
05-02-2014,27.08
04-02-2014,26.96
03-02-2014,26.84
31-01-2014,26.98
30-01-2014,26.5
29-01-2014,26.83
28-01-2014,26.91
27-01-2014,26.89
24-01-2014,27.58
23-01-2014,28.1
22-01-2014,28.23
21-01-2014,28.16
20-01-2014,27.98
17-01-2014,27.75
16-01-2014,28.09
15-01-2014,28.15
14-01-2014,28.04
13-01-2014,28.14
10-01-2014,28.01
09-01-2014,28.21
08-01-2014,28.38
07-01-2014,28.21
06-01-2014,28.28
03-01-2014,28.09
02-01-2014,27.96
01-01-2014,28.47
31-12-2013,28.4
30-12-2013,28.19
27-12-2013,28.09
26-12-2013,27.95
24-12-2013,27.89
23-12-2013,27.69
20-12-2013,27.49
19-12-2013,26.96
18-12-2013,26.9
17-12-2013,26.49
16-12-2013,26.36
13-12-2013,26.26
12-12-2013,26.54
11-12-2013,26.7
10-12-2013,26.61
09-12-2013,26.75
06-12-2013,26.63
05-12-2013,26.58
04-12-2013,26.45
03-12-2013,26.56
02-12-2013,26.46
29-11-2013,26.22
28-11-2013,25.95
27-11-2013,25.74
26-11-2013,25.62
25-11-2013,25.64
22-11-2013,25.47
21-11-2013,25.35
20-11-2013,25.63
19-11-2013,25.7
18-11-2013,25.63
14-11-2013,25.44
13-11-2013,25.24
12-11-2013,25.36
11-11-2013,25.47
08-11-2013,25.64
07-11-2013,25.72
06-11-2013,25.91
05-11-2013,25.78
01-11-2013,25.39
31-10-2013,25.18
30-10-2013,24.9
29-10-2013,24.82
28-10-2013,24.45
25-10-2013,24.58
24-10-2013,24.61
23-10-2013,24.56
22-10-2013,24.57
21-10-2013,24.43
18-10-2013,24.22
17-10-2013,24.01
15-10-2013,24.07
14-10-2013,24.32
11-10-2013,24.2
10-10-2013,24.18
09-10-2013,23.96
08-10-2013,23.72
07-10-2013,23.66
04-10-2013,23.53
03-10-2013,23.38
01-10-2013,23.05
30-09-2013,23.1
27-09-2013,23.03
26-09-2013,22.98
25-09-2013,22.96
24-09-2013,22.8
23-09-2013,22.74
20-09-2013,22.86
19-09-2013,23.09
18-09-2013,22.83
17-09-2013,22.71
16-09-2013,22.72
13-09-2013,22.83
12-09-2013,22.84
11-09-2013,22.85
10-09-2013,22.6
06-09-2013,22.23
05-09-2013,22.17
04-09-2013,21.86
03-09-2013,21.65
02-09-2013,21.98
30-08-2013,21.84
29-08-2013,21.69
28-08-2013,21.38
27-08-2013,21.67
26-08-2013,22.06
23-08-2013,22.03
22-08-2013,21.71
21-08-2013,21.69
20-08-2013,21.85
19-08-2013,21.99
16-08-2013,22.42
14-08-2013,22.79
13-08-2013,22.72
12-08-2013,22.36
08-08-2013,22.07
07-08-2013,21.92
06-08-2013,21.86
05-08-2013,22.3
02-08-2013,22.34
01-08-2013,22.53
31-07-2013,22.7
30-07-2013,22.77
29-07-2013,23.09
26-07-2013,23.27
25-07-2013,23.49
24-07-2013,23.66
23-07-2013,24.02
22-07-2013,24.1
19-07-2013,24.04
18-07-2013,24.06
17-07-2013,23.98
16-07-2013,24.2
15-07-2013,24.49
12-07-2013,24.31
11-07-2013,23.85
10-07-2013,23.66
09-07-2013,23.57
08-07-2013,23.44
05-07-2013,23.57
04-07-2013,23.5
03-07-2013,23.35
02-07-2013,23.66
01-07-2013,23.72
28-06-2013,23.46
27-06-2013,23.01
26-06-2013,22.87
25-06-2013,23.08
24-06-2013,23.05
21-06-2013,23.59
20-06-2013,23.85
19-06-2013,24.24
18-06-2013,24.11
17-06-2013,24.04
14-06-2013,23.96
13-06-2013,23.7
12-06-2013,24.01
11-06-2013,24.13
10-06-2013,24.52
07-06-2013,24.67
06-06-2013,24.73
05-06-2013,24.62
04-06-2013,24.56
03-06-2013,24.87
31-05-2013,24.87
30-05-2013,25.17
29-05-2013,25.16
28-05-2013,25.25
27-05-2013,25.11
24-05-2013,24.87
23-05-2013,24.7
22-05-2013,25.22
21-05-2013,25.43
20-05-2013,25.59
17-05-2013,25.72
16-05-2013,25.59
15-05-2013,25.53
14-05-2013,25.21
13-05-2013,25.13
10-05-2013,25.36
09-05-2013,25.29
08-05-2013,25.36
07-05-2013,25.49
06-05-2013,25.29
03-05-2013,25.11
02-05-2013,25.16
30-04-2013,24.91
29-04-2013,24.76
26-04-2013,24.57
25-04-2013,24.61
23-04-2013,24.57
22-04-2013,24.62
18-04-2013,24.48
17-04-2013,24.42
16-04-2013,24.49
15-04-2013,24.3
12-04-2013,24.17
11-04-2013,24.22
10-04-2013,24.13
09-04-2013,24.08
08-04-2013,24.34
05-04-2013,24.35
04-04-2013,24.36
03-04-2013,24.75
02-04-2013,24.96
01-04-2013,24.72
28-03-2013,24.52
26-03-2013,24.25
25-03-2013,24.18
22-03-2013,24.24
21-03-2013,24.34
20-03-2013,24.48
19-03-2013,24.95
18-03-2013,25.25
15-03-2013,25.29
14-03-2013,25.3
13-03-2013,25.23
12-03-2013,25.52
11-03-2013,25.63
08-03-2013,25.62
07-03-2013,25.5
06-03-2013,25.4
05-03-2013,25.06
04-03-2013,24.77
01-03-2013,25.1
28-02-2013,24.99
27-02-2013,25.36
26-02-2013,25.25
25-02-2013,25.65
22-02-2013,25.74
21-02-2013,25.81
20-02-2013,26.12
19-02-2013,26.08
18-02-2013,25.84
15-02-2013,25.78
14-02-2013,25.83
13-02-2013,26.13
12-02-2013,26.15
11-02-2013,26.19
08-02-2013,26.18
07-02-2013,26.35
06-02-2013,26.49
05-02-2013,26.47
04-02-2013,26.64
01-02-2013,26.82
31-01-2013,26.88
30-01-2013,26.82
29-01-2013,26.83
28-01-2013,26.92
25-01-2013,26.87
24-01-2013,26.58
23-01-2013,27.05
22-01-2013,27.2
21-01-2013,27.39
18-01-2013,27.42
17-01-2013,27.54
16-01-2013,27.52
15-01-2013,27.85
14-01-2013,27.76
11-01-2013,27.64
10-01-2013,27.95
09-01-2013,27.99
08-01-2013,28.09
07-01-2013,28.07
04-01-2013,28.01
03-01-2013,27.88
02-01-2013,27.86
01-01-2013,27.73
31-12-2012,27.53
28-12-2012,27.39
27-12-2012,27.23
26-12-2012,27.3
24-12-2012,27.08
21-12-2012,26.97
20-12-2012,27.37
19-12-2012,27.46
18-12-2012,27.37
17-12-2012,27.29
14-12-2012,27.18
13-12-2012,27.05
12-12-2012,27.29
11-12-2012,27.24
10-12-2012,27.46
07-12-2012,27.41
06-12-2012,27.36
05-12-2012,27.28
04-12-2012,27.07
03-12-2012,27.11
30-11-2012,26.84
29-11-2012,26.73
27-11-2012,26.5
26-11-2012,25.98
23-11-2012,25.65
22-11-2012,25.74
21-11-2012,25.6
20-11-2012,25.5
19-11-2012,25.7
16-11-2012,25.79
15-11-2012,25.98
12-11-2012,25.68
09-11-2012,25.59
08-11-2012,25.84
07-11-2012,25.86
06-11-2012,25.67
05-11-2012,25.53
02-11-2012,25.6
01-11-2012,25.49
31-10-2012,25.35
30-10-2012,25.15
29-10-2012,25.34
26-10-2012,25.4
25-10-2012,25.61
23-10-2012,25.66
22-10-2012,25.61
19-10-2012,25.53
18-10-2012,25.77
17-10-2012,25.58
16-10-2012,25.56
15-10-2012,25.51
12-10-2012,25.46
11-10-2012,25.26
10-10-2012,25.03
09-10-2012,25.23
08-10-2012,25.19
05-10-2012,25.35
04-10-2012,25.55
03-10-2012,25.5
01-10-2012,25.38
28-09-2012,25.09
27-09-2012,24.96
26-09-2012,24.83
25-09-2012,24.81
24-09-2012,24.73
21-09-2012,24.64
20-09-2012,24.32
18-09-2012,24.45
17-09-2012,24.32
14-09-2012,24.27
13-09-2012,24.14
12-09-2012,24.11
11-09-2012,23.99
10-09-2012,23.97
07-09-2012,23.71
06-09-2012,23.47
05-09-2012,23.45
04-09-2012,23.56
03-09-2012,23.49
31-08-2012,23.49
30-08-2012,23.51
29-08-2012,23.35
28-08-2012,23.5
27-08-2012,23.66
24-08-2012,23.73
23-08-2012,23.79
22-08-2012,23.74
21-08-2012,23.85
17-08-2012,23.77
16-08-2012,23.82
14-08-2012,23.76
13-08-2012,23.66
10-08-2012,23.62
09-08-2012,23.54
08-08-2012,23.53
07-08-2012,23.61
06-08-2012,23.41
03-08-2012,23.33
02-08-2012,23.37
01-08-2012,23.29
31-07-2012,23.05
30-07-2012,22.97
27-07-2012,22.77
26-07-2012,22.99
25-07-2012,23.26
24-07-2012,23.45
23-07-2012,23.42
20-07-2012,23.67
19-07-2012,23.66
18-07-2012,23.52
17-07-2012,23.41
16-07-2012,23.55
13-07-2012,23.59
12-07-2012,23.6
11-07-2012,23.68
10-07-2012,23.76
09-07-2012,23.61
06-07-2012,23.77
05-07-2012,23.86
04-07-2012,23.56
03-07-2012,23.48
02-07-2012,23.41
29-06-2012,23.22
28-06-2012,22.92
27-06-2012,22.88
26-06-2012,22.72
25-06-2012,22.76
22-06-2012,22.85
21-06-2012,22.78
20-06-2012,22.61
19-06-2012,22.31
18-06-2012,22.19
15-06-2012,22.46
14-06-2012,22.28
13-06-2012,22.52
12-06-2012,22.42
11-06-2012,22.38
08-06-2012,22.36
07-06-2012,22.3
06-06-2012,22.21
05-06-2012,21.9
04-06-2012,21.86
01-06-2012,21.97
31-05-2012,22.29
30-05-2012,22.12
29-05-2012,22.36
28-05-2012,22.39
25-05-2012,22.22
24-05-2012,22.11
23-05-2012,21.91
22-05-2012,22.02
21-05-2012,22.16
18-05-2012,21.99
17-05-2012,22.08
16-05-2012,21.96
15-05-2012,22.25
14-05-2012,22.07
11-05-2012,22.29
10-05-2012,22.44
09-05-2012,22.27
08-05-2012,22.4
07-05-2012,22.75
04-05-2012,22.62
03-05-2012,23.07
02-05-2012,23.29
30-04-2012,23.24
27-04-2012,23.08
26-04-2012,23.15
25-04-2012,23.2
24-04-2012,23.34
23-04-2012,23.42
20-04-2012,23.77
19-04-2012,23.89
18-04-2012,23.7
17-04-2012,23.49
16-04-2012,23.4
13-04-2012,23.24
12-04-2012,23.31
11-04-2012,23.15
10-04-2012,23.3
09-04-2012,23.43
04-04-2012,23.6
03-04-2012,23.59
02-04-2012,23.4
30-03-2012,23.22
29-03-2012,22.81
28-03-2012,22.76
27-03-2012,22.78
26-03-2012,22.66
23-03-2012,22.9
22-03-2012,22.79
21-03-2012,23.16
20-03-2012,22.77
19-03-2012,22.69
16-03-2012,22.71
15-03-2012,22.78
14-03-2012,23
13-03-2012,23.05
12-03-2012,22.79
09-03-2012,22.52
07-03-2012,22.13
06-03-2012,22.18
05-03-2012,22.29
02-03-2012,22.42
01-03-2012,22.51
29-02-2012,22.53
28-02-2012,22.25
27-02-2012,21.57
24-02-2012,22.15
23-02-2012,22.19
22-02-2012,22.31
21-02-2012,22.93
17-02-2012,22.8
16-02-2012,22.89
15-02-2012,22.89
14-02-2012,22.47
13-02-2012,22.26
10-02-2012,22.27
09-02-2012,22.26
08-02-2012,22.08
07-02-2012,21.89
06-02-2012,21.86
03-02-2012,21.54
02-02-2012,21.24
01-02-2012,20.91
31-01-2012,20.59
30-01-2012,20.21
27-01-2012,20.5
25-01-2012,20.37
24-01-2012,20.21
23-01-2012,19.97
20-01-2012,19.96
19-01-2012,20.01
18-01-2012,19.82
17-01-2012,19.89
16-01-2012,19.71
13-01-2012,19.57
12-01-2012,19.4
11-01-2012,19.38
10-01-2012,19.3
09-01-2012,18.99
06-01-2012,18.75
05-01-2012,18.83
04-01-2012,18.81
03-01-2012,18.81
02-01-2012,18.46
30-12-2011,18.49
29-12-2011,18.46
28-12-2011,18.47
27-12-2011,18.63
26-12-2011,18.64
23-12-2011,18.55
22-12-2011,18.51
21-12-2011,18.41
20-12-2011,18.18
19-12-2011,18.43
16-12-2011,18.5
15-12-2011,18.79
14-12-2011,19.02
13-12-2011,19.25
12-12-2011,19.28
09-12-2011,19.61
08-12-2011,19.7
07-12-2011,19.97
05-12-2011,20.03
02-12-2011,20.2
01-12-2011,19.97
30-11-2011,19.89
29-11-2011,19.96
28-11-2011,19.97
25-11-2011,19.76
24-11-2011,19.65
23-11-2011,19.47
22-11-2011,19.76
21-11-2011,19.75
18-11-2011,20.04
17-11-2011,20.24
16-11-2011,20.41
15-11-2011,20.57
14-11-2011,21.04
11-11-2011,21.19
09-11-2011,21.36
08-11-2011,21.57
04-11-2011,21.61
03-11-2011,21.51
02-11-2011,21.49
01-11-2011,21.57
31-10-2011,21.59
28-10-2011,21.51
25-10-2011,21.09
24-10-2011,21.13
21-10-2011,21.12
20-10-2011,21.21
19-10-2011,21.24
18-10-2011,21.14
17-10-2011,21.44
14-10-2011,21.39
13-10-2011,21.4
12-10-2011,21.33
11-10-2011,21.05
10-10-2011,20.85
07-10-2011,20.69
05-10-2011,20.43
04-10-2011,20.66
03-10-2011,20.91
30-09-2011,21.27
29-09-2011,21.24
28-09-2011,21.19
27-09-2011,21.37
26-09-2011,21.16
23-09-2011,21.42
22-09-2011,21.55
21-09-2011,21.94
20-09-2011,21.8
19-09-2011,21.64
16-09-2011,21.64
15-09-2011,21.64
14-09-2011,21.67
13-09-2011,21.66
12-09-2011,21.62
09-09-2011,21.94
08-09-2011,22.05
07-09-2011,22.01
06-09-2011,21.71
05-09-2011,21.72
02-09-2011,21.65
30-08-2011,21.59
29-08-2011,21.2
26-08-2011,20.84
25-08-2011,21.27
24-08-2011,21.4
23-08-2011,21.54
22-08-2011,21.41
19-08-2011,21.23
18-08-2011,21.54
17-08-2011,21.87
16-08-2011,22.01
12-08-2011,22.27
11-08-2011,22.45
10-08-2011,22.5
09-08-2011,22.07
08-08-2011,22.26
05-08-2011,22.63
04-08-2011,23.05
03-08-2011,23.26
02-08-2011,23.28
01-08-2011,23.51
29-07-2011,23.48
28-07-2011,23.67
27-07-2011,23.94
26-07-2011,23.94
25-07-2011,24.01
22-07-2011,24.03
21-07-2011,23.77
20-07-2011,23.75
19-07-2011,23.71
18-07-2011,23.65
15-07-2011,23.59
14-07-2011,23.6
13-07-2011,23.48
12-07-2011,23.23
11-07-2011,23.41
08-07-2011,23.43
07-07-2011,23.56
06-07-2011,23.32
05-07-2011,23.17
04-07-2011,23.17
01-07-2011,23.1
30-06-2011,22.97
29-06-2011,22.89
28-06-2011,22.77
27-06-2011,22.62
24-06-2011,22.45
23-06-2011,22.22
22-06-2011,22.27
21-06-2011,22.44
20-06-2011,22.45
17-06-2011,22.87
16-06-2011,23.02
15-06-2011,23.11
14-06-2011,23.16
13-06-2011,23.12
10-06-2011,23.1
09-06-2011,23.07
08-06-2011,23.09
07-06-2011,23.07
06-06-2011,23.09
03-06-2011,23.15
02-06-2011,23.12
01-06-2011,23.21
31-05-2011,23.16
30-05-2011,22.84
27-05-2011,22.72
26-05-2011,22.64
25-05-2011,22.53
24-05-2011,22.62
23-05-2011,22.56
20-05-2011,22.74
19-05-2011,22.7
18-05-2011,22.74
17-05-2011,22.72
16-05-2011,22.89
13-05-2011,22.98
12-05-2011,22.83
11-05-2011,22.96
10-05-2011,22.75
09-05-2011,22.81
06-05-2011,22.71
05-05-2011,22.62
04-05-2011,22.68
03-05-2011,22.67
02-05-2011,22.86
29-04-2011,23.15
28-04-2011,23.29
27-04-2011,23.37
26-04-2011,23.4
25-04-2011,23.35
21-04-2011,23.33
20-04-2011,23.38
19-04-2011,22.99
18-04-2011,23.05
15-04-2011,23.17
13-04-2011,23.06
11-04-2011,22.86
08-04-2011,22.9
07-04-2011,23.15
06-04-2011,22.99
05-04-2011,22.82
04-04-2011,22.56
01-04-2011,22.2
31-03-2011,22.08
30-03-2011,22.01
29-03-2011,21.71
28-03-2011,21.53
25-03-2011,21.4
24-03-2011,21.2
23-03-2011,21.02
22-03-2011,20.94
21-03-2011,20.92
18-03-2011,20.99
17-03-2011,20.95
16-03-2011,20.99
15-03-2011,20.84
14-03-2011,21
11-03-2011,21.02
10-03-2011,21.16
09-03-2011,21.18
08-03-2011,21.16
07-03-2011,21.06
04-03-2011,21.15
03-03-2011,21.17
01-03-2011,21.25
28-02-2011,20.84
25-02-2011,20.91
24-02-2011,21.03
23-02-2011,21.28
22-02-2011,21.33
21-02-2011,21.43
18-02-2011,21.45
17-02-2011,21.59
16-02-2011,21.46
15-02-2011,21.39
14-02-2011,21.47
11-02-2011,20.98
10-02-2011,20.48
09-02-2011,20.46
08-02-2011,21.02
07-02-2011,21.33
04-02-2011,21.45
03-02-2011,21.72
02-02-2011,21.66
01-02-2011,21.71
31-01-2011,21.84
28-01-2011,21.86
27-01-2011,22.3
25-01-2011,22.44
24-01-2011,22.52
21-01-2011,22.54
20-01-2011,22.59
19-01-2011,22.64
18-01-2011,22.6
17-01-2011,22.55
14-01-2011,22.74
13-01-2011,23.03
12-01-2011,23
11-01-2011,22.83
10-01-2011,22.98
07-01-2011,23.36
06-01-2011,23.7
05-01-2011,23.82
04-01-2011,24.07
03-01-2011,23.91
31-12-2010,23.79
30-12-2010,23.64
29-12-2010,23.51
28-12-2010,23.43
27-12-2010,23.5
24-12-2010,23.44
23-12-2010,23.36
22-12-2010,23.24
21-12-2010,23.14
20-12-2010,23.08
16-12-2010,23.04
15-12-2010,23.08
14-12-2010,23.28
13-12-2010,23.06
10-12-2010,22.79
09-12-2010,22.45
08-12-2010,23.19
07-12-2010,23.52
06-12-2010,23.62
03-12-2010,23.61
02-12-2010,23.99
01-12-2010,23.77
30-11-2010,23.31
29-11-2010,23.09
26-11-2010,23.04
25-11-2010,23.49
24-11-2010,23.69
23-11-2010,23.74
22-11-2010,23.86
19-11-2010,23.67
18-11-2010,24
16-11-2010,23.95
15-11-2010,24.26
12-11-2010,24.38
11-11-2010,24.71
10-11-2010,24.74
09-11-2010,24.73
08-11-2010,24.77
04-11-2010,24.57
03-11-2010,24.38
02-11-2010,24.39
01-11-2010,24.31
29-10-2010,24.19
28-10-2010,24.42
27-10-2010,24.45
26-10-2010,24.68
25-10-2010,24.84
22-10-2010,24.63
21-10-2010,24.58
20-10-2010,24.43
19-10-2010,24.49
18-10-2010,24.39
15-10-2010,24.53
14-10-2010,24.79
13-10-2010,24.97
12-10-2010,24.94
11-10-2010,25.02
08-10-2010,24.97
07-10-2010,25.06
06-10-2010,25.22
05-10-2010,24.84
04-10-2010,24.67
01-10-2010,24.36
30-09-2010,24.02
29-09-2010,23.96
28-09-2010,23.97
27-09-2010,24.08
24-09-2010,24.02
23-09-2010,23.92
22-09-2010,24.05
21-09-2010,24.19
20-09-2010,24.34
17-09-2010,24.21
16-09-2010,23.95
15-09-2010,24.23
14-09-2010,24.18
13-09-2010,24.29
09-09-2010,24.1
08-09-2010,23.92
07-09-2010,23.85
06-09-2010,23.88
03-09-2010,23.59
02-09-2010,23.4
01-09-2010,23.33
31-08-2010,23.05
30-08-2010,23.16
27-08-2010,23.22
26-08-2010,23.55
25-08-2010,23.48
24-08-2010,23.86
23-08-2010,23.89
20-08-2010,23.82
19-08-2010,23.75
18-08-2010,23.59
17-08-2010,23.43
16-08-2010,23.23
13-08-2010,23.25
12-08-2010,23.08
11-08-2010,23
10-08-2010,23.14
09-08-2010,23.13
06-08-2010,22.74
05-08-2010,22.81
04-08-2010,22.7
03-08-2010,22.71
02-08-2010,22.47
30-07-2010,22.23
29-07-2010,22.07
28-07-2010,22.1
27-07-2010,22.11
26-07-2010,22.11
23-07-2010,22.45
22-07-2010,22.52
21-07-2010,22.41
20-07-2010,22.18
19-07-2010,22.19
16-07-2010,22.23
15-07-2010,22.16
14-07-2010,22.16
13-07-2010,22.19
12-07-2010,21.97
09-07-2010,21.88
08-07-2010,21.8
07-07-2010,21.6
06-07-2010,21.56
05-07-2010,21.48
02-07-2010,21.37
01-07-2010,21.27
30-06-2010,21.33
29-06-2010,21.22
28-06-2010,21.27
25-06-2010,21.09
24-06-2010,21.23
23-06-2010,21.09
22-06-2010,20.92
21-06-2010,20.86
18-06-2010,20.63
17-06-2010,20.74
16-06-2010,20.67
15-06-2010,20.64
14-06-2010,20.5
11-06-2010,20.42
10-06-2010,20.33
09-06-2010,20.12
08-06-2010,20.05
07-06-2010,20.1
04-06-2010,20.27
03-06-2010,20.24
02-06-2010,20.13
01-06-2010,19.98
31-05-2010,20.09
28-05-2010,19.91
27-05-2010,19.58
26-05-2010,19.43
25-05-2010,19.23
24-05-2010,19.78
21-05-2010,19.59
20-05-2010,19.78
19-05-2010,19.73
18-05-2010,20.1
17-05-2010,19.98
14-05-2010,20.02
13-05-2010,20.22
12-05-2010,20.1
11-05-2010,20.13
10-05-2010,20.29
07-05-2010,19.86
06-05-2010,20.23
05-05-2010,20.29
04-05-2010,20.27
03-05-2010,20.62
30-04-2010,20.7
29-04-2010,20.66
28-04-2010,20.5
27-04-2010,20.78
26-04-2010,20.8
23-04-2010,20.65
22-04-2010,20.53
21-04-2010,20.49
20-04-2010,20.23
19-04-2010,20.02
16-04-2010,20.25
15-04-2010,20.35
13-04-2010,20.29
12-04-2010,20.36
09-04-2010,20.37
08-04-2010,20.31
07-04-2010,20.44
06-04-2010,20.25
05-04-2010,20.22
01-04-2010,19.85
31-03-2010,19.62
30-03-2010,19.63
29-03-2010,19.48
26-03-2010,19.53
25-03-2010,19.55
23-03-2010,19.44
22-03-2010,19.39
19-03-2010,19.51
18-03-2010,19.33
17-03-2010,19.24
16-03-2010,19.16
15-03-2010,18.94
12-03-2010,19.02
11-03-2010,19.03
10-03-2010,19.09
09-03-2010,19.25
08-03-2010,19.21
05-03-2010,18.94
04-03-2010,18.71
03-03-2010,18.51
02-03-2010,18.24
26-02-2010,17.9
25-02-2010,17.63
24-02-2010,17.67
23-02-2010,17.82
22-02-2010,17.98
19-02-2010,18.02
18-02-2010,18.25
17-02-2010,18.37
16-02-2010,18.27
15-02-2010,18.19
11-02-2010,18.31
10-02-2010,18.27
09-02-2010,18.31
08-02-2010,18.27
05-02-2010,17.89
04-02-2010,18.3
03-02-2010,18.62
02-02-2010,18.43
01-02-2010,18.43
29-01-2010,18.16
28-01-2010,18.02
27-01-2010,17.92
25-01-2010,18.64
22-01-2010,18.82
21-01-2010,19.08
20-01-2010,19.43
19-01-2010,19.4
18-01-2010,19.49
15-01-2010,19.47
14-01-2010,19.45
13-01-2010,19.17
12-01-2010,19.14
11-01-2010,19.31
08-01-2010,19.09
07-01-2010,19.19
06-01-2010,19.15
05-01-2010,18.98
04-01-2010,18.78
31-12-2009,18.54
30-12-2009,18.47
29-12-2009,18.29
24-12-2009,18.13
23-12-2009,17.99
22-12-2009,17.74
21-12-2009,17.66
18-12-2009,17.65
17-12-2009,17.67
16-12-2009,17.44
15-12-2009,17.42
14-12-2009,17.63
11-12-2009,17.7
10-12-2009,17.62
09-12-2009,17.42
08-12-2009,17.46
07-12-2009,17.28
04-12-2009,17.45
03-12-2009,17.49
02-12-2009,17.41
01-12-2009,17.3
30-11-2009,16.8
27-11-2009,16.58
26-11-2009,16.74
25-11-2009,16.91
24-11-2009,17
23-11-2009,16.98
20-11-2009,16.78
19-11-2009,16.64
18-11-2009,16.82
17-11-2009,16.82
16-11-2009,16.82
13-11-2009,16.63
12-11-2009,16.68
11-11-2009,16.56
10-11-2009,16.25
09-11-2009,16.27
06-11-2009,16.03
05-11-2009,15.7
04-11-2009,15.51
03-11-2009,15.2
30-10-2009,15.78
29-10-2009,15.84
28-10-2009,15.95
27-10-2009,16.02
26-10-2009,16.58
23-10-2009,16.79
22-10-2009,16.71
21-10-2009,17.01
20-10-2009,17.2
16-10-2009,17.07
15-10-2009,17.05
14-10-2009,16.85
12-10-2009,16.67
09-10-2009,16.5
08-10-2009,16.63
07-10-2009,16.59
06-10-2009,16.51
05-10-2009,16.55
01-10-2009,16.85
30-09-2009,16.86
29-09-2009,16.62
25-09-2009,16.51
24-09-2009,16.38
23-09-2009,16.25
22-09-2009,16.41
18-09-2009,16.31
17-09-2009,16.31
16-09-2009,16.29
15-09-2009,16.17
14-09-2009,15.99
11-09-2009,15.93
10-09-2009,15.95
09-09-2009,16.01
08-09-2009,16.11
07-09-2009,16.08
04-09-2009,15.8
03-09-2009,15.67
02-09-2009,15.64
01-09-2009,15.71
31-08-2009,15.95
28-08-2009,15.9
27-08-2009,15.88
26-08-2009,15.86
25-08-2009,15.61
24-08-2009,15.45
21-08-2009,15.09
20-08-2009,15
19-08-2009,14.75
18-08-2009,14.79
17-08-2009,14.66
14-08-2009,15.03
13-08-2009,14.95
12-08-2009,14.5
11-08-2009,14.49
10-08-2009,14.44
07-08-2009,14.71
06-08-2009,14.9
05-08-2009,15.1
04-08-2009,14.99
03-08-2009,15.02
31-07-2009,14.94
30-07-2009,14.81
29-07-2009,14.67
28-07-2009,14.78
27-07-2009,14.69
24-07-2009,14.53
23-07-2009,14.39
22-07-2009,14.11
21-07-2009,14.11
20-07-2009,14.12
17-07-2009,13.81
16-07-2009,13.63
15-07-2009,13.65
14-07-2009,13.27
13-07-2009,12.87
10-07-2009,13.01
09-07-2009,13.14
08-07-2009,13.04
07-07-2009,13.38
06-07-2009,13.34
03-07-2009,13.79
02-07-2009,13.71
01-07-2009,13.64
30-06-2009,13.59
29-06-2009,13.77
26-06-2009,13.64
25-06-2009,13.45
24-06-2009,13.41
23-06-2009,13.27
22-06-2009,13.27
19-06-2009,13.28
18-06-2009,13.24
17-06-2009,13.52
16-06-2009,13.87
15-06-2009,13.69
12-06-2009,13.93
11-06-2009,14.16
10-06-2009,14.14
09-06-2009,13.93
08-06-2009,13.77
05-06-2009,14.34
04-06-2009,14.47
03-06-2009,14.35
02-06-2009,14.2
01-06-2009,14.19
29-05-2009,13.77
28-05-2009,13.39
27-05-2009,13.46
26-05-2009,12.98
25-05-2009,13.25
22-05-2009,12.78
21-05-2009,12.66
20-05-2009,12.49
19-05-2009,11.76
15-05-2009,10.42
14-05-2009,10.33
13-05-2009,10.31
12-05-2009,10.29
11-05-2009,10.26
08-05-2009,10.39
07-05-2009,10.28
06-05-2009,9.93
05-05-2009,9.92
04-05-2009,9.79
29-04-2009,9.53
28-04-2009,9.35
27-04-2009,9.67
24-04-2009,9.64
23-04-2009,9.41
22-04-2009,9.3
21-04-2009,9.42
20-04-2009,9.3
17-04-2009,9.11
16-04-2009,9.04
15-04-2009,9.39
13-04-2009,9.04
09-04-2009,8.75
08-04-2009,8.56
06-04-2009,8.35
02-04-2009,8.18
01-04-2009,7.85
31-03-2009,7.68
30-03-2009,7.56
27-03-2009,7.64
26-03-2009,7.47
25-03-2009,7.4
24-03-2009,7.39
23-03-2009,7.44
20-03-2009,7.3
19-03-2009,7.26
18-03-2009,7.25
17-03-2009,7.05
16-03-2009,7.05
13-03-2009,6.88
12-03-2009,6.75
09-03-2009,6.76
06-03-2009,6.87
05-03-2009,6.93
04-03-2009,7.08
03-03-2009,7.14
02-03-2009,7.24
27-02-2009,7.35
26-02-2009,7.38
25-02-2009,7.39
24-02-2009,7.43
19-02-2009,7.75
18-02-2009,7.8
17-02-2009,7.81
16-02-2009,7.94
13-02-2009,8.13
12-02-2009,8.07
11-02-2009,8.03
10-02-2009,7.98
09-02-2009,7.94
06-02-2009,7.82
05-02-2009,7.73
04-02-2009,7.76
03-02-2009,7.8
02-02-2009,7.85
30-01-2009,7.97
29-01-2009,7.87
28-01-2009,7.87
27-01-2009,7.84
23-01-2009,7.84
22-01-2009,7.93
21-01-2009,8.06
20-01-2009,8.28
19-01-2009,8.37
16-01-2009,8.31
15-01-2009,8.29
14-01-2009,8.42
13-01-2009,8.34
12-01-2009,8.37
09-01-2009,8.56
07-01-2009,8.7
06-01-2009,9.28
05-01-2009,9.26
02-01-2009,9.06
01-01-2009,8.91
31-12-2008,8.73
30-12-2008,8.67
29-12-2008,8.52
26-12-2008,8.44
24-12-2008,8.55
23-12-2008,8.62
22-12-2008,8.78
19-12-2008,8.7
18-12-2008,8.6
17-12-2008,8.55
16-12-2008,8.73
15-12-2008,8.52
12-12-2008,8.27
11-12-2008,8.14
10-12-2008,7.99
08-12-2008,7.9
05-12-2008,7.94
04-12-2008,7.95
03-12-2008,7.8
02-12-2008,7.75
01-12-2008,7.84
28-11-2008,7.89
26-11-2008,7.95
25-11-2008,8
24-11-2008,8.1
21-11-2008,8.11
20-11-2008,8.07
19-11-2008,8.3
18-11-2008,8.41
17-11-2008,8.51
14-11-2008,8.59
12-11-2008,8.63
11-11-2008,8.72
10-11-2008,8.9
07-11-2008,8.61
06-11-2008,8.56
05-11-2008,8.72
04-11-2008,8.78
03-11-2008,8.57
31-10-2008,8.25
29-10-2008,8.1
27-10-2008,7.89
24-10-2008,8.2
23-10-2008,8.8
22-10-2008,9.16
21-10-2008,9.35
20-10-2008,9.14
17-10-2008,9.2
16-10-2008,9.48
15-10-2008,9.64
14-10-2008,10.14
13-10-2008,10.05
10-10-2008,9.74
08-10-2008,10.3
07-10-2008,10.83
06-10-2008,11.16
03-10-2008,11.85
01-10-2008,12.09
30-09-2008,12.07
29-09-2008,12.02
26-09-2008,12.56
25-09-2008,12.9
24-09-2008,13.06
23-09-2008,13.11
22-09-2008,13.3
19-09-2008,13.44
18-09-2008,13.21
17-09-2008,13.38
16-09-2008,13.57
15-09-2008,13.77
12-09-2008,14.36
11-09-2008,14.57
10-09-2008,14.78
09-09-2008,14.95
08-09-2008,14.99
05-09-2008,14.89
04-09-2008,15
02-09-2008,14.96
01-09-2008,14.77
29-08-2008,14.83
28-08-2008,14.46
27-08-2008,14.59
26-08-2008,14.65
25-08-2008,14.67
22-08-2008,14.66
21-08-2008,14.67
20-08-2008,15.01
19-08-2008,14.96
18-08-2008,14.97
14-08-2008,15.15
13-08-2008,15.46
12-08-2008,15.51
11-08-2008,15.61
08-08-2008,15.45
07-08-2008,15.34
06-08-2008,15.2
05-08-2008,15.22
04-08-2008,15.02
01-08-2008,14.88
31-07-2008,14.7
30-07-2008,14.65
29-07-2008,14.53
28-07-2008,14.82
25-07-2008,14.68
24-07-2008,14.69
23-07-2008,14.72
22-07-2008,14.24
21-07-2008,14.09
18-07-2008,14.16
17-07-2008,14.19
16-07-2008,13.87
15-07-2008,13.99
14-07-2008,14.32
11-07-2008,14.52
10-07-2008,14.77
09-07-2008,14.68
08-07-2008,14.3
07-07-2008,14.28
04-07-2008,14.09
03-07-2008,13.72
02-07-2008,13.86
01-07-2008,13.67
30-06-2008,14.09
27-06-2008,14.48
26-06-2008,14.9
25-06-2008,14.79
24-06-2008,14.6
23-06-2008,14.75
20-06-2008,15.43
19-06-2008,15.99
18-06-2008,16.35
17-06-2008,16.45
16-06-2008,16.3
13-06-2008,16.12
12-06-2008,16.08
11-06-2008,16.02
10-06-2008,15.76
09-06-2008,15.93
06-06-2008,16.31
05-06-2008,16.43
04-06-2008,16.14
03-06-2008,16.57
02-06-2008,16.79
30-05-2008,17.36
29-05-2008,17.23
28-05-2008,17.25
27-05-2008,17.17
26-05-2008,17.37
23-05-2008,17.86
22-05-2008,18.07
21-05-2008,18.28
20-05-2008,18.07
16-05-2008,17.98
15-05-2008,17.88
14-05-2008,17.72
13-05-2008,17.6
12-05-2008,17.64
09-05-2008,17.86
08-05-2008,18.25
07-05-2008,18.36
06-05-2008,18.44
05-05-2008,18.62
02-05-2008,18.55
30-04-2008,18.39
29-04-2008,18.48
28-04-2008,18.27
25-04-2008,18.41
24-04-2008,18.3
23-04-2008,18.44
22-04-2008,18.51
21-04-2008,18.42
17-04-2008,18.04
16-04-2008,17.72
15-04-2008,17.42
11-04-2008,17.08
10-04-2008,16.94
09-04-2008,16.74
08-04-2008,16.5
07-04-2008,16.65
04-04-2008,16.52
03-04-2008,16.98
02-04-2008,17.08
01-04-2008,17
31-03-2008,17.04
28-03-2008,17.29
27-03-2008,16.6
26-03-2008,16.56
25-03-2008,16.49
24-03-2008,15.58
19-03-2008,15.93
18-03-2008,16.14
17-03-2008,16.28
14-03-2008,17.49
13-03-2008,17.33
12-03-2008,18.25
11-03-2008,18.34
10-03-2008,17.64
07-03-2008,17.82
05-03-2008,18.67
04-03-2008,18.83
03-03-2008,19.26
29-02-2008,20.04
28-02-2008,20.32
27-02-2008,20.39
26-02-2008,20.44
25-02-2008,20.07
22-02-2008,19.93
21-02-2008,20.27
20-02-2008,20.01
19-02-2008,20.35
18-02-2008,20.33
15-02-2008,20.33
14-02-2008,20.01
13-02-2008,19.02
12-02-2008,18.72
11-02-2008,19
08-02-2008,19.91
07-02-2008,20.38
06-02-2008,20.92
05-02-2008,21.37
04-02-2008,21.16
01-02-2008,20.49
31-01-2008,20.56
30-01-2008,20.72
29-01-2008,21.27
28-01-2008,21.39
25-01-2008,21.6
24-01-2008,20.45
23-01-2008,21.15
22-01-2008,20.01
21-01-2008,21.52
18-01-2008,23.69
17-01-2008,24.69
16-01-2008,24.67
15-01-2008,25.09
14-01-2008,25.27
11-01-2008,25.01
10-01-2008,24.9
09-01-2008,25.46
08-01-2008,25.61
07-01-2008,26.24
04-01-2008,26.4
03-01-2008,26.27
02-01-2008,26.34
01-01-2008,25.98
31-12-2007,25.72
28-12-2007,25.36
27-12-2007,25.25
26-12-2007,25.11
24-12-2007,24.62
20-12-2007,24.14
19-12-2007,24.19
18-12-2007,24.13
17-12-2007,24.11
14-12-2007,24.98
13-12-2007,24.9
12-12-2007,24.91
11-12-2007,24.56
10-12-2007,24.39
07-12-2007,24.28
06-12-2007,24.17
05-12-2007,24.21
04-12-2007,23.61
03-12-2007,23.4
30-11-2007,22.95
29-11-2007,22.4
28-11-2007,22.31
27-11-2007,22.42
26-11-2007,22.49
23-11-2007,22.18
22-11-2007,22.01
21-11-2007,22.28
20-11-2007,23.27
19-11-2007,23.52
16-11-2007,23.12
15-11-2007,23.03
14-11-2007,22.9
13-11-2007,22.34
12-11-2007,21.9
08-11-2007,22.04
07-11-2007,22.17
06-11-2007,22.27
05-11-2007,22.6
02-11-2007,22.63
01-11-2007,22.38
31-10-2007,22.59
30-10-2007,22.38
29-10-2007,22.61
26-10-2007,22.02
25-10-2007,21.53
24-10-2007,21.23
23-10-2007,20.96
22-10-2007,20.26
19-10-2007,20.17
18-10-2007,20.73
17-10-2007,21.13
16-10-2007,21.41
15-10-2007,21.44
12-10-2007,20.7
11-10-2007,20.83
10-10-2007,20.57
09-10-2007,20.34
08-10-2007,19.76
05-10-2007,20.32
04-10-2007,20.31
03-10-2007,20.34
01-10-2007,20.32
28-09-2007,20.3
27-09-2007,20.22
26-09-2007,20.18
25-09-2007,20.17
24-09-2007,20.25
21-09-2007,20.08
20-09-2007,19.99
19-09-2007,19.94
18-09-2007,19.72
17-09-2007,19.54
14-09-2007,19.53
13-09-2007,19.57
12-09-2007,19.4
11-09-2007,19.35
10-09-2007,19.42
07-09-2007,19.44
06-09-2007,19.5
05-09-2007,19.41
04-09-2007,19.42
03-09-2007,19.35
31-08-2007,19.07
30-08-2007,18.88
29-08-2007,18.83
28-08-2007,18.67
27-08-2007,18.43
24-08-2007,17.98
23-08-2007,17.66
22-08-2007,17.88
21-08-2007,17.67
17-08-2007,18
16-08-2007,18.24
14-08-2007,18.76
13-08-2007,18.76
10-08-2007,18.64
09-08-2007,18.71
08-08-2007,18.94
07-08-2007,18.62
06-08-2007,18.52
03-08-2007,18.74
02-08-2007,18.46
01-08-2007,18.41
31-07-2007,18.96
30-07-2007,18.56
27-07-2007,18.64
26-07-2007,19.17
25-07-2007,19.18
24-07-2007,19.28
23-07-2007,19.38
20-07-2007,19.33
19-07-2007,19.25
18-07-2007,19.11
17-07-2007,19.2
16-07-2007,19.21
13-07-2007,19.33
12-07-2007,19.33
11-07-2007,19.12
10-07-2007,18.98
09-07-2007,19.11
06-07-2007,19
05-07-2007,18.94
04-07-2007,19.02
03-07-2007,18.99
02-07-2007,18.94
28-06-2007,18.4
27-06-2007,18.44
26-06-2007,18.35
25-06-2007,18.25
22-06-2007,18.05
21-06-2007,18.08
20-06-2007,18.02
19-06-2007,17.77
18-06-2007,17.41
15-06-2007,17.45
14-06-2007,17.33
13-06-2007,16.94
12-06-2007,16.98
11-06-2007,17
08-06-2007,17.07
07-06-2007,17.13
06-06-2007,17.16
05-06-2007,17.43
04-06-2007,17.27
01-06-2007,17.44
31-05-2007,17.32
30-05-2007,17.22
29-05-2007,17.15
28-05-2007,16.94
25-05-2007,16.72
24-05-2007,16.54
23-05-2007,16.65
22-05-2007,16.7
21-05-2007,16.54
18-05-2007,16.39
17-05-2007,16.37
16-05-2007,16.28
15-05-2007,16.14
14-05-2007,16.11
11-05-2007,15.94
10-05-2007,15.86
09-05-2007,15.82
08-05-2007,15.77
07-05-2007,15.97
04-05-2007,15.99
03-05-2007,16.15
30-04-2007,15.93
27-04-2007,15.76
26-04-2007,15.96
25-04-2007,15.98
24-04-2007,15.76
23-04-2007,15.61
20-04-2007,15.64
19-04-2007,15.42
18-04-2007,15.36
17-04-2007,15.29
16-04-2007,15.38
13-04-2007,15.02
12-04-2007,14.72
11-04-2007,14.81
10-04-2007,14.66
09-04-2007,14.6
05-04-2007,14.34
04-04-2007,14.21
03-04-2007,14.01
02-04-2007,13.97
30-03-2007,14.53
29-03-2007,14.35
28-03-2007,14.29
26-03-2007,14.52
23-03-2007,14.64
22-03-2007,14.6
21-03-2007,14.38
20-03-2007,14.31
16-03-2007,14
15-03-2007,14.14
14-03-2007,14.13
13-03-2007,14.39
12-03-2007,14.25
09-03-2007,14.24
08-03-2007,14.32
07-03-2007,13.75
06-03-2007,13.99
05-03-2007,13.88
02-03-2007,14.67
01-03-2007,14.87
28-02-2007,14.78
27-02-2007,15.3
26-02-2007,15.4
23-02-2007,15.23
22-02-2007,15.63
21-02-2007,15.84
20-02-2007,15.86
19-02-2007,16.08
15-02-2007,16.16
14-02-2007,15.75
13-02-2007,15.61
12-02-2007,15.75
09-02-2007,16.22
08-02-2007,16.48
07-02-2007,16.49
06-02-2007,16.48
05-02-2007,16.51
02-02-2007,16.47
31-01-2007,16.15
29-01-2007,16.43
25-01-2007,16.44
24-01-2007,16.3
23-01-2007,16.3
22-01-2007,16.5
19-01-2007,16.57
18-01-2007,16.65
17-01-2007,16.66
16-01-2007,16.65
15-01-2007,16.66
12-01-2007,16.54
11-01-2007,16.27
10-01-2007,15.98
09-01-2007,16.21
08-01-2007,16.35
05-01-2007,16.45
04-01-2007,16.44
03-01-2007,16.45
02-01-2007,16.41
29-12-2006,16.21
28-12-2006,16.06
27-12-2006,16.09
26-12-2006,15.98
22-12-2006,15.83
21-12-2006,15.62
20-12-2006,15.5
19-12-2006,15.58
18-12-2006,15.84
15-12-2006,15.75
14-12-2006,15.61
13-12-2006,15.19
12-12-2006,14.88
11-12-2006,15.48
08-12-2006,15.91
07-12-2006,16.14
06-12-2006,16.11
05-12-2006,16.22
04-12-2006,16.16
01-12-2006,16.03
30-11-2006,15.8
29-11-2006,15.77
28-11-2006,15.62
27-11-2006,15.74
24-11-2006,15.65
23-11-2006,15.6
22-11-2006,15.5
21-11-2006,15.37
20-11-2006,15.02
17-11-2006,15
16-11-2006,15.18
15-11-2006,15.17
14-11-2006,15.32
13-11-2006,15.38
10-11-2006,15.4
09-11-2006,15.27
08-11-2006,15.18
07-11-2006,15.42
06-11-2006,15.43
03-11-2006,15.2
02-11-2006,15.06
01-11-2006,14.92
31-10-2006,14.82
30-10-2006,14.92
27-10-2006,14.91
26-10-2006,14.71
23-10-2006,14.68
20-10-2006,14.72
19-10-2006,14.76
18-10-2006,14.89
17-10-2006,14.84
16-10-2006,14.95
13-10-2006,14.9
12-10-2006,14.78
11-10-2006,14.69
10-10-2006,14.95
09-10-2006,14.98
06-10-2006,14.88
05-10-2006,14.71
04-10-2006,14.53
03-10-2006,14.66
29-09-2006,14.71
28-09-2006,14.57
27-09-2006,14.51
26-09-2006,14.43
25-09-2006,14.22
22-09-2006,14.35
21-09-2006,14.39
20-09-2006,14.28
19-09-2006,14.15
18-09-2006,14.35
15-09-2006,14.34
14-09-2006,14.24
13-09-2006,14.16
12-09-2006,13.94
11-09-2006,13.84
08-09-2006,14.41
07-09-2006,14.35
06-09-2006,14.44
05-09-2006,14.33
04-09-2006,14.28
01-09-2006,14.07
31-08-2006,13.91
30-08-2006,14.04
29-08-2006,14.03
28-08-2006,14.05
25-08-2006,13.93
24-08-2006,13.86
23-08-2006,13.77
22-08-2006,13.94
21-08-2006,13.93
18-08-2006,13.87
17-08-2006,13.78
16-08-2006,13.92
14-08-2006,13.72
11-08-2006,13.53
10-08-2006,13.34
09-08-2006,13.14
08-08-2006,12.94
07-08-2006,12.76
04-08-2006,12.76
03-08-2006,12.85
02-08-2006,12.78
01-08-2006,12.67
31-07-2006,12.72
28-07-2006,12.66
27-07-2006,12.63
26-07-2006,12.35
25-07-2006,12.04
24-07-2006,11.8
21-07-2006,11.74
20-07-2006,12
19-07-2006,11.72
18-07-2006,12.02
17-07-2006,12.23
14-07-2006,12.67
13-07-2006,12.76
12-07-2006,12.75
11-07-2006,12.64
10-07-2006,12.68
07-07-2006,12.65
06-07-2006,12.94
05-07-2006,13
04-07-2006,12.95
03-07-2006,13
30-06-2006,12.91
29-06-2006,12.44
28-06-2006,12.4
27-06-2006,12.5
26-06-2006,12.6
23-06-2006,13.07
22-06-2006,13.09
21-06-2006,12.79
20-06-2006,12.42
19-06-2006,12.34
16-06-2006,12.05
15-06-2006,11.82
14-06-2006,11.22
13-06-2006,11.46
12-06-2006,12.03
09-06-2006,12.25
08-06-2006,11.38
07-06-2006,12.24
06-06-2006,13.11
05-06-2006,13.67
02-06-2006,13.81
01-06-2006,13.65
31-05-2006,14.26
30-05-2006,14.71
29-05-2006,14.74
26-05-2006,14.64
25-05-2006,14.3
24-05-2006,14.17
23-05-2006,14.54
22-05-2006,13.75
19-05-2006,15.04
18-05-2006,15.77
17-05-2006,16.95
16-05-2006,16.4
15-05-2006,16.67
12-05-2006,17.34
11-05-2006,17.44
10-05-2006,17.69
09-05-2006,17.47
08-05-2006,17.48
05-05-2006,17.41
04-05-2006,17.34
03-05-2006,17.17
02-05-2006,17.27
28-04-2006,16.81
27-04-2006,16.88
26-04-2006,16.94
25-04-2006,16.79
24-04-2006,16.95
21-04-2006,16.67
20-04-2006,16.56
19-04-2006,16.54
18-04-2006,16.55
17-04-2006,16.47
13-04-2006,16.43
12-04-2006,16.71
10-04-2006,16.82
07-04-2006,16.76
05-04-2006,17.03
04-04-2006,16.65
03-04-2006,16.22
31-03-2006,15.87
29-03-2006,15.72
28-03-2006,15.64
27-03-2006,15.86
24-03-2006,15.56
23-03-2006,15.39
22-03-2006,15.3
21-03-2006,15.52
20-03-2006,15.58
17-03-2006,15.42
16-03-2006,15.51
14-03-2006,15.55
13-03-2006,15.66
10-03-2006,15.49
09-03-2006,15.18
08-03-2006,15.12
07-03-2006,15.23
06-03-2006,15.23
03-03-2006,14.92
02-03-2006,14.81
01-03-2006,14.53
28-02-2006,14.26
27-02-2006,14.18
24-02-2006,14.12
23-02-2006,14.22
22-02-2006,14.16
21-02-2006,14.17
20-02-2006,14.09
17-02-2006,14.23
16-02-2006,14.41
15-02-2006,14.33
14-02-2006,14.4
13-02-2006,14.42
10-02-2006,14.2
08-02-2006,14.1
07-02-2006,14.2
06-02-2006,14.08
03-02-2006,14.01
02-02-2006,14.03
01-02-2006,14.04
31-01-2006,14.05
30-01-2006,13.97
27-01-2006,14.08
25-01-2006,14
24-01-2006,13.96
23-01-2006,13.88
20-01-2006,13.81
19-01-2006,13.63
18-01-2006,13.32
17-01-2006,13.3
16-01-2006,13.51
13-01-2006,13.55
12-01-2006,13.45
10-01-2006,13.33
09-01-2006,13.37
06-01-2006,13.22
05-01-2006,13.15
04-01-2006,13.16
03-01-2006,13.13
02-01-2006,13.03
30-12-2005,12.96
29-12-2005,12.79
28-12-2005,12.69
27-12-2005,12.64
26-12-2005,12.44
23-12-2005,12.72
22-12-2005,12.86
21-12-2005,12.88
20-12-2005,12.91
19-12-2005,12.81
16-12-2005,12.68
15-12-2005,12.6
14-12-2005,12.66
13-12-2005,12.74
12-12-2005,12.71
09-12-2005,12.72
08-12-2005,12.57
07-12-2005,12.56
06-12-2005,12.53
05-12-2005,12.54
02-12-2005,12.7
01-12-2005,12.71
30-11-2005,12.65
29-11-2005,12.7
28-11-2005,12.83
25-11-2005,12.23
24-11-2005,12.15
23-11-2005,12.08
22-11-2005,12.03
21-11-2005,12.09
18-11-2005,12.21
17-11-2005,12.18
16-11-2005,12.15
14-11-2005,12.02
11-11-2005,11.96
10-11-2005,11.77
09-11-2005,11.84
08-11-2005,11.74
07-11-2005,11.63
04-11-2005,11.28
02-11-2005,11.29
31-10-2005,11.14
28-10-2005,10.93
27-10-2005,11.08
26-10-2005,11.29
25-10-2005,11.27
24-10-2005,11.33
21-10-2005,11.34
20-10-2005,11.18
19-10-2005,11.31
18-10-2005,11.66
17-10-2005,11.73
14-10-2005,11.85
13-10-2005,12.18
11-10-2005,12.31
10-10-2005,12.39
07-10-2005,12.41
06-10-2005,12.46
05-10-2005,12.74
04-10-2005,12.88
03-10-2005,12.73
30-09-2005,12.53
29-09-2005,12.52
28-09-2005,12.44
27-09-2005,12.43
26-09-2005,12.37
23-09-2005,11.98
22-09-2005,11.93
21-09-2005,12.62
20-09-2005,12.97
19-09-2005,13.01
16-09-2005,12.93
15-09-2005,12.47
14-09-2005,12.17
13-09-2005,12.27
12-09-2005,12.19
09-09-2005,11.96
08-09-2005,12
06-09-2005,11.93
05-09-2005,12.02
02-09-2005,11.96
01-09-2005,11.99
31-08-2005,11.96
30-08-2005,11.81
29-08-2005,11.63
26-08-2005,11.59
25-08-2005,11.49
24-08-2005,11.31
23-08-2005,11.36
22-08-2005,11.57
19-08-2005,11.76
18-08-2005,11.71
17-08-2005,11.91
16-08-2005,11.84
12-08-2005,11.66
11-08-2005,11.45
10-08-2005,11.35
09-08-2005,11.07
08-08-2005,11
05-08-2005,11.14
04-08-2005,11.13
03-08-2005,10.82
02-08-2005,10.9
01-08-2005,10.7
29-07-2005,10.56
26-07-2005,10.61
25-07-2005,10.66
22-07-2005,10.71
21-07-2005,10.58
20-07-2005,10.59
19-07-2005,10.58
18-07-2005,10.55
15-07-2005,10.42
14-07-2005,10.31
13-07-2005,10.37
12-07-2005,10.42
11-07-2005,10.39
08-07-2005,10.31
07-07-2005,10.17
06-07-2005,10.21
05-07-2005,10.01
04-07-2005,10.07
01-07-2005,9.95
30-06-2005,9.68
29-06-2005,9.48
28-06-2005,9.3
27-06-2005,9.5
24-06-2005,9.51
23-06-2005,9.44
22-06-2005,9.36
21-06-2005,9.32
20-06-2005,9.28
17-06-2005,9.36
16-06-2005,9.5
15-06-2005,9.68
14-06-2005,9.63
13-06-2005,9.61
10-06-2005,9.57
09-06-2005,9.6
08-06-2005,9.59
07-06-2005,9.59
06-06-2005,9.55
03-06-2005,9.54
02-06-2005,9.5
01-06-2005,9.59
31-05-2005,9.56
30-05-2005,9.51
27-05-2005,9.54
26-05-2005,9.59
25-05-2005,9.64
24-05-2005,9.59
20-05-2005,9.53
19-05-2005,9.58
18-05-2005,9.5
17-05-2005,9.49
16-05-2005,9.62
13-05-2005,9.47
12-05-2005,9.43
11-05-2005,9.35
10-05-2005,9.45
09-05-2005,9.47
06-05-2005,9.4
05-05-2005,9.39
04-05-2005,9.33
03-05-2005,9.17
02-05-2005,9.15
29-04-2005,9.19
28-04-2005,9.38
27-04-2005,9.46
26-04-2005,9.53
25-04-2005,9.57
21-04-2005,9.47
20-04-2005,9.35
19-04-2005,9.25
15-04-2005,9.4
13-04-2005,9.64
12-04-2005,9.64
11-04-2005,9.57
08-04-2005,9.62
07-04-2005,9.76
06-04-2005,9.82
05-04-2005,9.7
04-04-2005,9.79
01-04-2005,9.84
31-03-2005,9.62
30-03-2005,9.45
29-03-2005,9.38
28-03-2005,9.62
24-03-2005,9.53
23-03-2005,9.55
22-03-2005,9.68
21-03-2005,9.92
18-03-2005,9.94
17-03-2005,9.89
16-03-2005,10.16
15-03-2005,10.14
11-03-2005,10
