Historical Mutual Fund NAV of Axis Dynamic Bond Fund - Regular Plan - Growth Option,
scheme:- Axis Dynamic Bond Fund - Regular Plan - Growth Option,
Start Date:- 27-04-2011,
End Date:- 23-11-2020,
NAV Date,NAV (Rs)
23-11-2020,22.9404
20-11-2020,22.9306
19-11-2020,22.9182
18-11-2020,22.9217
17-11-2020,22.9347
13-11-2020,22.8835
12-11-2020,22.8735
11-11-2020,22.8816
10-11-2020,22.8967
09-11-2020,22.9089
06-11-2020,22.923
05-11-2020,22.9144
04-11-2020,22.8747
03-11-2020,22.8953
02-11-2020,22.9273
29-10-2020,22.9039
28-10-2020,22.9207
27-10-2020,22.9315
26-10-2020,22.9411
23-10-2020,22.8539
22-10-2020,22.802
21-10-2020,22.7915
20-10-2020,22.7492
19-10-2020,22.7513
16-10-2020,22.7292
15-10-2020,22.7311
14-10-2020,22.691
13-10-2020,22.6682
12-10-2020,22.6623
09-10-2020,22.6303
08-10-2020,22.4246
07-10-2020,22.4111
06-10-2020,22.4211
05-10-2020,22.4236
01-10-2020,22.4181
30-09-2020,22.3736
29-09-2020,22.3653
28-09-2020,22.3551
25-09-2020,22.372
24-09-2020,22.4056
23-09-2020,22.4361
22-09-2020,22.4513
21-09-2020,22.4511
18-09-2020,22.4519
17-09-2020,22.4481
16-09-2020,22.4465
15-09-2020,22.4419
14-09-2020,22.4566
11-09-2020,22.4462
10-09-2020,22.4647
09-09-2020,22.4665
08-09-2020,22.4402
07-09-2020,22.5245
04-09-2020,22.591
03-09-2020,22.6085
02-09-2020,22.5178
01-09-2020,22.4889
31-08-2020,22.3256
28-08-2020,22.1363
27-08-2020,22.1626
26-08-2020,22.1494
25-08-2020,22.156
24-08-2020,22.1368
21-08-2020,22.2308
20-08-2020,22.3415
19-08-2020,22.3363
18-08-2020,22.3881
17-08-2020,22.4588
14-08-2020,22.4346
13-08-2020,22.462
12-08-2020,22.4351
11-08-2020,22.4544
10-08-2020,22.4842
07-08-2020,22.5201
06-08-2020,22.5663
05-08-2020,22.6311
04-08-2020,22.625
03-08-2020,22.617
31-07-2020,22.5986
30-07-2020,22.5529
29-07-2020,22.526
28-07-2020,22.5181
27-07-2020,22.5418
24-07-2020,22.5495
23-07-2020,22.5445
22-07-2020,22.5495
21-07-2020,22.5566
20-07-2020,22.5962
17-07-2020,22.5746
16-07-2020,22.6037
15-07-2020,22.5813
14-07-2020,22.557
13-07-2020,22.5835
10-07-2020,22.5358
09-07-2020,22.441
08-07-2020,22.4234
07-07-2020,22.3257
06-07-2020,22.2663
03-07-2020,22.2415
02-07-2020,22.2509
01-07-2020,22.2219
30-06-2020,22.2118
29-06-2020,22.1993
26-06-2020,22.1719
25-06-2020,22.1117
24-06-2020,22.0699
23-06-2020,22.0819
22-06-2020,22.0498
19-06-2020,22.0334
18-06-2020,21.9608
17-06-2020,21.9211
16-06-2020,21.9269
15-06-2020,21.9194
12-06-2020,21.909
11-06-2020,21.9103
10-06-2020,21.9006
09-06-2020,21.8682
08-06-2020,21.8556
05-06-2020,21.8751
04-06-2020,21.8018
03-06-2020,21.8212
02-06-2020,21.8036
01-06-2020,21.8346
29-05-2020,21.838
28-05-2020,21.8473
27-05-2020,21.8353
26-05-2020,21.8528
22-05-2020,21.8454
21-05-2020,21.6978
20-05-2020,21.6889
19-05-2020,21.6806
18-05-2020,21.6743
15-05-2020,21.6407
14-05-2020,21.6349
13-05-2020,21.5531
12-05-2020,21.557
11-05-2020,21.5206
08-05-2020,21.6692
06-05-2020,21.5976
05-05-2020,21.5042
04-05-2020,21.4276
30-04-2020,21.3099
29-04-2020,21.2542
28-04-2020,21.2751
27-04-2020,21.3368
24-04-2020,21.34
23-04-2020,21.5332
22-04-2020,21.4185
21-04-2020,21.4101
20-04-2020,21.3237
17-04-2020,21.1502
16-04-2020,20.9409
15-04-2020,20.8087
13-04-2020,20.7352
09-04-2020,20.7031
08-04-2020,20.6927
07-04-2020,20.9896
03-04-2020,21.1816
31-03-2020,21.3032
30-03-2020,21.2035
27-03-2020,21.2627
26-03-2020,20.6277
24-03-2020,20.5359
23-03-2020,20.4669
20-03-2020,20.7055
19-03-2020,20.5206
18-03-2020,20.743
17-03-2020,20.8853
16-03-2020,20.9997
13-03-2020,20.9563
12-03-2020,21.1442
11-03-2020,21.3821
09-03-2020,21.4653
06-03-2020,21.3775
05-03-2020,21.3053
04-03-2020,21.3232
03-03-2020,21.1898
02-03-2020,21.2249
28-02-2020,21.1999
27-02-2020,21.2189
26-02-2020,21.2421
25-02-2020,21.2203
24-02-2020,21.2222
20-02-2020,21.1455
18-02-2020,21.1613
17-02-2020,21.1818
14-02-2020,21.1307
13-02-2020,21.082
12-02-2020,21.015
11-02-2020,21.0398
10-02-2020,21.0352
07-02-2020,21.0283
06-02-2020,20.8745
05-02-2020,20.7734
04-02-2020,20.7718
03-02-2020,20.7391
31-01-2020,20.6391
30-01-2020,20.641
29-01-2020,20.6589
28-01-2020,20.696
27-01-2020,20.6881
24-01-2020,20.6591
23-01-2020,20.6537
22-01-2020,20.6314
21-01-2020,20.589
20-01-2020,20.5839
17-01-2020,20.5703
16-01-2020,20.5638
15-01-2020,20.5127
14-01-2020,20.4849
13-01-2020,20.5453
10-01-2020,20.5493
09-01-2020,20.5818
08-01-2020,20.5413
07-01-2020,20.547
06-01-2020,20.5181
03-01-2020,20.5498
02-01-2020,20.5454
01-01-2020,20.5343
31-12-2019,20.5159
30-12-2019,20.5227
27-12-2019,20.5074
26-12-2019,20.4809
24-12-2019,20.4703
23-12-2019,20.4631
20-12-2019,20.4253
19-12-2019,20.2601
18-12-2019,20.2569
17-12-2019,20.2189
16-12-2019,20.1979
13-12-2019,20.173
12-12-2019,20.1926
11-12-2019,20.2146
10-12-2019,20.2608
09-12-2019,20.3052
06-12-2019,20.3054
05-12-2019,20.3347
04-12-2019,20.5097
03-12-2019,20.4643
02-12-2019,20.4585
29-11-2019,20.4634
28-11-2019,20.453
27-11-2019,20.4146
26-11-2019,20.4223
25-11-2019,20.3927
22-11-2019,20.3555
21-11-2019,20.3448
20-11-2019,20.3462
19-11-2019,20.2949
18-11-2019,20.2739
15-11-2019,20.264
14-11-2019,20.2323
13-11-2019,20.1991
11-11-2019,20.1695
08-11-2019,20.1695
07-11-2019,20.1915
06-11-2019,20.1937
05-11-2019,20.1835
04-11-2019,20.2071
01-11-2019,20.2158
31-10-2019,20.1996
30-10-2019,20.1665
29-10-2019,20.1541
25-10-2019,20.1429
24-10-2019,20.1388
23-10-2019,20.1283
22-10-2019,20.1113
18-10-2019,20.0965
17-10-2019,20.091
16-10-2019,20.0966
15-10-2019,20.0915
14-10-2019,20.0818
11-10-2019,20.0575
10-10-2019,20.0708
09-10-2019,20.0774
07-10-2019,20.063
04-10-2019,20.0487
03-10-2019,20.0793
01-10-2019,20.0591
30-09-2019,20.0502
27-09-2019,20.0213
26-09-2019,20.0238
25-09-2019,20.0073
24-09-2019,19.9934
23-09-2019,20.0037
20-09-2019,19.9905
19-09-2019,20.0932
18-09-2019,20.0934
17-09-2019,20.0012
16-09-2019,20.0218
13-09-2019,20.0573
12-09-2019,20.0403
11-09-2019,20.0547
09-09-2019,20.1136
06-09-2019,20.071
05-09-2019,20.073
04-09-2019,20.0851
03-09-2019,20.0769
30-08-2019,20.0234
29-08-2019,20.0091
28-08-2019,20.021
27-08-2019,20.046
26-08-2019,20.0778
23-08-2019,20.0147
22-08-2019,20.003
21-08-2019,19.9701
20-08-2019,19.9456
19-08-2019,19.908
16-08-2019,19.9108
14-08-2019,19.8583
13-08-2019,19.9148
09-08-2019,19.9238
08-08-2019,20.0059
07-08-2019,19.992
06-08-2019,19.9656
05-08-2019,19.9269
02-08-2019,19.9586
01-08-2019,19.8939
31-07-2019,19.9278
30-07-2019,19.9027
29-07-2019,19.8902
26-07-2019,19.7995
25-07-2019,19.7943
24-07-2019,19.8682
23-07-2019,19.8402
22-07-2019,19.8811
19-07-2019,19.9266
18-07-2019,19.9154
17-07-2019,19.94
16-07-2019,19.9552
15-07-2019,19.885
12-07-2019,19.8334
11-07-2019,19.8206
10-07-2019,19.7776
09-07-2019,19.7401
08-07-2019,19.7541
05-07-2019,19.6577
04-07-2019,19.5961
03-07-2019,19.5647
02-07-2019,19.5401
01-07-2019,19.5229
28-06-2019,19.531
27-06-2019,19.5116
26-06-2019,19.4798
25-06-2019,19.5181
24-06-2019,19.5507
21-06-2019,19.5377
20-06-2019,19.6186
19-06-2019,19.5752
18-06-2019,19.5782
17-06-2019,19.517
14-06-2019,19.521
13-06-2019,19.4759
12-06-2019,19.4692
11-06-2019,19.4367
10-06-2019,19.4306
07-06-2019,19.4937
06-06-2019,19.5416
04-06-2019,19.4446
03-06-2019,19.456
31-05-2019,19.4182
30-05-2019,19.295
29-05-2019,19.304
28-05-2019,19.2598
27-05-2019,19.2368
24-05-2019,19.1415
23-05-2019,19.1198
22-05-2019,19.0802
21-05-2019,19.0568
20-05-2019,19.0642
17-05-2019,18.9962
16-05-2019,18.9809
15-05-2019,18.9762
14-05-2019,18.9767
13-05-2019,18.9592
10-05-2019,18.9342
09-05-2019,18.9383
08-05-2019,18.9441
07-05-2019,18.932
06-05-2019,18.9226
03-05-2019,18.9111
02-05-2019,18.9124
30-04-2019,18.8976
26-04-2019,18.8818
25-04-2019,18.8471
24-04-2019,18.8624
23-04-2019,18.8261
22-04-2019,18.8191
18-04-2019,18.8561
16-04-2019,18.8606
15-04-2019,18.8556
12-04-2019,18.852
11-04-2019,18.8719
10-04-2019,18.873
09-04-2019,18.8624
08-04-2019,18.8484
05-04-2019,18.8745
04-04-2019,18.89
03-04-2019,18.9392
02-04-2019,18.9566
31-03-2019,18.9123
29-03-2019,18.9061
28-03-2019,18.8756
27-03-2019,18.8432
26-03-2019,18.8621
25-03-2019,18.8774
22-03-2019,18.8332
20-03-2019,18.7827
19-03-2019,18.7482
18-03-2019,18.7778
15-03-2019,18.7379
14-03-2019,18.7276
13-03-2019,18.7078
12-03-2019,18.7199
11-03-2019,18.7091
08-03-2019,18.6653
07-03-2019,18.6342
06-03-2019,18.606
05-03-2019,18.5993
01-03-2019,18.5753
28-02-2019,18.5447
27-02-2019,18.5158
26-02-2019,18.5496
25-02-2019,18.5508
22-02-2019,18.5371
21-02-2019,18.5454
20-02-2019,18.5548
18-02-2019,18.5407
15-02-2019,18.5479
14-02-2019,18.5729
13-02-2019,18.5966
12-02-2019,18.5615
11-02-2019,18.5703
08-02-2019,18.5623
07-02-2019,18.5474
06-02-2019,18.511
05-02-2019,18.4974
04-02-2019,18.4926
01-02-2019,18.4984
31-01-2019,18.5444
30-01-2019,18.5203
29-01-2019,18.5272
28-01-2019,18.5239
25-01-2019,18.5037
24-01-2019,18.4985
23-01-2019,18.4965
22-01-2019,18.5017
21-01-2019,18.4816
18-01-2019,18.4892
17-01-2019,18.4978
16-01-2019,18.5002
15-01-2019,18.523
14-01-2019,18.5405
11-01-2019,18.4909
10-01-2019,18.4902
09-01-2019,18.4911
08-01-2019,18.4903
07-01-2019,18.4532
04-01-2019,18.4688
03-01-2019,18.4702
02-01-2019,18.4961
01-01-2019,18.4667
31-12-2018,18.4885
28-12-2018,18.4718
27-12-2018,18.5319
26-12-2018,18.5354
24-12-2018,18.513
21-12-2018,18.5077
20-12-2018,18.5049
19-12-2018,18.5228
18-12-2018,18.4322
17-12-2018,18.3743
14-12-2018,18.3661
13-12-2018,18.3841
12-12-2018,18.3844
11-12-2018,18.3085
10-12-2018,18.2669
07-12-2018,18.3127
06-12-2018,18.3161
05-12-2018,18.2971
04-12-2018,18.2526
03-12-2018,18.2277
30-11-2018,18.2425
29-11-2018,18.2262
28-11-2018,18.1977
27-11-2018,18.1508
26-11-2018,18.1528
22-11-2018,18.147
20-11-2018,18.0944
19-11-2018,18.0866
16-11-2018,18.0632
15-11-2018,18.0936
14-11-2018,18.0924
13-11-2018,18.0692
12-11-2018,18.0436
09-11-2018,18.0537
06-11-2018,18.0231
05-11-2018,18.0109
02-11-2018,18.0052
01-11-2018,17.9795
31-10-2018,17.9586
30-10-2018,17.9632
29-10-2018,17.9683
26-10-2018,17.9337
25-10-2018,17.937
24-10-2018,17.9477
23-10-2018,17.9424
22-10-2018,17.9328
19-10-2018,17.9228
17-10-2018,17.9147
16-10-2018,17.9215
15-10-2018,17.9132
12-10-2018,17.88
11-10-2018,17.879
10-10-2018,17.8751
09-10-2018,17.8591
08-10-2018,17.8839
05-10-2018,17.8533
04-10-2018,17.7839
03-10-2018,17.8182
01-10-2018,17.8721
28-09-2018,17.8352
27-09-2018,17.8171
26-09-2018,17.7977
25-09-2018,17.7879
24-09-2018,17.7931
21-09-2018,17.8083
19-09-2018,17.8104
18-09-2018,17.7918
17-09-2018,17.8007
14-09-2018,17.7813
12-09-2018,17.7713
11-09-2018,17.7705
10-09-2018,17.7721
07-09-2018,17.7955
06-09-2018,17.7835
05-09-2018,17.787
04-09-2018,17.7881
03-09-2018,17.8144
31-08-2018,17.8124
30-08-2018,17.8142
29-08-2018,17.8216
28-08-2018,17.8226
27-08-2018,17.8208
24-08-2018,17.8137
23-08-2018,17.8146
21-08-2018,17.8202
20-08-2018,17.8097
16-08-2018,17.7967
14-08-2018,17.7923
13-08-2018,17.791
10-08-2018,17.7879
09-08-2018,17.7811
08-08-2018,17.7774
07-08-2018,17.7734
06-08-2018,17.7713
03-08-2018,17.7645
02-08-2018,17.7618
01-08-2018,17.7566
31-07-2018,17.7404
30-07-2018,17.7313
27-07-2018,17.7264
26-07-2018,17.7248
25-07-2018,17.718
24-07-2018,17.7159
23-07-2018,17.7095
20-07-2018,17.7043
19-07-2018,17.7036
18-07-2018,17.7007
17-07-2018,17.695
16-07-2018,17.6698
13-07-2018,17.6645
12-07-2018,17.662
11-07-2018,17.6186
10-07-2018,17.6046
09-07-2018,17.6011
06-07-2018,17.5905
05-07-2018,17.5862
04-07-2018,17.5986
03-07-2018,17.5902
02-07-2018,17.5803
29-06-2018,17.5662
28-06-2018,17.5543
27-06-2018,17.5782
26-06-2018,17.5854
25-06-2018,17.5803
22-06-2018,17.5747
21-06-2018,17.583
20-06-2018,17.5484
19-06-2018,17.5301
18-06-2018,17.5216
15-06-2018,17.5095
14-06-2018,17.4887
13-06-2018,17.486
12-06-2018,17.4594
11-06-2018,17.4618
08-06-2018,17.453
07-06-2018,17.4373
06-06-2018,17.4715
05-06-2018,17.5232
04-06-2018,17.498
01-06-2018,17.5044
31-05-2018,17.514
30-05-2018,17.5358
29-05-2018,17.5407
28-05-2018,17.5449
25-05-2018,17.5077
24-05-2018,17.4678
23-05-2018,17.4801
22-05-2018,17.4987
21-05-2018,17.4959
18-05-2018,17.4841
17-05-2018,17.4452
16-05-2018,17.442
15-05-2018,17.4545
14-05-2018,17.4821
11-05-2018,17.5139
10-05-2018,17.5131
09-05-2018,17.5215
08-05-2018,17.5779
07-05-2018,17.5536
04-05-2018,17.5338
03-05-2018,17.5322
02-05-2018,17.5288
27-04-2018,17.5062
26-04-2018,17.5054
25-04-2018,17.514
24-04-2018,17.5378
23-04-2018,17.5475
20-04-2018,17.5459
19-04-2018,17.574
18-04-2018,17.6123
17-04-2018,17.6324
16-04-2018,17.6343
13-04-2018,17.6526
12-04-2018,17.6315
11-04-2018,17.6161
10-04-2018,17.6623
09-04-2018,17.6973
06-04-2018,17.689
05-04-2018,17.6991
04-04-2018,17.6475
03-04-2018,17.6363
28-03-2018,17.5874
27-03-2018,17.5985
26-03-2018,17.5058
23-03-2018,17.5041
22-03-2018,17.4924
21-03-2018,17.4852
20-03-2018,17.4764
19-03-2018,17.4745
16-03-2018,17.4791
15-03-2018,17.4489
14-03-2018,17.4391
13-03-2018,17.4357
12-03-2018,17.4329
09-03-2018,17.4087
08-03-2018,17.4119
07-03-2018,17.3931
06-03-2018,17.3539
05-03-2018,17.3495
01-03-2018,17.3422
28-02-2018,17.3509
27-02-2018,17.3628
26-02-2018,17.3577
23-02-2018,17.3609
22-02-2018,17.3253
21-02-2018,17.3464
20-02-2018,17.358
16-02-2018,17.3885
15-02-2018,17.39
14-02-2018,17.4232
12-02-2018,17.4154
09-02-2018,17.4094
08-02-2018,17.4131
07-02-2018,17.3819
06-02-2018,17.3651
05-02-2018,17.351
02-02-2018,17.3507
01-02-2018,17.3438
31-01-2018,17.4033
30-01-2018,17.394
29-01-2018,17.3881
25-01-2018,17.4597
24-01-2018,17.4763
23-01-2018,17.4932
22-01-2018,17.4581
19-01-2018,17.439
18-01-2018,17.4423
17-01-2018,17.478
16-01-2018,17.3931
15-01-2018,17.4362
12-01-2018,17.4219
11-01-2018,17.4261
10-01-2018,17.4242
09-01-2018,17.4506
08-01-2018,17.4581
05-01-2018,17.4586
04-01-2018,17.4043
03-01-2018,17.4136
02-01-2018,17.3967
01-01-2018,17.4149
29-12-2017,17.406
28-12-2017,17.3302
27-12-2017,17.421
26-12-2017,17.4006
22-12-2017,17.4006
21-12-2017,17.4176
20-12-2017,17.4225
19-12-2017,17.4439
18-12-2017,17.4404
15-12-2017,17.4561
14-12-2017,17.453
13-12-2017,17.4344
12-12-2017,17.4279
11-12-2017,17.4331
08-12-2017,17.4537
07-12-2017,17.4562
06-12-2017,17.4502
05-12-2017,17.4408
04-12-2017,17.4314
30-11-2017,17.4312
29-11-2017,17.4446
28-11-2017,17.4366
27-11-2017,17.4258
24-11-2017,17.434
23-11-2017,17.4263
22-11-2017,17.4474
21-11-2017,17.5128
20-11-2017,17.5211
17-11-2017,17.4325
16-11-2017,17.4127
15-11-2017,17.4363
14-11-2017,17.4253
13-11-2017,17.4698
10-11-2017,17.4709
09-11-2017,17.4811
08-11-2017,17.4749
07-11-2017,17.4784
06-11-2017,17.4983
03-11-2017,17.5139
02-11-2017,17.51
01-11-2017,17.4871
31-10-2017,17.5013
30-10-2017,17.4809
27-10-2017,17.5143
26-10-2017,17.5129
25-10-2017,17.5037
24-10-2017,17.5164
23-10-2017,17.5082
18-10-2017,17.5179
17-10-2017,17.5146
16-10-2017,17.518
13-10-2017,17.51
12-10-2017,17.4849
11-10-2017,17.4865
10-10-2017,17.4818
09-10-2017,17.478
06-10-2017,17.4787
05-10-2017,17.4827
04-10-2017,17.4995
03-10-2017,17.532
29-09-2017,17.5054
28-09-2017,17.503
27-09-2017,17.4853
26-09-2017,17.4934
25-09-2017,17.5209
22-09-2017,17.4864
21-09-2017,17.4805
20-09-2017,17.5487
19-09-2017,17.5404
18-09-2017,17.5338
15-09-2017,17.538
14-09-2017,17.5521
13-09-2017,17.5527
12-09-2017,17.5694
11-09-2017,17.568
08-09-2017,17.5728
07-09-2017,17.585
06-09-2017,17.5885
05-09-2017,17.5809
04-09-2017,17.5812
01-09-2017,17.58
31-08-2017,17.5466
30-08-2017,17.5397
29-08-2017,17.5415
28-08-2017,17.5257
24-08-2017,17.5231
23-08-2017,17.524
22-08-2017,17.5247
21-08-2017,17.5299
18-08-2017,17.5236
16-08-2017,17.5117
14-08-2017,17.5174
11-08-2017,17.5126
10-08-2017,17.5184
09-08-2017,17.5305
08-08-2017,17.5255
07-08-2017,17.5262
04-08-2017,17.5222
03-08-2017,17.5282
02-08-2017,17.4685
01-08-2017,17.4776
31-07-2017,17.46
28-07-2017,17.4669
27-07-2017,17.4847
26-07-2017,17.4806
25-07-2017,17.4905
24-07-2017,17.5071
21-07-2017,17.4744
20-07-2017,17.446
19-07-2017,17.4473
18-07-2017,17.4236
17-07-2017,17.4114
14-07-2017,17.4006
13-07-2017,17.4109
12-07-2017,17.3921
11-07-2017,17.375
10-07-2017,17.3818
07-07-2017,17.3225
06-07-2017,17.3101
05-07-2017,17.2963
04-07-2017,17.2767
03-07-2017,17.2721
30-06-2017,17.3597
29-06-2017,17.3596
28-06-2017,17.3605
27-06-2017,17.4034
23-06-2017,17.4058
22-06-2017,17.4072
21-06-2017,17.4241
20-06-2017,17.4066
19-06-2017,17.3961
16-06-2017,17.3727
15-06-2017,17.3942
14-06-2017,17.3926
13-06-2017,17.387
12-06-2017,17.3622
09-06-2017,17.371
08-06-2017,17.3523
07-06-2017,17.2613
06-06-2017,17.1432
05-06-2017,17.132
02-06-2017,17.1409
01-06-2017,17.1439
31-05-2017,17.089
30-05-2017,17.0835
29-05-2017,17.0787
26-05-2017,17.0958
25-05-2017,17.0803
24-05-2017,17.0587
23-05-2017,17.054
22-05-2017,17.0547
19-05-2017,17.0058
18-05-2017,17.0117
17-05-2017,17.01
16-05-2017,17.0073
15-05-2017,17.0167
12-05-2017,16.9717
11-05-2017,16.9526
09-05-2017,16.9443
08-05-2017,16.9379
05-05-2017,16.9266
04-05-2017,16.9125
03-05-2017,16.9156
02-05-2017,16.914
28-04-2017,16.9133
27-04-2017,16.9143
26-04-2017,16.9131
25-04-2017,16.9196
24-04-2017,16.8993
21-04-2017,16.888
20-04-2017,16.9229
19-04-2017,16.9265
18-04-2017,16.9038
17-04-2017,16.9003
13-04-2017,16.9008
12-04-2017,16.8723
11-04-2017,16.8481
10-04-2017,16.8172
07-04-2017,16.8154
06-04-2017,16.845
05-04-2017,16.9152
03-04-2017,16.9163
31-03-2017,16.9132
30-03-2017,16.9022
29-03-2017,16.8917
27-03-2017,16.8894
24-03-2017,16.8208
23-03-2017,16.7941
22-03-2017,16.7821
21-03-2017,16.7192
20-03-2017,16.6958
17-03-2017,16.6976
16-03-2017,16.7042
15-03-2017,16.6801
14-03-2017,16.6489
10-03-2017,16.6449
09-03-2017,16.6739
08-03-2017,16.6696
07-03-2017,16.6751
06-03-2017,16.6877
03-03-2017,16.7208
02-03-2017,16.7029
01-03-2017,16.6949
28-02-2017,16.7409
27-02-2017,16.7428
23-02-2017,16.7286
22-02-2017,16.7351
20-02-2017,16.7586
17-02-2017,16.7556
16-02-2017,16.7583
15-02-2017,16.7566
14-02-2017,16.7502
13-02-2017,16.7649
10-02-2017,16.7613
09-02-2017,16.7341
08-02-2017,16.8021
07-02-2017,17.0135
06-02-2017,17.0192
03-02-2017,17.022
02-02-2017,17.0314
01-02-2017,17.0065
31-01-2017,17.005
30-01-2017,17.0075
27-01-2017,17.0054
25-01-2017,16.9952
24-01-2017,16.9831
23-01-2017,16.9741
20-01-2017,16.9664
19-01-2017,16.9634
18-01-2017,16.9761
17-01-2017,16.9923
16-01-2017,16.9782
13-01-2017,16.9842
12-01-2017,17.0102
11-01-2017,16.977
10-01-2017,16.981
09-01-2017,16.9839
06-01-2017,16.9942
05-01-2017,17.0025
04-01-2017,17.0061
03-01-2017,16.9524
02-01-2017,16.9861
30-12-2016,16.8367
29-12-2016,16.8041
28-12-2016,16.7227
27-12-2016,16.7267
26-12-2016,16.7579
23-12-2016,16.8008
22-12-2016,16.8345
21-12-2016,16.8756
20-12-2016,16.8678
19-12-2016,16.8552
16-12-2016,16.8571
15-12-2016,16.8557
14-12-2016,16.9538
13-12-2016,16.9469
09-12-2016,16.9319
08-12-2016,16.9524
07-12-2016,16.9758
06-12-2016,17.1903
05-12-2016,17.1826
02-12-2016,17.1606
01-12-2016,17.1943
30-11-2016,17.1771
29-11-2016,17.0995
28-11-2016,17.116
25-11-2016,17.2135
24-11-2016,17.2638
23-11-2016,17.125
22-11-2016,17.0369
21-11-2016,17.0053
18-11-2016,16.8373
17-11-2016,16.852
16-11-2016,16.8383
15-11-2016,16.7302
11-11-2016,16.5354
10-11-2016,16.5839
09-11-2016,16.5506
08-11-2016,16.4347
07-11-2016,16.4092
04-11-2016,16.3999
03-11-2016,16.4195
02-11-2016,16.422
01-11-2016,16.4207
28-10-2016,16.4239
27-10-2016,16.4227
26-10-2016,16.4312
25-10-2016,16.4268
24-10-2016,16.4393
21-10-2016,16.4348
20-10-2016,16.4342
19-10-2016,16.4457
18-10-2016,16.445
17-10-2016,16.4216
14-10-2016,16.4291
13-10-2016,16.4522
10-10-2016,16.4632
07-10-2016,16.4372
06-10-2016,16.4608
05-10-2016,16.4682
04-10-2016,16.4099
03-10-2016,16.3933
30-09-2016,16.3444
29-09-2016,16.3173
28-09-2016,16.367
27-09-2016,16.3632
26-09-2016,16.3441
23-09-2016,16.3005
22-09-2016,16.2768
21-09-2016,16.2283
20-09-2016,16.2169
19-09-2016,16.2229
16-09-2016,16.2171
15-09-2016,16.2069
14-09-2016,16.1959
12-09-2016,16.1975
09-09-2016,16.2107
08-09-2016,16.2104
07-09-2016,16.2007
06-09-2016,16.161
02-09-2016,16.1344
01-09-2016,16.1365
31-08-2016,16.1401
30-08-2016,16.134
29-08-2016,16.1153
26-08-2016,16.1047
25-08-2016,16.0932
24-08-2016,16.0779
23-08-2016,16.0596
22-08-2016,16.0549
19-08-2016,16.0868
18-08-2016,16.0698
16-08-2016,16.1123
12-08-2016,16.1083
11-08-2016,16.106
10-08-2016,16.0773
09-08-2016,16.0272
08-08-2016,15.9736
05-08-2016,15.9688
04-08-2016,15.9522
03-08-2016,15.9433
02-08-2016,15.9648
01-08-2016,15.9794
29-07-2016,15.9401
28-07-2016,15.914
27-07-2016,15.856
26-07-2016,15.8426
25-07-2016,15.8352
22-07-2016,15.8226
21-07-2016,15.8069
20-07-2016,15.7927
19-07-2016,15.7633
18-07-2016,15.7418
15-07-2016,15.735
14-07-2016,15.721
13-07-2016,15.7126
12-07-2016,15.6956
11-07-2016,15.664
08-07-2016,15.65
07-07-2016,15.6417
05-07-2016,15.6265
04-07-2016,15.6084
01-07-2016,15.5964
30-06-2016,15.5817
29-06-2016,15.5688
28-06-2016,15.5531
27-06-2016,15.5475
24-06-2016,15.5256
23-06-2016,15.5182
22-06-2016,15.5147
21-06-2016,15.5022
20-06-2016,15.4934
17-06-2016,15.4932
16-06-2016,15.4898
15-06-2016,15.4826
14-06-2016,15.4837
13-06-2016,15.4827
10-06-2016,15.4836
09-06-2016,15.4812
08-06-2016,15.4759
07-06-2016,15.4747
06-06-2016,15.4699
03-06-2016,15.4569
02-06-2016,15.458
01-06-2016,15.4556
31-05-2016,15.4568
30-05-2016,15.455
27-05-2016,15.4469
26-05-2016,15.4409
25-05-2016,15.444
24-05-2016,15.4421
23-05-2016,15.438
20-05-2016,15.4253
19-05-2016,15.4248
18-05-2016,15.4243
17-05-2016,15.4297
16-05-2016,15.43
13-05-2016,15.4227
12-05-2016,15.4295
11-05-2016,15.4176
10-05-2016,15.4159
09-05-2016,15.4141
06-05-2016,15.4035
05-05-2016,15.4046
04-05-2016,15.3989
03-05-2016,15.3979
02-05-2016,15.3972
29-04-2016,15.3859
28-04-2016,15.3795
27-04-2016,15.3794
26-04-2016,15.3748
25-04-2016,15.3839
22-04-2016,15.386
21-04-2016,15.3801
20-04-2016,15.3945
18-04-2016,15.3937
13-04-2016,15.3789
12-04-2016,15.3924
11-04-2016,15.374
07-04-2016,15.3455
06-04-2016,15.3051
05-04-2016,15.3019
04-04-2016,15.2897
31-03-2016,15.2335
30-03-2016,15.197
29-03-2016,15.1888
28-03-2016,15.2021
23-03-2016,15.1716
22-03-2016,15.1747
21-03-2016,15.1727
18-03-2016,15.109
17-03-2016,15.0921
16-03-2016,15.0292
15-03-2016,15.0013
14-03-2016,14.9716
11-03-2016,14.9315
10-03-2016,14.9308
09-03-2016,14.9262
08-03-2016,14.9262
04-03-2016,14.9042
03-03-2016,14.8769
02-03-2016,14.8875
01-03-2016,14.8853
29-02-2016,14.8713
26-02-2016,14.7089
25-02-2016,14.6691
24-02-2016,14.7229
23-02-2016,14.732
22-02-2016,14.7847
18-02-2016,14.7999
17-02-2016,14.7902
16-02-2016,14.8099
15-02-2016,14.8349
12-02-2016,14.8482
11-02-2016,14.8543
10-02-2016,14.8537
09-02-2016,14.8535
08-02-2016,14.8569
05-02-2016,14.8588
04-02-2016,14.8384
03-02-2016,14.8256
02-02-2016,14.8411
01-02-2016,14.884
29-01-2016,14.8836
28-01-2016,14.8739
27-01-2016,14.8867
25-01-2016,14.8756
22-01-2016,14.8884
21-01-2016,14.9049
20-01-2016,14.8707
19-01-2016,14.8502
18-01-2016,14.8388
15-01-2016,14.8374
14-01-2016,14.8677
13-01-2016,14.8816
12-01-2016,14.8891
11-01-2016,14.8948
08-01-2016,14.895
07-01-2016,14.8866
06-01-2016,14.8806
05-01-2016,14.876
04-01-2016,14.8663
01-01-2016,14.8573
31-12-2015,14.8468
30-12-2015,14.8372
29-12-2015,14.8307
28-12-2015,14.8351
23-12-2015,14.8281
22-12-2015,14.8135
21-12-2015,14.8085
18-12-2015,14.8272
17-12-2015,14.8492
16-12-2015,14.8291
15-12-2015,14.7915
14-12-2015,14.7829
11-12-2015,14.809
10-12-2015,14.8002
09-12-2015,14.8037
08-12-2015,14.8028
07-12-2015,14.8266
04-12-2015,14.8191
03-12-2015,14.8578
02-12-2015,14.8361
01-12-2015,14.8394
30-11-2015,14.8014
27-11-2015,14.81
26-11-2015,14.8391
24-11-2015,14.8478
23-11-2015,14.8333
20-11-2015,14.8435
19-11-2015,14.8673
18-11-2015,14.8637
17-11-2015,14.867
16-11-2015,14.8789
13-11-2015,14.8777
10-11-2015,14.8457
09-11-2015,14.8228
06-11-2015,14.851
05-11-2015,14.8551
04-11-2015,14.871
03-11-2015,14.8774
02-11-2015,14.8805
30-10-2015,14.8632
29-10-2015,14.8695
28-10-2015,14.8853
27-10-2015,14.8768
26-10-2015,14.8722
23-10-2015,14.8836
21-10-2015,14.8829
20-10-2015,14.8821
19-10-2015,14.8788
16-10-2015,14.8767
15-10-2015,14.8779
14-10-2015,14.8692
13-10-2015,14.8597
12-10-2015,14.8552
09-10-2015,14.8815
08-10-2015,14.8716
07-10-2015,14.8568
06-10-2015,14.8699
05-10-2015,14.8786
01-10-2015,14.8258
30-09-2015,14.84
29-09-2015,14.7697
28-09-2015,14.6605
24-09-2015,14.657
23-09-2015,14.6565
22-09-2015,14.6549
21-09-2015,14.6649
18-09-2015,14.6596
16-09-2015,14.603
15-09-2015,14.597
14-09-2015,14.5907
11-09-2015,14.5708
10-09-2015,14.5623
09-09-2015,14.5783
08-09-2015,14.5681
07-09-2015,14.5475
04-09-2015,14.569
03-09-2015,14.5817
02-09-2015,14.5831
01-09-2015,14.5758
31-08-2015,14.5489
28-08-2015,14.5474
27-08-2015,14.5548
26-08-2015,14.5256
25-08-2015,14.5
24-08-2015,14.4549
21-08-2015,14.5235
20-08-2015,14.549
19-08-2015,14.5497
17-08-2015,14.5379
14-08-2015,14.5288
13-08-2015,14.5114
12-08-2015,14.4667
11-08-2015,14.4647
10-08-2015,14.4622
07-08-2015,14.4407
06-08-2015,14.4391
05-08-2015,14.4151
04-08-2015,14.4138
03-08-2015,14.4364
31-07-2015,14.4249
30-07-2015,14.408
29-07-2015,14.411
28-07-2015,14.4069
27-07-2015,14.3606
24-07-2015,14.3458
23-07-2015,14.3515
22-07-2015,14.3373
21-07-2015,14.3275
20-07-2015,14.3241
17-07-2015,14.3204
16-07-2015,14.3109
15-07-2015,14.3116
14-07-2015,14.3116
13-07-2015,14.2853
10-07-2015,14.3409
09-07-2015,14.3432
08-07-2015,14.3495
07-07-2015,14.3451
06-07-2015,14.3557
03-07-2015,14.3219
02-07-2015,14.3082
01-07-2015,14.2891
30-06-2015,14.2583
29-06-2015,14.2313
26-06-2015,14.2666
25-06-2015,14.261
24-06-2015,14.2937
23-06-2015,14.3221
22-06-2015,14.3305
19-06-2015,14.34
18-06-2015,14.2867
17-06-2015,14.22
16-06-2015,14.1778
15-06-2015,14.2047
12-06-2015,14.1729
11-06-2015,14.1825
10-06-2015,14.2256
09-06-2015,14.2508
08-06-2015,14.2317
05-06-2015,14.2351
04-06-2015,14.223
03-06-2015,14.2522
02-06-2015,14.2798
01-06-2015,14.3439
29-05-2015,14.3352
28-05-2015,14.3193
27-05-2015,14.3026
26-05-2015,14.2968
25-05-2015,14.3086
22-05-2015,14.2988
21-05-2015,14.2911
20-05-2015,14.2931
19-05-2015,14.279
18-05-2015,14.241
15-05-2015,14.2124
14-05-2015,14.2139
13-05-2015,14.2036
12-05-2015,14.2081
11-05-2015,14.2346
08-05-2015,14.1865
07-05-2015,14.1981
06-05-2015,14.2375
05-05-2015,14.2626
30-04-2015,14.2577
29-04-2015,14.2766
28-04-2015,14.2853
27-04-2015,14.2823
24-04-2015,14.274
23-04-2015,14.2832
22-04-2015,14.2836
21-04-2015,14.2723
20-04-2015,14.2639
17-04-2015,14.2619
16-04-2015,14.2609
15-04-2015,14.2624
13-04-2015,14.2512
10-04-2015,14.2432
09-04-2015,14.2528
08-04-2015,14.2435
07-04-2015,14.2467
06-04-2015,14.282
31-03-2015,14.2582
30-03-2015,14.2245
27-03-2015,14.2103
26-03-2015,14.1953
25-03-2015,14.2064
24-03-2015,14.2189
23-03-2015,14.2205
20-03-2015,14.2218
19-03-2015,14.2174
18-03-2015,14.1955
17-03-2015,14.2039
16-03-2015,14.1906
13-03-2015,14.1799
12-03-2015,14.2183
11-03-2015,14.1994
10-03-2015,14.2047
09-03-2015,14.2102
05-03-2015,14.2312
04-03-2015,14.2505
03-03-2015,14.1878
02-03-2015,14.1949
27-02-2015,14.1955
26-02-2015,14.18
25-02-2015,14.1949
24-02-2015,14.1774
23-02-2015,14.1845
20-02-2015,14.1839
18-02-2015,14.1699
16-02-2015,14.1696
13-02-2015,14.1708
12-02-2015,14.1326
11-02-2015,14.1473
10-02-2015,14.1475
09-02-2015,14.1468
06-02-2015,14.1615
05-02-2015,14.1577
04-02-2015,14.1435
03-02-2015,14.1569
02-02-2015,14.1965
30-01-2015,14.1578
29-01-2015,14.1478
28-01-2015,14.1485
27-01-2015,14.1438
23-01-2015,14.134
22-01-2015,14.1298
21-01-2015,14.1338
20-01-2015,14.1019
19-01-2015,14.0906
16-01-2015,14.0975
15-01-2015,14.0672
14-01-2015,13.9892
13-01-2015,13.9873
12-01-2015,13.9545
09-01-2015,13.92
08-01-2015,13.9141
07-01-2015,13.9046
06-01-2015,13.8804
05-01-2015,13.8894
02-01-2015,13.8919
01-01-2015,13.8996
31-12-2014,13.9083
30-12-2014,13.8919
29-12-2014,13.8586
26-12-2014,13.8289
24-12-2014,13.8388
23-12-2014,13.8435
22-12-2014,13.8197
19-12-2014,13.8185
18-12-2014,13.8371
17-12-2014,13.8122
16-12-2014,13.7998
15-12-2014,13.9415
12-12-2014,13.9382
11-12-2014,13.9026
10-12-2014,13.855
09-12-2014,13.8642
08-12-2014,13.8414
05-12-2014,13.8223
04-12-2014,13.7913
03-12-2014,13.7808
02-12-2014,13.7771
01-12-2014,13.6865
28-11-2014,13.6534
27-11-2014,13.5971
26-11-2014,13.5938
25-11-2014,13.5894
24-11-2014,13.5784
21-11-2014,13.5658
20-11-2014,13.5631
19-11-2014,13.5669
18-11-2014,13.5672
17-11-2014,13.5458
14-11-2014,13.5135
13-11-2014,13.5134
12-11-2014,13.5512
11-11-2014,13.5391
10-11-2014,13.5387
07-11-2014,13.5146
05-11-2014,13.5221
03-11-2014,13.4598
31-10-2014,13.4269
30-10-2014,13.4003
29-10-2014,13.3705
28-10-2014,13.3585
27-10-2014,13.3482
22-10-2014,13.303
21-10-2014,13.2969
20-10-2014,13.2887
17-10-2014,13.2632
16-10-2014,13.2715
14-10-2014,13.2396
13-10-2014,13.2138
10-10-2014,13.1855
09-10-2014,13.1701
08-10-2014,13.1988
07-10-2014,13.1664
01-10-2014,13.1253
30-09-2014,13.1028
29-09-2014,13.1147
26-09-2014,13.1474
25-09-2014,13.1092
24-09-2014,13.1076
23-09-2014,13.1084
22-09-2014,13.1205
19-09-2014,13.0974
18-09-2014,13.0929
17-09-2014,13.0628
16-09-2014,13.055
15-09-2014,13.0493
12-09-2014,13.0397
11-09-2014,13.0367
10-09-2014,13.0156
09-09-2014,13.027
08-09-2014,13.0293
05-09-2014,13.0077
04-09-2014,13.0078
03-09-2014,13.0078
02-09-2014,13.0046
01-09-2014,12.9865
28-08-2014,12.9765
27-08-2014,12.9775
26-08-2014,12.9681
25-08-2014,12.9643
22-08-2014,12.9863
21-08-2014,12.9864
20-08-2014,13.0002
19-08-2014,12.9522
14-08-2014,12.9414
13-08-2014,12.916
12-08-2014,12.8837
11-08-2014,12.891
08-08-2014,12.8662
07-08-2014,12.8723
06-08-2014,12.8669
05-08-2014,12.8886
04-08-2014,12.954
01-08-2014,12.9417
31-07-2014,12.9523
30-07-2014,12.945
28-07-2014,12.9582
25-07-2014,12.9719
24-07-2014,12.98
23-07-2014,12.9691
22-07-2014,12.9513
21-07-2014,12.9325
18-07-2014,12.8907
17-07-2014,12.8987
16-07-2014,12.8952
15-07-2014,12.8851
14-07-2014,12.8542
11-07-2014,12.8693
10-07-2014,12.8966
09-07-2014,12.9068
08-07-2014,12.9081
07-07-2014,12.9218
04-07-2014,12.9213
03-07-2014,12.9131
02-07-2014,12.9068
30-06-2014,12.8563
27-06-2014,12.8432
26-06-2014,12.851
25-06-2014,12.8604
24-06-2014,12.8573
23-06-2014,12.8287
20-06-2014,12.8525
19-06-2014,12.8752
18-06-2014,12.8806
17-06-2014,12.9139
16-06-2014,12.8881
13-06-2014,12.9123
12-06-2014,12.9303
11-06-2014,12.9388
10-06-2014,12.9277
09-06-2014,12.9331
06-06-2014,12.9434
05-06-2014,12.9087
04-06-2014,12.8691
03-06-2014,12.8502
02-06-2014,12.8029
30-05-2014,12.8008
29-05-2014,12.776
28-05-2014,12.758
27-05-2014,12.7594
26-05-2014,12.7487
23-05-2014,12.7594
22-05-2014,12.7161
21-05-2014,12.6938
20-05-2014,12.6656
19-05-2014,12.6568
16-05-2014,12.6581
15-05-2014,12.663
13-05-2014,12.6557
12-05-2014,12.6716
09-05-2014,12.651
08-05-2014,12.6447
07-05-2014,12.6287
06-05-2014,12.6355
05-05-2014,12.6471
02-05-2014,12.6141
30-04-2014,12.6019
29-04-2014,12.5947
28-04-2014,12.576
25-04-2014,12.5655
23-04-2014,12.5609
22-04-2014,12.5529
21-04-2014,12.5391
17-04-2014,12.5208
16-04-2014,12.483
15-04-2014,12.4789
11-04-2014,12.4766
10-04-2014,12.4484
09-04-2014,12.4361
07-04-2014,12.4237
04-04-2014,12.4238
03-04-2014,12.4468
02-04-2014,12.4546
28-03-2014,12.4801
27-03-2014,12.4653
26-03-2014,12.4666
25-03-2014,12.4674
24-03-2014,12.464
21-03-2014,12.4402
20-03-2014,12.4225
19-03-2014,12.4173
18-03-2014,12.4086
14-03-2014,12.3977
13-03-2014,12.3932
12-03-2014,12.3895
11-03-2014,12.3833
10-03-2014,12.3703
07-03-2014,12.3607
06-03-2014,12.3539
05-03-2014,12.3447
04-03-2014,12.3324
03-03-2014,12.3329
28-02-2014,12.3341
26-02-2014,12.3282
25-02-2014,12.3279
24-02-2014,12.3295
21-02-2014,12.3249
20-02-2014,12.3241
18-02-2014,12.3199
17-02-2014,12.3148
14-02-2014,12.3085
13-02-2014,12.3077
12-02-2014,12.3137
11-02-2014,12.3207
10-02-2014,12.3294
07-02-2014,12.3199
06-02-2014,12.3215
05-02-2014,12.3158
04-02-2014,12.3121
03-02-2014,12.2939
31-01-2014,12.2815
30-01-2014,12.2779
29-01-2014,12.3034
28-01-2014,12.3141
27-01-2014,12.3213
24-01-2014,12.3286
23-01-2014,12.3616
22-01-2014,12.3825
21-01-2014,12.4101
20-01-2014,12.4178
17-01-2014,12.3618
16-01-2014,12.3647
15-01-2014,12.3485
13-01-2014,12.2951
10-01-2014,12.2595
09-01-2014,12.2435
08-01-2014,12.2284
07-01-2014,12.2346
06-01-2014,12.2315
03-01-2014,12.2044
02-01-2014,12.1964
01-01-2014,12.1891
31-12-2013,12.1941
30-12-2013,12.1758
27-12-2013,12.138
26-12-2013,12.1615
24-12-2013,12.1638
23-12-2013,12.178
20-12-2013,12.1888
19-12-2013,12.2041
18-12-2013,12.1718
17-12-2013,12.1154
16-12-2013,12.1306
13-12-2013,12.1118
12-12-2013,12.1374
11-12-2013,12.1362
10-12-2013,12.1337
09-12-2013,12.126
06-12-2013,12.1408
05-12-2013,12.1515
04-12-2013,12.1486
03-12-2013,12.1502
02-12-2013,12.1489
29-11-2013,12.1398
28-11-2013,12.1365
27-11-2013,12.1342
26-11-2013,12.1228
25-11-2013,12.1002
22-11-2013,12.0871
21-11-2013,12.0954
20-11-2013,12.1106
19-11-2013,12.1216
18-11-2013,12.0867
14-11-2013,12.0616
13-11-2013,12.0869
12-11-2013,12.0254
11-11-2013,12.0658
08-11-2013,12.0556
07-11-2013,12.1018
06-11-2013,12.1221
05-11-2013,12.1437
01-11-2013,12.1413
31-10-2013,12.1501
30-10-2013,12.1528
29-10-2013,12.1485
28-10-2013,12.1207
25-10-2013,12.1297
24-10-2013,12.1281
23-10-2013,12.1147
22-10-2013,12.1185
21-10-2013,12.1186
18-10-2013,12.1252
17-10-2013,12.0992
15-10-2013,12.0675
14-10-2013,12.1063
11-10-2013,12.1421
10-10-2013,12.1675
09-10-2013,12.1592
08-10-2013,12.1439
07-10-2013,12.046
04-10-2013,12.052
03-10-2013,12.0225
01-10-2013,11.985
30-09-2013,11.9676
27-09-2013,11.9714
26-09-2013,11.9635
25-09-2013,11.933
24-09-2013,11.9285
23-09-2013,11.9355
20-09-2013,12.054
19-09-2013,12.251
18-09-2013,12.1036
17-09-2013,12.0517
16-09-2013,12.0463
13-09-2013,12.0128
12-09-2013,12.0056
11-09-2013,12.0302
10-09-2013,12.0178
06-09-2013,11.9648
05-09-2013,12.0553
04-09-2013,12.0357
03-09-2013,11.9483
02-09-2013,11.9979
30-08-2013,11.8789
29-08-2013,11.8304
28-08-2013,11.7279
27-08-2013,11.8436
26-08-2013,12.07
23-08-2013,12.0925
22-08-2013,12.1202
21-08-2013,12.0316
20-08-2013,11.7482
19-08-2013,11.5857
16-08-2013,11.7632
14-08-2013,11.9076
13-08-2013,11.9531
12-08-2013,12.0144
08-08-2013,12.117
07-08-2013,12.0902
06-08-2013,12.0623
05-08-2013,12.0827
02-08-2013,12.033
01-08-2013,12.0965
31-07-2013,12.0401
30-07-2013,12.0562
29-07-2013,12.0959
26-07-2013,12.0938
25-07-2013,12.0614
24-07-2013,11.9844
23-07-2013,12.0853
22-07-2013,12.1475
19-07-2013,12.1956
18-07-2013,12.1714
17-07-2013,12.1217
16-07-2013,12.1246
15-07-2013,12.3825
12-07-2013,12.3944
11-07-2013,12.4129
10-07-2013,12.3867
09-07-2013,12.3758
08-07-2013,12.3626
05-07-2013,12.3977
04-07-2013,12.42
03-07-2013,12.3677
02-07-2013,12.4021
28-06-2013,12.4066
27-06-2013,12.3398
26-06-2013,12.3432
25-06-2013,12.3689
24-06-2013,12.3687
21-06-2013,12.4005
20-06-2013,12.4012
19-06-2013,12.4768
18-06-2013,12.4732
17-06-2013,12.4782
14-06-2013,12.4325
13-06-2013,12.4264
12-06-2013,12.4323
11-06-2013,12.4337
10-06-2013,12.4564
07-06-2013,12.4809
06-06-2013,12.4932
05-06-2013,12.4936
04-06-2013,12.498
03-06-2013,12.4593
31-05-2013,12.4521
30-05-2013,12.4548
29-05-2013,12.4766
28-05-2013,12.5047
27-05-2013,12.5063
24-05-2013,12.4945
23-05-2013,12.4714
22-05-2013,12.4739
21-05-2013,12.48
20-05-2013,12.4697
17-05-2013,12.4351
16-05-2013,12.4377
15-05-2013,12.4074
14-05-2013,12.3634
13-05-2013,12.2984
10-05-2013,12.2899
09-05-2013,12.2847
08-05-2013,12.2225
07-05-2013,12.1922
06-05-2013,12.1786
03-05-2013,12.1672
02-05-2013,12.1673
30-04-2013,12.1456
29-04-2013,12.1317
26-04-2013,12.1264
25-04-2013,12.1141
23-04-2013,12.1199
22-04-2013,12.105
18-04-2013,12.0817
17-04-2013,12.0633
16-04-2013,12.052
15-04-2013,12.0396
12-04-2013,12.0227
10-04-2013,12.0144
09-04-2013,12.0068
08-04-2013,12.003
05-04-2013,11.9904
04-04-2013,11.9897
03-04-2013,11.9714
02-04-2013,11.9656
28-03-2013,11.9345
26-03-2013,11.9233
25-03-2013,11.9268
22-03-2013,11.9178
21-03-2013,11.9208
20-03-2013,11.9164
19-03-2013,11.9129
18-03-2013,11.9222
15-03-2013,11.9168
14-03-2013,11.9084
13-03-2013,11.883
12-03-2013,11.879
11-03-2013,11.8821
08-03-2013,11.8743
07-03-2013,11.8657
06-03-2013,11.861
05-03-2013,11.8479
04-03-2013,11.8413
01-03-2013,11.83
28-02-2013,11.8344
27-02-2013,11.8498
26-02-2013,11.8462
25-02-2013,11.8527
22-02-2013,11.8483
21-02-2013,11.8442
20-02-2013,11.8479
18-02-2013,11.8264
15-02-2013,11.8209
14-02-2013,11.8257
13-02-2013,11.8153
12-02-2013,11.7993
11-02-2013,11.8043
08-02-2013,11.8047
07-02-2013,11.7908
06-02-2013,11.7589
05-02-2013,11.7478
04-02-2013,11.7345
01-02-2013,11.7477
31-01-2013,11.7505
30-01-2013,11.769
29-01-2013,11.781
28-01-2013,11.7808
24-01-2013,11.7662
23-01-2013,11.771
22-01-2013,11.7811
21-01-2013,11.7768
18-01-2013,11.777
17-01-2013,11.7805
16-01-2013,11.7699
15-01-2013,11.795
14-01-2013,11.8133
11-01-2013,11.7589
10-01-2013,11.7449
09-01-2013,11.7356
08-01-2013,11.7277
07-01-2013,11.7195
04-01-2013,11.7001
03-01-2013,11.6813
02-01-2013,11.6615
01-01-2013,11.654
31-12-2012,11.622
28-12-2012,11.5946
27-12-2012,11.5879
26-12-2012,11.5836
24-12-2012,11.5745
21-12-2012,11.5642
20-12-2012,11.559
19-12-2012,11.5565
18-12-2012,11.5583
17-12-2012,11.5594
14-12-2012,11.5501
13-12-2012,11.5444
12-12-2012,11.5302
11-12-2012,11.5338
10-12-2012,11.5328
07-12-2012,11.5292
06-12-2012,11.521
05-12-2012,11.5198
04-12-2012,11.5248
03-12-2012,11.5184
30-11-2012,11.5073
29-11-2012,11.4964
27-11-2012,11.4925
26-11-2012,11.4829
23-11-2012,11.4664
22-11-2012,11.4708
21-11-2012,11.4706
20-11-2012,11.4749
19-11-2012,11.4723
16-11-2012,11.4645
15-11-2012,11.4628
12-11-2012,11.4564
09-11-2012,11.4498
08-11-2012,11.4506
07-11-2012,11.4461
06-11-2012,11.4443
05-11-2012,11.4389
02-11-2012,11.4362
01-11-2012,11.4349
31-10-2012,11.4306
30-10-2012,11.4506
29-10-2012,11.4575
25-10-2012,11.4498
23-10-2012,11.4472
22-10-2012,11.4637
19-10-2012,11.4508
18-10-2012,11.4486
17-10-2012,11.4612
16-10-2012,11.4441
15-10-2012,11.4161
12-10-2012,11.4054
11-10-2012,11.4217
10-10-2012,11.3991
09-10-2012,11.4128
08-10-2012,11.3894
05-10-2012,11.4033
04-10-2012,11.4115
03-10-2012,11.3781
01-10-2012,11.3545
28-09-2012,11.3548
27-09-2012,11.3568
26-09-2012,11.3513
25-09-2012,11.3548
24-09-2012,11.3321
21-09-2012,11.3174
20-09-2012,11.3098
18-09-2012,11.3028
17-09-2012,11.2981
14-09-2012,11.2664
13-09-2012,11.2567
12-09-2012,11.2609
11-09-2012,11.2561
10-09-2012,11.2482
07-09-2012,11.2417
06-09-2012,11.2405
05-09-2012,11.2317
04-09-2012,11.2266
03-09-2012,11.2203
31-08-2012,11.2097
30-08-2012,11.2006
29-08-2012,11.2044
28-08-2012,11.1981
27-08-2012,11.1834
24-08-2012,11.1828
23-08-2012,11.1725
22-08-2012,11.1785
21-08-2012,11.1762
17-08-2012,11.1654
16-08-2012,11.1606
14-08-2012,11.1522
13-08-2012,11.1526
10-08-2012,11.1532
09-08-2012,11.1595
08-08-2012,11.1498
07-08-2012,11.1548
06-08-2012,11.1314
03-08-2012,11.1184
02-08-2012,11.1203
01-08-2012,11.1134
31-07-2012,11.1074
30-07-2012,11.1186
27-07-2012,11.117
26-07-2012,11.114
25-07-2012,11.1145
24-07-2012,11.1167
23-07-2012,11.1079
20-07-2012,11.0992
19-07-2012,11.0897
18-07-2012,11.0968
17-07-2012,11.0762
16-07-2012,11.082
13-07-2012,11.0469
12-07-2012,11.044
11-07-2012,11.0348
10-07-2012,11.0322
09-07-2012,11.0321
06-07-2012,11.0267
05-07-2012,11.021
04-07-2012,11.0266
03-07-2012,11.0108
29-06-2012,11.0255
28-06-2012,11.0255
27-06-2012,11.0173
26-06-2012,11.0372
25-06-2012,11.0425
22-06-2012,11.0183
21-06-2012,11.027
20-06-2012,11.001
19-06-2012,10.9945
18-06-2012,10.9936
15-06-2012,11.0351
14-06-2012,11.0263
13-06-2012,11.047
12-06-2012,11.0567
11-06-2012,11.0371
08-06-2012,11.0317
07-06-2012,11.0226
06-06-2012,11.0082
05-06-2012,11.0107
04-06-2012,11.0043
01-06-2012,10.9823
31-05-2012,10.9913
30-05-2012,10.9775
29-05-2012,10.9766
28-05-2012,10.9741
25-05-2012,10.9666
24-05-2012,10.9665
23-05-2012,10.9626
22-05-2012,10.9617
21-05-2012,10.9599
18-05-2012,10.9553
17-05-2012,10.953
16-05-2012,10.9496
15-05-2012,10.9465
14-05-2012,10.9395
11-05-2012,10.9309
10-05-2012,10.9339
09-05-2012,10.9352
08-05-2012,10.9341
07-05-2012,10.9133
04-05-2012,10.9056
03-05-2012,10.9095
02-05-2012,10.9019
30-04-2012,10.8935
27-04-2012,10.8874
26-04-2012,10.8884
25-04-2012,10.8941
24-04-2012,10.8989
23-04-2012,10.9024
20-04-2012,10.9065
19-04-2012,10.9088
18-04-2012,10.9119
17-04-2012,10.8986
16-04-2012,10.8798
13-04-2012,10.8748
12-04-2012,10.8723
11-04-2012,10.8525
10-04-2012,10.8462
09-04-2012,10.839
04-04-2012,10.8237
03-04-2012,10.8167
30-03-2012,10.8077
29-03-2012,10.8059
28-03-2012,10.8058
27-03-2012,10.8047
26-03-2012,10.777
22-03-2012,10.7757
21-03-2012,10.7721
20-03-2012,10.7675
19-03-2012,10.7611
16-03-2012,10.7565
15-03-2012,10.7669
14-03-2012,10.7883
13-03-2012,10.7742
12-03-2012,10.7767
09-03-2012,10.7715
07-03-2012,10.7788
06-03-2012,10.7915
05-03-2012,10.793
02-03-2012,10.7899
01-03-2012,10.7858
29-02-2012,10.8008
28-02-2012,10.7959
27-02-2012,10.7962
24-02-2012,10.79
23-02-2012,10.7941
22-02-2012,10.7891
21-02-2012,10.7959
17-02-2012,10.7902
15-02-2012,10.7888
14-02-2012,10.7871
13-02-2012,10.7785
10-02-2012,10.7758
09-02-2012,10.7581
08-02-2012,10.7643
07-02-2012,10.771
06-02-2012,10.7723
03-02-2012,10.7703
02-02-2012,10.7452
01-02-2012,10.7678
31-01-2012,10.7007
30-01-2012,10.6884
27-01-2012,10.6661
25-01-2012,10.6736
24-01-2012,10.6584
23-01-2012,10.7202
20-01-2012,10.7178
19-01-2012,10.7158
18-01-2012,10.7073
17-01-2012,10.6961
16-01-2012,10.6614
13-01-2012,10.6953
12-01-2012,10.6679
11-01-2012,10.6897
10-01-2012,10.6986
09-01-2012,10.7096
06-01-2012,10.6804
05-01-2012,10.6405
04-01-2012,10.62
03-01-2012,10.6248
02-01-2012,10.5934
30-12-2011,10.4879
29-12-2011,10.5004
28-12-2011,10.5455
27-12-2011,10.5325
26-12-2011,10.5473
23-12-2011,10.5899
22-12-2011,10.6011
21-12-2011,10.6104
20-12-2011,10.6396
19-12-2011,10.6217
16-12-2011,10.5721
15-12-2011,10.5128
14-12-2011,10.5083
13-12-2011,10.5432
12-12-2011,10.5195
09-12-2011,10.4596
08-12-2011,10.4555
07-12-2011,10.4428
05-12-2011,10.4449
02-12-2011,10.3929
01-12-2011,10.3904
30-11-2011,10.3807
29-11-2011,10.362
28-11-2011,10.3581
25-11-2011,10.3545
24-11-2011,10.3532
23-11-2011,10.3461
22-11-2011,10.3426
21-11-2011,10.3422
18-11-2011,10.3316
17-11-2011,10.3299
16-11-2011,10.3225
15-11-2011,10.3195
14-11-2011,10.3142
11-11-2011,10.3098
09-11-2011,10.306
08-11-2011,10.3093
04-11-2011,10.3093
03-11-2011,10.3109
02-11-2011,10.3055
01-11-2011,10.3023
31-10-2011,10.3132
28-10-2011,10.3152
25-10-2011,10.332
24-10-2011,10.3025
21-10-2011,10.2967
20-10-2011,10.3045
19-10-2011,10.3056
18-10-2011,10.3087
17-10-2011,10.3023
14-10-2011,10.2915
13-10-2011,10.2984
12-10-2011,10.2926
11-10-2011,10.3049
10-10-2011,10.2896
07-10-2011,10.32
05-10-2011,10.3459
04-10-2011,10.3508
03-10-2011,10.3512
29-09-2011,10.3782
28-09-2011,10.4002
27-09-2011,10.4136
26-09-2011,10.4157
23-09-2011,10.4039
22-09-2011,10.4123
21-09-2011,10.4032
20-09-2011,10.3992
19-09-2011,10.3993
16-09-2011,10.3817
15-09-2011,10.3869
14-09-2011,10.3881
13-09-2011,10.3942
12-09-2011,10.3991
09-09-2011,10.3887
08-09-2011,10.3891
07-09-2011,10.3723
06-09-2011,10.3884
05-09-2011,10.3895
02-09-2011,10.3697
30-08-2011,10.3543
29-08-2011,10.3548
26-08-2011,10.3577
25-08-2011,10.3636
24-08-2011,10.3657
23-08-2011,10.3582
22-08-2011,10.3517
18-08-2011,10.3384
17-08-2011,10.3247
16-08-2011,10.3302
12-08-2011,10.3261
11-08-2011,10.3485
10-08-2011,10.3494
09-08-2011,10.3419
08-08-2011,10.3276
05-08-2011,10.2984
04-08-2011,10.2693
03-08-2011,10.2622
02-08-2011,10.2571
01-08-2011,10.2504
29-07-2011,10.2449
28-07-2011,10.2416
27-07-2011,10.2377
26-07-2011,10.2426
25-07-2011,10.277
22-07-2011,10.2644
21-07-2011,10.2752
20-07-2011,10.2736
19-07-2011,10.2528
18-07-2011,10.2518
15-07-2011,10.2403
14-07-2011,10.2409
13-07-2011,10.2198
12-07-2011,10.2223
11-07-2011,10.2059
08-07-2011,10.1898
07-07-2011,10.1845
06-07-2011,10.1911
05-07-2011,10.186
04-07-2011,10.1802
30-06-2011,10.1867
29-06-2011,10.1827
28-06-2011,10.1882
27-06-2011,10.1878
24-06-2011,10.1848
23-06-2011,10.1765
22-06-2011,10.1807
21-06-2011,10.1874
20-06-2011,10.1929
17-06-2011,10.1592
16-06-2011,10.1451
15-06-2011,10.1045
14-06-2011,10.1184
13-06-2011,10.1292
10-06-2011,10.123
09-06-2011,10.1137
08-06-2011,10.1112
07-06-2011,10.1033
06-06-2011,10.1043
03-06-2011,10.0922
02-06-2011,10.0896
01-06-2011,10.0738
31-05-2011,10.0526
30-05-2011,10.0523
27-05-2011,10.0455
26-05-2011,10.0486
25-05-2011,10.0485
24-05-2011,10.0492
23-05-2011,10.0527
20-05-2011,10.0469
19-05-2011,10.0485
18-05-2011,10.0484
16-05-2011,10.0442
13-05-2011,10.0375
12-05-2011,10.0323
11-05-2011,10.0293
10-05-2011,10.0267
09-05-2011,10.0198
06-05-2011,10.0122
05-05-2011,10.0098
04-05-2011,10.0107
03-05-2011,10.01
02-05-2011,10.0191
27-04-2011,10
