Historical Mutual Fund NAV of HDFC Corporate Bond Fund - Growth Option,
scheme:- HDFC Corporate Bond Fund - Growth Option,
Start Date:- 29-06-2010,
End Date:- 23-11-2020,
NAV Date,NAV (Rs)
23-11-2020,24.7576
20-11-2020,24.7481
19-11-2020,24.7266
18-11-2020,24.7088
17-11-2020,24.703
13-11-2020,24.677
12-11-2020,24.6659
11-11-2020,24.6559
10-11-2020,24.6582
09-11-2020,24.6591
06-11-2020,24.6571
05-11-2020,24.6437
04-11-2020,24.6132
03-11-2020,24.6135
02-11-2020,24.6138
29-10-2020,24.6067
28-10-2020,24.6106
27-10-2020,24.6167
26-10-2020,24.6271
23-10-2020,24.5879
22-10-2020,24.5619
21-10-2020,24.5678
20-10-2020,24.5635
19-10-2020,24.5454
16-10-2020,24.5307
15-10-2020,24.5326
14-10-2020,24.5175
13-10-2020,24.504
12-10-2020,24.4682
09-10-2020,24.4481
08-10-2020,24.3295
07-10-2020,24.3132
06-10-2020,24.2988
05-10-2020,24.29
01-10-2020,24.2696
30-09-2020,24.2385
29-09-2020,24.2143
28-09-2020,24.212
25-09-2020,24.2168
24-09-2020,24.2293
23-09-2020,24.2335
22-09-2020,24.224
21-09-2020,24.226
18-09-2020,24.2162
17-09-2020,24.2057
16-09-2020,24.2053
15-09-2020,24.1851
14-09-2020,24.1944
11-09-2020,24.1881
10-09-2020,24.1971
09-09-2020,24.2114
08-09-2020,24.1964
07-09-2020,24.2532
04-09-2020,24.2894
03-09-2020,24.285
02-09-2020,24.2378
01-09-2020,24.2239
31-08-2020,24.1161
28-08-2020,24.0228
27-08-2020,24.0342
26-08-2020,24.0491
25-08-2020,24.0643
24-08-2020,24.0429
21-08-2020,24.0978
20-08-2020,24.1693
19-08-2020,24.1535
18-08-2020,24.1652
17-08-2020,24.1788
14-08-2020,24.1774
13-08-2020,24.1919
12-08-2020,24.1767
11-08-2020,24.1881
10-08-2020,24.1943
07-08-2020,24.205
06-08-2020,24.2161
05-08-2020,24.2462
04-08-2020,24.2422
03-08-2020,24.2368
31-07-2020,24.2243
30-07-2020,24.2003
29-07-2020,24.1858
28-07-2020,24.1748
27-07-2020,24.192
24-07-2020,24.2105
23-07-2020,24.2055
22-07-2020,24.2016
21-07-2020,24.2125
20-07-2020,24.2172
17-07-2020,24.2033
16-07-2020,24.2032
15-07-2020,24.2031
14-07-2020,24.18
13-07-2020,24.1981
10-07-2020,24.1812
09-07-2020,24.1195
08-07-2020,24.0958
07-07-2020,24.0547
06-07-2020,24.0178
03-07-2020,23.9866
02-07-2020,23.9655
01-07-2020,23.9375
30-06-2020,23.9123
29-06-2020,23.8813
26-06-2020,23.8542
25-06-2020,23.8199
24-06-2020,23.7792
23-06-2020,23.7728
22-06-2020,23.7485
19-06-2020,23.7221
18-06-2020,23.6659
17-06-2020,23.6287
16-06-2020,23.612
15-06-2020,23.586
12-06-2020,23.5693
11-06-2020,23.561
10-06-2020,23.5397
09-06-2020,23.5206
08-06-2020,23.5085
05-06-2020,23.5079
04-06-2020,23.4853
03-06-2020,23.491
02-06-2020,23.4697
01-06-2020,23.4814
29-05-2020,23.4858
28-05-2020,23.4901
27-05-2020,23.4911
26-05-2020,23.4889
22-05-2020,23.4674
21-05-2020,23.37
20-05-2020,23.3469
19-05-2020,23.3291
18-05-2020,23.3082
15-05-2020,23.2801
14-05-2020,23.2648
13-05-2020,23.2239
12-05-2020,23.2019
11-05-2020,23.155
08-05-2020,23.1936
06-05-2020,23.1478
05-05-2020,23.0802
04-05-2020,23.0344
30-04-2020,22.9747
29-04-2020,22.9751
28-04-2020,22.9661
27-04-2020,22.9958
24-04-2020,22.9891
23-04-2020,23.1337
22-04-2020,23.0791
21-04-2020,23.0653
20-04-2020,23.0199
17-04-2020,22.8973
16-04-2020,22.7735
15-04-2020,22.7107
13-04-2020,22.6662
09-04-2020,22.6419
08-04-2020,22.6474
07-04-2020,22.7565
03-04-2020,22.8741
31-03-2020,22.9139
30-03-2020,22.8605
27-03-2020,22.8851
26-03-2020,22.3209
24-03-2020,22.2831
23-03-2020,22.266
20-03-2020,22.3622
19-03-2020,22.2566
18-03-2020,22.433
17-03-2020,22.518
16-03-2020,22.6157
13-03-2020,22.6269
12-03-2020,22.7434
11-03-2020,22.8567
09-03-2020,22.885
06-03-2020,22.8792
05-03-2020,22.8618
04-03-2020,22.8566
03-03-2020,22.7913
02-03-2020,22.7937
28-02-2020,22.7748
27-02-2020,22.79
26-02-2020,22.7942
25-02-2020,22.7681
24-02-2020,22.7785
20-02-2020,22.7453
18-02-2020,22.7444
17-02-2020,22.7642
14-02-2020,22.7448
13-02-2020,22.726
12-02-2020,22.6967
11-02-2020,22.7002
10-02-2020,22.6976
07-02-2020,22.6852
06-02-2020,22.6234
05-02-2020,22.5399
04-02-2020,22.5379
03-02-2020,22.5226
31-01-2020,22.4644
30-01-2020,22.4618
29-01-2020,22.4599
28-01-2020,22.4619
27-01-2020,22.4589
24-01-2020,22.4374
23-01-2020,22.4239
22-01-2020,22.405
21-01-2020,22.3912
20-01-2020,22.3783
17-01-2020,22.3688
16-01-2020,22.3534
15-01-2020,22.339
14-01-2020,22.3255
13-01-2020,22.3571
10-01-2020,22.3535
09-01-2020,22.3724
08-01-2020,22.3524
07-01-2020,22.3479
06-01-2020,22.3328
03-01-2020,22.3497
02-01-2020,22.3329
01-01-2020,22.3275
31-12-2019,22.3046
30-12-2019,22.303
27-12-2019,22.309
26-12-2019,22.2944
24-12-2019,22.2895
23-12-2019,22.2873
20-12-2019,22.2637
19-12-2019,22.1944
18-12-2019,22.1954
17-12-2019,22.1676
16-12-2019,22.1531
13-12-2019,22.1347
12-12-2019,22.146
11-12-2019,22.1505
10-12-2019,22.1751
09-12-2019,22.1955
06-12-2019,22.1883
05-12-2019,22.2099
04-12-2019,22.3052
03-12-2019,22.2877
02-12-2019,22.2829
29-11-2019,22.2755
28-11-2019,22.2698
27-11-2019,22.2439
26-11-2019,22.2423
25-11-2019,22.2337
22-11-2019,22.2083
21-11-2019,22.204
20-11-2019,22.2039
19-11-2019,22.185
18-11-2019,22.1746
15-11-2019,22.1487
14-11-2019,22.1319
13-11-2019,22.1071
11-11-2019,22.0793
08-11-2019,22.0791
07-11-2019,22.0935
06-11-2019,22.0918
05-11-2019,22.1165
04-11-2019,22.125
01-11-2019,22.1254
31-10-2019,22.0991
30-10-2019,22.0703
29-10-2019,22.0516
25-10-2019,22.0285
24-10-2019,22.0183
23-10-2019,22.0102
22-10-2019,21.9989
18-10-2019,21.9717
17-10-2019,21.7962
16-10-2019,21.98
15-10-2019,21.9649
14-10-2019,21.9553
11-10-2019,21.9286
10-10-2019,21.934
09-10-2019,21.934
07-10-2019,21.9184
04-10-2019,21.9082
03-10-2019,21.9235
01-10-2019,21.8838
30-09-2019,21.8649
27-09-2019,21.8475
26-09-2019,21.8462
25-09-2019,21.8323
24-09-2019,21.8254
23-09-2019,21.8373
20-09-2019,21.8126
19-09-2019,21.9094
18-09-2019,21.9134
17-09-2019,21.8668
16-09-2019,21.8829
13-09-2019,21.8953
12-09-2019,21.8767
11-09-2019,21.8908
09-09-2019,21.9156
06-09-2019,21.883
05-09-2019,21.887
04-09-2019,21.8909
03-09-2019,21.8765
30-08-2019,21.8307
29-08-2019,21.8302
28-08-2019,21.8416
27-08-2019,21.8462
26-08-2019,21.8492
23-08-2019,21.8046
22-08-2019,21.7959
21-08-2019,21.7761
20-08-2019,21.7556
19-08-2019,21.7324
16-08-2019,21.7267
14-08-2019,21.6845
13-08-2019,21.7421
09-08-2019,21.737
08-08-2019,21.7778
07-08-2019,21.756
06-08-2019,21.7194
05-08-2019,21.6963
02-08-2019,21.7085
01-08-2019,21.656
31-07-2019,21.6588
30-07-2019,21.6398
29-07-2019,21.6172
26-07-2019,21.5575
25-07-2019,21.5514
24-07-2019,21.6026
23-07-2019,21.5902
22-07-2019,21.612
19-07-2019,21.6318
18-07-2019,21.6201
17-07-2019,21.6252
16-07-2019,21.6351
15-07-2019,21.5927
12-07-2019,21.5519
11-07-2019,21.5389
10-07-2019,21.5133
09-07-2019,21.4871
08-07-2019,21.4864
05-07-2019,21.4169
04-07-2019,21.3663
03-07-2019,21.3342
02-07-2019,21.3048
01-07-2019,21.2895
28-06-2019,21.2883
27-06-2019,21.2782
26-06-2019,21.2656
25-06-2019,21.2882
24-06-2019,21.3027
21-06-2019,21.301
20-06-2019,21.3303
19-06-2019,21.3076
18-06-2019,21.297
17-06-2019,21.2529
14-06-2019,21.2432
13-06-2019,21.2119
12-06-2019,21.2034
11-06-2019,21.1863
10-06-2019,21.1809
07-06-2019,21.2096
06-06-2019,21.2368
04-06-2019,21.1883
03-06-2019,21.1985
31-05-2019,21.1706
30-05-2019,21.1263
29-05-2019,21.1329
28-05-2019,21.1308
27-05-2019,21.1211
24-05-2019,21.0556
23-05-2019,21.0286
22-05-2019,20.9889
21-05-2019,20.9799
20-05-2019,20.9803
17-05-2019,20.9322
16-05-2019,20.9133
15-05-2019,20.9103
14-05-2019,20.9044
13-05-2019,20.8859
10-05-2019,20.8664
09-05-2019,20.8643
08-05-2019,20.8594
07-05-2019,20.8497
06-05-2019,20.8424
03-05-2019,20.828
02-05-2019,20.8305
30-04-2019,20.829
26-04-2019,20.8127
25-04-2019,20.7986
24-04-2019,20.8091
23-04-2019,20.7976
22-04-2019,20.7958
18-04-2019,20.8133
16-04-2019,20.8099
15-04-2019,20.8091
12-04-2019,20.8069
11-04-2019,20.8192
10-04-2019,20.8248
09-04-2019,20.8115
08-04-2019,20.8066
05-04-2019,20.8278
04-04-2019,20.8393
03-04-2019,20.8687
02-04-2019,20.874
29-03-2019,20.8105
28-03-2019,20.7801
27-03-2019,20.7549
26-03-2019,20.7538
25-03-2019,20.7542
22-03-2019,20.7243
20-03-2019,20.7009
19-03-2019,20.6815
18-03-2019,20.692
15-03-2019,20.6674
14-03-2019,20.658
13-03-2019,20.6199
12-03-2019,20.6179
11-03-2019,20.5981
08-03-2019,20.5641
07-03-2019,20.5443
06-03-2019,20.52
05-03-2019,20.5108
01-03-2019,20.481
28-02-2019,20.4599
27-02-2019,20.4446
26-02-2019,20.4646
25-02-2019,20.4647
22-02-2019,20.4515
21-02-2019,20.4486
20-02-2019,20.4471
18-02-2019,20.4306
15-02-2019,20.4398
14-02-2019,20.4476
13-02-2019,20.4531
12-02-2019,20.4094
11-02-2019,20.4116
08-02-2019,20.4015
07-02-2019,20.3851
06-02-2019,20.3368
05-02-2019,20.3241
04-02-2019,20.3199
01-02-2019,20.3213
31-01-2019,20.3535
30-01-2019,20.3426
29-01-2019,20.3465
28-01-2019,20.3438
25-01-2019,20.3317
24-01-2019,20.3278
23-01-2019,20.3231
22-01-2019,20.3225
21-01-2019,20.298
18-01-2019,20.2983
17-01-2019,20.3023
16-01-2019,20.3005
15-01-2019,20.3059
14-01-2019,20.3058
11-01-2019,20.2755
10-01-2019,20.2616
09-01-2019,20.256
08-01-2019,20.2494
07-01-2019,20.2285
04-01-2019,20.2221
03-01-2019,20.2183
02-01-2019,20.2202
01-01-2019,20.211
31-12-2018,20.2175
28-12-2018,20.2042
27-12-2018,20.2156
26-12-2018,20.2046
24-12-2018,20.1816
21-12-2018,20.173
20-12-2018,20.1651
19-12-2018,20.1537
18-12-2018,20.1142
17-12-2018,20.1022
14-12-2018,20.0893
13-12-2018,20.0866
12-12-2018,20.0867
11-12-2018,20.0617
10-12-2018,20.0659
07-12-2018,20.0871
06-12-2018,20.0921
05-12-2018,20.0799
04-12-2018,20.0464
03-12-2018,20.0349
30-11-2018,20.0259
29-11-2018,20.0123
28-11-2018,19.9879
27-11-2018,19.9698
26-11-2018,19.965
22-11-2018,19.9447
20-11-2018,19.9261
19-11-2018,19.9147
16-11-2018,19.9006
15-11-2018,19.9006
14-11-2018,19.8852
13-11-2018,19.8671
12-11-2018,19.8523
09-11-2018,19.8409
06-11-2018,19.8253
05-11-2018,19.8202
02-11-2018,19.8073
01-11-2018,19.7906
31-10-2018,19.7813
30-10-2018,19.7788
29-10-2018,19.7753
26-10-2018,19.7617
25-10-2018,19.7616
24-10-2018,19.7582
23-10-2018,19.7542
22-10-2018,19.7538
19-10-2018,19.7446
17-10-2018,19.7344
16-10-2018,19.7368
15-10-2018,19.7243
12-10-2018,19.6986
11-10-2018,19.6901
10-10-2018,19.675
09-10-2018,19.6658
08-10-2018,19.6784
05-10-2018,19.6595
04-10-2018,19.6231
03-10-2018,19.6436
01-10-2018,19.6502
28-09-2018,19.6252
27-09-2018,19.6013
26-09-2018,19.5656
25-09-2018,19.5551
24-09-2018,19.586
21-09-2018,19.6132
19-09-2018,19.6151
18-09-2018,19.61
17-09-2018,19.6024
14-09-2018,19.5987
12-09-2018,19.5862
11-09-2018,19.5934
10-09-2018,19.5959
07-09-2018,19.6224
06-09-2018,19.6167
05-09-2018,19.6143
04-09-2018,19.6319
03-09-2018,19.6511
31-08-2018,19.6445
30-08-2018,19.6449
29-08-2018,19.6499
28-08-2018,19.6468
27-08-2018,19.6458
24-08-2018,19.6322
23-08-2018,19.6321
21-08-2018,19.6256
20-08-2018,19.6211
16-08-2018,19.6022
14-08-2018,19.6019
13-08-2018,19.5988
10-08-2018,19.597
09-08-2018,19.5906
08-08-2018,19.5831
07-08-2018,19.5771
06-08-2018,19.5752
03-08-2018,19.5641
02-08-2018,19.5635
01-08-2018,19.5549
31-07-2018,19.5379
30-07-2018,19.5282
27-07-2018,19.5179
26-07-2018,19.5138
25-07-2018,19.5062
24-07-2018,19.5033
23-07-2018,19.5021
20-07-2018,19.4922
19-07-2018,19.4919
18-07-2018,19.4893
17-07-2018,19.4844
16-07-2018,19.4701
13-07-2018,19.4618
12-07-2018,19.4483
11-07-2018,19.4301
10-07-2018,19.4235
09-07-2018,19.4155
06-07-2018,19.3994
05-07-2018,19.3994
04-07-2018,19.3977
03-07-2018,19.381
02-07-2018,19.3765
29-06-2018,19.356
28-06-2018,19.3496
27-06-2018,19.3628
26-06-2018,19.366
25-06-2018,19.362
22-06-2018,19.3537
21-06-2018,19.3513
20-06-2018,19.3302
19-06-2018,19.3186
18-06-2018,19.3089
15-06-2018,19.287
14-06-2018,19.275
13-06-2018,19.2666
12-06-2018,19.2525
11-06-2018,19.2486
08-06-2018,19.2368
07-06-2018,19.2286
06-06-2018,19.2459
05-06-2018,19.2622
04-06-2018,19.2559
01-06-2018,19.2471
31-05-2018,19.2537
30-05-2018,19.2704
29-05-2018,19.2607
28-05-2018,19.258
25-05-2018,19.2327
24-05-2018,19.2138
23-05-2018,19.2147
22-05-2018,19.2193
21-05-2018,19.2151
18-05-2018,19.2137
17-05-2018,19.1926
16-05-2018,19.2106
15-05-2018,19.2358
14-05-2018,19.2554
11-05-2018,19.2606
10-05-2018,19.2646
09-05-2018,19.2705
08-05-2018,19.2934
07-05-2018,19.2903
04-05-2018,19.2688
03-05-2018,19.266
02-05-2018,19.2634
27-04-2018,19.2362
26-04-2018,19.2365
25-04-2018,19.2575
24-04-2018,19.2852
23-04-2018,19.2934
20-04-2018,19.2978
19-04-2018,19.3289
18-04-2018,19.3573
17-04-2018,19.3731
16-04-2018,19.3736
13-04-2018,19.3663
12-04-2018,19.3627
11-04-2018,19.3622
10-04-2018,19.3834
09-04-2018,19.4057
06-04-2018,19.3976
05-04-2018,19.3884
04-04-2018,19.3548
03-04-2018,19.3471
28-03-2018,19.3109
27-03-2018,19.2973
26-03-2018,19.2399
23-03-2018,19.2365
22-03-2018,19.2302
21-03-2018,19.2243
20-03-2018,19.2237
19-03-2018,19.2212
16-03-2018,19.2159
15-03-2018,19.1948
14-03-2018,19.1809
13-03-2018,19.1794
12-03-2018,19.1648
09-03-2018,19.1369
08-03-2018,19.1354
07-03-2018,19.1194
06-03-2018,19.0927
05-03-2018,19.0869
01-03-2018,19.0711
28-02-2018,19.0768
27-02-2018,19.0772
26-02-2018,19.0841
23-02-2018,19.0752
22-02-2018,19.0595
21-02-2018,19.0785
20-02-2018,19.0853
16-02-2018,19.0905
15-02-2018,19.0862
14-02-2018,19.0978
12-02-2018,19.0897
09-02-2018,19.0808
08-02-2018,19.0787
07-02-2018,19.0642
06-02-2018,19.0444
05-02-2018,19.0332
02-02-2018,19.0231
01-02-2018,19.0163
31-01-2018,19.0531
30-01-2018,19.0469
29-01-2018,19.0597
25-01-2018,19.0525
24-01-2018,19.0566
23-01-2018,19.0567
22-01-2018,19.0468
19-01-2018,19.0407
18-01-2018,19.038
17-01-2018,19.0387
16-01-2018,19.0141
15-01-2018,19.0302
12-01-2018,19.0136
11-01-2018,19.0126
10-01-2018,19.0151
09-01-2018,19.0334
08-01-2018,19.0363
05-01-2018,19.025
04-01-2018,19.0048
03-01-2018,19.0091
02-01-2018,19.0093
01-01-2018,19.0046
29-12-2017,18.9847
28-12-2017,18.9601
27-12-2017,18.9845
26-12-2017,18.9858
22-12-2017,18.9862
21-12-2017,18.9957
20-12-2017,19.0087
19-12-2017,19.0234
18-12-2017,19.0233
15-12-2017,19.0146
14-12-2017,19.0143
13-12-2017,19.0206
12-12-2017,19.0273
11-12-2017,19.0339
08-12-2017,19.0436
07-12-2017,19.0412
06-12-2017,19.036
05-12-2017,19.031
04-12-2017,19.0299
30-11-2017,19.0217
29-11-2017,19.0179
28-11-2017,19.0147
27-11-2017,19.0168
24-11-2017,19.0107
23-11-2017,19.0096
22-11-2017,19.0197
21-11-2017,19.0342
20-11-2017,19.03
17-11-2017,18.992
16-11-2017,18.98
15-11-2017,18.9942
14-11-2017,18.9905
13-11-2017,19.0121
10-11-2017,19.0049
09-11-2017,18.9993
08-11-2017,18.9961
07-11-2017,18.9925
06-11-2017,18.9971
03-11-2017,18.9905
02-11-2017,18.9855
01-11-2017,18.9818
31-10-2017,18.9771
30-10-2017,18.9726
27-10-2017,18.97
26-10-2017,18.9681
25-10-2017,18.9644
24-10-2017,18.9655
23-10-2017,18.9621
18-10-2017,18.9537
17-10-2017,18.9513
16-10-2017,18.9468
13-10-2017,18.9333
12-10-2017,18.9185
11-10-2017,18.9147
10-10-2017,18.9094
09-10-2017,18.9083
06-10-2017,18.9029
05-10-2017,18.9017
04-10-2017,18.9046
03-10-2017,18.9125
29-09-2017,18.8795
28-09-2017,18.8768
27-09-2017,18.8675
26-09-2017,18.8652
25-09-2017,18.8671
22-09-2017,18.8518
21-09-2017,18.8543
20-09-2017,18.8787
19-09-2017,18.875
18-09-2017,18.8694
15-09-2017,18.8661
14-09-2017,18.8688
13-09-2017,18.8681
12-09-2017,18.8682
11-09-2017,18.8727
08-09-2017,18.8666
07-09-2017,18.8659
06-09-2017,18.8662
05-09-2017,18.8607
04-09-2017,18.8614
01-09-2017,18.8532
31-08-2017,18.8299
30-08-2017,18.8211
29-08-2017,18.8188
28-08-2017,18.8133
24-08-2017,18.8017
23-08-2017,18.7976
22-08-2017,18.7972
21-08-2017,18.7956
18-08-2017,18.7855
16-08-2017,18.7737
14-08-2017,18.7719
11-08-2017,18.7622
10-08-2017,18.7652
09-08-2017,18.7685
08-08-2017,18.7639
07-08-2017,18.7589
04-08-2017,18.7485
03-08-2017,18.7457
02-08-2017,18.7173
01-08-2017,18.7082
31-07-2017,18.7014
28-07-2017,18.6933
27-07-2017,18.6887
26-07-2017,18.6796
25-07-2017,18.6786
24-07-2017,18.6737
21-07-2017,18.6647
20-07-2017,18.6469
19-07-2017,18.6395
18-07-2017,18.6297
17-07-2017,18.6184
14-07-2017,18.6008
13-07-2017,18.5968
12-07-2017,18.5882
11-07-2017,18.5788
10-07-2017,18.57
07-07-2017,18.5465
06-07-2017,18.5403
05-07-2017,18.5299
04-07-2017,18.5126
03-07-2017,18.5001
30-06-2017,18.5118
29-06-2017,18.5125
28-06-2017,18.512
27-06-2017,18.5204
23-06-2017,18.5128
22-06-2017,18.5115
21-06-2017,18.509
20-06-2017,18.5042
19-06-2017,18.4994
16-06-2017,18.4879
15-06-2017,18.4913
14-06-2017,18.4858
13-06-2017,18.4871
12-06-2017,18.4712
09-06-2017,18.4601
08-06-2017,18.4474
07-06-2017,18.4058
06-06-2017,18.3708
05-06-2017,18.3635
02-06-2017,18.3539
01-06-2017,18.3463
31-05-2017,18.3293
30-05-2017,18.3202
29-05-2017,18.3158
26-05-2017,18.3134
25-05-2017,18.3029
24-05-2017,18.2896
23-05-2017,18.2851
22-05-2017,18.2779
19-05-2017,18.2653
18-05-2017,18.2638
17-05-2017,18.2613
16-05-2017,18.258
15-05-2017,18.2593
12-05-2017,18.2271
11-05-2017,18.2208
09-05-2017,18.2157
08-05-2017,18.2089
05-05-2017,18.2004
04-05-2017,18.1918
03-05-2017,18.189
02-05-2017,18.1871
28-04-2017,18.1811
27-04-2017,18.1777
26-04-2017,18.1741
25-04-2017,18.1883
24-04-2017,18.1853
21-04-2017,18.1766
20-04-2017,18.1925
19-04-2017,18.182
18-04-2017,18.1704
17-04-2017,18.1664
13-04-2017,18.16
12-04-2017,18.1379
11-04-2017,18.1239
10-04-2017,18.1031
07-04-2017,18.0924
06-04-2017,18.1037
05-04-2017,18.1328
03-04-2017,18.1293
31-03-2017,18.1075
30-03-2017,18.1001
29-03-2017,18.083
27-03-2017,18.0756
24-03-2017,18.0513
23-03-2017,18.041
22-03-2017,18.0369
21-03-2017,18.0003
20-03-2017,17.9938
17-03-2017,17.9896
16-03-2017,17.9932
15-03-2017,17.976
14-03-2017,17.9569
10-03-2017,17.9442
09-03-2017,17.9593
08-03-2017,17.9728
07-03-2017,17.9839
06-03-2017,17.9947
03-03-2017,18.0024
02-03-2017,17.9921
01-03-2017,17.9995
28-02-2017,18.0134
27-02-2017,18.0087
23-02-2017,17.9983
22-02-2017,17.99
20-02-2017,18.0052
17-02-2017,17.9992
16-02-2017,18.0053
15-02-2017,18.0057
14-02-2017,17.9921
13-02-2017,17.9917
10-02-2017,17.9732
09-02-2017,17.9308
08-02-2017,17.9627
07-02-2017,18.0873
06-02-2017,18.0807
03-02-2017,18.0663
02-02-2017,18.0593
01-02-2017,18.0465
31-01-2017,18.0411
30-01-2017,18.037
27-01-2017,18.0267
25-01-2017,18.0253
24-01-2017,18.0209
23-01-2017,18.0229
20-01-2017,18.0132
19-01-2017,18.0105
18-01-2017,18.0102
17-01-2017,18.0066
16-01-2017,18.0024
13-01-2017,17.9997
12-01-2017,17.9989
11-01-2017,17.9838
10-01-2017,17.9737
09-01-2017,17.961
06-01-2017,17.9442
05-01-2017,17.9341
04-01-2017,17.9261
03-01-2017,17.9052
02-01-2017,17.8839
30-12-2016,17.8238
29-12-2016,17.8011
28-12-2016,17.7758
27-12-2016,17.7786
26-12-2016,17.7976
23-12-2016,17.8064
22-12-2016,17.8116
21-12-2016,17.8147
20-12-2016,17.8155
19-12-2016,17.8109
16-12-2016,17.8029
15-12-2016,17.8142
14-12-2016,17.8362
13-12-2016,17.8305
09-12-2016,17.8203
08-12-2016,17.8023
07-12-2016,17.8396
06-12-2016,17.948
05-12-2016,17.946
02-12-2016,17.9345
01-12-2016,17.9392
30-11-2016,17.9264
29-11-2016,17.907
28-11-2016,17.9109
25-11-2016,17.9329
24-11-2016,17.9357
23-11-2016,17.9011
22-11-2016,17.876
21-11-2016,17.866
18-11-2016,17.82
17-11-2016,17.8303
16-11-2016,17.8175
15-11-2016,17.7428
11-11-2016,17.6794
10-11-2016,17.6913
09-11-2016,17.6635
08-11-2016,17.6174
07-11-2016,17.6123
04-11-2016,17.6031
03-11-2016,17.6035
02-11-2016,17.6012
01-11-2016,17.6028
28-10-2016,17.5906
27-10-2016,17.5923
26-10-2016,17.5968
25-10-2016,17.6007
24-10-2016,17.6054
21-10-2016,17.5987
20-10-2016,17.5973
19-10-2016,17.5969
18-10-2016,17.5902
17-10-2016,17.5859
14-10-2016,17.5882
13-10-2016,17.5979
10-10-2016,17.5969
07-10-2016,17.5765
06-10-2016,17.5865
05-10-2016,17.58
04-10-2016,17.5223
03-10-2016,17.4982
30-09-2016,17.4642
29-09-2016,17.4584
28-09-2016,17.4782
27-09-2016,17.4683
26-09-2016,17.455
23-09-2016,17.4299
22-09-2016,17.4178
21-09-2016,17.3936
20-09-2016,17.3887
19-09-2016,17.3923
16-09-2016,17.383
15-09-2016,17.3744
14-09-2016,17.3634
12-09-2016,17.3761
09-09-2016,17.3734
08-09-2016,17.3691
07-09-2016,17.3583
06-09-2016,17.3392
02-09-2016,17.3169
01-09-2016,17.3098
31-08-2016,17.3025
30-08-2016,17.3004
29-08-2016,17.2936
26-08-2016,17.2849
25-08-2016,17.2713
24-08-2016,17.2558
23-08-2016,17.2422
22-08-2016,17.245
19-08-2016,17.2484
18-08-2016,17.2486
16-08-2016,17.2622
12-08-2016,17.2455
11-08-2016,17.2491
10-08-2016,17.2333
09-08-2016,17.2068
08-08-2016,17.179
05-08-2016,17.1672
04-08-2016,17.1609
03-08-2016,17.1556
02-08-2016,17.17
01-08-2016,17.1726
29-07-2016,17.1543
28-07-2016,17.1317
27-07-2016,17.1042
26-07-2016,17.0943
25-07-2016,17.0839
22-07-2016,17.0693
21-07-2016,17.0633
20-07-2016,17.0545
19-07-2016,17.0305
18-07-2016,17.0255
15-07-2016,17.0149
14-07-2016,17.008
13-07-2016,17.0012
12-07-2016,16.9845
11-07-2016,16.952
08-07-2016,16.9316
07-07-2016,16.9227
05-07-2016,16.906
04-07-2016,16.8894
01-07-2016,16.8736
30-06-2016,16.8644
29-06-2016,16.8545
28-06-2016,16.8472
27-06-2016,16.8419
24-06-2016,16.8273
23-06-2016,16.8263
22-06-2016,16.8192
21-06-2016,16.8131
20-06-2016,16.8029
17-06-2016,16.8028
16-06-2016,16.7982
15-06-2016,16.7916
14-06-2016,16.7904
13-06-2016,16.7885
10-06-2016,16.7836
09-06-2016,16.7802
08-06-2016,16.7687
07-06-2016,16.7626
06-06-2016,16.7572
03-06-2016,16.7424
02-06-2016,16.7382
01-06-2016,16.732
31-05-2016,16.7327
30-05-2016,16.7303
27-05-2016,16.721
26-05-2016,16.7151
25-05-2016,16.7147
24-05-2016,16.7127
23-05-2016,16.7108
20-05-2016,16.6967
19-05-2016,16.696
18-05-2016,16.6941
17-05-2016,16.6936
16-05-2016,16.6911
13-05-2016,16.6803
12-05-2016,16.6817
11-05-2016,16.6691
10-05-2016,16.6655
09-05-2016,16.66
06-05-2016,16.651
05-05-2016,16.6458
04-05-2016,16.641
03-05-2016,16.6372
02-05-2016,16.6346
29-04-2016,16.6222
28-04-2016,16.6159
27-04-2016,16.6121
26-04-2016,16.612
25-04-2016,16.6153
22-04-2016,16.6082
21-04-2016,16.6015
20-04-2016,16.6144
18-04-2016,16.6162
13-04-2016,16.5998
12-04-2016,16.6074
11-04-2016,16.5961
07-04-2016,16.5753
06-04-2016,16.5658
05-04-2016,16.5509
04-04-2016,16.5348
31-03-2016,16.4871
30-03-2016,16.45
29-03-2016,16.4373
28-03-2016,16.4384
23-03-2016,16.4214
22-03-2016,16.4165
21-03-2016,16.4106
18-03-2016,16.38
17-03-2016,16.373
16-03-2016,16.3494
15-03-2016,16.3391
14-03-2016,16.3255
11-03-2016,16.3039
10-03-2016,16.3037
09-03-2016,16.3013
08-03-2016,16.2941
04-03-2016,16.285
03-03-2016,16.282
02-03-2016,16.2816
01-03-2016,16.2748
29-02-2016,16.2543
26-02-2016,16.1762
25-02-2016,16.1643
24-02-2016,16.189
23-02-2016,16.1965
22-02-2016,16.2227
18-02-2016,16.2211
17-02-2016,16.2162
16-02-2016,16.2218
15-02-2016,16.2279
12-02-2016,16.2249
11-02-2016,16.2277
10-02-2016,16.2268
09-02-2016,16.2203
08-02-2016,16.219
05-02-2016,16.2105
04-02-2016,16.2067
03-02-2016,16.204
02-02-2016,16.2099
01-02-2016,16.2165
29-01-2016,16.2083
28-01-2016,16.2023
27-01-2016,16.2048
25-01-2016,16.1995
22-01-2016,16.1894
21-01-2016,16.1836
20-01-2016,16.1775
19-01-2016,16.1769
18-01-2016,16.1717
15-01-2016,16.1601
14-01-2016,16.1637
13-01-2016,16.1646
12-01-2016,16.1639
11-01-2016,16.1697
08-01-2016,16.1586
07-01-2016,16.1471
06-01-2016,16.141
05-01-2016,16.1375
04-01-2016,16.1315
01-01-2016,16.1175
31-12-2015,16.1105
30-12-2015,16.1027
29-12-2015,16.0975
28-12-2015,16.0932
23-12-2015,16.0753
22-12-2015,16.0738
21-12-2015,16.0702
18-12-2015,16.0617
17-12-2015,16.0564
16-12-2015,16.0505
15-12-2015,16.0472
14-12-2015,16.0482
11-12-2015,16.0442
10-12-2015,16.0493
09-12-2015,16.0505
08-12-2015,16.0505
07-12-2015,16.0541
04-12-2015,16.0488
03-12-2015,16.0467
02-12-2015,16.041
01-12-2015,16.0342
30-11-2015,16.0303
27-11-2015,16.0252
26-11-2015,16.025
24-11-2015,16.0192
23-11-2015,16.0178
20-11-2015,16.0084
19-11-2015,16.006
18-11-2015,16.0021
17-11-2015,15.9997
16-11-2015,15.9972
13-11-2015,15.9853
10-11-2015,15.9725
09-11-2015,15.9682
06-11-2015,15.9624
05-11-2015,15.9595
04-11-2015,15.9592
03-11-2015,15.9608
02-11-2015,15.9569
30-10-2015,15.9484
29-10-2015,15.9481
28-10-2015,15.9485
27-10-2015,15.9453
26-10-2015,15.9409
23-10-2015,15.9317
21-10-2015,15.9213
20-10-2015,15.9197
19-10-2015,15.9152
16-10-2015,15.905
15-10-2015,15.8996
14-10-2015,15.8943
13-10-2015,15.8919
12-10-2015,15.8875
09-10-2015,15.88
08-10-2015,15.8758
07-10-2015,15.8693
06-10-2015,15.8645
05-10-2015,15.8592
01-10-2015,15.8393
30-09-2015,15.8381
29-09-2015,15.8253
28-09-2015,15.7871
24-09-2015,15.7679
23-09-2015,15.763
22-09-2015,15.7615
21-09-2015,15.7575
18-09-2015,15.7457
16-09-2015,15.7338
15-09-2015,15.7363
14-09-2015,15.7324
11-09-2015,15.7233
10-09-2015,15.7211
09-09-2015,15.7281
08-09-2015,15.7225
07-09-2015,15.7197
04-09-2015,15.7124
03-09-2015,15.7134
02-09-2015,15.7173
01-09-2015,15.7161
31-08-2015,15.7097
28-08-2015,15.7011
27-08-2015,15.6965
26-08-2015,15.6909
25-08-2015,15.6874
24-08-2015,15.6857
21-08-2015,15.6865
20-08-2015,15.6866
19-08-2015,15.682
17-08-2015,15.6764
14-08-2015,15.6665
13-08-2015,15.6625
12-08-2015,15.6536
11-08-2015,15.6491
10-08-2015,15.6446
07-08-2015,15.6342
06-08-2015,15.6315
05-08-2015,15.6273
04-08-2015,15.6271
03-08-2015,15.627
31-07-2015,15.6148
30-07-2015,15.612
29-07-2015,15.6086
28-07-2015,15.6001
27-07-2015,15.5916
24-07-2015,15.5812
23-07-2015,15.5771
22-07-2015,15.5733
21-07-2015,15.5683
20-07-2015,15.564
17-07-2015,15.5549
16-07-2015,15.5518
15-07-2015,15.5483
14-07-2015,15.5423
13-07-2015,15.5352
10-07-2015,15.5324
09-07-2015,15.5256
08-07-2015,15.5231
07-07-2015,15.5185
06-07-2015,15.5114
03-07-2015,15.4958
02-07-2015,15.4862
01-07-2015,15.4772
30-06-2015,15.4676
29-06-2015,15.4597
26-06-2015,15.4597
25-06-2015,15.4599
24-06-2015,15.4609
23-06-2015,15.4584
22-06-2015,15.4601
19-06-2015,15.4488
18-06-2015,15.4421
17-06-2015,15.427
16-06-2015,15.4172
15-06-2015,15.4186
12-06-2015,15.4095
11-06-2015,15.407
10-06-2015,15.4118
09-06-2015,15.4109
08-06-2015,15.4048
05-06-2015,15.3928
04-06-2015,15.3888
03-06-2015,15.3902
02-06-2015,15.3934
01-06-2015,15.4054
29-05-2015,15.3851
28-05-2015,15.3765
27-05-2015,15.3653
26-05-2015,15.3613
25-05-2015,15.359
22-05-2015,15.3462
21-05-2015,15.3424
20-05-2015,15.3342
19-05-2015,15.3249
18-05-2015,15.3191
15-05-2015,15.3037
14-05-2015,15.3
13-05-2015,15.2969
12-05-2015,15.2976
11-05-2015,15.2932
08-05-2015,15.278
07-05-2015,15.2768
06-05-2015,15.2864
05-05-2015,15.2915
30-04-2015,15.2816
29-04-2015,15.2904
28-04-2015,15.2907
27-04-2015,15.2886
24-04-2015,15.2824
23-04-2015,15.2792
22-04-2015,15.281
21-04-2015,15.277
20-04-2015,15.2723
17-04-2015,15.2646
16-04-2015,15.2678
15-04-2015,15.2658
13-04-2015,15.2605
10-04-2015,15.2497
09-04-2015,15.2455
08-04-2015,15.2387
07-04-2015,15.2407
06-04-2015,15.2256
31-03-2015,15.193
30-03-2015,15.1727
27-03-2015,15.1607
26-03-2015,15.152
25-03-2015,15.1481
24-03-2015,15.1438
23-03-2015,15.1408
20-03-2015,15.1318
19-03-2015,15.1291
18-03-2015,15.1228
17-03-2015,15.1238
16-03-2015,15.1207
13-03-2015,15.1114
12-03-2015,15.1135
11-03-2015,15.1099
10-03-2015,15.1093
09-03-2015,15.1096
05-03-2015,15.1076
04-03-2015,15.0995
03-03-2015,15.0771
02-03-2015,15.0848
27-02-2015,15.0771
26-02-2015,15.0725
25-02-2015,15.0674
24-02-2015,15.0592
23-02-2015,15.0443
20-02-2015,15.0315
18-02-2015,15.0208
16-02-2015,15.0115
13-02-2015,14.9999
12-02-2015,14.9914
11-02-2015,14.9957
10-02-2015,14.9948
09-02-2015,14.9936
06-02-2015,14.9948
05-02-2015,14.995
04-02-2015,14.9993
03-02-2015,15.0056
02-02-2015,15.0165
30-01-2015,15.0028
29-01-2015,15.002
28-01-2015,14.9984
27-01-2015,14.9905
23-01-2015,14.9751
22-01-2015,14.969
21-01-2015,14.965
20-01-2015,14.9622
19-01-2015,14.9641
16-01-2015,14.9505
15-01-2015,14.9308
14-01-2015,14.9044
13-01-2015,14.9028
12-01-2015,14.8899
09-01-2015,14.8678
08-01-2015,14.8648
07-01-2015,14.8547
06-01-2015,14.8462
05-01-2015,14.8512
02-01-2015,14.8439
01-01-2015,14.8443
31-12-2014,14.8332
30-12-2014,14.8256
29-12-2014,14.8158
26-12-2014,14.805
24-12-2014,14.8003
23-12-2014,14.7937
22-12-2014,14.7923
19-12-2014,14.7801
18-12-2014,14.7828
17-12-2014,14.772
16-12-2014,14.7769
15-12-2014,14.8058
12-12-2014,14.7918
11-12-2014,14.7858
10-12-2014,14.7855
09-12-2014,14.7888
08-12-2014,14.7842
05-12-2014,14.7735
04-12-2014,14.774
03-12-2014,14.7747
02-12-2014,14.7696
01-12-2014,14.7549
28-11-2014,14.7412
27-11-2014,14.7302
26-11-2014,14.729
25-11-2014,14.7271
24-11-2014,14.7198
21-11-2014,14.7114
20-11-2014,14.7084
19-11-2014,14.7032
18-11-2014,14.6973
17-11-2014,14.691
14-11-2014,14.6753
13-11-2014,14.6725
12-11-2014,14.6793
11-11-2014,14.6755
10-11-2014,14.6722
07-11-2014,14.6574
05-11-2014,14.6469
03-11-2014,14.6226
31-10-2014,14.6041
30-10-2014,14.5897
29-10-2014,14.5812
28-10-2014,14.5756
27-10-2014,14.5718
22-10-2014,14.5483
21-10-2014,14.5381
20-10-2014,14.5265
17-10-2014,14.5123
16-10-2014,14.5069
14-10-2014,14.4844
13-10-2014,14.4702
10-10-2014,14.4598
09-10-2014,14.4487
08-10-2014,14.4488
07-10-2014,14.4398
01-10-2014,14.4138
30-09-2014,14.4103
29-09-2014,14.407
26-09-2014,14.4007
25-09-2014,14.3869
24-09-2014,14.3823
23-09-2014,14.3783
22-09-2014,14.3765
19-09-2014,14.3597
18-09-2014,14.3567
17-09-2014,14.3493
16-09-2014,14.3453
15-09-2014,14.3416
12-09-2014,14.3311
11-09-2014,14.3262
10-09-2014,14.3222
09-09-2014,14.3231
08-09-2014,14.3193
05-09-2014,14.3056
04-09-2014,14.2992
03-09-2014,14.2968
02-09-2014,14.2879
01-09-2014,14.2845
28-08-2014,14.269
27-08-2014,14.2643
26-08-2014,14.2564
25-08-2014,14.2501
22-08-2014,14.242
21-08-2014,14.241
20-08-2014,14.2398
19-08-2014,14.2331
14-08-2014,14.2111
13-08-2014,14.2084
12-08-2014,14.1984
11-08-2014,14.1928
08-08-2014,14.1803
07-08-2014,14.1833
06-08-2014,14.1794
05-08-2014,14.1881
04-08-2014,14.1928
01-08-2014,14.1832
31-07-2014,14.1847
30-07-2014,14.1772
28-07-2014,14.1779
25-07-2014,14.1699
24-07-2014,14.1647
23-07-2014,14.1539
22-07-2014,14.1414
21-07-2014,14.1267
18-07-2014,14.1103
17-07-2014,14.1067
16-07-2014,14.0972
15-07-2014,14.0864
14-07-2014,14.0818
11-07-2014,14.0883
10-07-2014,14.1312
09-07-2014,14.128
08-07-2014,14.127
07-07-2014,14.1265
04-07-2014,14.118
03-07-2014,14.1121
02-07-2014,14.1095
30-06-2014,14.093
27-06-2014,14.0812
26-06-2014,14.0812
25-06-2014,14.0738
24-06-2014,14.0683
23-06-2014,14.0689
20-06-2014,14.0634
19-06-2014,14.0649
18-06-2014,14.0672
17-06-2014,14.0665
16-06-2014,14.0656
13-06-2014,14.0674
12-06-2014,14.0613
11-06-2014,14.0566
10-06-2014,14.0578
09-06-2014,14.0579
06-06-2014,14.0375
05-06-2014,14.0342
04-06-2014,14.0279
03-06-2014,14.0187
02-06-2014,14.0025
30-05-2014,13.9961
29-05-2014,13.9904
28-05-2014,13.9826
27-05-2014,13.9802
26-05-2014,13.9749
23-05-2014,13.9705
22-05-2014,13.9526
21-05-2014,13.9462
20-05-2014,13.9373
19-05-2014,13.934
16-05-2014,13.9288
15-05-2014,13.9092
13-05-2014,13.899
12-05-2014,13.8974
09-05-2014,13.8765
08-05-2014,13.8638
07-05-2014,13.8575
06-05-2014,13.8533
05-05-2014,13.8491
02-05-2014,13.8304
30-04-2014,13.8175
29-04-2014,13.8063
28-04-2014,13.8015
25-04-2014,13.7962
23-04-2014,13.7867
22-04-2014,13.7797
21-04-2014,13.7659
17-04-2014,13.7445
16-04-2014,13.7399
15-04-2014,13.7247
11-04-2014,13.7105
10-04-2014,13.7007
09-04-2014,13.6981
07-04-2014,13.6992
04-04-2014,13.6918
03-04-2014,13.7037
02-04-2014,13.7003
31-03-2014,13.708
28-03-2014,13.6981
27-03-2014,13.6816
26-03-2014,13.677
25-03-2014,13.6804
24-03-2014,13.6766
21-03-2014,13.6531
20-03-2014,13.6373
19-03-2014,13.6291
18-03-2014,13.6254
14-03-2014,13.6134
13-03-2014,13.608
12-03-2014,13.6009
11-03-2014,13.5959
10-03-2014,13.576
07-03-2014,13.5607
06-03-2014,13.5504
05-03-2014,13.5412
04-03-2014,13.5322
03-03-2014,13.5356
28-02-2014,13.5256
26-02-2014,13.5194
25-02-2014,13.5177
24-02-2014,13.5142
21-02-2014,13.5052
20-02-2014,13.4995
18-02-2014,13.4887
17-02-2014,13.485
14-02-2014,13.4721
13-02-2014,13.4808
12-02-2014,13.4868
11-02-2014,13.4941
10-02-2014,13.5019
07-02-2014,13.488
06-02-2014,13.4872
05-02-2014,13.4782
04-02-2014,13.4657
03-02-2014,13.4553
31-01-2014,13.441
30-01-2014,13.4398
29-01-2014,13.4551
28-01-2014,13.4573
27-01-2014,13.4801
24-01-2014,13.4731
23-01-2014,13.4787
22-01-2014,13.4754
21-01-2014,13.488
20-01-2014,13.4747
17-01-2014,13.4613
16-01-2014,13.4538
15-01-2014,13.4486
13-01-2014,13.4288
10-01-2014,13.4104
09-01-2014,13.4054
08-01-2014,13.4086
07-01-2014,13.407
06-01-2014,13.3992
03-01-2014,13.3887
02-01-2014,13.3879
01-01-2014,13.3752
31-12-2013,13.3696
30-12-2013,13.3605
27-12-2013,13.3549
26-12-2013,13.3562
24-12-2013,13.3496
23-12-2013,13.3567
20-12-2013,13.3459
19-12-2013,13.3458
18-12-2013,13.3409
17-12-2013,13.3203
16-12-2013,13.3176
13-12-2013,13.305
12-12-2013,13.3263
11-12-2013,13.3159
10-12-2013,13.3059
09-12-2013,13.3051
06-12-2013,13.3107
05-12-2013,13.3097
04-12-2013,13.292
03-12-2013,13.2873
02-12-2013,13.2817
29-11-2013,13.2669
28-11-2013,13.2659
27-11-2013,13.2524
26-11-2013,13.2383
25-11-2013,13.2159
22-11-2013,13.1909
21-11-2013,13.1866
20-11-2013,13.1844
19-11-2013,13.182
18-11-2013,13.1597
14-11-2013,13.1343
13-11-2013,13.1415
12-11-2013,13.1509
11-11-2013,13.1581
08-11-2013,13.1842
07-11-2013,13.1935
06-11-2013,13.2107
05-11-2013,13.2217
01-11-2013,13.2093
31-10-2013,13.2106
30-10-2013,13.2106
29-10-2013,13.2078
28-10-2013,13.1898
25-10-2013,13.1897
24-10-2013,13.1901
23-10-2013,13.1882
22-10-2013,13.1858
21-10-2013,13.1821
18-10-2013,13.1729
17-10-2013,13.1434
15-10-2013,13.121
14-10-2013,13.1575
11-10-2013,13.1628
10-10-2013,13.1586
09-10-2013,13.1542
08-10-2013,13.1629
07-10-2013,13.1008
04-10-2013,13.0811
03-10-2013,13.0561
01-10-2013,13.0237
30-09-2013,13.0184
27-09-2013,13.0065
26-09-2013,12.9927
25-09-2013,12.9724
24-09-2013,12.9569
23-09-2013,12.969
20-09-2013,13.0055
19-09-2013,13.031
18-09-2013,12.9722
17-09-2013,12.9452
16-09-2013,12.9323
13-09-2013,12.9056
12-09-2013,12.911
11-09-2013,12.9083
10-09-2013,12.8948
06-09-2013,12.8691
05-09-2013,12.8706
04-09-2013,12.8177
03-09-2013,12.7777
02-09-2013,12.7733
30-08-2013,12.7301
29-08-2013,12.6927
28-08-2013,12.671
27-08-2013,12.723
26-08-2013,12.777
23-08-2013,12.7665
22-08-2013,12.7275
21-08-2013,12.7393
20-08-2013,12.6297
19-08-2013,12.5783
16-08-2013,12.7259
14-08-2013,12.7541
13-08-2013,12.7886
12-08-2013,12.8233
08-08-2013,12.8357
07-08-2013,12.8234
06-08-2013,12.7919
05-08-2013,12.7955
02-08-2013,12.771
01-08-2013,12.7755
31-07-2013,12.7421
30-07-2013,12.7785
29-07-2013,12.7849
26-07-2013,12.7675
25-07-2013,12.7483
24-07-2013,12.7129
23-07-2013,12.7794
22-07-2013,12.8447
19-07-2013,12.862
18-07-2013,12.8338
17-07-2013,12.7884
16-07-2013,12.794
15-07-2013,13.0465
12-07-2013,13.0513
11-07-2013,13.0557
10-07-2013,13.0445
09-07-2013,13.0444
08-07-2013,13.0428
05-07-2013,13.0562
04-07-2013,13.0578
03-07-2013,13.0494
02-07-2013,13.0653
28-06-2013,13.0473
27-06-2013,12.9951
26-06-2013,13.0086
25-06-2013,13.026
24-06-2013,13.0241
21-06-2013,13.0543
20-06-2013,13.0664
19-06-2013,13.1042
18-06-2013,13.1
17-06-2013,13.0954
14-06-2013,13.0654
13-06-2013,13.0554
12-06-2013,13.0595
11-06-2013,13.0604
10-06-2013,13.0787
07-06-2013,13.0905
06-06-2013,13.0928
05-06-2013,13.0918
04-06-2013,13.0823
03-06-2013,13.0689
31-05-2013,13.0532
30-05-2013,13.0606
29-05-2013,13.0608
28-05-2013,13.0817
27-05-2013,13.0892
24-05-2013,13.0868
23-05-2013,13.0839
22-05-2013,13.0947
21-05-2013,13.0959
20-05-2013,13.0922
17-05-2013,13.08
16-05-2013,13.0828
15-05-2013,13.0723
14-05-2013,13.0514
13-05-2013,13.0174
10-05-2013,13.0094
09-05-2013,12.9986
08-05-2013,12.9822
07-05-2013,12.9734
06-05-2013,12.9601
03-05-2013,12.9577
02-05-2013,12.9372
30-04-2013,12.9177
29-04-2013,12.8941
26-04-2013,12.8866
25-04-2013,12.882
23-04-2013,12.8706
22-04-2013,12.8635
18-04-2013,12.8494
17-04-2013,12.8351
16-04-2013,12.8215
15-04-2013,12.8078
12-04-2013,12.7934
10-04-2013,12.7852
09-04-2013,12.7816
08-04-2013,12.7754
05-04-2013,12.7678
04-04-2013,12.7598
03-04-2013,12.7521
02-04-2013,12.7343
28-03-2013,12.7049
26-03-2013,12.6985
25-03-2013,12.6943
22-03-2013,12.6794
21-03-2013,12.6784
20-03-2013,12.6734
19-03-2013,12.6703
18-03-2013,12.6735
15-03-2013,12.6742
14-03-2013,12.6647
13-03-2013,12.646
12-03-2013,12.6278
11-03-2013,12.6298
08-03-2013,12.6246
07-03-2013,12.6176
06-03-2013,12.6065
05-03-2013,12.5943
04-03-2013,12.591
01-03-2013,12.5833
28-02-2013,12.5803
27-02-2013,12.587
26-02-2013,12.5866
25-02-2013,12.5836
22-02-2013,12.5753
21-02-2013,12.5773
20-02-2013,12.5797
18-02-2013,12.5729
15-02-2013,12.57
14-02-2013,12.5671
13-02-2013,12.5667
12-02-2013,12.5706
11-02-2013,12.573
08-02-2013,12.5679
07-02-2013,12.5615
06-02-2013,12.5434
05-02-2013,12.5415
04-02-2013,12.5373
01-02-2013,12.5524
31-01-2013,12.5587
30-01-2013,12.5702
29-01-2013,12.5697
28-01-2013,12.5586
24-01-2013,12.5464
23-01-2013,12.5434
22-01-2013,12.541
21-01-2013,12.5379
18-01-2013,12.5283
17-01-2013,12.526
16-01-2013,12.525
15-01-2013,12.5421
14-01-2013,12.5444
11-01-2013,12.5171
10-01-2013,12.5056
09-01-2013,12.4969
08-01-2013,12.4907
07-01-2013,12.4842
04-01-2013,12.4786
03-01-2013,12.4678
02-01-2013,12.4584
01-01-2013,12.4504
31-12-2012,12.4304
28-12-2012,12.4129
27-12-2012,12.407
26-12-2012,12.4019
24-12-2012,12.3913
21-12-2012,12.384
20-12-2012,12.3815
19-12-2012,12.381
18-12-2012,12.3832
17-12-2012,12.3826
14-12-2012,12.3711
13-12-2012,12.3635
12-12-2012,12.3602
11-12-2012,12.3571
10-12-2012,12.3554
07-12-2012,12.3483
06-12-2012,12.3456
05-12-2012,12.3474
04-12-2012,12.3427
03-12-2012,12.3396
30-11-2012,12.3269
29-11-2012,12.32
27-11-2012,12.3109
26-11-2012,12.3028
23-11-2012,12.3002
22-11-2012,12.2986
21-11-2012,12.2998
20-11-2012,12.3011
19-11-2012,12.2984
16-11-2012,12.2896
15-11-2012,12.285
12-11-2012,12.2774
09-11-2012,12.2672
08-11-2012,12.2667
07-11-2012,12.2618
06-11-2012,12.2596
05-11-2012,12.2547
02-11-2012,12.2504
01-11-2012,12.2482
31-10-2012,12.2455
30-10-2012,12.2573
29-10-2012,12.269
25-10-2012,12.262
23-10-2012,12.2599
22-10-2012,12.2729
19-10-2012,12.2648
18-10-2012,12.2611
17-10-2012,12.2678
16-10-2012,12.2639
15-10-2012,12.2582
12-10-2012,12.2349
11-10-2012,12.2257
10-10-2012,12.2153
09-10-2012,12.2118
08-10-2012,12.2034
05-10-2012,12.1965
04-10-2012,12.2012
03-10-2012,12.1962
01-10-2012,12.1726
28-09-2012,12.1573
27-09-2012,12.1496
26-09-2012,12.1356
25-09-2012,12.1192
24-09-2012,12.1101
21-09-2012,12.0957
20-09-2012,12.0798
18-09-2012,12.074
17-09-2012,12.0654
14-09-2012,12.0499
13-09-2012,12.0455
12-09-2012,12.0383
11-09-2012,12.0335
10-09-2012,12.0271
07-09-2012,12.0156
06-09-2012,12.0134
05-09-2012,12.004
04-09-2012,11.9977
03-09-2012,11.9925
31-08-2012,11.98
30-08-2012,11.9782
29-08-2012,11.9752
28-08-2012,11.9708
27-08-2012,11.9684
24-08-2012,11.9617
23-08-2012,11.9574
22-08-2012,11.9524
21-08-2012,11.9477
17-08-2012,11.935
16-08-2012,11.9304
14-08-2012,11.9286
13-08-2012,11.9264
10-08-2012,11.9179
09-08-2012,11.9241
08-08-2012,11.9203
07-08-2012,11.9193
06-08-2012,11.9087
03-08-2012,11.895
02-08-2012,11.8846
01-08-2012,11.8815
31-07-2012,11.8755
30-07-2012,11.8748
27-07-2012,11.8699
26-07-2012,11.8738
25-07-2012,11.8768
24-07-2012,11.8744
23-07-2012,11.8727
20-07-2012,11.8565
19-07-2012,11.8427
18-07-2012,11.8394
17-07-2012,11.8282
16-07-2012,11.8259
13-07-2012,11.8069
12-07-2012,11.798
11-07-2012,11.7856
10-07-2012,11.7801
09-07-2012,11.7802
06-07-2012,11.7719
05-07-2012,11.7593
04-07-2012,11.7537
03-07-2012,11.7438
29-06-2012,11.7346
28-06-2012,11.7281
27-06-2012,11.7305
26-06-2012,11.7298
25-06-2012,11.7262
22-06-2012,11.7152
21-06-2012,11.7091
20-06-2012,11.7021
19-06-2012,11.6997
18-06-2012,11.6986
15-06-2012,11.7131
14-06-2012,11.7119
13-06-2012,11.7063
12-06-2012,11.6926
11-06-2012,11.6846
08-06-2012,11.6756
07-06-2012,11.6676
06-06-2012,11.6625
05-06-2012,11.6503
04-06-2012,11.6462
01-06-2012,11.6368
31-05-2012,11.6316
30-05-2012,11.62
29-05-2012,11.6166
28-05-2012,11.6223
25-05-2012,11.6178
24-05-2012,11.6143
23-05-2012,11.6152
22-05-2012,11.6147
21-05-2012,11.6147
18-05-2012,11.6054
17-05-2012,11.6002
16-05-2012,11.5965
15-05-2012,11.5936
14-05-2012,11.5918
11-05-2012,11.5829
10-05-2012,11.5829
09-05-2012,11.5945
08-05-2012,11.597
07-05-2012,11.5944
04-05-2012,11.586
03-05-2012,11.5813
02-05-2012,11.5786
30-04-2012,11.5734
27-04-2012,11.564
26-04-2012,11.5615
25-04-2012,11.5632
24-04-2012,11.5651
23-04-2012,11.5717
20-04-2012,11.5724
19-04-2012,11.5689
18-04-2012,11.5711
17-04-2012,11.5692
16-04-2012,11.5587
13-04-2012,11.5351
12-04-2012,11.5166
11-04-2012,11.4993
10-04-2012,11.4986
09-04-2012,11.4725
04-04-2012,11.4563
03-04-2012,11.4535
30-03-2012,11.4569
29-03-2012,11.4505
28-03-2012,11.4532
27-03-2012,11.4681
26-03-2012,11.4621
22-03-2012,11.423
21-03-2012,11.4201
20-03-2012,11.4202
19-03-2012,11.4179
16-03-2012,11.4071
15-03-2012,11.4123
14-03-2012,11.4179
13-03-2012,11.4094
12-03-2012,11.4025
09-03-2012,11.4047
07-03-2012,11.3988
06-03-2012,11.4164
05-03-2012,11.415
02-03-2012,11.3985
01-03-2012,11.3925
29-02-2012,11.4178
28-02-2012,11.4149
27-02-2012,11.4113
24-02-2012,11.4098
23-02-2012,11.4113
22-02-2012,11.4087
21-02-2012,11.4032
17-02-2012,11.3924
15-02-2012,11.3882
14-02-2012,11.3837
13-02-2012,11.3809
10-02-2012,11.3746
09-02-2012,11.3754
08-02-2012,11.3731
07-02-2012,11.369
06-02-2012,11.3674
03-02-2012,11.3563
02-02-2012,11.3531
01-02-2012,11.3491
31-01-2012,11.3334
30-01-2012,11.3316
27-01-2012,11.3292
25-01-2012,11.3221
24-01-2012,11.3178
23-01-2012,11.3333
20-01-2012,11.3271
19-01-2012,11.3225
18-01-2012,11.3197
17-01-2012,11.3166
16-01-2012,11.3125
13-01-2012,11.2913
12-01-2012,11.2884
11-01-2012,11.2855
10-01-2012,11.2826
09-01-2012,11.2797
06-01-2012,11.271
05-01-2012,11.2681
04-01-2012,11.2652
03-01-2012,11.2623
02-01-2012,11.2594
30-12-2011,11.2507
29-12-2011,11.2478
28-12-2011,11.245
27-12-2011,11.2422
26-12-2011,11.2401
23-12-2011,11.2322
22-12-2011,11.2294
21-12-2011,11.2269
20-12-2011,11.2244
19-12-2011,11.2217
16-12-2011,11.2134
15-12-2011,11.2106
14-12-2011,11.2082
13-12-2011,11.2051
12-12-2011,11.2024
09-12-2011,11.1947
08-12-2011,11.1921
07-12-2011,11.1894
05-12-2011,11.184
02-12-2011,11.1767
01-12-2011,11.1744
30-11-2011,11.1717
29-11-2011,11.1689
28-11-2011,11.1662
25-11-2011,11.1579
24-11-2011,11.1551
23-11-2011,11.1523
22-11-2011,11.1495
21-11-2011,11.1467
18-11-2011,11.1383
17-11-2011,11.1355
16-11-2011,11.1327
15-11-2011,11.1299
14-11-2011,11.1271
11-11-2011,11.1188
09-11-2011,11.1132
08-11-2011,11.1104
04-11-2011,11.0991
03-11-2011,11.0963
02-11-2011,11.0935
01-11-2011,11.0907
31-10-2011,11.0879
28-10-2011,11.0786
25-10-2011,11.0704
24-10-2011,11.0678
21-10-2011,11.0597
20-10-2011,11.0571
19-10-2011,11.0544
18-10-2011,11.0517
17-10-2011,11.049
14-10-2011,11.041
13-10-2011,11.0383
12-10-2011,11.0356
11-10-2011,11.0329
10-10-2011,11.0302
07-10-2011,11.0226
05-10-2011,11.0173
04-10-2011,11.0146
03-10-2011,11.012
29-09-2011,11.0024
28-09-2011,10.9969
27-09-2011,10.9944
26-09-2011,10.9922
23-09-2011,10.9857
22-09-2011,10.9836
21-09-2011,10.9812
20-09-2011,10.9789
19-09-2011,10.9766
16-09-2011,10.9697
15-09-2011,10.9675
14-09-2011,10.9652
13-09-2011,10.9629
12-09-2011,10.9606
09-09-2011,10.9535
08-09-2011,10.9512
07-09-2011,10.9486
06-09-2011,10.9463
05-09-2011,10.9439
02-09-2011,10.9368
30-08-2011,10.9296
29-08-2011,10.9272
26-08-2011,10.9202
25-08-2011,10.9179
24-08-2011,10.9154
23-08-2011,10.9131
22-08-2011,10.9107
18-08-2011,10.9013
17-08-2011,10.8989
16-08-2011,10.8965
12-08-2011,10.8871
11-08-2011,10.8848
10-08-2011,10.8824
09-08-2011,10.8801
08-08-2011,10.8777
05-08-2011,10.8706
04-08-2011,10.8683
03-08-2011,10.8659
02-08-2011,10.8635
01-08-2011,10.8612
29-07-2011,10.8543
28-07-2011,10.852
27-07-2011,10.8497
26-07-2011,10.8474
25-07-2011,10.8451
22-07-2011,10.8383
21-07-2011,10.836
20-07-2011,10.8337
19-07-2011,10.8314
18-07-2011,10.8291
15-07-2011,10.8222
14-07-2011,10.8199
13-07-2011,10.8176
12-07-2011,10.8153
11-07-2011,10.813
08-07-2011,10.8062
07-07-2011,10.8039
06-07-2011,10.8017
05-07-2011,10.7994
04-07-2011,10.7971
30-06-2011,10.7878
29-06-2011,10.7854
28-06-2011,10.7832
27-06-2011,10.7811
24-06-2011,10.7746
23-06-2011,10.7724
22-06-2011,10.7708
21-06-2011,10.7687
20-06-2011,10.7664
17-06-2011,10.7595
16-06-2011,10.7573
15-06-2011,10.7544
14-06-2011,10.7523
13-06-2011,10.7501
10-06-2011,10.744
09-06-2011,10.7418
08-06-2011,10.7398
07-06-2011,10.7377
06-06-2011,10.735
03-06-2011,10.7265
02-06-2011,10.7238
01-06-2011,10.7205
31-05-2011,10.7178
30-05-2011,10.7151
27-05-2011,10.7069
26-05-2011,10.7045
25-05-2011,10.7026
24-05-2011,10.7002
23-05-2011,10.6977
20-05-2011,10.6899
19-05-2011,10.6876
18-05-2011,10.6848
16-05-2011,10.6797
13-05-2011,10.6719
12-05-2011,10.6691
11-05-2011,10.6661
10-05-2011,10.6635
09-05-2011,10.6608
06-05-2011,10.653
05-05-2011,10.6503
04-05-2011,10.6474
03-05-2011,10.6447
02-05-2011,10.643
29-04-2011,10.6354
28-04-2011,10.6329
27-04-2011,10.6303
26-04-2011,10.6278
25-04-2011,10.6253
21-04-2011,10.6151
20-04-2011,10.6125
19-04-2011,10.61
18-04-2011,10.6075
15-04-2011,10.5999
13-04-2011,10.5948
11-04-2011,10.5895
08-04-2011,10.5823
07-04-2011,10.5799
06-04-2011,10.5777
05-04-2011,10.5753
31-03-2011,10.5628
30-03-2011,10.5603
29-03-2011,10.5578
28-03-2011,10.5553
25-03-2011,10.5477
24-03-2011,10.5452
23-03-2011,10.543
22-03-2011,10.5408
21-03-2011,10.5387
18-03-2011,10.5328
17-03-2011,10.5309
16-03-2011,10.5291
15-03-2011,10.527
14-03-2011,10.525
11-03-2011,10.5188
10-03-2011,10.5137
09-03-2011,10.5112
08-03-2011,10.5091
07-03-2011,10.5062
04-03-2011,10.4994
03-03-2011,10.4972
01-03-2011,10.4928
28-02-2011,10.4906
25-02-2011,10.4814
24-02-2011,10.479
23-02-2011,10.4767
22-02-2011,10.4743
21-02-2011,10.4719
18-02-2011,10.4647
17-02-2011,10.4623
15-02-2011,10.4577
14-02-2011,10.4554
11-02-2011,10.4485
10-02-2011,10.4462
09-02-2011,10.4439
08-02-2011,10.4415
07-02-2011,10.4391
04-02-2011,10.432
03-02-2011,10.4296
02-02-2011,10.4272
01-02-2011,10.4248
31-01-2011,10.4224
28-01-2011,10.4152
27-01-2011,10.4128
25-01-2011,10.408
24-01-2011,10.4056
21-01-2011,10.3984
20-01-2011,10.396
19-01-2011,10.3936
18-01-2011,10.3912
17-01-2011,10.3889
14-01-2011,10.3817
13-01-2011,10.3793
12-01-2011,10.3769
11-01-2011,10.3745
10-01-2011,10.3721
07-01-2011,10.3662
06-01-2011,10.3642
05-01-2011,10.3622
04-01-2011,10.3602
03-01-2011,10.3583
31-12-2010,10.3523
30-12-2010,10.3503
29-12-2010,10.3483
28-12-2010,10.3463
27-12-2010,10.3444
24-12-2010,10.3384
23-12-2010,10.3364
22-12-2010,10.3343
21-12-2010,10.3323
20-12-2010,10.3302
16-12-2010,10.3217
15-12-2010,10.3196
14-12-2010,10.3175
13-12-2010,10.3154
10-12-2010,10.309
09-12-2010,10.3068
08-12-2010,10.3048
07-12-2010,10.3027
06-12-2010,10.3006
03-12-2010,10.2942
02-12-2010,10.2921
01-12-2010,10.29
30-11-2010,10.2878
29-11-2010,10.2858
26-11-2010,10.2807
25-11-2010,10.2791
24-11-2010,10.2772
23-11-2010,10.2754
22-11-2010,10.2734
19-11-2010,10.2673
18-11-2010,10.2653
16-11-2010,10.2613
15-11-2010,10.2594
12-11-2010,10.2532
11-11-2010,10.2512
10-11-2010,10.2492
09-11-2010,10.2471
08-11-2010,10.2451
04-11-2010,10.2369
03-11-2010,10.2349
02-11-2010,10.2328
01-11-2010,10.2308
29-10-2010,10.2247
28-10-2010,10.2227
27-10-2010,10.2207
26-10-2010,10.2186
25-10-2010,10.2166
22-10-2010,10.211
21-10-2010,10.2092
20-10-2010,10.2072
19-10-2010,10.2052
18-10-2010,10.2032
15-10-2010,10.1973
14-10-2010,10.1953
13-10-2010,10.1933
12-10-2010,10.1913
11-10-2010,10.1893
08-10-2010,10.1833
07-10-2010,10.1813
06-10-2010,10.1793
05-10-2010,10.1774
04-10-2010,10.1753
01-10-2010,10.1693
29-09-2010,10.1654
28-09-2010,10.1635
27-09-2010,10.1616
24-09-2010,10.1563
23-09-2010,10.1544
22-09-2010,10.1526
21-09-2010,10.1501
20-09-2010,10.1493
17-09-2010,10.1435
16-09-2010,10.1417
15-09-2010,10.1398
14-09-2010,10.1384
13-09-2010,10.1365
09-09-2010,10.1291
08-09-2010,10.127
07-09-2010,10.1254
06-09-2010,10.1234
03-09-2010,10.1184
02-09-2010,10.1162
01-09-2010,10.1148
31-08-2010,10.1131
30-08-2010,10.1113
27-08-2010,10.1061
26-08-2010,10.1043
25-08-2010,10.1026
24-08-2010,10.1009
23-08-2010,10.0991
20-08-2010,10.0939
18-08-2010,10.0903
17-08-2010,10.0886
16-08-2010,10.0868
13-08-2010,10.081
12-08-2010,10.0802
11-08-2010,10.0784
10-08-2010,10.0767
09-08-2010,10.0749
06-08-2010,10.0696
05-08-2010,10.0679
04-08-2010,10.0661
03-08-2010,10.0644
02-08-2010,10.0626
30-07-2010,10.0573
29-07-2010,10.0556
28-07-2010,10.0538
27-07-2010,10.0521
26-07-2010,10.0503
23-07-2010,10.045
22-07-2010,10.0433
21-07-2010,10.0415
20-07-2010,10.0398
19-07-2010,10.0381
16-07-2010,10.0329
15-07-2010,10.0312
14-07-2010,10.0293
13-07-2010,10.0276
12-07-2010,10.0259
09-07-2010,10.0208
08-07-2010,10.0166
07-07-2010,10.0149
06-07-2010,10.0131
05-07-2010,10.0114
02-07-2010,10.0061
30-06-2010,10.0027
29-06-2010,10.0009
