Historical Mutual Fund NAV of Canara Robeco Gilt Fund - Regular Plan - Growth,
scheme:- Canara Robeco Gilt Fund - Regular Plan - Growth,
Start Date:- 29-12-1999,
End Date:- 13-11-2020,
NAV Date,NAV (Rs)
13-11-2020,59.9671
12-11-2020,59.8645
11-11-2020,59.8788
10-11-2020,59.8649
09-11-2020,59.9654
06-11-2020,59.9832
05-11-2020,59.9308
04-11-2020,59.8316
03-11-2020,59.8061
02-11-2020,59.8678
29-10-2020,59.867
28-10-2020,59.9622
27-10-2020,59.9925
26-10-2020,60.0219
23-10-2020,59.8773
22-10-2020,59.7252
21-10-2020,59.7326
20-10-2020,59.6861
19-10-2020,59.6509
16-10-2020,59.6052
15-10-2020,59.6918
14-10-2020,59.6709
13-10-2020,59.6504
12-10-2020,59.6461
09-10-2020,59.4519
08-10-2020,59.0978
07-10-2020,59.0834
06-10-2020,59.0361
05-10-2020,59.107
01-10-2020,59.06
30-09-2020,58.9602
29-09-2020,58.8752
28-09-2020,58.8144
25-09-2020,58.8984
24-09-2020,58.9549
23-09-2020,58.9579
22-09-2020,58.9412
21-09-2020,58.9264
18-09-2020,58.9077
17-09-2020,58.8765
16-09-2020,58.9634
15-09-2020,58.8768
14-09-2020,58.8501
11-09-2020,58.8198
10-09-2020,58.8533
09-09-2020,58.9541
08-09-2020,58.7931
07-09-2020,59.0537
04-09-2020,59.2386
03-09-2020,59.349
02-09-2020,59.2581
01-09-2020,59.2232
31-08-2020,58.448
28-08-2020,58.2724
27-08-2020,58.2377
26-08-2020,58.2031
25-08-2020,58.3287
24-08-2020,58.1479
21-08-2020,58.5108
20-08-2020,58.9453
19-08-2020,58.927
18-08-2020,58.9988
17-08-2020,59.0114
14-08-2020,59.039
13-08-2020,59.237
12-08-2020,59.2285
11-08-2020,59.1668
10-08-2020,59.1615
07-08-2020,59.1655
06-08-2020,59.27
05-08-2020,59.4174
04-08-2020,59.3949
03-08-2020,59.3456
31-07-2020,59.3462
30-07-2020,59.3722
29-07-2020,59.3553
28-07-2020,59.3209
27-07-2020,59.3292
24-07-2020,59.4169
23-07-2020,59.4187
22-07-2020,59.3894
21-07-2020,59.3424
20-07-2020,59.4013
17-07-2020,59.3755
16-07-2020,59.3609
15-07-2020,59.3136
14-07-2020,59.2777
13-07-2020,59.3967
10-07-2020,59.4178
09-07-2020,59.2999
08-07-2020,59.271
07-07-2020,59.1824
06-07-2020,59.0232
03-07-2020,58.9458
02-07-2020,58.9874
01-07-2020,59.0037
30-06-2020,58.8136
29-06-2020,58.744
26-06-2020,58.6774
25-06-2020,58.6644
24-06-2020,58.6098
23-06-2020,58.6438
22-06-2020,58.6969
19-06-2020,58.7177
18-06-2020,58.6996
17-06-2020,58.6124
16-06-2020,58.587
15-06-2020,58.7099
12-06-2020,58.6617
11-06-2020,58.7014
10-06-2020,58.6823
09-06-2020,58.6555
08-06-2020,58.593
05-06-2020,58.4946
04-06-2020,58.5647
03-06-2020,58.5219
02-06-2020,58.5396
01-06-2020,58.5195
29-05-2020,58.6196
28-05-2020,58.6847
27-05-2020,58.6639
26-05-2020,58.6521
22-05-2020,58.5982
21-05-2020,58.2657
20-05-2020,58.1944
19-05-2020,58.1888
18-05-2020,58.0729
15-05-2020,57.963
14-05-2020,57.9636
13-05-2020,57.8982
12-05-2020,57.7243
11-05-2020,57.7421
08-05-2020,58.3355
06-05-2020,58.0693
05-05-2020,57.8284
04-05-2020,57.5775
30-04-2020,57.3963
29-04-2020,57.3288
28-04-2020,57.3328
27-04-2020,57.3408
24-04-2020,57.3537
23-04-2020,57.7642
22-04-2020,56.9833
21-04-2020,57.0138
20-04-2020,56.9203
17-04-2020,56.2637
16-04-2020,56.0256
15-04-2020,55.9119
13-04-2020,55.6962
09-04-2020,55.5373
08-04-2020,55.5265
07-04-2020,55.6723
03-04-2020,56.1346
31-03-2020,56.5188
30-03-2020,56.2711
27-03-2020,56.6217
26-03-2020,56.1185
24-03-2020,55.7534
23-03-2020,55.6186
20-03-2020,56.1425
19-03-2020,55.536
18-03-2020,56.1057
17-03-2020,56.1937
16-03-2020,56.3774
13-03-2020,56.0198
12-03-2020,56.4821
11-03-2020,56.866
09-03-2020,57.1617
06-03-2020,56.821
05-03-2020,56.6214
04-03-2020,56.6178
03-03-2020,56.2071
02-03-2020,56.2363
28-02-2020,56.1198
27-02-2020,56.1184
26-02-2020,56.1999
25-02-2020,56.1253
24-02-2020,56.1273
20-02-2020,55.9788
18-02-2020,56.0646
17-02-2020,56.0637
14-02-2020,56.0797
13-02-2020,55.9196
12-02-2020,55.7751
11-02-2020,55.7719
10-02-2020,55.786
07-02-2020,55.7139
06-02-2020,55.5923
05-02-2020,55.3017
04-02-2020,55.2734
03-02-2020,55.2542
31-01-2020,54.9966
30-01-2020,55.0399
29-01-2020,55.0184
28-01-2020,55.0041
27-01-2020,55.0428
24-01-2020,54.9869
23-01-2020,54.9346
22-01-2020,54.8638
21-01-2020,54.8548
20-01-2020,54.8284
17-01-2020,54.825
16-01-2020,54.7608
15-01-2020,54.7207
14-01-2020,54.655
13-01-2020,54.7639
10-01-2020,54.7548
09-01-2020,54.8555
08-01-2020,54.7716
07-01-2020,54.7646
06-01-2020,54.7206
03-01-2020,54.85
02-01-2020,54.8508
01-01-2020,54.825
31-12-2019,54.7159
30-12-2019,54.7308
27-12-2019,54.757
26-12-2019,54.6893
24-12-2019,54.6612
23-12-2019,54.6768
20-12-2019,54.6182
19-12-2019,54.3998
18-12-2019,54.4268
17-12-2019,54.3507
16-12-2019,54.2566
13-12-2019,54.2512
12-12-2019,54.2749
11-12-2019,54.298
10-12-2019,54.3707
09-12-2019,54.4317
06-12-2019,54.392
05-12-2019,54.4772
04-12-2019,54.8405
03-12-2019,54.813
02-12-2019,54.7596
29-11-2019,54.786
28-11-2019,54.8039
27-11-2019,54.7669
26-11-2019,54.7612
25-11-2019,54.774
22-11-2019,54.7121
21-11-2019,54.6757
20-11-2019,54.7763
19-11-2019,54.7179
18-11-2019,54.6743
15-11-2019,54.5915
14-11-2019,54.5597
13-11-2019,54.5271
11-11-2019,54.4364
08-11-2019,54.4495
07-11-2019,54.5121
06-11-2019,54.5421
05-11-2019,54.4856
04-11-2019,54.5461
01-11-2019,54.5713
31-10-2019,54.556
30-10-2019,54.4861
29-10-2019,54.4503
25-10-2019,54.4454
24-10-2019,54.4316
23-10-2019,54.4297
22-10-2019,54.3626
18-10-2019,54.3532
17-10-2019,54.3446
16-10-2019,54.4429
15-10-2019,54.3768
14-10-2019,54.3827
11-10-2019,54.2692
10-10-2019,54.3746
09-10-2019,54.4152
07-10-2019,54.3662
04-10-2019,54.3771
03-10-2019,54.5734
01-10-2019,54.3779
30-09-2019,54.1747
27-09-2019,54.0691
26-09-2019,54.0793
25-09-2019,53.9843
24-09-2019,53.9637
23-09-2019,54.0461
20-09-2019,53.9315
19-09-2019,54.4156
18-09-2019,54.4417
17-09-2019,54.2055
16-09-2019,54.2441
13-09-2019,54.4036
12-09-2019,54.3458
11-09-2019,54.3723
09-09-2019,54.6245
06-09-2019,54.5371
05-09-2019,54.5715
04-09-2019,54.606
03-09-2019,54.6171
30-08-2019,54.4326
29-08-2019,54.4781
28-08-2019,54.4784
27-08-2019,54.5603
26-08-2019,54.6887
23-08-2019,54.4023
22-08-2019,54.417
21-08-2019,54.3467
20-08-2019,54.2613
19-08-2019,54.1842
16-08-2019,54.309
14-08-2019,54.049
13-08-2019,54.3429
09-08-2019,54.3955
08-08-2019,54.6914
07-08-2019,54.687
06-08-2019,54.5617
05-08-2019,54.376
02-08-2019,54.4763
01-08-2019,54.2771
31-07-2019,54.4142
30-07-2019,54.329
29-07-2019,54.2535
26-07-2019,53.9599
25-07-2019,53.9703
24-07-2019,54.1931
23-07-2019,54.1325
22-07-2019,54.2813
19-07-2019,54.4632
18-07-2019,54.3962
17-07-2019,54.4657
16-07-2019,54.5926
15-07-2019,54.354
12-07-2019,54.1891
11-07-2019,54.2503
10-07-2019,54.0462
09-07-2019,53.9092
08-07-2019,53.9573
05-07-2019,53.5292
04-07-2019,53.3861
03-07-2019,53.1796
02-07-2019,53.1253
01-07-2019,53.0233
28-06-2019,53.0143
27-06-2019,52.923
26-06-2019,52.8158
25-06-2019,52.9521
24-06-2019,53.0065
21-06-2019,52.9775
20-06-2019,53.1992
19-06-2019,53.0321
18-06-2019,53.1108
17-06-2019,52.6781
14-06-2019,52.6273
13-06-2019,52.3026
12-06-2019,52.2556
11-06-2019,52.1907
10-06-2019,52.0893
07-06-2019,52.3161
06-06-2019,52.4158
04-06-2019,52.1219
03-06-2019,52.2182
31-05-2019,52.0287
30-05-2019,51.6776
29-05-2019,51.73
28-05-2019,51.6478
27-05-2019,51.546
24-05-2019,51.3197
23-05-2019,51.2552
22-05-2019,51.1578
21-05-2019,51.0481
20-05-2019,51.0757
17-05-2019,50.7981
16-05-2019,50.7838
15-05-2019,50.7537
14-05-2019,50.7539
13-05-2019,50.682
10-05-2019,50.591
09-05-2019,50.6096
08-05-2019,50.6622
07-05-2019,50.6044
06-05-2019,50.557
03-05-2019,50.5087
02-05-2019,50.4833
30-04-2019,50.3918
26-04-2019,50.3561
25-04-2019,50.2756
24-04-2019,50.3268
23-04-2019,50.2396
22-04-2019,50.2229
18-04-2019,50.3036
16-04-2019,50.369
15-04-2019,50.3772
12-04-2019,50.329
11-04-2019,50.3936
10-04-2019,50.3894
09-04-2019,50.3591
08-04-2019,50.3143
05-04-2019,50.411
04-04-2019,50.4296
03-04-2019,50.6473
02-04-2019,50.6421
29-03-2019,50.4528
28-03-2019,50.4774
27-03-2019,50.4233
26-03-2019,50.3964
25-03-2019,50.4225
22-03-2019,50.3329
20-03-2019,50.2735
19-03-2019,50.2154
18-03-2019,50.3161
15-03-2019,50.2471
14-03-2019,50.1656
13-03-2019,50.1058
12-03-2019,50.1372
11-03-2019,50.139
08-03-2019,50.1033
07-03-2019,50.0367
06-03-2019,50.0309
05-03-2019,50.0395
01-03-2019,49.9924
28-02-2019,49.9566
27-02-2019,49.8241
26-02-2019,49.9176
25-02-2019,49.917
22-02-2019,49.884
21-02-2019,49.9589
20-02-2019,49.9424
18-02-2019,49.871
15-02-2019,49.8565
14-02-2019,49.9328
13-02-2019,49.9781
12-02-2019,49.8349
11-02-2019,49.8345
08-02-2019,49.8477
07-02-2019,49.88
06-02-2019,49.7472
05-02-2019,49.7043
04-02-2019,49.6625
01-02-2019,49.686
31-01-2019,49.7924
30-01-2019,49.6877
29-01-2019,49.7109
28-01-2019,49.6855
25-01-2019,49.6573
24-01-2019,49.6303
23-01-2019,49.5993
22-01-2019,49.6422
21-01-2019,49.588
18-01-2019,49.5344
17-01-2019,49.5957
16-01-2019,49.5813
15-01-2019,49.7245
14-01-2019,49.787
11-01-2019,49.6602
10-01-2019,49.6658
09-01-2019,49.6593
08-01-2019,49.6818
07-01-2019,49.537
04-01-2019,49.613
03-01-2019,49.6608
02-01-2019,49.762
01-01-2019,49.6628
31-12-2018,49.7653
28-12-2018,49.7968
27-12-2018,49.9807
26-12-2018,49.9596
24-12-2018,49.8875
21-12-2018,49.8873
20-12-2018,49.9062
19-12-2018,49.9896
18-12-2018,49.7092
17-12-2018,49.5155
14-12-2018,49.5001
13-12-2018,49.567
12-12-2018,49.5353
11-12-2018,49.3571
10-12-2018,49.3376
07-12-2018,49.5424
06-12-2018,49.6239
05-12-2018,49.5918
04-12-2018,49.3808
03-12-2018,49.2928
30-11-2018,49.303
29-11-2018,49.299
28-11-2018,49.237
27-11-2018,49.075
26-11-2018,49.0797
22-11-2018,49.0599
20-11-2018,48.9605
19-11-2018,48.9519
16-11-2018,48.8991
15-11-2018,48.9556
14-11-2018,49.0142
13-11-2018,48.9317
12-11-2018,48.8656
09-11-2018,48.897
06-11-2018,48.8404
05-11-2018,48.7978
02-11-2018,48.8008
01-11-2018,48.7267
31-10-2018,48.6579
30-10-2018,48.6693
29-10-2018,48.6892
26-10-2018,48.5853
25-10-2018,48.5813
24-10-2018,48.5531
23-10-2018,48.523
22-10-2018,48.4783
19-10-2018,48.4531
17-10-2018,48.4442
16-10-2018,48.4792
15-10-2018,48.4327
12-10-2018,48.3465
11-10-2018,48.3318
10-10-2018,48.2583
09-10-2018,48.2028
08-10-2018,48.3043
05-10-2018,48.2165
04-10-2018,48.0537
03-10-2018,48.0827
01-10-2018,48.1562
28-09-2018,48.0967
27-09-2018,48.0808
26-09-2018,48.0381
25-09-2018,47.9884
24-09-2018,47.9735
21-09-2018,47.9877
19-09-2018,47.979
18-09-2018,47.9115
17-09-2018,47.9404
14-09-2018,47.8744
12-09-2018,47.8452
11-09-2018,47.7925
10-09-2018,47.8102
07-09-2018,47.9002
06-09-2018,47.8549
05-09-2018,47.8568
04-09-2018,47.8398
03-09-2018,47.9011
31-08-2018,47.936
30-08-2018,47.9527
29-08-2018,47.9774
28-08-2018,47.9839
27-08-2018,47.9916
24-08-2018,47.9891
23-08-2018,47.9907
21-08-2018,48.0465
20-08-2018,48.0271
16-08-2018,47.9557
14-08-2018,48.0125
13-08-2018,48.0052
10-08-2018,48.0822
09-08-2018,48.0894
08-08-2018,48.0265
07-08-2018,48.0021
06-08-2018,48.0193
03-08-2018,48.0036
02-08-2018,48.0603
01-08-2018,48.072
31-07-2018,47.971
30-07-2018,47.9376
27-07-2018,47.9376
26-07-2018,47.951
25-07-2018,47.9156
24-07-2018,47.9128
23-07-2018,47.8699
20-07-2018,47.8797
19-07-2018,47.8743
18-07-2018,47.901
17-07-2018,47.9155
16-07-2018,47.8157
13-07-2018,47.8093
12-07-2018,47.8367
11-07-2018,47.6493
10-07-2018,47.5911
09-07-2018,47.5913
06-07-2018,47.596
05-07-2018,47.5514
04-07-2018,47.6202
03-07-2018,47.5698
02-07-2018,47.524
29-06-2018,47.5198
28-06-2018,47.4617
27-06-2018,47.5673
26-06-2018,47.6227
25-06-2018,47.6247
22-06-2018,47.6208
21-06-2018,47.6932
20-06-2018,47.5802
19-06-2018,47.5151
18-06-2018,47.4818
15-06-2018,47.4515
14-06-2018,47.3602
13-06-2018,47.3828
12-06-2018,47.3035
11-06-2018,47.3098
08-06-2018,47.3039
07-06-2018,47.2228
06-06-2018,47.3304
05-06-2018,47.4663
04-06-2018,47.3787
01-06-2018,47.4228
31-05-2018,47.4306
30-05-2018,47.5001
29-05-2018,47.5315
28-05-2018,47.5539
25-05-2018,47.4571
24-05-2018,47.3319
23-05-2018,47.366
22-05-2018,47.435
21-05-2018,47.4313
18-05-2018,47.3714
17-05-2018,47.2842
16-05-2018,47.2226
15-05-2018,47.2054
14-05-2018,47.3201
11-05-2018,47.4726
10-05-2018,47.4755
09-05-2018,47.4787
08-05-2018,47.7219
07-05-2018,47.5949
04-05-2018,47.3848
03-05-2018,47.3682
02-05-2018,47.3768
27-04-2018,47.2878
26-04-2018,47.3039
25-04-2018,47.3389
24-04-2018,47.4137
23-04-2018,47.3105
20-04-2018,47.3102
19-04-2018,47.4014
18-04-2018,47.5752
17-04-2018,47.6599
16-04-2018,47.6529
13-04-2018,47.7361
12-04-2018,47.6281
11-04-2018,47.4856
10-04-2018,47.8365
09-04-2018,48.2659
06-04-2018,48.407
05-04-2018,48.6036
04-04-2018,48.093
03-04-2018,47.9411
28-03-2018,47.6973
27-03-2018,47.9336
26-03-2018,46.958
23-03-2018,47.0957
22-03-2018,47.066
21-03-2018,46.9752
20-03-2018,46.8652
19-03-2018,46.868
16-03-2018,47.0149
15-03-2018,46.7813
14-03-2018,46.6523
13-03-2018,46.6824
12-03-2018,46.7583
09-03-2018,46.6542
08-03-2018,46.6925
07-03-2018,46.639
06-03-2018,46.4055
05-03-2018,46.419
01-03-2018,46.4418
28-02-2018,46.4816
27-02-2018,46.5945
26-02-2018,46.5293
23-02-2018,46.54
22-02-2018,46.3718
21-02-2018,46.477
20-02-2018,46.5527
16-02-2018,46.6934
15-02-2018,46.7065
14-02-2018,46.8803
12-02-2018,46.901
09-02-2018,46.8713
08-02-2018,46.9942
07-02-2018,46.7699
06-02-2018,46.6233
05-02-2018,46.5257
02-02-2018,46.6005
01-02-2018,46.5325
31-01-2018,46.9689
30-01-2018,46.9615
29-01-2018,46.892
25-01-2018,47.183
24-01-2018,47.2653
23-01-2018,47.3312
22-01-2018,47.2277
19-01-2018,47.1731
18-01-2018,47.183
17-01-2018,47.3477
16-01-2018,46.9061
15-01-2018,47.2458
12-01-2018,47.1934
11-01-2018,47.2354
10-01-2018,47.2325
09-01-2018,47.4723
08-01-2018,47.5868
05-01-2018,47.6818
04-01-2018,47.4288
03-01-2018,47.472
02-01-2018,47.3656
01-01-2018,47.5034
29-12-2017,47.4399
28-12-2017,47.1899
27-12-2017,47.72
26-12-2017,47.6041
22-12-2017,47.6269
21-12-2017,47.7345
20-12-2017,47.7334
19-12-2017,47.8231
18-12-2017,47.8158
15-12-2017,47.8909
14-12-2017,47.8772
13-12-2017,47.7813
12-12-2017,47.7771
11-12-2017,47.8102
08-12-2017,47.9577
07-12-2017,48.0367
06-12-2017,48.0991
05-12-2017,48.0011
04-12-2017,47.9325
30-11-2017,47.96
29-11-2017,48.0333
28-11-2017,47.9952
27-11-2017,47.9377
24-11-2017,48.0016
23-11-2017,47.9943
22-11-2017,48.0487
21-11-2017,48.2215
20-11-2017,48.2568
17-11-2017,47.8273
16-11-2017,47.8104
15-11-2017,47.9208
14-11-2017,47.8293
13-11-2017,48.0199
10-11-2017,48.0363
09-11-2017,48.1037
08-11-2017,48.0722
07-11-2017,48.0835
06-11-2017,48.1049
03-11-2017,48.1682
02-11-2017,48.1528
01-11-2017,48.0646
31-10-2017,48.1156
30-10-2017,48.0103
27-10-2017,48.1629
26-10-2017,48.1665
25-10-2017,48.1429
24-10-2017,48.1846
23-10-2017,48.1304
18-10-2017,48.2212
17-10-2017,48.1891
16-10-2017,48.2414
13-10-2017,48.2063
12-10-2017,48.1159
11-10-2017,48.1337
10-10-2017,48.0954
09-10-2017,48.0216
06-10-2017,48.0575
05-10-2017,48.1103
04-10-2017,48.2191
03-10-2017,48.3159
29-09-2017,48.2526
28-09-2017,48.2849
27-09-2017,48.2281
26-09-2017,48.2233
25-09-2017,48.316
22-09-2017,48.223
21-09-2017,48.2179
20-09-2017,48.4472
19-09-2017,48.392
18-09-2017,48.3815
15-09-2017,48.3843
14-09-2017,48.4254
13-09-2017,48.4335
12-09-2017,48.4742
11-09-2017,48.4811
08-09-2017,48.4975
07-09-2017,48.5312
06-09-2017,48.555
05-09-2017,48.5233
04-09-2017,48.5125
01-09-2017,48.5296
31-08-2017,48.4056
30-08-2017,48.3807
29-08-2017,48.3797
28-08-2017,48.3068
24-08-2017,48.3379
23-08-2017,48.3415
22-08-2017,48.3237
21-08-2017,48.3679
18-08-2017,48.386
16-08-2017,48.3245
14-08-2017,48.3549
11-08-2017,48.3593
10-08-2017,48.3971
09-08-2017,48.4449
08-08-2017,48.4682
07-08-2017,48.4685
04-08-2017,48.5015
03-08-2017,48.5112
02-08-2017,48.3556
01-08-2017,48.3924
31-07-2017,48.3141
28-07-2017,48.3241
27-07-2017,48.3904
26-07-2017,48.3905
25-07-2017,48.4304
24-07-2017,48.5186
21-07-2017,48.4463
20-07-2017,48.3204
19-07-2017,48.3417
18-07-2017,48.2484
17-07-2017,48.1983
14-07-2017,48.1845
13-07-2017,48.2198
12-07-2017,48.1653
11-07-2017,48.1555
10-07-2017,48.1872
07-07-2017,47.942
06-07-2017,47.9064
05-07-2017,47.8658
04-07-2017,47.819
03-07-2017,47.8396
30-06-2017,47.994
29-06-2017,47.9785
28-06-2017,47.9805
27-06-2017,48.1957
23-06-2017,48.215
22-06-2017,48.1807
21-06-2017,48.2634
20-06-2017,48.2006
19-06-2017,48.136
16-06-2017,48.0486
15-06-2017,48.0851
14-06-2017,48.1691
13-06-2017,48.0945
12-06-2017,48.0974
09-06-2017,48.1397
08-06-2017,48.0527
07-06-2017,47.8305
06-06-2017,47.4958
05-06-2017,47.4464
02-06-2017,47.5105
01-06-2017,47.5115
31-05-2017,47.3021
30-05-2017,47.2779
29-05-2017,47.2602
26-05-2017,47.3019
25-05-2017,47.2918
24-05-2017,47.2179
23-05-2017,47.2273
22-05-2017,47.2298
19-05-2017,47.0461
18-05-2017,47.0612
17-05-2017,46.9968
16-05-2017,46.9888
15-05-2017,47.0597
12-05-2017,46.6893
11-05-2017,46.542
09-05-2017,46.5026
08-05-2017,46.5461
05-05-2017,46.4075
04-05-2017,46.3329
03-05-2017,46.3555
02-05-2017,46.3033
28-04-2017,46.3519
27-04-2017,46.4122
26-04-2017,46.3862
25-04-2017,46.4843
24-04-2017,46.4046
21-04-2017,46.3845
20-04-2017,46.4567
19-04-2017,46.4825
18-04-2017,46.4001
17-04-2017,46.3858
13-04-2017,46.4254
12-04-2017,46.3163
11-04-2017,46.2038
10-04-2017,46.0564
07-04-2017,46.0491
06-04-2017,46.0919
05-04-2017,46.3169
03-04-2017,46.3149
31-03-2017,46.2675
30-03-2017,46.2756
29-03-2017,46.2408
27-03-2017,46.3458
24-03-2017,46.0797
23-03-2017,46.0812
22-03-2017,46.0837
21-03-2017,45.8709
20-03-2017,45.8074
17-03-2017,45.8075
16-03-2017,45.7849
15-03-2017,45.7522
14-03-2017,45.5776
10-03-2017,45.5557
09-03-2017,45.6719
08-03-2017,45.6413
07-03-2017,45.659
06-03-2017,45.6845
03-03-2017,45.7855
02-03-2017,45.7541
01-03-2017,45.7103
28-02-2017,45.8243
27-02-2017,45.8043
23-02-2017,45.7227
22-02-2017,45.6704
20-02-2017,45.7353
17-02-2017,45.8067
16-02-2017,45.8067
15-02-2017,45.7491
14-02-2017,45.7311
13-02-2017,45.7862
10-02-2017,45.7986
09-02-2017,45.7245
08-02-2017,45.9433
07-02-2017,46.5767
06-02-2017,46.6225
03-02-2017,46.638
02-02-2017,46.6543
01-02-2017,46.6025
31-01-2017,46.5968
30-01-2017,46.6003
27-01-2017,46.6066
25-01-2017,46.5743
24-01-2017,46.5328
23-01-2017,46.4901
20-01-2017,46.4428
19-01-2017,46.4172
18-01-2017,46.4891
17-01-2017,46.553
16-01-2017,46.4943
13-01-2017,46.5414
12-01-2017,46.6626
11-01-2017,46.5459
10-01-2017,46.5548
09-01-2017,46.5715
06-01-2017,46.5571
05-01-2017,46.5989
04-01-2017,46.6546
03-01-2017,46.4508
02-01-2017,46.6721
30-12-2016,46.0885
29-12-2016,45.9859
28-12-2016,45.7369
27-12-2016,45.6963
26-12-2016,45.7849
23-12-2016,45.8898
22-12-2016,45.967
21-12-2016,46.1258
20-12-2016,46.0742
19-12-2016,46.025
16-12-2016,46.0219
15-12-2016,46.0177
14-12-2016,46.3719
13-12-2016,46.3162
09-12-2016,46.2395
08-12-2016,46.3271
07-12-2016,46.3773
06-12-2016,47.0284
05-12-2016,47.0162
02-12-2016,46.996
01-12-2016,47.0727
30-11-2016,47.0056
29-11-2016,46.748
28-11-2016,46.8118
25-11-2016,47.1362
24-11-2016,47.2452
23-11-2016,46.7899
22-11-2016,46.5574
21-11-2016,46.4219
18-11-2016,45.8789
17-11-2016,45.921
16-11-2016,45.8506
15-11-2016,45.573
11-11-2016,44.9308
10-11-2016,45.1105
09-11-2016,44.9984
08-11-2016,44.6682
07-11-2016,44.5978
04-11-2016,44.5646
03-11-2016,44.613
02-11-2016,44.6259
01-11-2016,44.6126
28-10-2016,44.6679
27-10-2016,44.6688
26-10-2016,44.7062
25-10-2016,44.6878
24-10-2016,44.7081
21-10-2016,44.6987
20-10-2016,44.6943
19-10-2016,44.7278
18-10-2016,44.7523
17-10-2016,44.6586
14-10-2016,44.6369
13-10-2016,44.7147
10-10-2016,44.7181
07-10-2016,44.6377
06-10-2016,44.737
05-10-2016,44.8021
04-10-2016,44.6485
03-10-2016,44.5818
30-09-2016,44.4269
29-09-2016,44.2902
28-09-2016,44.5402
27-09-2016,44.4978
26-09-2016,44.4342
23-09-2016,44.2554
22-09-2016,44.187
21-09-2016,43.9958
20-09-2016,43.9231
19-09-2016,43.9763
16-09-2016,43.9664
15-09-2016,43.928
14-09-2016,43.9136
12-09-2016,43.9283
09-09-2016,43.9908
08-09-2016,44.0028
07-09-2016,43.9848
06-09-2016,43.8233
02-09-2016,43.7426
01-09-2016,43.7694
31-08-2016,43.7773
30-08-2016,43.7667
29-08-2016,43.6971
26-08-2016,43.6523
25-08-2016,43.6343
24-08-2016,43.5884
23-08-2016,43.4971
22-08-2016,43.4577
19-08-2016,43.6153
18-08-2016,43.5195
16-08-2016,43.6451
12-08-2016,43.6644
11-08-2016,43.6898
10-08-2016,43.5673
09-08-2016,43.4017
08-08-2016,43.1493
05-08-2016,43.124
04-08-2016,43.0511
03-08-2016,42.9818
02-08-2016,43.0684
01-08-2016,43.154
29-07-2016,42.9945
28-07-2016,42.9216
27-07-2016,42.5546
26-07-2016,42.5437
25-07-2016,42.4501
22-07-2016,42.357
21-07-2016,42.3128
20-07-2016,42.2359
19-07-2016,42.1362
18-07-2016,42.0456
15-07-2016,42.1023
14-07-2016,42.0057
13-07-2016,42.0262
12-07-2016,41.8537
11-07-2016,41.66
08-07-2016,41.6377
07-07-2016,41.5982
05-07-2016,41.5442
04-07-2016,41.4552
01-07-2016,41.4543
30-06-2016,41.3589
29-06-2016,41.3841
28-06-2016,41.2869
27-06-2016,41.2066
24-06-2016,41.0487
23-06-2016,41.0047
22-06-2016,41.0173
21-06-2016,40.9387
20-06-2016,40.928
17-06-2016,40.8951
16-06-2016,40.8821
15-06-2016,40.8417
14-06-2016,40.8315
13-06-2016,40.8087
10-06-2016,40.8728
09-06-2016,40.8779
08-06-2016,40.8665
07-06-2016,40.8762
06-06-2016,40.8882
03-06-2016,40.8314
02-06-2016,40.822
01-06-2016,40.804
31-05-2016,40.8303
30-05-2016,40.8529
27-05-2016,40.8077
26-05-2016,40.813
25-05-2016,40.8168
24-05-2016,40.8088
23-05-2016,40.8019
20-05-2016,40.754
19-05-2016,40.7628
18-05-2016,40.7483
17-05-2016,40.7912
16-05-2016,40.7862
13-05-2016,40.7803
12-05-2016,40.8164
11-05-2016,40.7895
10-05-2016,40.784
09-05-2016,40.7807
06-05-2016,40.738
05-05-2016,40.7431
04-05-2016,40.7511
03-05-2016,40.7217
02-05-2016,40.7569
29-04-2016,40.7514
28-04-2016,40.707
27-04-2016,40.6851
26-04-2016,40.6719
25-04-2016,40.6528
22-04-2016,40.736
21-04-2016,40.6829
20-04-2016,40.8148
18-04-2016,40.8253
13-04-2016,40.7464
12-04-2016,40.8394
11-04-2016,40.791
07-04-2016,40.6175
06-04-2016,40.4927
05-04-2016,40.4611
04-04-2016,40.4622
31-03-2016,40.3162
30-03-2016,40.1986
29-03-2016,40.1891
28-03-2016,40.2613
23-03-2016,40.1746
22-03-2016,40.1723
21-03-2016,40.2662
18-03-2016,39.8305
17-03-2016,39.7471
16-03-2016,39.4798
15-03-2016,39.3262
14-03-2016,39.2116
11-03-2016,39.0672
10-03-2016,39.0548
09-03-2016,39.0257
08-03-2016,39.039
04-03-2016,39.0189
03-03-2016,38.8489
02-03-2016,38.9077
01-03-2016,38.9005
29-02-2016,38.8389
26-02-2016,38.23
25-02-2016,38.0554
24-02-2016,38.1774
23-02-2016,38.2186
22-02-2016,38.3508
18-02-2016,38.4398
17-02-2016,38.3834
16-02-2016,38.4503
15-02-2016,38.5439
12-02-2016,38.5914
11-02-2016,38.6011
10-02-2016,38.5789
09-02-2016,38.5911
08-02-2016,38.5969
05-02-2016,38.5814
04-02-2016,38.5566
03-02-2016,38.5218
02-02-2016,38.5381
01-02-2016,38.6817
29-01-2016,38.6844
28-01-2016,38.7453
27-01-2016,38.846
25-01-2016,38.8537
22-01-2016,38.96
21-01-2016,39.0678
20-01-2016,38.8369
19-01-2016,38.7655
18-01-2016,38.7453
15-01-2016,38.7678
14-01-2016,38.9447
13-01-2016,39.0562
12-01-2016,39.1277
11-01-2016,39.1404
08-01-2016,39.1615
07-01-2016,39.1427
06-01-2016,39.1274
05-01-2016,39.1166
04-01-2016,39.0921
01-01-2016,39.0772
31-12-2015,39.0525
30-12-2015,39.0641
29-12-2015,39.0569
28-12-2015,39.0982
23-12-2015,39.1013
22-12-2015,39.01
21-12-2015,38.9744
18-12-2015,39.0558
17-12-2015,39.165
16-12-2015,39.1403
15-12-2015,39.0122
14-12-2015,38.9613
11-12-2015,39.1043
10-12-2015,39.0268
09-12-2015,39.0354
08-12-2015,39.0278
07-12-2015,39.1204
04-12-2015,39.0922
03-12-2015,39.2711
02-12-2015,39.1351
01-12-2015,39.2036
30-11-2015,39.0752
27-11-2015,39.1093
26-11-2015,39.2292
24-11-2015,39.2564
23-11-2015,39.226
20-11-2015,39.248
19-11-2015,39.3407
18-11-2015,39.3323
17-11-2015,39.3525
16-11-2015,39.3848
13-11-2015,39.4066
10-11-2015,39.2905
09-11-2015,39.2069
06-11-2015,39.326
05-11-2015,39.35
04-11-2015,39.4149
03-11-2015,39.4526
02-11-2015,39.4583
30-10-2015,39.3942
29-10-2015,39.4338
28-10-2015,39.5165
27-10-2015,39.5063
26-10-2015,39.4843
23-10-2015,39.5432
21-10-2015,39.5566
20-10-2015,39.5424
19-10-2015,39.4834
16-10-2015,39.4898
15-10-2015,39.5026
14-10-2015,39.4697
13-10-2015,39.4561
12-10-2015,39.4372
09-10-2015,39.534
08-10-2015,39.5252
07-10-2015,39.4781
06-10-2015,39.5074
05-10-2015,39.5348
01-10-2015,39.3718
30-09-2015,39.4098
29-09-2015,39.1692
28-09-2015,38.8858
24-09-2015,38.8765
23-09-2015,38.8917
22-09-2015,38.8753
21-09-2015,38.9349
18-09-2015,38.9294
16-09-2015,38.7176
15-09-2015,38.6597
14-09-2015,38.6593
11-09-2015,38.5835
10-09-2015,38.5722
09-09-2015,38.6144
08-09-2015,38.5812
07-09-2015,38.5156
04-09-2015,38.5767
03-09-2015,38.6102
02-09-2015,38.6074
01-09-2015,38.5738
31-08-2015,38.4706
28-08-2015,38.4827
27-08-2015,38.4989
26-08-2015,38.4389
25-08-2015,38.3633
24-08-2015,38.1822
21-08-2015,38.4338
20-08-2015,38.5233
19-08-2015,38.5223
17-08-2015,38.4953
14-08-2015,38.4762
13-08-2015,38.4197
12-08-2015,38.2846
11-08-2015,38.2776
10-08-2015,38.2863
07-08-2015,38.2204
06-08-2015,38.2239
05-08-2015,38.1702
04-08-2015,38.1535
03-08-2015,38.2341
31-07-2015,38.1912
30-07-2015,38.1606
29-07-2015,38.1861
28-07-2015,38.1683
27-07-2015,38.0249
24-07-2015,37.9798
23-07-2015,38.0144
22-07-2015,37.9459
21-07-2015,37.9025
20-07-2015,37.8966
17-07-2015,37.9008
16-07-2015,37.8653
15-07-2015,37.8707
14-07-2015,37.8989
13-07-2015,37.8133
10-07-2015,38.0033
09-07-2015,38.0175
08-07-2015,38.0345
07-07-2015,38.0212
06-07-2015,38.0644
03-07-2015,37.8774
02-07-2015,37.8253
01-07-2015,37.7751
30-06-2015,37.6652
29-06-2015,37.5536
26-06-2015,37.6337
25-06-2015,37.6534
24-06-2015,37.7363
23-06-2015,37.8623
22-06-2015,37.9004
19-06-2015,37.9235
18-06-2015,37.7156
17-06-2015,37.487
16-06-2015,37.3496
15-06-2015,37.3821
12-06-2015,37.3027
11-06-2015,37.3393
10-06-2015,37.4752
09-06-2015,37.5763
08-06-2015,37.5162
05-06-2015,37.5409
04-06-2015,37.4831
03-06-2015,37.6185
02-06-2015,37.6444
01-06-2015,37.9019
29-05-2015,37.9306
28-05-2015,37.8497
27-05-2015,37.7954
26-05-2015,37.7535
25-05-2015,37.8339
22-05-2015,37.8387
21-05-2015,37.8052
20-05-2015,37.8355
19-05-2015,37.8042
18-05-2015,37.6115
15-05-2015,37.4925
14-05-2015,37.4926
13-05-2015,37.4666
12-05-2015,37.4888
11-05-2015,37.6182
08-05-2015,37.3736
07-05-2015,37.4395
06-05-2015,37.6826
05-05-2015,37.7758
30-04-2015,37.7178
29-04-2015,37.8416
28-04-2015,37.9495
27-04-2015,37.9042
24-04-2015,37.8703
23-04-2015,37.9376
22-04-2015,37.9502
21-04-2015,37.8946
20-04-2015,37.8439
17-04-2015,37.8526
16-04-2015,37.8498
15-04-2015,37.8561
13-04-2015,37.799
10-04-2015,37.7871
09-04-2015,37.8395
08-04-2015,37.8063
07-04-2015,37.8193
06-04-2015,38.007
31-03-2015,37.9149
30-03-2015,37.8151
27-03-2015,37.7346
26-03-2015,37.7005
25-03-2015,37.7642
24-03-2015,37.8227
23-03-2015,37.849
20-03-2015,37.8835
19-03-2015,37.8688
18-03-2015,37.7966
17-03-2015,37.8381
16-03-2015,37.7673
13-03-2015,37.7434
12-03-2015,37.8939
11-03-2015,37.815
10-03-2015,37.8364
09-03-2015,37.8766
05-03-2015,37.9554
04-03-2015,38.0608
03-03-2015,37.9199
02-03-2015,37.9654
27-02-2015,37.9801
26-02-2015,37.9351
25-02-2015,37.9807
24-02-2015,37.9449
23-02-2015,37.9764
20-02-2015,37.9677
18-02-2015,37.9278
16-02-2015,37.9263
13-02-2015,37.9426
12-02-2015,37.8057
11-02-2015,37.8435
10-02-2015,37.8753
09-02-2015,37.862
06-02-2015,37.885
05-02-2015,37.8711
04-02-2015,37.8377
03-02-2015,37.8804
02-02-2015,37.9951
30-01-2015,37.7854
29-01-2015,37.7147
28-01-2015,37.73
27-01-2015,37.67
23-01-2015,37.6394
22-01-2015,37.573
21-01-2015,37.5808
20-01-2015,37.4258
19-01-2015,37.3599
16-01-2015,37.4024
15-01-2015,37.2806
14-01-2015,36.9279
13-01-2015,36.9167
12-01-2015,36.7945
09-01-2015,36.6593
08-01-2015,36.624
07-01-2015,36.607
06-01-2015,36.4689
05-01-2015,36.4883
02-01-2015,36.541
01-01-2015,36.5926
31-12-2014,36.7236
30-12-2014,36.6835
29-12-2014,36.5652
26-12-2014,36.4555
24-12-2014,36.5228
23-12-2014,36.5508
22-12-2014,36.4729
19-12-2014,36.468
18-12-2014,36.5511
17-12-2014,36.4762
16-12-2014,36.4002
15-12-2014,36.8942
12-12-2014,36.9116
11-12-2014,36.7714
10-12-2014,36.6005
09-12-2014,36.6038
08-12-2014,36.4959
05-12-2014,36.4274
04-12-2014,36.2801
03-12-2014,36.2866
02-12-2014,36.2424
01-12-2014,35.9705
28-11-2014,35.8478
27-11-2014,35.6705
26-11-2014,35.6618
25-11-2014,35.635
24-11-2014,35.6135
21-11-2014,35.5793
20-11-2014,35.5587
19-11-2014,35.5696
18-11-2014,35.5781
17-11-2014,35.4964
14-11-2014,35.3986
13-11-2014,35.4401
12-11-2014,35.5788
11-11-2014,35.5265
10-11-2014,35.5593
07-11-2014,35.4708
05-11-2014,35.5112
03-11-2014,35.2683
31-10-2014,35.2002
30-10-2014,35.0487
29-10-2014,34.943
28-10-2014,34.9005
27-10-2014,34.8576
22-10-2014,34.7059
21-10-2014,34.6351
20-10-2014,34.6283
17-10-2014,34.5194
16-10-2014,34.5322
14-10-2014,34.4442
13-10-2014,34.4037
10-10-2014,34.3066
09-10-2014,34.29
08-10-2014,34.4232
07-10-2014,34.2876
01-10-2014,34.1761
30-09-2014,34.0868
29-09-2014,34.1584
26-09-2014,34.2476
25-09-2014,34.1415
24-09-2014,34.1409
23-09-2014,34.1494
22-09-2014,34.2141
19-09-2014,34.161
18-09-2014,34.1777
17-09-2014,34.0517
16-09-2014,34.0361
15-09-2014,33.9966
12-09-2014,33.9763
11-09-2014,33.9322
10-09-2014,33.864
09-09-2014,33.9117
08-09-2014,33.9352
05-09-2014,33.8578
04-09-2014,33.8394
03-09-2014,33.8544
02-09-2014,33.8434
01-09-2014,33.791
28-08-2014,33.7789
27-08-2014,33.7638
26-08-2014,33.7049
25-08-2014,33.7039
22-08-2014,33.7931
21-08-2014,33.7791
20-08-2014,33.8193
19-08-2014,33.6709
14-08-2014,33.6501
13-08-2014,33.5118
12-08-2014,33.3992
11-08-2014,33.4337
08-08-2014,33.3634
07-08-2014,33.3417
06-08-2014,33.3264
05-08-2014,33.4132
04-08-2014,33.6438
01-08-2014,33.6311
31-07-2014,33.6827
30-07-2014,33.6708
28-07-2014,33.6896
25-07-2014,33.761
24-07-2014,33.818
23-07-2014,33.7995
22-07-2014,33.7684
21-07-2014,33.708
18-07-2014,33.5747
17-07-2014,33.6384
16-07-2014,33.5999
15-07-2014,33.5763
14-07-2014,33.4303
11-07-2014,33.4639
10-07-2014,33.5135
09-07-2014,33.559
08-07-2014,33.5749
07-07-2014,33.6391
04-07-2014,33.6614
03-07-2014,33.6369
02-07-2014,33.6221
30-06-2014,33.4064
27-06-2014,33.3563
26-06-2014,33.4293
25-06-2014,33.4772
24-06-2014,33.4662
23-06-2014,33.3413
20-06-2014,33.4571
19-06-2014,33.5612
18-06-2014,33.6014
17-06-2014,33.7058
16-06-2014,33.6154
13-06-2014,33.6742
12-06-2014,33.7743
11-06-2014,33.813
10-06-2014,33.7977
09-06-2014,33.7831
06-06-2014,33.8494
05-06-2014,33.7311
04-06-2014,33.5261
03-06-2014,33.4499
02-06-2014,33.2835
30-05-2014,33.2924
29-05-2014,33.1783
28-05-2014,33.0972
27-05-2014,33.0915
26-05-2014,33.0223
23-05-2014,33.0991
22-05-2014,32.9512
21-05-2014,32.819
20-05-2014,32.6694
19-05-2014,32.6481
16-05-2014,32.6813
15-05-2014,32.7623
13-05-2014,32.7455
12-05-2014,32.8426
09-05-2014,32.7893
08-05-2014,32.7603
07-05-2014,32.674
06-05-2014,32.709
05-05-2014,32.7838
02-05-2014,32.6308
30-04-2014,32.581
29-04-2014,32.5749
28-04-2014,32.5232
25-04-2014,32.4486
23-04-2014,32.4867
22-04-2014,32.4771
21-04-2014,32.4624
17-04-2014,32.4515
16-04-2014,32.2531
15-04-2014,32.2462
11-04-2014,32.2325
10-04-2014,32.1294
09-04-2014,32.0638
07-04-2014,31.9719
04-04-2014,31.9753
03-04-2014,32.0439
02-04-2014,32.0833
28-03-2014,32.2501
27-03-2014,32.2387
26-03-2014,32.2356
25-03-2014,32.2186
24-03-2014,32.1897
21-03-2014,32.13
20-03-2014,32.069
19-03-2014,32.0935
18-03-2014,32.0615
14-03-2014,32.0147
13-03-2014,32.0429
12-03-2014,32.0204
11-03-2014,32.0069
10-03-2014,31.9406
07-03-2014,31.8478
06-03-2014,31.8611
05-03-2014,31.7739
04-03-2014,31.7834
03-03-2014,31.7208
28-02-2014,31.7387
26-02-2014,31.6033
25-02-2014,31.6407
24-02-2014,31.6371
21-02-2014,31.758
20-02-2014,31.745
18-02-2014,31.7528
17-02-2014,31.6899
14-02-2014,31.6795
13-02-2014,31.5795
12-02-2014,31.6433
11-02-2014,31.8019
10-02-2014,31.9232
07-02-2014,31.8386
06-02-2014,31.8422
05-02-2014,31.8735
04-02-2014,31.908
03-02-2014,31.8007
31-01-2014,31.761
30-01-2014,31.6501
29-01-2014,31.7158
28-01-2014,31.7405
27-01-2014,31.7481
24-01-2014,31.778
23-01-2014,31.8671
22-01-2014,31.9506
21-01-2014,32.0148
20-01-2014,32.0591
17-01-2014,31.8664
16-01-2014,31.8738
15-01-2014,31.8225
13-01-2014,31.7171
10-01-2014,31.6287
09-01-2014,31.5784
08-01-2014,31.5528
07-01-2014,31.564
06-01-2014,31.5675
03-01-2014,31.487
02-01-2014,31.4725
01-01-2014,31.4575
31-12-2013,31.4707
30-12-2013,31.42
27-12-2013,31.2634
26-12-2013,31.3629
24-12-2013,31.3782
23-12-2013,31.44
20-12-2013,31.4654
19-12-2013,31.5304
18-12-2013,31.4588
17-12-2013,31.2661
16-12-2013,31.3286
13-12-2013,31.255
12-12-2013,31.3431
11-12-2013,31.3695
10-12-2013,31.3647
09-12-2013,31.2422
06-12-2013,31.3471
05-12-2013,31.4603
04-12-2013,31.4667
03-12-2013,31.4802
02-12-2013,31.5027
29-11-2013,31.475
28-11-2013,31.4898
27-11-2013,31.5461
26-11-2013,31.4529
25-11-2013,31.3589
22-11-2013,31.3125
21-11-2013,31.3283
20-11-2013,31.364
19-11-2013,31.3885
18-11-2013,31.362
14-11-2013,31.2658
13-11-2013,31.3697
12-11-2013,31.1298
11-11-2013,31.2969
08-11-2013,31.2354
07-11-2013,31.4279
06-11-2013,31.49
05-11-2013,31.6151
01-11-2013,31.6326
31-10-2013,31.7452
30-10-2013,31.8078
29-10-2013,31.8483
28-10-2013,31.6334
25-10-2013,31.7417
24-10-2013,31.7173
23-10-2013,31.63
22-10-2013,31.6621
21-10-2013,31.6611
18-10-2013,31.7268
17-10-2013,31.6355
15-10-2013,31.5236
14-10-2013,31.669
11-10-2013,31.8085
10-10-2013,31.9204
09-10-2013,31.8709
08-10-2013,31.8283
07-10-2013,31.4767
04-10-2013,31.5691
03-10-2013,31.453
01-10-2013,31.2491
30-09-2013,31.1894
27-09-2013,31.2425
26-09-2013,31.205
25-09-2013,31.0251
24-09-2013,31.0362
23-09-2013,31.1064
20-09-2013,31.635
19-09-2013,32.3524
18-09-2013,31.8599
17-09-2013,31.7508
16-09-2013,31.6815
13-09-2013,31.6
12-09-2013,31.6367
11-09-2013,31.7339
10-09-2013,31.7375
06-09-2013,31.6626
05-09-2013,31.7963
04-09-2013,31.7098
03-09-2013,31.521
02-09-2013,31.5645
30-08-2013,31.2768
29-08-2013,31.3358
28-08-2013,31.0556
27-08-2013,31.3925
26-08-2013,31.7863
23-08-2013,31.8897
22-08-2013,32.0473
21-08-2013,31.7289
20-08-2013,30.9352
19-08-2013,30.5073
16-08-2013,31.0819
14-08-2013,31.4586
13-08-2013,31.629
12-08-2013,31.8454
08-08-2013,32.0363
07-08-2013,31.9778
06-08-2013,31.9768
05-08-2013,31.988
02-08-2013,31.9116
01-08-2013,32.0051
31-07-2013,31.8476
30-07-2013,31.8583
29-07-2013,32.0542
26-07-2013,32.0632
25-07-2013,32.0092
24-07-2013,31.831
23-07-2013,32.1149
22-07-2013,32.2302
19-07-2013,32.407
18-07-2013,32.3481
17-07-2013,32.2823
16-07-2013,32.2355
15-07-2013,32.7027
12-07-2013,32.71
11-07-2013,32.7636
10-07-2013,32.697
09-07-2013,32.6623
08-07-2013,32.6226
05-07-2013,32.7248
04-07-2013,32.8066
03-07-2013,32.6469
02-07-2013,32.7334
28-06-2013,32.8158
27-06-2013,32.5792
26-06-2013,32.5071
25-06-2013,32.6839
24-06-2013,32.6711
21-06-2013,32.7864
20-06-2013,32.7571
19-06-2013,33.0064
18-06-2013,32.9951
17-06-2013,33.029
14-06-2013,32.9469
13-06-2013,32.8524
12-06-2013,32.9011
11-06-2013,32.872
10-06-2013,32.9297
07-06-2013,33.0075
06-06-2013,33.0268
05-06-2013,33.0251
04-06-2013,33.0339
03-06-2013,32.9336
31-05-2013,32.901
30-05-2013,32.947
29-05-2013,33.0492
28-05-2013,33.1152
27-05-2013,33.0932
24-05-2013,33.0493
23-05-2013,32.9899
22-05-2013,32.9851
21-05-2013,33.0012
20-05-2013,32.9855
17-05-2013,32.8748
16-05-2013,32.8868
15-05-2013,32.7327
14-05-2013,32.6367
13-05-2013,32.4063
10-05-2013,32.375
09-05-2013,32.3322
08-05-2013,32.0909
07-05-2013,31.9568
06-05-2013,31.9128
03-05-2013,31.9141
02-05-2013,31.945
30-04-2013,31.9071
29-04-2013,31.8658
26-04-2013,31.8773
25-04-2013,31.8249
23-04-2013,31.8851
22-04-2013,31.8331
18-04-2013,31.7513
17-04-2013,31.6848
16-04-2013,31.6168
15-04-2013,31.5727
12-04-2013,31.4628
10-04-2013,31.3789
09-04-2013,31.3975
08-04-2013,31.364
05-04-2013,31.2945
04-04-2013,31.2465
03-04-2013,31.2502
02-04-2013,31.2168
28-03-2013,31.1815
26-03-2013,31.156
25-03-2013,31.1606
22-03-2013,31.14
21-03-2013,31.1584
20-03-2013,31.1638
19-03-2013,31.176
18-03-2013,31.1862
15-03-2013,31.1918
14-03-2013,31.1796
13-03-2013,31.1428
12-03-2013,31.1532
11-03-2013,31.1973
08-03-2013,31.1802
07-03-2013,31.1449
06-03-2013,31.1429
05-03-2013,31.1183
04-03-2013,31.095
01-03-2013,31.0502
28-02-2013,31.094
27-02-2013,31.1701
26-02-2013,31.1419
25-02-2013,31.1553
22-02-2013,31.1463
21-02-2013,31.1293
20-02-2013,31.1368
18-02-2013,31.0759
15-02-2013,31.0595
14-02-2013,31.0804
13-02-2013,31.0311
12-02-2013,30.9945
11-02-2013,31.0042
08-02-2013,31.0091
07-02-2013,30.9535
06-02-2013,30.9072
05-02-2013,30.8849
04-02-2013,30.8635
01-02-2013,30.8746
31-01-2013,30.8643
30-01-2013,30.8808
29-01-2013,30.9231
28-01-2013,30.9108
24-01-2013,30.8703
23-01-2013,30.8895
22-01-2013,30.9166
21-01-2013,30.9136
18-01-2013,30.9096
17-01-2013,30.9273
16-01-2013,30.8662
15-01-2013,30.967
14-01-2013,31.02
11-01-2013,30.8363
10-01-2013,30.8056
09-01-2013,30.761
08-01-2013,30.7402
07-01-2013,30.7305
04-01-2013,30.6553
03-01-2013,30.5691
02-01-2013,30.4815
01-01-2013,30.4572
31-12-2012,30.2947
28-12-2012,30.1938
27-12-2012,30.1697
26-12-2012,30.1336
24-12-2012,30.0978
21-12-2012,30.068
20-12-2012,30.065
19-12-2012,30.0616
18-12-2012,30.0756
17-12-2012,30.068
14-12-2012,30.0415
13-12-2012,30.0068
12-12-2012,29.9816
11-12-2012,29.9861
10-12-2012,29.9953
07-12-2012,29.9935
06-12-2012,29.9648
05-12-2012,29.9594
04-12-2012,29.9365
03-12-2012,29.9149
30-11-2012,29.8966
29-11-2012,29.8352
27-11-2012,29.8464
26-11-2012,29.8227
23-11-2012,29.7824
22-11-2012,29.8142
21-11-2012,29.8451
20-11-2012,29.8558
19-11-2012,29.8651
16-11-2012,29.8477
15-11-2012,29.8448
12-11-2012,29.8041
09-11-2012,29.7869
08-11-2012,29.826
07-11-2012,29.8242
06-11-2012,29.8214
05-11-2012,29.7881
02-11-2012,29.7668
01-11-2012,29.7691
31-10-2012,29.7297
30-10-2012,29.8024
29-10-2012,29.8808
25-10-2012,29.876
23-10-2012,29.8475
22-10-2012,29.8591
19-10-2012,29.8546
18-10-2012,29.8391
17-10-2012,29.7953
16-10-2012,29.7676
15-10-2012,29.7196
12-10-2012,29.703
11-10-2012,29.6874
10-10-2012,29.6933
09-10-2012,29.7043
08-10-2012,29.6911
05-10-2012,29.6462
04-10-2012,29.6593
03-10-2012,29.6526
01-10-2012,29.6224
28-09-2012,29.5937
27-09-2012,29.5552
26-09-2012,29.5262
25-09-2012,29.5232
24-09-2012,29.5572
21-09-2012,29.5124
20-09-2012,29.5072
18-09-2012,29.4826
17-09-2012,29.4465
14-09-2012,29.4415
13-09-2012,29.4372
12-09-2012,29.3895
11-09-2012,29.4147
10-09-2012,29.3986
07-09-2012,29.3104
06-09-2012,29.3815
05-09-2012,29.35
04-09-2012,29.2926
03-09-2012,29.2803
31-08-2012,29.2209
30-08-2012,29.2911
29-08-2012,29.3093
28-08-2012,29.304
27-08-2012,29.2842
24-08-2012,29.248
23-08-2012,29.2309
22-08-2012,29.2328
21-08-2012,29.2144
17-08-2012,29.2021
16-08-2012,29.1939
14-08-2012,29.2063
13-08-2012,29.2024
10-08-2012,29.2053
09-08-2012,29.2087
08-08-2012,29.2144
07-08-2012,29.208
06-08-2012,29.1585
03-08-2012,29.1311
02-08-2012,29.1282
01-08-2012,29.1109
31-07-2012,29.0754
30-07-2012,29.1654
27-07-2012,29.175
26-07-2012,29.1745
25-07-2012,29.166
24-07-2012,29.1965
23-07-2012,29.2106
20-07-2012,29.1783
19-07-2012,29.1593
18-07-2012,29.1765
17-07-2012,29.1552
16-07-2012,29.1754
13-07-2012,29.1228
12-07-2012,29.1157
11-07-2012,29.0953
10-07-2012,29.0504
09-07-2012,29.0488
06-07-2012,29.0129
05-07-2012,28.9929
04-07-2012,29.0136
03-07-2012,28.9727
02-07-2012,28.9647
29-06-2012,28.9631
28-06-2012,28.9802
27-06-2012,28.9838
26-06-2012,28.9941
25-06-2012,28.9798
22-06-2012,28.9612
21-06-2012,28.94
20-06-2012,28.8525
19-06-2012,28.849
18-06-2012,28.821
15-06-2012,28.9462
14-06-2012,28.9442
13-06-2012,28.9651
12-06-2012,28.95
11-06-2012,28.8845
08-06-2012,28.8292
07-06-2012,28.8598
06-06-2012,28.8195
05-06-2012,28.8373
04-06-2012,28.7561
01-06-2012,28.6477
31-05-2012,28.5756
30-05-2012,28.4502
29-05-2012,28.4334
28-05-2012,28.4347
25-05-2012,28.4174
24-05-2012,28.4233
23-05-2012,28.4037
22-05-2012,28.3882
21-05-2012,28.3757
18-05-2012,28.3749
17-05-2012,28.3581
16-05-2012,28.3451
15-05-2012,28.3568
14-05-2012,28.3258
11-05-2012,28.2753
10-05-2012,28.2835
09-05-2012,28.2805
08-05-2012,28.2812
07-05-2012,28.1941
04-05-2012,28.1983
03-05-2012,28.2064
02-05-2012,28.1865
30-04-2012,28.1447
27-04-2012,28.1399
26-04-2012,28.1582
25-04-2012,28.1906
24-04-2012,28.2107
23-04-2012,28.2114
20-04-2012,28.2038
19-04-2012,28.3134
18-04-2012,28.3276
17-04-2012,28.308
16-04-2012,28.2222
13-04-2012,28.1973
12-04-2012,28.2114
11-04-2012,28.1286
10-04-2012,28.1075
09-04-2012,28.0396
04-04-2012,27.999
03-04-2012,27.9807
30-03-2012,27.9546
29-03-2012,27.9095
28-03-2012,27.888
27-03-2012,27.9601
26-03-2012,27.9734
22-03-2012,28.0452
21-03-2012,28.013
20-03-2012,27.9981
19-03-2012,27.9907
16-03-2012,27.9702
15-03-2012,27.9908
14-03-2012,28.038
13-03-2012,28.0304
12-03-2012,28.0443
09-03-2012,28.0406
07-03-2012,28.0707
06-03-2012,28.0728
05-03-2012,28.0712
02-03-2012,28.0596
01-03-2012,28.0328
29-02-2012,28.0624
28-02-2012,28.0595
27-02-2012,28.0415
24-02-2012,28.0287
23-02-2012,28.0447
22-02-2012,28.0079
21-02-2012,28.0156
17-02-2012,27.9891
15-02-2012,27.9769
14-02-2012,27.98
13-02-2012,27.9344
10-02-2012,27.9427
09-02-2012,27.8737
08-02-2012,27.8887
07-02-2012,27.899
06-02-2012,27.8954
03-02-2012,27.8926
02-02-2012,27.9189
01-02-2012,27.9063
31-01-2012,27.7427
30-01-2012,27.7128
27-01-2012,27.6509
25-01-2012,27.6714
24-01-2012,27.6186
23-01-2012,27.6655
20-01-2012,27.6414
19-01-2012,27.6447
18-01-2012,27.6229
17-01-2012,27.5904
16-01-2012,27.5734
13-01-2012,27.5694
12-01-2012,27.5291
11-01-2012,27.5328
10-01-2012,27.5183
09-01-2012,27.5146
06-01-2012,27.498
05-01-2012,27.452
04-01-2012,27.4494
03-01-2012,27.449
02-01-2012,27.4381
30-12-2011,27.3389
29-12-2011,27.3495
28-12-2011,27.4058
27-12-2011,27.4081
26-12-2011,27.4206
23-12-2011,27.4881
22-12-2011,27.5209
21-12-2011,27.518
20-12-2011,27.5487
19-12-2011,27.4844
16-12-2011,27.4245
15-12-2011,27.3417
14-12-2011,27.3302
13-12-2011,27.3947
12-12-2011,27.325
09-12-2011,27.1599
08-12-2011,27.1369
07-12-2011,27.0933
05-12-2011,27.1113
02-12-2011,27.0772
01-12-2011,27.0484
30-11-2011,27.0039
29-11-2011,26.8778
28-11-2011,26.8554
25-11-2011,26.8579
24-11-2011,26.8491
23-11-2011,26.8196
22-11-2011,26.7747
21-11-2011,26.7951
18-11-2011,26.773
17-11-2011,26.7836
16-11-2011,26.6474
15-11-2011,26.6433
14-11-2011,26.5235
11-11-2011,26.511
09-11-2011,26.4807
08-11-2011,26.5093
04-11-2011,26.5308
03-11-2011,26.5478
02-11-2011,26.5411
01-11-2011,26.5303
31-10-2011,26.5659
28-10-2011,26.577
25-10-2011,26.6064
24-10-2011,26.5639
21-10-2011,26.5461
20-10-2011,26.5579
19-10-2011,26.551
18-10-2011,26.5614
17-10-2011,26.5588
14-10-2011,26.5306
13-10-2011,26.5701
12-10-2011,26.5553
11-10-2011,26.5612
10-10-2011,26.5395
07-10-2011,26.5687
05-10-2011,26.6075
04-10-2011,26.6046
03-10-2011,26.5994
30-09-2011,26.6225
29-09-2011,26.6178
28-09-2011,26.6899
27-09-2011,26.6993
26-09-2011,26.7026
23-09-2011,26.6928
22-09-2011,26.6881
21-09-2011,26.6631
20-09-2011,26.65
19-09-2011,26.6543
16-09-2011,26.6136
15-09-2011,26.6245
14-09-2011,26.6134
13-09-2011,26.6185
12-09-2011,26.6412
09-09-2011,26.5933
08-09-2011,26.6134
07-09-2011,26.5898
06-09-2011,26.5896
05-09-2011,26.5995
02-09-2011,26.5411
30-08-2011,26.5511
29-08-2011,26.5405
26-08-2011,26.5493
25-08-2011,26.5936
24-08-2011,26.6105
23-08-2011,26.5773
22-08-2011,26.5652
19-08-2011,26.5467
18-08-2011,26.5422
17-08-2011,26.4955
16-08-2011,26.5112
12-08-2011,26.4868
11-08-2011,26.5615
10-08-2011,26.5601
09-08-2011,26.5201
08-08-2011,26.4874
05-08-2011,26.4317
04-08-2011,26.3549
03-08-2011,26.3377
02-08-2011,26.322
01-08-2011,26.3
29-07-2011,26.2698
28-07-2011,26.253
27-07-2011,26.269
26-07-2011,26.2709
25-07-2011,26.3619
22-07-2011,26.3361
21-07-2011,26.3574
20-07-2011,26.3485
19-07-2011,26.3574
18-07-2011,26.359
15-07-2011,26.3335
14-07-2011,26.3464
13-07-2011,26.3285
12-07-2011,26.3348
11-07-2011,26.3022
08-07-2011,26.2881
07-07-2011,26.2866
06-07-2011,26.2866
05-07-2011,26.2807
04-07-2011,26.2654
01-07-2011,26.2587
30-06-2011,26.2775
29-06-2011,26.2975
28-06-2011,26.3304
27-06-2011,26.3487
24-06-2011,26.3517
23-06-2011,26.3437
22-06-2011,26.3458
21-06-2011,26.3558
20-06-2011,26.3718
17-06-2011,26.3119
16-06-2011,26.2933
15-06-2011,26.2597
14-06-2011,26.2771
13-06-2011,26.3171
10-06-2011,26.3226
09-06-2011,26.3232
08-06-2011,26.3204
07-06-2011,26.3331
06-06-2011,26.3316
03-06-2011,26.332
02-06-2011,26.3222
01-06-2011,26.3074
31-05-2011,26.2992
30-05-2011,26.2809
27-05-2011,26.2765
26-05-2011,26.287
25-05-2011,26.2831
24-05-2011,26.2792
23-05-2011,26.2753
20-05-2011,26.2727
19-05-2011,26.269
18-05-2011,26.265
17-05-2011,26.2755
16-05-2011,26.2715
13-05-2011,26.2599
12-05-2011,26.2333
11-05-2011,26.2258
10-05-2011,26.2126
09-05-2011,26.2088
06-05-2011,26.193
05-05-2011,26.1904
04-05-2011,26.1801
03-05-2011,26.1811
02-05-2011,26.1786
29-04-2011,26.1696
28-04-2011,26.1662
27-04-2011,26.1656
26-04-2011,26.1607
25-04-2011,26.1563
21-04-2011,26.1418
20-04-2011,26.1399
19-04-2011,26.139
18-04-2011,26.1368
15-04-2011,26.1297
13-04-2011,26.13
11-04-2011,26.1282
08-04-2011,26.1355
07-04-2011,26.1651
06-04-2011,26.1611
05-04-2011,26.164
04-04-2011,26.1516
01-04-2011,26.1388
31-03-2011,26.1345
30-03-2011,26.1307
29-03-2011,26.1475
28-03-2011,26.1591
25-03-2011,26.1481
24-03-2011,26.1049
23-03-2011,26.1036
22-03-2011,26.0867
21-03-2011,26.0841
18-03-2011,26.078
17-03-2011,26.0748
16-03-2011,26.0815
15-03-2011,26.0926
14-03-2011,26.0796
11-03-2011,26.0756
10-03-2011,26.0821
09-03-2011,26.0664
08-03-2011,26.0558
07-03-2011,26.0016
04-03-2011,26.001
03-03-2011,25.9976
01-03-2011,25.9716
28-02-2011,25.9673
25-02-2011,25.9291
24-02-2011,25.9244
23-02-2011,25.9234
22-02-2011,25.9423
21-02-2011,25.9336
18-02-2011,25.9125
17-02-2011,25.9198
16-02-2011,25.9024
15-02-2011,25.8984
14-02-2011,25.8978
11-02-2011,25.8493
10-02-2011,25.8536
09-02-2011,25.8459
08-02-2011,25.8254
07-02-2011,25.8116
04-02-2011,25.8022
03-02-2011,25.8046
02-02-2011,25.8066
01-02-2011,25.8002
31-01-2011,25.7992
28-01-2011,25.7915
27-01-2011,25.7922
25-01-2011,25.7544
24-01-2011,25.7265
21-01-2011,25.7267
20-01-2011,25.7358
19-01-2011,25.7243
18-01-2011,25.7223
17-01-2011,25.7162
14-01-2011,25.7135
13-01-2011,25.7216
12-01-2011,25.7149
11-01-2011,25.7049
10-01-2011,25.7095
07-01-2011,25.7095
06-01-2011,25.7111
05-01-2011,25.7267
04-01-2011,25.7183
03-01-2011,25.7377
31-12-2010,25.7469
30-12-2010,25.7428
29-12-2010,25.7435
28-12-2010,25.7365
27-12-2010,25.7173
24-12-2010,25.6972
23-12-2010,25.6672
22-12-2010,25.6603
21-12-2010,25.6537
20-12-2010,25.6471
16-12-2010,25.6476
15-12-2010,25.5451
14-12-2010,25.5302
13-12-2010,25.4732
10-12-2010,25.4726
09-12-2010,25.4187
08-12-2010,25.3903
07-12-2010,25.4049
06-12-2010,25.3489
03-12-2010,25.3945
02-12-2010,25.4481
01-12-2010,25.424
30-11-2010,25.4488
29-11-2010,25.4761
26-11-2010,25.5069
25-11-2010,25.4764
24-11-2010,25.4585
23-11-2010,25.4829
22-11-2010,25.4618
19-11-2010,25.443
18-11-2010,25.4485
16-11-2010,25.4189
15-11-2010,25.4238
12-11-2010,25.4105
11-11-2010,25.4078
10-11-2010,25.4194
09-11-2010,25.4478
08-11-2010,25.4406
04-11-2010,25.4347
03-11-2010,25.469
02-11-2010,25.4636
01-11-2010,25.3814
29-10-2010,25.3495
28-10-2010,25.3101
27-10-2010,25.314
26-10-2010,25.3006
25-10-2010,25.3229
22-10-2010,25.3228
21-10-2010,25.3275
20-10-2010,25.3066
19-10-2010,25.3357
18-10-2010,25.3177
15-10-2010,25.334
14-10-2010,25.3442
13-10-2010,25.3459
12-10-2010,25.3619
11-10-2010,25.3535
08-10-2010,25.3326
07-10-2010,25.3521
06-10-2010,25.3603
05-10-2010,25.3423
04-10-2010,25.3475
01-10-2010,25.3556
30-09-2010,25.3888
29-09-2010,25.3853
28-09-2010,25.3731
27-09-2010,25.359
24-09-2010,25.3455
23-09-2010,25.3316
22-09-2010,25.3093
21-09-2010,25.2971
20-09-2010,25.2643
17-09-2010,25.2394
16-09-2010,25.2611
15-09-2010,25.2863
14-09-2010,25.2876
13-09-2010,25.2712
09-09-2010,25.3105
08-09-2010,25.2941
07-09-2010,25.2836
06-09-2010,25.2441
03-09-2010,25.2521
02-09-2010,25.2493
01-09-2010,25.2589
31-08-2010,25.2791
30-08-2010,25.2717
27-08-2010,25.2614
26-08-2010,25.2467
25-08-2010,25.2606
24-08-2010,25.269
23-08-2010,25.2315
20-08-2010,25.2325
19-08-2010,25.2427
18-08-2010,25.2394
17-08-2010,25.2639
16-08-2010,25.2796
13-08-2010,25.266
12-08-2010,25.2454
11-08-2010,25.2847
10-08-2010,25.2166
09-08-2010,25.2198
06-08-2010,25.2037
05-08-2010,25.1511
04-08-2010,25.1989
03-08-2010,25.2166
02-08-2010,25.1959
30-07-2010,25.2274
29-07-2010,25.2812
28-07-2010,25.2914
27-07-2010,25.3091
26-07-2010,25.3589
23-07-2010,25.3421
22-07-2010,25.3356
21-07-2010,25.3141
20-07-2010,25.3312
19-07-2010,25.3771
16-07-2010,25.3499
15-07-2010,25.3485
14-07-2010,25.3672
13-07-2010,25.3735
12-07-2010,25.3753
09-07-2010,25.3354
08-07-2010,25.4199
07-07-2010,25.4315
06-07-2010,25.3984
05-07-2010,25.3845
02-07-2010,25.3868
01-07-2010,25.4155
30-06-2010,25.4024
29-06-2010,25.3806
28-06-2010,25.342
25-06-2010,25.3069
24-06-2010,25.3535
23-06-2010,25.3448
22-06-2010,25.3582
21-06-2010,25.3466
18-06-2010,25.342
17-06-2010,25.2684
16-06-2010,25.3067
15-06-2010,25.2557
14-06-2010,25.2392
11-06-2010,25.2683
10-06-2010,25.3265
09-06-2010,25.3511
08-06-2010,25.3752
07-06-2010,25.3656
04-06-2010,25.3587
03-06-2010,25.2952
02-06-2010,25.3519
01-06-2010,25.3286
31-05-2010,25.3048
28-05-2010,25.3432
27-05-2010,25.3131
26-05-2010,25.3099
25-05-2010,25.448
24-05-2010,25.4609
21-05-2010,25.4694
20-05-2010,25.4524
19-05-2010,25.4425
18-05-2010,25.4165
17-05-2010,25.4312
14-05-2010,25.3223
13-05-2010,25.2607
12-05-2010,25.1967
11-05-2010,25.1565
10-05-2010,25.1109
07-05-2010,25.1382
06-05-2010,25.1388
05-05-2010,25.1498
04-05-2010,25.133
03-05-2010,25.0979
30-04-2010,25.0989
29-04-2010,25.0695
28-04-2010,25.0479
27-04-2010,25.0372
26-04-2010,24.979
23-04-2010,24.9605
22-04-2010,24.9773
21-04-2010,24.9428
20-04-2010,24.9359
19-04-2010,24.916
16-04-2010,24.9135
15-04-2010,24.9115
13-04-2010,24.9171
12-04-2010,24.9147
09-04-2010,24.9146
08-04-2010,24.9081
07-04-2010,24.7564
06-04-2010,24.7467
05-04-2010,24.7433
01-04-2010,24.7335
31-03-2010,24.7311
30-03-2010,24.7279
29-03-2010,24.7522
26-03-2010,24.7337
25-03-2010,24.7322
23-03-2010,24.7289
22-03-2010,24.7199
19-03-2010,24.7147
18-03-2010,24.7132
17-03-2010,24.7104
16-03-2010,24.704
15-03-2010,24.703
12-03-2010,24.6988
11-03-2010,24.7015
10-03-2010,24.7006
09-03-2010,24.7051
08-03-2010,24.6922
05-03-2010,24.6906
04-03-2010,24.6948
03-03-2010,24.6891
02-03-2010,24.6855
26-02-2010,24.6854
25-02-2010,24.707
24-02-2010,24.7138
23-02-2010,24.7224
22-02-2010,24.7053
19-02-2010,24.6889
18-02-2010,24.692
17-02-2010,24.6886
16-02-2010,24.6903
15-02-2010,24.6905
11-02-2010,24.7361
10-02-2010,24.8043
09-02-2010,24.8979
08-02-2010,24.9177
05-02-2010,24.919
04-02-2010,24.8904
03-02-2010,24.9006
02-02-2010,24.8897
01-02-2010,24.968
29-01-2010,25.0233
28-01-2010,25.0866
27-01-2010,25.076
25-01-2010,25.0357
22-01-2010,25.0679
21-01-2010,25.0623
20-01-2010,24.9881
19-01-2010,24.9693
18-01-2010,24.999
15-01-2010,24.9414
14-01-2010,24.9827
13-01-2010,24.914
12-01-2010,24.912
11-01-2010,24.9203
08-01-2010,24.9101
07-01-2010,24.9054
06-01-2010,24.9108
05-01-2010,24.9164
04-01-2010,24.9199
01-01-2010,24.9261
31-12-2009,24.921
30-12-2009,24.9249
29-12-2009,24.9224
24-12-2009,24.9274
23-12-2009,24.9296
22-12-2009,24.9132
21-12-2009,24.8952
18-12-2009,24.8899
17-12-2009,24.973
16-12-2009,24.9423
15-12-2009,24.9575
14-12-2009,24.9769
11-12-2009,24.9824
10-12-2009,24.9858
09-12-2009,25.006
08-12-2009,25.0178
07-12-2009,24.9912
04-12-2009,24.961
03-12-2009,24.9866
02-12-2009,24.9952
01-12-2009,24.9817
30-11-2009,24.992
27-11-2009,25.0004
26-11-2009,25.0083
25-11-2009,25.0035
24-11-2009,24.9977
23-11-2009,24.9941
20-11-2009,24.9915
19-11-2009,24.9798
18-11-2009,24.9486
17-11-2009,24.9335
16-11-2009,24.9213
13-11-2009,24.9235
12-11-2009,24.9145
11-11-2009,24.9225
10-11-2009,24.9259
09-11-2009,24.9228
06-11-2009,24.9009
05-11-2009,24.9015
04-11-2009,24.9104
03-11-2009,24.9257
30-10-2009,24.9048
29-10-2009,24.9201
28-10-2009,24.9081
27-10-2009,24.8904
26-10-2009,24.8892
23-10-2009,24.8819
22-10-2009,24.8907
21-10-2009,24.9136
20-10-2009,24.8833
16-10-2009,24.8729
15-10-2009,24.8733
14-10-2009,24.8714
12-10-2009,24.8693
09-10-2009,24.8739
08-10-2009,24.9021
07-10-2009,24.8854
06-10-2009,24.8838
05-10-2009,24.9162
01-10-2009,24.8923
30-09-2009,24.8927
29-09-2009,24.8904
25-09-2009,24.914
24-09-2009,24.969
23-09-2009,24.9717
22-09-2009,24.9574
18-09-2009,24.9753
17-09-2009,24.9418
16-09-2009,24.9495
15-09-2009,24.9488
14-09-2009,24.9589
11-09-2009,24.9309
10-09-2009,24.9241
09-09-2009,24.9321
08-09-2009,24.9401
07-09-2009,24.9557
04-09-2009,24.9427
03-09-2009,24.9481
02-09-2009,24.9655
01-09-2009,24.934
31-08-2009,24.9309
28-08-2009,24.9845
27-08-2009,24.9436
26-08-2009,24.9488
25-08-2009,24.8595
24-08-2009,24.835
21-08-2009,24.856
20-08-2009,24.8558
19-08-2009,24.8594
18-08-2009,24.8566
17-08-2009,24.9275
14-08-2009,24.9235
13-08-2009,24.9489
12-08-2009,24.9623
11-08-2009,24.9549
10-08-2009,24.9349
07-08-2009,24.9591
06-08-2009,24.9511
05-08-2009,24.947
04-08-2009,24.9571
03-08-2009,24.9623
31-07-2009,24.9649
30-07-2009,24.969
29-07-2009,25.0313
28-07-2009,25.0538
27-07-2009,25.0381
24-07-2009,25.0363
23-07-2009,25.0322
22-07-2009,25.038
21-07-2009,25.0268
20-07-2009,25.0402
17-07-2009,25.0575
16-07-2009,25.0696
15-07-2009,25.0558
14-07-2009,25.0559
13-07-2009,25.0642
10-07-2009,25.0554
09-07-2009,25.059
08-07-2009,25.069
07-07-2009,25.0356
06-07-2009,25.0477
03-07-2009,25.1734
02-07-2009,25.1419
01-07-2009,25.0891
30-06-2009,25.056
29-06-2009,25.055
26-06-2009,25.0443
25-06-2009,25.0524
24-06-2009,25.0512
23-06-2009,25.0447
22-06-2009,25.0443
19-06-2009,25.0485
18-06-2009,25.0493
17-06-2009,25.0542
16-06-2009,25.041
15-06-2009,25.0513
12-06-2009,25.0449
11-06-2009,25.0495
10-06-2009,25.0595
09-06-2009,25.0816
08-06-2009,25.0881
05-06-2009,25.0833
04-06-2009,25.0938
03-06-2009,25.0936
02-06-2009,25.0829
01-06-2009,25.0816
29-05-2009,25.0872
28-05-2009,25.0799
27-05-2009,25.0924
26-05-2009,25.1056
25-05-2009,25.107
22-05-2009,25.1155
21-05-2009,25.1206
20-05-2009,25.139
19-05-2009,25.1386
18-05-2009,25.138
15-05-2009,25.1365
14-05-2009,25.1352
13-05-2009,25.1329
12-05-2009,25.135
11-05-2009,25.1344
08-05-2009,25.141
07-05-2009,25.1571
06-05-2009,25.1768
05-05-2009,25.1279
04-05-2009,25.1298
29-04-2009,25.1365
28-04-2009,25.1411
27-04-2009,25.1612
24-04-2009,25.1971
23-04-2009,25.1679
22-04-2009,25.1945
21-04-2009,25.1726
20-04-2009,25.1478
17-04-2009,25.1446
16-04-2009,25.1249
15-04-2009,25.0624
13-04-2009,24.965
09-04-2009,25.0453
08-04-2009,24.9306
06-04-2009,24.8676
02-04-2009,24.8469
01-04-2009,24.8453
31-03-2009,24.8435
30-03-2009,24.8411
27-03-2009,24.8444
26-03-2009,24.8427
25-03-2009,24.8466
24-03-2009,24.8341
23-03-2009,24.8389
20-03-2009,24.8383
19-03-2009,24.8388
18-03-2009,24.847
17-03-2009,24.8334
16-03-2009,24.8575
13-03-2009,24.7527
12-03-2009,24.6686
09-03-2009,25.0612
06-03-2009,25.3379
05-03-2009,25.4937
04-03-2009,25.6084
03-03-2009,25.6508
02-03-2009,25.7304
27-02-2009,25.6887
26-02-2009,25.5694
25-02-2009,25.374
24-02-2009,25.4686
19-02-2009,25.5
18-02-2009,25.5174
17-02-2009,25.5388
16-02-2009,25.6158
13-02-2009,25.7921
12-02-2009,25.7982
11-02-2009,25.6582
10-02-2009,25.5018
09-02-2009,25.6032
06-02-2009,25.6574
05-02-2009,25.6061
04-02-2009,25.6748
03-02-2009,25.7518
02-02-2009,25.8318
30-01-2009,25.8843
29-01-2009,25.8885
28-01-2009,25.8897
27-01-2009,25.893
23-01-2009,25.9015
22-01-2009,25.8853
21-01-2009,25.9026
20-01-2009,26.017
19-01-2009,26.0478
16-01-2009,26.0296
15-01-2009,26.3293
14-01-2009,26.3225
13-01-2009,26.2388
12-01-2009,26.1475
09-01-2009,25.6277
07-01-2009,26.0394
06-01-2009,26.6217
05-01-2009,26.6921
02-01-2009,26.8657
01-01-2009,26.6459
31-12-2008,26.6872
30-12-2008,26.6471
29-12-2008,26.2294
26-12-2008,26.135
24-12-2008,26.1339
23-12-2008,26.1245
22-12-2008,26.1701
19-12-2008,26.2672
18-12-2008,26.3402
17-12-2008,26.0456
16-12-2008,25.7005
15-12-2008,25.4763
12-12-2008,25.4354
11-12-2008,25.0027
10-12-2008,24.813
08-12-2008,24.7191
05-12-2008,24.7027
04-12-2008,24.6112
03-12-2008,24.698
02-12-2008,24.2485
01-12-2008,24.1466
28-11-2008,24.033
26-11-2008,23.9854
25-11-2008,23.9058
24-11-2008,23.9362
21-11-2008,23.9433
20-11-2008,23.8403
19-11-2008,23.6301
18-11-2008,23.5916
17-11-2008,23.4549
14-11-2008,23.4522
12-11-2008,23.4151
11-11-2008,23.3938
10-11-2008,23.372
07-11-2008,23.3567
06-11-2008,23.367
05-11-2008,23.3436
04-11-2008,23.4137
03-11-2008,23.4116
31-10-2008,23.4178
29-10-2008,23.3957
27-10-2008,23.2759
24-10-2008,23.098
23-10-2008,23.2317
22-10-2008,23.2183
21-10-2008,23.2561
20-10-2008,23.2524
17-10-2008,23.0964
16-10-2008,23.0727
15-10-2008,23.0665
14-10-2008,23.063
13-10-2008,23.088
10-10-2008,23.061
08-10-2008,22.9619
07-10-2008,22.8699
06-10-2008,22.6634
03-10-2008,22.347
01-10-2008,22.2223
30-09-2008,22.1226
29-09-2008,22.133
26-09-2008,22.1769
25-09-2008,22.3167
24-09-2008,22.3011
23-09-2008,22.3129
22-09-2008,22.3094
19-09-2008,22.3374
18-09-2008,22.3269
17-09-2008,22.7229
16-09-2008,22.9228
15-09-2008,22.7768
12-09-2008,22.4976
11-09-2008,22.4446
10-09-2008,22.1899
09-09-2008,22.1808
08-09-2008,22.0684
05-09-2008,21.9896
04-09-2008,21.9953
02-09-2008,21.6437
01-09-2008,21.547
29-08-2008,21.3706
28-08-2008,21.3238
27-08-2008,21.1782
26-08-2008,21.2208
25-08-2008,21.0771
22-08-2008,21.0709
21-08-2008,21.0031
20-08-2008,21.0249
19-08-2008,21.0677
18-08-2008,21.0635
14-08-2008,21.032
13-08-2008,21.0333
12-08-2008,21.0357
11-08-2008,21.0653
08-08-2008,20.7783
07-08-2008,20.7496
06-08-2008,20.88
05-08-2008,20.9445
04-08-2008,20.6481
01-08-2008,20.5579
29-07-2008,20.4673
28-07-2008,20.835
25-07-2008,20.7612
24-07-2008,20.9318
23-07-2008,20.7976
22-07-2008,20.766
21-07-2008,20.7616
18-07-2008,20.7544
17-07-2008,20.6859
16-07-2008,20.6021
15-07-2008,20.597
14-07-2008,20.5974
11-07-2008,20.5565
10-07-2008,20.5516
09-07-2008,20.572
08-07-2008,20.5653
07-07-2008,20.6218
04-07-2008,20.6906
03-07-2008,20.6964
02-07-2008,20.7064
01-07-2008,20.7902
30-06-2008,20.7241
27-06-2008,20.7508
26-06-2008,20.759
25-06-2008,20.7748
24-06-2008,20.7459
23-06-2008,20.6798
20-06-2008,20.6752
19-06-2008,20.7049
18-06-2008,20.7482
17-06-2008,20.7758
16-06-2008,20.7388
13-06-2008,20.72
12-06-2008,20.7313
11-06-2008,20.76
10-06-2008,20.7378
09-06-2008,20.7572
06-06-2008,20.7612
05-06-2008,20.76
04-06-2008,20.7586
03-06-2008,20.7561
02-06-2008,20.7536
30-05-2008,20.7425
29-05-2008,20.7256
28-05-2008,20.7631
27-05-2008,20.6959
26-05-2008,20.7984
23-05-2008,20.7833
22-05-2008,20.7746
21-05-2008,20.7728
20-05-2008,20.7872
16-05-2008,20.792
15-05-2008,20.7924
14-05-2008,20.8027
13-05-2008,20.8018
12-05-2008,20.8078
09-05-2008,20.7422
08-05-2008,20.7462
07-05-2008,20.7518
06-05-2008,20.7526
05-05-2008,20.7702
02-05-2008,20.7174
30-04-2008,20.6774
29-04-2008,20.653
28-04-2008,20.4481
25-04-2008,20.4415
24-04-2008,20.4397
23-04-2008,20.4367
22-04-2008,20.4336
21-04-2008,20.431
17-04-2008,20.419
16-04-2008,20.4163
15-04-2008,20.4149
11-04-2008,20.4051
10-04-2008,20.4044
09-04-2008,20.4031
08-04-2008,20.3998
07-04-2008,20.397
04-04-2008,20.3898
03-04-2008,20.3923
02-04-2008,20.3862
01-04-2008,20.385
31-03-2008,20.3809
28-03-2008,20.3721
27-03-2008,20.3742
26-03-2008,20.3682
25-03-2008,20.3682
24-03-2008,20.367
19-03-2008,20.3536
18-03-2008,20.3523
17-03-2008,20.345
14-03-2008,20.3344
13-03-2008,20.3358
12-03-2008,20.3356
11-03-2008,20.3275
10-03-2008,20.3238
07-03-2008,20.3168
05-03-2008,20.315
04-03-2008,20.3081
03-03-2008,20.3096
29-02-2008,20.296
28-02-2008,20.2874
27-02-2008,20.2833
26-02-2008,20.2689
25-02-2008,20.2643
22-02-2008,20.2332
21-02-2008,20.2687
20-02-2008,20.2469
19-02-2008,20.2785
18-02-2008,20.2806
15-02-2008,20.2877
14-02-2008,20.3419
13-02-2008,20.335
12-02-2008,20.3271
11-02-2008,20.3427
08-02-2008,20.2992
07-02-2008,20.3029
06-02-2008,20.2822
05-02-2008,20.2747
04-02-2008,20.2696
01-02-2008,20.2623
31-01-2008,20.254
30-01-2008,20.2439
29-01-2008,20.2439
28-01-2008,20.2439
25-01-2008,20.2543
24-01-2008,20.3006
23-01-2008,20.2857
22-01-2008,20.1917
21-01-2008,20.1025
18-01-2008,20.0851
17-01-2008,20.076
16-01-2008,20.0686
15-01-2008,20.0683
14-01-2008,20.0796
11-01-2008,20.0449
10-01-2008,20.0285
09-01-2008,19.9344
08-01-2008,19.9062
07-01-2008,19.9201
04-01-2008,19.8619
03-01-2008,19.7968
02-01-2008,19.8035
01-01-2008,19.7912
31-12-2007,19.7441
28-12-2007,19.7092
27-12-2007,19.6735
26-12-2007,19.65
24-12-2007,19.6403
20-12-2007,19.6221
19-12-2007,19.6088
18-12-2007,19.5943
17-12-2007,19.5858
14-12-2007,19.5689
13-12-2007,19.5727
12-12-2007,19.577
11-12-2007,19.5678
10-12-2007,19.5654
07-12-2007,19.562
06-12-2007,19.5559
05-12-2007,19.5558
04-12-2007,19.5449
03-12-2007,19.5394
30-11-2007,19.5034
29-11-2007,19.4893
28-11-2007,19.4844
27-11-2007,19.4992
26-11-2007,19.5
23-11-2007,19.487
22-11-2007,19.4932
21-11-2007,19.4853
20-11-2007,19.4905
19-11-2007,19.4885
16-11-2007,19.4729
15-11-2007,19.4641
14-11-2007,19.4689
13-11-2007,19.4568
12-11-2007,19.4255
08-11-2007,19.3986
07-11-2007,19.4253
06-11-2007,19.428
05-11-2007,19.4434
02-11-2007,19.4434
01-11-2007,19.4413
31-10-2007,19.4482
30-10-2007,19.4315
29-10-2007,19.4321
26-10-2007,19.4208
25-10-2007,19.4178
24-10-2007,19.406
23-10-2007,19.4098
22-10-2007,19.3925
19-10-2007,19.369
18-10-2007,19.3627
17-10-2007,19.3511
16-10-2007,19.3515
15-10-2007,19.3517
12-10-2007,19.3484
11-10-2007,19.3455
10-10-2007,19.3347
09-10-2007,19.3208
08-10-2007,19.3117
05-10-2007,19.3087
04-10-2007,19.3182
03-10-2007,19.3128
01-10-2007,19.289
28-09-2007,19.2808
27-09-2007,19.2761
26-09-2007,19.2835
25-09-2007,19.2789
24-09-2007,19.2858
21-09-2007,19.2895
20-09-2007,19.2902
19-09-2007,19.2809
18-09-2007,19.266
17-09-2007,19.2585
14-09-2007,19.2538
13-09-2007,19.2422
12-09-2007,19.2391
11-09-2007,19.2355
10-09-2007,19.248
07-09-2007,19.2256
06-09-2007,19.2089
05-09-2007,19.2041
04-09-2007,19.2033
03-09-2007,19.206
31-08-2007,19.1853
30-08-2007,19.1673
29-08-2007,19.1709
28-08-2007,19.176
27-08-2007,19.1756
24-08-2007,19.1619
23-08-2007,19.1676
22-08-2007,19.1644
21-08-2007,19.1613
17-08-2007,19.1487
16-08-2007,19.1455
14-08-2007,19.1394
13-08-2007,19.1362
10-08-2007,19.127
09-08-2007,19.1239
08-08-2007,19.1207
07-08-2007,19.1176
06-08-2007,19.1144
03-08-2007,19.1091
02-08-2007,19.1079
01-08-2007,19.1021
31-07-2007,19.1284
30-07-2007,19.1632
27-07-2007,19.112
26-07-2007,19.141
25-07-2007,19.1197
24-07-2007,19.1563
23-07-2007,19.1715
20-07-2007,19.1051
19-07-2007,19.0787
18-07-2007,19.1279
17-07-2007,19.0663
16-07-2007,19.0141
13-07-2007,18.9804
12-07-2007,18.984
11-07-2007,18.9773
10-07-2007,18.9711
09-07-2007,18.9707
06-07-2007,18.9253
05-07-2007,18.9223
04-07-2007,18.9105
03-07-2007,18.8589
02-07-2007,18.846
29-06-2007,18.8061
28-06-2007,18.8027
27-06-2007,18.7783
26-06-2007,18.7874
25-06-2007,18.7933
22-06-2007,18.7611
21-06-2007,18.7588
20-06-2007,18.7489
19-06-2007,18.7476
18-06-2007,18.744
15-06-2007,18.7333
14-06-2007,18.7298
13-06-2007,18.7262
12-06-2007,18.7226
11-06-2007,18.7206
08-06-2007,18.7149
07-06-2007,18.713
06-06-2007,18.7101
05-06-2007,18.7071
04-06-2007,18.7042
01-06-2007,18.6955
31-05-2007,18.6926
30-05-2007,18.6897
29-05-2007,18.6868
28-05-2007,18.6836
25-05-2007,18.673
24-05-2007,18.6694
23-05-2007,18.6658
22-05-2007,18.6622
21-05-2007,18.6586
18-05-2007,18.6478
17-05-2007,18.6442
16-05-2007,18.6406
15-05-2007,18.637
14-05-2007,18.6334
11-05-2007,18.6232
10-05-2007,18.6197
09-05-2007,18.6162
08-05-2007,18.6126
07-05-2007,18.6091
04-05-2007,18.5994
03-05-2007,18.5959
30-04-2007,18.5851
27-04-2007,18.5743
26-04-2007,18.5707
25-04-2007,18.5672
24-04-2007,18.5644
23-04-2007,18.5609
20-04-2007,18.55
19-04-2007,18.5464
18-04-2007,18.5428
17-04-2007,18.5391
16-04-2007,18.5351
13-04-2007,18.5257
12-04-2007,18.5239
11-04-2007,18.5226
10-04-2007,18.5206
09-04-2007,18.518
05-04-2007,18.5048
04-04-2007,18.5016
03-04-2007,18.4983
02-04-2007,18.4939
30-03-2007,18.4546
29-03-2007,18.4412
28-03-2007,18.4378
26-03-2007,18.4303
23-03-2007,18.4183
22-03-2007,18.4147
21-03-2007,18.4047
20-03-2007,18.3963
16-03-2007,18.382
15-03-2007,18.3784
14-03-2007,18.3754
13-03-2007,18.3727
12-03-2007,18.3699
09-03-2007,18.3619
08-03-2007,18.3587
07-03-2007,18.3559
06-03-2007,18.3531
05-03-2007,18.3504
02-03-2007,18.343
01-03-2007,18.3405
28-02-2007,18.3381
27-02-2007,18.3357
26-02-2007,18.3333
23-02-2007,18.3261
22-02-2007,18.3237
21-02-2007,18.3211
20-02-2007,18.3184
19-02-2007,18.3157
15-02-2007,18.3048
14-02-2007,18.302
13-02-2007,18.2999
12-02-2007,18.3011
09-02-2007,18.3014
08-02-2007,18.2997
07-02-2007,18.3123
06-02-2007,18.3114
05-02-2007,18.3213
02-02-2007,18.3225
31-01-2007,18.2935
29-01-2007,18.1651
25-01-2007,18.1815
24-01-2007,18.1831
23-01-2007,18.1755
22-01-2007,18.1517
19-01-2007,18.2166
18-01-2007,18.1972
17-01-2007,18.2118
16-01-2007,18.2288
15-01-2007,18.2044
12-01-2007,18.1683
11-01-2007,18.3625
10-01-2007,18.3603
09-01-2007,18.3738
08-01-2007,18.3796
05-01-2007,18.3474
04-01-2007,18.3371
03-01-2007,18.3451
02-01-2007,18.3463
29-12-2006,18.303
28-12-2006,18.2945
27-12-2006,18.297
26-12-2006,18.2914
22-12-2006,18.2922
21-12-2006,18.2873
20-12-2006,18.2904
19-12-2006,18.288
18-12-2006,18.2817
15-12-2006,18.2712
14-12-2006,18.266
13-12-2006,18.2659
12-12-2006,18.2633
11-12-2006,18.2751
08-12-2006,18.3361
07-12-2006,18.3318
06-12-2006,18.3321
05-12-2006,18.332
04-12-2006,18.3274
01-12-2006,18.3002
30-11-2006,18.2967
29-11-2006,18.3085
28-11-2006,18.3133
27-11-2006,18.3118
24-11-2006,18.2877
23-11-2006,18.2806
22-11-2006,18.2763
21-11-2006,18.2696
20-11-2006,18.2659
17-11-2006,18.2482
16-11-2006,18.2415
15-11-2006,18.244
14-11-2006,18.232
13-11-2006,18.2223
10-11-2006,18.2139
09-11-2006,18.2101
08-11-2006,18.2096
07-11-2006,18.205
06-11-2006,18.1993
03-11-2006,18.1933
02-11-2006,18.1944
01-11-2006,18.191
31-10-2006,18.1877
30-10-2006,18.1856
27-10-2006,18.1795
26-10-2006,18.1698
23-10-2006,18.1554
20-10-2006,18.1508
19-10-2006,18.1402
18-10-2006,18.1368
17-10-2006,18.1349
16-10-2006,18.134
13-10-2006,18.1299
12-10-2006,18.1378
11-10-2006,18.1282
10-10-2006,18.1319
09-10-2006,18.1202
06-10-2006,18.1244
05-10-2006,18.1244
04-10-2006,18.122
03-10-2006,18.1145
29-09-2006,18.0938
28-09-2006,18.0957
27-09-2006,18.1048
26-09-2006,18.1054
25-09-2006,18.0954
22-09-2006,18.0873
21-09-2006,18.078
20-09-2006,18.085
19-09-2006,18.0658
18-09-2006,18.0564
15-09-2006,18.0424
14-09-2006,18.0436
13-09-2006,18.049
12-09-2006,18.0423
11-09-2006,18.0499
08-09-2006,18.0452
07-09-2006,18.0367
06-09-2006,18.0341
05-09-2006,18.0336
04-09-2006,18.0344
01-09-2006,18.0263
31-08-2006,18.024
30-08-2006,18.0216
29-08-2006,18.0192
28-08-2006,18.0169
25-08-2006,18.0097
24-08-2006,18.0074
23-08-2006,18.0052
22-08-2006,18.003
21-08-2006,18.0009
18-08-2006,17.9947
17-08-2006,17.9911
16-08-2006,17.9838
14-08-2006,17.9765
11-08-2006,17.9706
10-08-2006,17.9707
09-08-2006,17.9668
08-08-2006,17.964
07-08-2006,17.9618
04-08-2006,17.9553
03-08-2006,17.9531
02-08-2006,17.9509
01-08-2006,17.9488
31-07-2006,17.9466
28-07-2006,17.9401
27-07-2006,17.9379
26-07-2006,17.9357
25-07-2006,17.9127
24-07-2006,17.9112
21-07-2006,17.9049
20-07-2006,17.9029
19-07-2006,17.9011
18-07-2006,17.899
17-07-2006,17.897
14-07-2006,17.8908
13-07-2006,17.8888
12-07-2006,17.8869
11-07-2006,17.885
10-07-2006,17.8832
07-07-2006,17.8783
06-07-2006,17.8765
05-07-2006,17.8747
04-07-2006,17.8742
03-07-2006,17.8724
30-06-2006,17.853
29-06-2006,17.873
28-06-2006,17.8712
27-06-2006,17.8705
26-06-2006,17.8686
23-06-2006,17.8631
22-06-2006,17.8613
21-06-2006,17.8632
20-06-2006,17.8645
19-06-2006,17.8607
16-06-2006,17.8716
15-06-2006,17.8711
14-06-2006,17.8704
13-06-2006,17.8639
12-06-2006,17.8638
09-06-2006,17.8611
08-06-2006,17.8761
07-06-2006,17.8723
06-06-2006,17.8751
05-06-2006,17.8712
02-06-2006,17.8663
01-06-2006,17.865
31-05-2006,17.8671
30-05-2006,17.8676
29-05-2006,17.8682
26-05-2006,17.8716
25-05-2006,17.8694
24-05-2006,17.8668
23-05-2006,17.8652
22-05-2006,17.8648
19-05-2006,17.8563
18-05-2006,17.8532
17-05-2006,17.8434
16-05-2006,17.8451
15-05-2006,17.843
12-05-2006,17.8419
11-05-2006,17.8517
10-05-2006,17.8521
09-05-2006,17.8501
08-05-2006,17.8442
05-05-2006,17.8388
04-05-2006,17.8384
03-05-2006,17.8384
02-05-2006,17.8385
28-04-2006,17.8386
27-04-2006,17.8334
26-04-2006,17.8321
25-04-2006,17.8364
24-04-2006,17.8343
21-04-2006,17.8305
20-04-2006,17.8225
19-04-2006,17.8275
18-04-2006,17.8038
17-04-2006,17.773
13-04-2006,17.7742
12-04-2006,17.7755
10-04-2006,17.7759
07-04-2006,17.7688
05-04-2006,17.7679
04-04-2006,17.7587
03-04-2006,17.7528
31-03-2006,17.7506
29-03-2006,17.7518
28-03-2006,17.7594
27-03-2006,17.7572
24-03-2006,17.7547
23-03-2006,17.7521
22-03-2006,17.7476
21-03-2006,17.7464
20-03-2006,17.7434
17-03-2006,17.7358
16-03-2006,17.7328
14-03-2006,17.7267
13-03-2006,17.724
10-03-2006,17.717
09-03-2006,17.7166
08-03-2006,17.7122
07-03-2006,17.7073
06-03-2006,17.7007
03-03-2006,17.6976
02-03-2006,17.6992
01-03-2006,17.6958
28-02-2006,17.6955
27-02-2006,17.6723
24-02-2006,17.6803
23-02-2006,17.6811
22-02-2006,17.6859
21-02-2006,17.6992
20-02-2006,17.6941
17-02-2006,17.6891
16-02-2006,17.6946
15-02-2006,17.6763
14-02-2006,17.6794
13-02-2006,17.6893
10-02-2006,17.6761
08-02-2006,17.668
07-02-2006,17.6794
06-02-2006,17.6887
03-02-2006,17.6743
02-02-2006,17.6539
01-02-2006,17.6721
31-01-2006,17.6677
30-01-2006,17.6528
28-01-2006,17.6264
27-01-2006,17.624
25-01-2006,17.6349
24-01-2006,17.698
23-01-2006,17.7579
21-01-2006,17.7547
20-01-2006,17.7519
19-01-2006,17.7463
18-01-2006,17.7498
17-01-2006,17.7556
16-01-2006,17.7543
14-01-2006,17.746
13-01-2006,17.7432
12-01-2006,17.7481
10-01-2006,17.7449
09-01-2006,17.7585
07-01-2006,17.7574
06-01-2006,17.7517
05-01-2006,17.7527
04-01-2006,17.7471
03-01-2006,17.7463
30-12-2005,17.7337
29-12-2005,17.7298
28-12-2005,17.7282
27-12-2005,17.7238
26-12-2005,17.7201
24-12-2005,17.7168
23-12-2005,17.7146
22-12-2005,17.7089
21-12-2005,17.7066
20-12-2005,17.7027
19-12-2005,17.7028
17-12-2005,17.7001
16-12-2005,17.6979
15-12-2005,17.699
14-12-2005,17.6954
13-12-2005,17.6894
12-12-2005,17.6872
10-12-2005,17.6892
09-12-2005,17.6839
08-12-2005,17.6871
07-12-2005,17.6812
06-12-2005,17.6755
05-12-2005,17.6743
03-12-2005,17.6657
02-12-2005,17.6635
01-12-2005,17.6636
30-11-2005,17.6603
29-11-2005,17.6631
28-11-2005,17.6507
26-11-2005,17.6414
25-11-2005,17.6392
24-11-2005,17.6484
23-11-2005,17.6371
22-11-2005,17.5987
21-11-2005,17.5895
19-11-2005,17.5828
18-11-2005,17.5805
17-11-2005,17.5765
16-11-2005,17.5727
14-11-2005,17.5704
12-11-2005,17.5613
11-11-2005,17.5588
10-11-2005,17.5564
09-11-2005,17.553
08-11-2005,17.5452
07-11-2005,17.5476
04-11-2005,17.551
03-11-2005,17.5506
02-11-2005,17.5468
31-10-2005,17.5419
29-10-2005,17.5402
28-10-2005,17.5384
27-10-2005,17.5399
26-10-2005,17.5353
25-10-2005,17.5279
24-10-2005,17.5174
22-10-2005,17.5003
21-10-2005,17.4976
20-10-2005,17.4818
19-10-2005,17.4799
18-10-2005,17.4857
17-10-2005,17.4936
15-10-2005,17.4942
14-10-2005,17.4921
13-10-2005,17.4853
11-10-2005,17.4814
10-10-2005,17.4641
08-10-2005,17.4635
07-10-2005,17.4613
06-10-2005,17.4519
05-10-2005,17.4565
04-10-2005,17.4578
03-10-2005,17.4567
01-10-2005,17.4698
30-09-2005,17.4634
29-09-2005,17.4693
28-09-2005,17.4692
27-09-2005,17.4609
26-09-2005,17.4716
24-09-2005,17.4713
23-09-2005,17.469
22-09-2005,17.4723
21-09-2005,17.4812
20-09-2005,17.4821
19-09-2005,17.4781
17-09-2005,17.4752
16-09-2005,17.4726
15-09-2005,17.4744
14-09-2005,17.4716
13-09-2005,17.4664
12-09-2005,17.4649
10-09-2005,17.4599
09-09-2005,17.4528
08-09-2005,17.4608
06-09-2005,17.4618
05-09-2005,17.4584
03-09-2005,17.4555
02-09-2005,17.4535
01-09-2005,17.4501
31-08-2005,17.4481
30-08-2005,17.4462
29-08-2005,17.4444
27-08-2005,17.4411
26-08-2005,17.4387
25-08-2005,17.4351
24-08-2005,17.4336
23-08-2005,17.4312
22-08-2005,17.4353
19-08-2005,17.4296
18-08-2005,17.4267
17-08-2005,17.4244
16-08-2005,17.4221
13-08-2005,17.4159
12-08-2005,17.4143
11-08-2005,17.4125
10-08-2005,17.4115
09-08-2005,17.4041
08-08-2005,17.4129
06-08-2005,17.4098
05-08-2005,17.4175
04-08-2005,17.4254
03-08-2005,17.41
02-08-2005,17.4112
01-08-2005,17.4011
30-07-2005,17.3979
29-07-2005,17.4235
26-07-2005,17.4247
25-07-2005,17.2048
23-07-2005,17.212
22-07-2005,17.2225
21-07-2005,17.2381
20-07-2005,17.1941
19-07-2005,17.1882
18-07-2005,17.2248
16-07-2005,17.1666
15-07-2005,17.198
14-07-2005,17.2291
13-07-2005,17.223
12-07-2005,17.2256
11-07-2005,17.212
09-07-2005,17.2198
08-07-2005,17.2248
07-07-2005,17.2396
06-07-2005,17.2714
04-07-2005,17.2582
02-07-2005,17.2548
01-07-2005,17.2543
30-06-2005,17.2529
29-06-2005,17.2511
28-06-2005,17.2489
27-06-2005,17.2467
25-06-2005,17.244
24-06-2005,17.242
23-06-2005,17.2406
22-06-2005,17.2386
21-06-2005,17.236
20-06-2005,17.234
18-06-2005,17.2297
17-06-2005,17.2279
16-06-2005,17.226
15-06-2005,17.2261
14-06-2005,17.2237
13-06-2005,17.2328
11-06-2005,17.2247
10-06-2005,17.2455
09-06-2005,17.2627
08-06-2005,17.283
07-06-2005,17.2356
06-06-2005,17.2016
04-06-2005,17.2021
03-06-2005,17.1997
02-06-2005,17.1898
01-06-2005,17.1788
31-05-2005,17.1448
30-05-2005,17.1308
28-05-2005,17.1265
27-05-2005,17.145
26-05-2005,17.1429
25-05-2005,17.1639
24-05-2005,17.1699
21-05-2005,17.0922
20-05-2005,17.1051
19-05-2005,17.0732
18-05-2005,17.0259
17-05-2005,17.0229
16-05-2005,17.0002
14-05-2005,17.0059
13-05-2005,17.003
12-05-2005,16.9852
11-05-2005,16.9805
10-05-2005,16.9773
09-05-2005,16.9612
07-05-2005,16.9498
06-05-2005,16.9504
05-05-2005,16.9527
04-05-2005,16.9533
03-05-2005,16.9433
02-05-2005,16.9166
30-04-2005,16.8918
29-04-2005,16.9292
28-04-2005,16.9304
27-04-2005,16.9801
26-04-2005,16.9734
25-04-2005,16.9673
21-04-2005,16.9765
20-04-2005,16.9752
19-04-2005,16.969
16-04-2005,16.9582
15-04-2005,16.9684
13-04-2005,16.9814
12-04-2005,16.976
11-04-2005,16.9691
31-03-2005,17.0431
30-03-2005,17.0463
29-03-2005,17.0444
28-03-2005,17.0497
24-03-2005,17.0356
23-03-2005,17.018
22-03-2005,17.0198
21-03-2005,17.0196
18-03-2005,17.0277
17-03-2005,17.0277
16-03-2005,17.0319
15-03-2005,17.0323
14-03-2005,17.0427
12-03-2005,17.0411
11-03-2005,17.0409
10-03-2005,17.0332
09-03-2005,17.0397
07-03-2005,17.041
05-03-2005,17.0352
04-03-2005,17.0101
03-03-2005,17.0085
02-03-2005,17.0029
01-03-2005,16.9973
28-02-2005,17.0219
26-02-2005,17.0409
25-02-2005,17.029
24-02-2005,17.027
23-02-2005,17.0229
22-02-2005,17.0209
21-02-2005,17.0185
19-02-2005,17.0129
18-02-2005,17.0159
17-02-2005,17.0123
16-02-2005,17.0018
15-02-2005,17.0055
14-02-2005,17.0077
12-02-2005,17.015
11-02-2005,17.0129
10-02-2005,17.0095
09-02-2005,16.9877
08-02-2005,16.9832
07-02-2005,16.9783
05-02-2005,16.9304
04-02-2005,16.9246
03-02-2005,16.9233
02-02-2005,16.9318
01-02-2005,16.9206
31-01-2005,16.9238
29-01-2005,16.9171
28-01-2005,16.9078
27-01-2005,16.9021
25-01-2005,16.8977
24-01-2005,16.8972
20-01-2005,16.894
19-01-2005,16.8864
18-01-2005,16.8916
17-01-2005,16.8966
15-01-2005,16.8909
14-01-2005,16.8989
13-01-2005,16.911
12-01-2005,16.9071
11-01-2005,16.9148
10-01-2005,16.9037
08-01-2005,16.9055
07-01-2005,16.9078
06-01-2005,16.8947
05-01-2005,16.9014
04-01-2005,16.9155
03-01-2005,16.9012
01-01-2005,16.8692
31-12-2004,16.8762
30-12-2004,16.8978
29-12-2004,16.9082
28-12-2004,16.9097
27-12-2004,16.8955
24-12-2004,16.8885
23-12-2004,16.8864
22-12-2004,16.8594
21-12-2004,16.8402
20-12-2004,16.8233
18-12-2004,16.8214
17-12-2004,16.82
16-12-2004,16.8118
15-12-2004,16.8181
14-12-2004,16.8137
13-12-2004,16.8232
11-12-2004,16.8397
10-12-2004,16.8408
09-12-2004,16.8031
08-12-2004,16.7976
07-12-2004,16.7841
06-12-2004,16.7885
04-12-2004,16.7928
03-12-2004,16.7641
02-12-2004,16.7492
01-12-2004,16.703
30-11-2004,16.5335
29-11-2004,16.5299
27-11-2004,16.5302
25-11-2004,16.5287
24-11-2004,16.5259
23-11-2004,16.5436
22-11-2004,16.5782
20-11-2004,16.5807
19-11-2004,16.582
18-11-2004,16.5533
17-11-2004,16.5245
16-11-2004,16.5304
13-11-2004,16.4882
11-11-2004,16.472
10-11-2004,16.5033
09-11-2004,16.4847
08-11-2004,16.4425
06-11-2004,16.4618
05-11-2004,16.4831
04-11-2004,16.6018
03-11-2004,16.6091
02-11-2004,16.6026
01-11-2004,16.5999
30-10-2004,16.609
29-10-2004,16.622
28-10-2004,16.592
27-10-2004,16.618
26-10-2004,16.6488
25-10-2004,16.7153
23-10-2004,16.7286
21-10-2004,16.6831
20-10-2004,16.6706
19-10-2004,16.664
18-10-2004,16.6598
16-10-2004,16.6387
15-10-2004,16.6426
14-10-2004,16.6328
12-10-2004,16.6046
11-10-2004,16.6031
09-10-2004,16.6162
08-10-2004,16.6234
07-10-2004,16.6281
06-10-2004,16.6329
05-10-2004,16.6321
04-10-2004,16.6355
01-10-2004,16.6354
30-09-2004,16.6416
29-09-2004,16.6414
28-09-2004,16.6419
27-09-2004,16.6481
25-09-2004,16.6506
24-09-2004,16.6517
23-09-2004,16.6516
22-09-2004,16.6501
21-09-2004,16.6486
20-09-2004,16.647
17-09-2004,16.6425
16-09-2004,16.641
15-09-2004,16.6395
14-09-2004,16.639
13-09-2004,16.6376
11-09-2004,16.6346
10-09-2004,16.633
09-09-2004,16.6316
08-09-2004,16.6304
07-09-2004,16.6296
06-09-2004,16.6277
04-09-2004,16.626
03-09-2004,16.6192
02-09-2004,16.6096
01-09-2004,16.6146
31-08-2004,16.6018
30-08-2004,16.5833
28-08-2004,16.6162
27-08-2004,16.5968
26-08-2004,16.5254
25-08-2004,16.5525
24-08-2004,16.4999
23-08-2004,16.455
21-08-2004,16.3572
19-08-2004,16.3812
18-08-2004,16.3337
17-08-2004,16.3562
16-08-2004,16.3408
14-08-2004,16.3146
13-08-2004,16.3495
12-08-2004,16.3301
11-08-2004,16.3621
10-08-2004,16.3767
09-08-2004,16.4319
06-08-2004,16.5217
05-08-2004,16.6182
04-08-2004,16.6143
03-08-2004,16.5794
02-08-2004,16.5911
31-07-2004,16.6317
30-07-2004,16.6229
29-07-2004,16.5536
28-07-2004,16.6638
27-07-2004,16.7534
26-07-2004,16.7678
24-07-2004,16.7866
23-07-2004,16.7586
22-07-2004,16.7644
21-07-2004,16.833
20-07-2004,16.8156
19-07-2004,16.8187
17-07-2004,16.8219
16-07-2004,16.7345
15-07-2004,16.7566
14-07-2004,16.8307
13-07-2004,16.8635
12-07-2004,16.8197
10-07-2004,16.8763
09-07-2004,16.8217
08-07-2004,16.8196
07-07-2004,16.8879
06-07-2004,16.9101
05-07-2004,16.9087
03-07-2004,16.876
02-07-2004,16.8026
01-07-2004,16.7705
30-06-2004,16.7737
29-06-2004,16.7694
28-06-2004,16.7821
26-06-2004,16.7373
25-06-2004,16.7608
24-06-2004,16.7843
23-06-2004,16.8331
22-06-2004,16.7919
21-06-2004,16.8962
19-06-2004,16.9614
18-06-2004,16.953
17-06-2004,17.0113
16-06-2004,17.0218
15-06-2004,16.9378
14-06-2004,16.9911
12-06-2004,17.0761
11-06-2004,17.0824
10-06-2004,17.0655
09-06-2004,17.1213
08-06-2004,17.1406
07-06-2004,17.1517
05-06-2004,17.2006
04-06-2004,17.1344
03-06-2004,17.108
02-06-2004,17.0866
01-06-2004,17.1196
31-05-2004,17.1275
29-05-2004,17.1629
28-05-2004,17.1762
27-05-2004,17.2485
26-05-2004,17.2773
25-05-2004,17.2854
24-05-2004,17.2908
22-05-2004,17.2904
21-05-2004,17.285
20-05-2004,17.2949
19-05-2004,17.298
18-05-2004,17.2898
17-05-2004,17.2273
16-05-2004,17.2877
15-05-2004,17.2856
14-05-2004,17.2575
13-05-2004,17.323
12-05-2004,17.321
11-05-2004,17.3119
10-05-2004,17.3076
09-05-2004,17.3257
08-05-2004,17.3238
07-05-2004,17.3502
06-05-2004,17.3631
05-05-2004,17.3691
04-05-2004,17.348
03-05-2004,17.3458
02-05-2004,17.3507
30-04-2004,17.3463
29-04-2004,17.3149
28-04-2004,17.334
27-04-2004,17.3362
26-04-2004,17.3754
24-04-2004,17.371
23-04-2004,17.3772
22-04-2004,17.382
21-04-2004,17.3725
20-04-2004,17.3875
19-04-2004,17.3839
18-04-2004,17.392
17-04-2004,17.3896
16-04-2004,17.3775
15-04-2004,17.3608
14-04-2004,17.3532
13-04-2004,17.3508
12-04-2004,17.3556
11-04-2004,17.3285
10-04-2004,17.3258
09-04-2004,17.2997
08-04-2004,17.2973
07-04-2004,17.2762
06-04-2004,17.264
05-04-2004,17.2661
31-03-2004,17.224
30-03-2004,17.211
29-03-2004,17.2085
28-03-2004,17.1967
27-03-2004,17.1942
26-03-2004,17.1951
25-03-2004,17.1677
24-03-2004,17.1554
23-03-2004,17.1482
22-03-2004,17.1567
21-03-2004,17.1607
20-03-2004,17.1582
19-03-2004,17.1552
18-03-2004,17.1399
17-03-2004,17.14
16-03-2004,17.1213
15-03-2004,17.1203
14-03-2004,17.1265
13-03-2004,17.124
12-03-2004,17.1234
11-03-2004,17.0973
10-03-2004,17.0949
09-03-2004,17.0806
08-03-2004,17.0681
07-03-2004,17.0596
06-03-2004,17.057
05-03-2004,17.0397
04-03-2004,17.0403
03-03-2004,17.0298
02-03-2004,17.0201
01-03-2004,17.0175
29-02-2004,17.0092
28-02-2004,17.0067
27-02-2004,17.0029
26-02-2004,17.0111
25-02-2004,17.0236
24-02-2004,17.0259
23-02-2004,16.9799
22-02-2004,16.9964
21-02-2004,16.9938
20-02-2004,16.9531
19-02-2004,16.9363
18-02-2004,16.9771
17-02-2004,16.9742
16-02-2004,16.9309
15-02-2004,16.9812
14-02-2004,16.9783
13-02-2004,16.9857
12-02-2004,17.0282
11-02-2004,17.0166
10-02-2004,17.0461
09-02-2004,17.0732
08-02-2004,17.0586
07-02-2004,17.0559
06-02-2004,17.0476
05-02-2004,17.0674
04-02-2004,17.1164
03-02-2004,17.0729
02-02-2004,17.0185
31-01-2004,17.0131
30-01-2004,17.0454
29-01-2004,17.0807
28-01-2004,17.1363
27-01-2004,17.1429
26-01-2004,17.1517
24-01-2004,17.1464
23-01-2004,17.137
22-01-2004,17.1403
21-01-2004,17.1354
20-01-2004,17.1339
19-01-2004,17.1369
18-01-2004,17.1585
17-01-2004,17.156
16-01-2004,17.1356
15-01-2004,17.1246
14-01-2004,17.147
13-01-2004,17.1468
12-01-2004,17.1233
11-01-2004,17.1526
10-01-2004,17.15
09-01-2004,17.1591
08-01-2004,17.1688
07-01-2004,17.1485
06-01-2004,17.1099
05-01-2004,17.1393
04-01-2004,17.1666
03-01-2004,17.1589
02-01-2004,17.1436
01-01-2004,17.0874
31-12-2003,17.1012
30-12-2003,17.1452
29-12-2003,17.1178
28-12-2003,17.137
27-12-2003,17.1341
26-12-2003,17.134
25-12-2003,17.0655
24-12-2003,17.0624
23-12-2003,17.0588
22-12-2003,17.0533
21-12-2003,17.0336
20-12-2003,17.0303
19-12-2003,17.0392
18-12-2003,17.0278
17-12-2003,16.9657
16-12-2003,16.9504
15-12-2003,16.9523
14-12-2003,16.9614
13-12-2003,16.958
12-12-2003,16.9643
11-12-2003,16.9251
10-12-2003,16.9095
09-12-2003,16.9403
08-12-2003,16.9519
07-12-2003,16.954
06-12-2003,16.9512
05-12-2003,16.9447
04-12-2003,16.885
03-12-2003,16.9688
02-12-2003,16.908
01-12-2003,16.8938
30-11-2003,16.9791
29-11-2003,16.9764
28-11-2003,17.015
27-11-2003,17.0618
26-11-2003,17.007
25-11-2003,17.0044
24-11-2003,17.0404
23-11-2003,17.0632
22-11-2003,17.0607
21-11-2003,17.0585
20-11-2003,17.0736
19-11-2003,17.0735
18-11-2003,17.0335
17-11-2003,16.9891
16-11-2003,17.139
15-11-2003,17.1365
14-11-2003,17.1233
13-11-2003,17.1421
12-11-2003,17.2145
11-11-2003,17.2483
10-11-2003,17.2479
09-11-2003,17.2248
06-11-2003,17.2424
05-11-2003,17.2668
04-11-2003,17.1966
03-11-2003,17.104
02-11-2003,17.1735
31-10-2003,17.1163
30-10-2003,17.1741
29-10-2003,17.1479
28-10-2003,16.9943
27-10-2003,17.1126
26-10-2003,17.1802
24-10-2003,17.1752
23-10-2003,17.1257
22-10-2003,17.2303
21-10-2003,17.337
20-10-2003,17.3709
16-10-2003,17.4702
15-10-2003,17.4082
14-10-2003,17.3519
13-10-2003,17.3214
12-10-2003,17.3198
11-10-2003,17.3172
10-10-2003,17.2842
09-10-2003,17.2867
08-10-2003,17.2809
07-10-2003,17.2828
06-10-2003,17.2241
05-10-2003,17.1825
04-10-2003,17.18
03-10-2003,17.1775
02-10-2003,17.1788
01-10-2003,17.1788
30-09-2003,17.1612
29-09-2003,17.0805
28-09-2003,17.0502
27-09-2003,17.0478
26-09-2003,17.0452
25-09-2003,17.0507
24-09-2003,17.0156
23-09-2003,16.9665
22-09-2003,16.9663
21-09-2003,16.9644
20-09-2003,16.9619
19-09-2003,16.9553
18-09-2003,16.9509
17-09-2003,16.9761
16-09-2003,16.9631
15-09-2003,16.9345
14-09-2003,16.9357
13-09-2003,16.9332
12-09-2003,16.9326
11-09-2003,16.9136
10-09-2003,16.9336
09-09-2003,16.9711
08-09-2003,16.9796
07-09-2003,16.9839
06-09-2003,16.9814
05-09-2003,16.9789
04-09-2003,16.9868
03-09-2003,16.9819
02-09-2003,16.9824
01-09-2003,16.9962
31-08-2003,17.0177
30-08-2003,17.0181
29-08-2003,16.9994
28-08-2003,17.0231
27-08-2003,17.0155
26-08-2003,17.027
25-08-2003,16.9509
24-08-2003,16.8375
23-08-2003,16.835
22-08-2003,16.6873
21-08-2003,16.7348
20-08-2003,16.7414
19-08-2003,16.743
18-08-2003,16.7396
17-08-2003,16.7304
16-08-2003,16.7278
15-08-2003,16.7294
14-08-2003,16.7268
13-08-2003,16.7502
12-08-2003,16.7408
11-08-2003,16.7425
10-08-2003,16.744
09-08-2003,16.7414
08-08-2003,16.7186
07-08-2003,16.7061
06-08-2003,16.6975
05-08-2003,16.6868
04-08-2003,16.6799
03-08-2003,16.7039
02-08-2003,16.7012
01-08-2003,16.653
31-07-2003,16.6277
30-07-2003,16.6113
29-07-2003,16.6085
28-07-2003,16.6023
27-07-2003,16.6126
25-07-2003,16.5956
24-07-2003,16.5655
23-07-2003,16.5415
22-07-2003,16.5238
21-07-2003,16.5255
20-07-2003,16.5133
19-07-2003,16.5108
18-07-2003,16.4997
17-07-2003,16.4928
16-07-2003,16.4995
15-07-2003,16.5017
14-07-2003,16.4978
13-07-2003,16.4905
10-07-2003,16.4851
09-07-2003,16.486
08-07-2003,16.4644
07-07-2003,16.466
06-07-2003,16.4644
05-07-2003,16.4616
04-07-2003,16.4646
03-07-2003,16.4686
02-07-2003,16.471
01-07-2003,16.4633
30-06-2003,16.454
29-06-2003,16.4511
28-06-2003,16.4482
27-06-2003,16.4451
26-06-2003,16.4351
25-06-2003,16.4612
24-06-2003,16.45
23-06-2003,16.4451
22-06-2003,16.4517
21-06-2003,16.4487
20-06-2003,16.4297
19-06-2003,16.4165
18-06-2003,16.4126
17-06-2003,16.4151
16-06-2003,16.4046
14-06-2003,16.3832
13-06-2003,16.3763
12-06-2003,16.3767
11-06-2003,16.3755
10-06-2003,16.365
09-06-2003,16.3781
07-06-2003,16.3839
06-06-2003,16.3715
05-06-2003,16.3682
04-06-2003,16.3468
03-06-2003,16.3299
02-06-2003,16.3237
01-06-2003,16.334
30-05-2003,16.3421
29-05-2003,16.3222
28-05-2003,16.3454
27-05-2003,16.3323
26-05-2003,16.3421
25-05-2003,16.3166
23-05-2003,16.3034
20-05-2003,16.205
19-05-2003,16.199
17-05-2003,16.1692
14-05-2003,16.1412
13-05-2003,16.1362
12-05-2003,16.1145
10-05-2003,16.1035
09-05-2003,16.1125
08-05-2003,16.1028
07-05-2003,16.0686
06-05-2003,16.064
05-05-2003,16.0635
03-05-2003,15.9982
02-05-2003,16.0221
30-04-2003,16.0728
29-04-2003,16.0388
28-04-2003,16.0701
26-04-2003,16.0529
25-04-2003,16.0675
24-04-2003,16.0401
23-04-2003,16.0717
22-04-2003,16.0887
21-04-2003,16.1107
19-04-2003,16.1269
17-04-2003,16.1055
16-04-2003,16.0932
12-04-2003,16.1006
10-04-2003,16.0899
09-04-2003,16.0615
08-04-2003,15.9848
07-04-2003,15.9863
05-04-2003,15.9579
04-04-2003,15.947
31-03-2003,15.6946
29-03-2003,15.561
28-03-2003,15.5268
27-03-2003,15.5559
26-03-2003,15.5011
25-03-2003,15.507
24-03-2003,15.498
22-03-2003,15.6287
21-03-2003,15.5936
20-03-2003,15.3701
19-03-2003,15.3702
17-03-2003,15.3521
15-03-2003,15.5002
13-03-2003,15.4447
12-03-2003,15.4199
11-03-2003,15.3273
10-03-2003,15.2583
08-03-2003,15.2884
07-03-2003,15.3138
06-03-2003,15.5402
05-03-2003,15.4441
04-03-2003,15.5541
03-03-2003,15.7282
28-02-2003,15.9266
27-02-2003,15.2538
26-02-2003,15.293
25-02-2003,15.2012
24-02-2003,15.0756
22-02-2003,15.0937
21-02-2003,15.1401
20-02-2003,15.2395
19-02-2003,15.3221
18-02-2003,15.4137
17-02-2003,15.5055
15-02-2003,15.2331
14-02-2003,15.0343
12-02-2003,15.0622
11-02-2003,15.2377
10-02-2003,15.3225
08-02-2003,15.2045
07-02-2003,15.4758
06-02-2003,15.7794
05-02-2003,15.8251
04-02-2003,15.8823
03-02-2003,15.8815
01-02-2003,15.9135
31-01-2003,15.7419
30-01-2003,15.8447
29-01-2003,16.0852
28-01-2003,15.945
27-01-2003,16.0827
25-01-2003,16.2244
24-01-2003,16.2054
23-01-2003,16.3111
22-01-2003,16.3462
21-01-2003,16.3346
20-01-2003,16.3211
18-01-2003,16.3396
17-01-2003,16.3217
16-01-2003,16.2295
15-01-2003,16.2079
14-01-2003,16.2699
13-01-2003,16.203
09-01-2003,16.1372
08-01-2003,16.1673
07-01-2003,16.1875
06-01-2003,16.1758
04-01-2003,16.1295
03-01-2003,16.1423
02-01-2003,16.1818
01-01-2003,16.0903
31-12-2002,16.0383
30-12-2002,15.9887
27-12-2002,15.8254
26-12-2002,15.7618
24-12-2002,15.7273
23-12-2002,15.6906
21-12-2002,15.7155
20-12-2002,15.6617
19-12-2002,15.632
18-12-2002,15.622
17-12-2002,15.6213
16-12-2002,15.5919
14-12-2002,15.5658
13-12-2002,15.5499
12-12-2002,15.5306
11-12-2002,15.4983
10-12-2002,15.4931
09-12-2002,15.5129
06-12-2002,15.5214
05-12-2002,15.5216
04-12-2002,15.5215
03-12-2002,15.5043
02-12-2002,15.4835
30-11-2002,15.4808
29-11-2002,15.434
28-11-2002,15.5301
27-11-2002,15.5165
26-11-2002,15.4817
25-11-2002,15.4675
23-11-2002,15.4806
22-11-2002,15.4493
21-11-2002,15.3543
20-11-2002,15.3431
18-11-2002,15.3044
16-11-2002,15.2902
15-11-2002,15.3048
14-11-2002,15.215
13-11-2002,15.1328
12-11-2002,15.0928
11-11-2002,15.0718
09-11-2002,15.0536
08-11-2002,15.0547
07-11-2002,15.0679
06-11-2002,15.0328
05-11-2002,15.0222
31-10-2002,14.9582
30-10-2002,14.9583
29-10-2002,14.9143
28-10-2002,14.8545
26-10-2002,14.8514
25-10-2002,14.841
24-10-2002,14.8603
23-10-2002,14.8567
22-10-2002,14.8554
21-10-2002,14.8675
19-10-2002,14.8678
18-10-2002,14.8582
17-10-2002,14.8273
16-10-2002,14.8157
14-10-2002,14.8119
12-10-2002,14.8105
11-10-2002,14.799
10-10-2002,14.795
09-10-2002,14.7946
08-10-2002,14.7931
07-10-2002,14.7839
05-10-2002,14.7632
04-10-2002,14.7677
03-10-2002,14.761
01-10-2002,14.7434
30-09-2002,14.726
28-09-2002,14.7197
27-09-2002,14.7206
26-09-2002,14.7048
25-09-2002,14.7016
24-09-2002,14.7078
23-09-2002,14.709
21-09-2002,14.7048
20-09-2002,14.6975
19-09-2002,14.701
18-09-2002,14.701
17-09-2002,14.7057
16-09-2002,14.6716
14-09-2002,14.6794
13-09-2002,14.6827
12-09-2002,14.6926
11-09-2002,14.6806
09-09-2002,14.6647
06-09-2002,14.6721
05-09-2002,14.7046
04-09-2002,14.6888
03-09-2002,14.6677
02-09-2002,14.6522
30-08-2002,14.6628
29-08-2002,14.6492
28-08-2002,14.6261
27-08-2002,14.6211
26-08-2002,14.6121
23-08-2002,14.6008
22-08-2002,14.5953
21-08-2002,14.5966
20-08-2002,14.5943
19-08-2002,14.5777
16-08-2002,14.5518
14-08-2002,14.5312
13-08-2002,14.5561
12-08-2002,14.5594
09-08-2002,14.5349
08-08-2002,14.5626
07-08-2002,14.5681
06-08-2002,14.5362
05-08-2002,14.5436
02-08-2002,14.4962
01-08-2002,14.4819
31-07-2002,14.4483
30-07-2002,14.4236
29-07-2002,14.4286
26-07-2002,14.4312
25-07-2002,14.3941
24-07-2002,14.3829
23-07-2002,14.3786
22-07-2002,14.377
19-07-2002,14.3685
18-07-2002,14.3713
17-07-2002,14.3445
16-07-2002,14.3156
15-07-2002,14.3166
12-07-2002,14.3091
11-07-2002,14.3351
10-07-2002,14.3333
09-07-2002,14.3359
08-07-2002,14.3272
05-07-2002,14.2667
04-07-2002,14.2506
03-07-2002,14.256
02-07-2002,14.2348
01-07-2002,14.2074
29-06-2002,14.1921
28-06-2002,14.1891
27-06-2002,14.2198
26-06-2002,14.1113
25-06-2002,14.0548
24-06-2002,14.0402
21-06-2002,14.0207
20-06-2002,14.0376
19-06-2002,14.0082
18-06-2002,13.982
17-06-2002,14.0014
15-06-2002,14.0263
14-06-2002,14.0265
13-06-2002,14.0185
12-06-2002,14.0385
11-06-2002,14.0374
10-06-2002,14.0134
07-06-2002,13.9563
06-06-2002,14.002
05-06-2002,13.9886
04-06-2002,13.9811
03-06-2002,14.0085
31-05-2002,13.9874
30-05-2002,13.9659
29-05-2002,14.0026
28-05-2002,13.9682
27-05-2002,13.8975
24-05-2002,13.9497
23-05-2002,13.8631
22-05-2002,13.7973
21-05-2002,13.6579
20-05-2002,13.664
17-05-2002,13.7811
16-05-2002,13.8676
15-05-2002,13.8927
14-05-2002,13.9337
13-05-2002,14.0247
10-05-2002,14.0046
09-05-2002,14.1246
08-05-2002,14.1639
07-05-2002,14.2195
06-05-2002,14.1923
03-05-2002,14.1556
02-05-2002,14.213
30-04-2002,14.2337
29-04-2002,14.2812
26-04-2002,14.2994
24-04-2002,14.298
23-04-2002,14.288
22-04-2002,14.2636
20-04-2002,14.2716
19-04-2002,14.2644
18-04-2002,14.278
17-04-2002,14.2775
16-04-2002,14.284
12-04-2002,14.2607
11-04-2002,14.2677
10-04-2002,14.2677
09-04-2002,14.2823
30-03-2002,14.2115
28-03-2002,14.1751
27-03-2002,14.1472
26-03-2002,14.1629
23-03-2002,14.1577
22-03-2002,14.1467
21-03-2002,14.1387
20-03-2002,14.1279
19-03-2002,14.1286
18-03-2002,14.1274
16-03-2002,14.1497
15-03-2002,14.1476
14-03-2002,14.0139
13-03-2002,14.0301
11-03-2002,14.0567
09-03-2002,14.0813
08-03-2002,14.0496
07-03-2002,14.0923
06-03-2002,14.1108
05-03-2002,14.1869
04-03-2002,14.2245
02-03-2002,14.072
01-03-2002,13.983
28-02-2002,13.9728
27-02-2002,14.23
26-02-2002,14.2582
25-02-2002,14.1478
19-02-2002,14.2935
18-02-2002,14.3059
16-02-2002,14.2882
15-02-2002,14.2977
14-02-2002,14.3192
13-02-2002,14.3126
12-02-2002,14.2226
11-02-2002,14.1777
09-02-2002,14.1568
08-02-2002,14.0989
07-02-2002,14.0332
06-02-2002,13.9693
05-02-2002,13.9785
04-02-2002,13.9769
02-02-2002,13.9119
01-02-2002,13.8828
31-01-2002,13.8696
30-01-2002,13.8329
29-01-2002,13.8016
28-01-2002,13.7652
25-01-2002,13.7255
24-01-2002,13.726
23-01-2002,13.7176
22-01-2002,13.7317
21-01-2002,13.6974
19-01-2002,13.6882
18-01-2002,13.6606
17-01-2002,13.6457
16-01-2002,13.6456
15-01-2002,13.631
14-01-2002,13.6158
12-01-2002,13.5764
11-01-2002,13.5917
10-01-2002,13.6043
09-01-2002,13.5993
08-01-2002,13.6143
07-01-2002,13.5924
05-01-2002,13.5555
04-01-2002,13.5344
03-01-2002,13.5283
02-01-2002,13.5226
01-01-2002,13.5221
31-12-2001,13.4572
29-12-2001,13.4127
28-12-2001,13.3188
27-12-2001,13.257
26-12-2001,13.2745
24-12-2001,13.3006
19-12-2001,13.4232
18-12-2001,13.4399
15-12-2001,13.4714
14-12-2001,13.4729
13-12-2001,13.4509
12-12-2001,13.4339
11-12-2001,13.3587
10-12-2001,13.4487
08-12-2001,13.4551
07-12-2001,13.47
06-12-2001,13.6555
05-12-2001,13.6472
04-12-2001,13.6503
03-12-2001,13.5565
01-12-2001,13.5564
29-11-2001,13.5539
28-11-2001,13.5554
27-11-2001,13.4528
26-11-2001,13.4001
24-11-2001,13.3837
23-11-2001,13.4046
22-11-2001,13.3358
21-11-2001,13.3051
20-11-2001,13.2637
19-11-2001,13.1878
17-11-2001,13.1143
15-11-2001,13.0588
13-11-2001,13.0576
12-11-2001,13.0443
10-11-2001,13.0115
09-11-2001,12.9945
08-11-2001,12.9843
07-11-2001,12.9821
06-11-2001,12.9517
05-11-2001,12.9517
03-11-2001,12.9448
02-11-2001,12.9269
01-11-2001,12.9133
31-10-2001,12.8983
30-10-2001,12.8624
29-10-2001,12.8379
23-10-2001,12.8076
22-10-2001,12.7478
20-10-2001,12.688
19-10-2001,12.6856
18-10-2001,12.6833
17-10-2001,12.6719
16-10-2001,12.6644
15-10-2001,12.6527
13-10-2001,12.6547
12-10-2001,12.6527
11-10-2001,12.6615
10-10-2001,12.6602
09-10-2001,12.6526
08-10-2001,12.6456
06-10-2001,12.6575
05-10-2001,12.6645
04-10-2001,12.6803
03-10-2001,12.6456
01-10-2001,12.6103
29-09-2001,12.6261
28-09-2001,12.6233
27-09-2001,12.5781
26-09-2001,12.5441
25-09-2001,12.5393
24-09-2001,12.5141
22-09-2001,12.4524
21-09-2001,12.3449
20-09-2001,12.4552
19-09-2001,12.564
18-09-2001,12.4676
17-09-2001,12.2973
15-09-2001,12.3808
14-09-2001,12.6243
13-09-2001,12.664
12-09-2001,12.7032
11-09-2001,12.7017
10-09-2001,12.6936
08-09-2001,12.6932
07-09-2001,12.7003
06-09-2001,12.7131
05-09-2001,12.7197
04-09-2001,12.7225
03-09-2001,12.7053
01-09-2001,12.6861
31-08-2001,12.7035
30-08-2001,12.7101
29-08-2001,12.7005
28-08-2001,12.6854
27-08-2001,12.6831
25-08-2001,12.6767
24-08-2001,12.6553
23-08-2001,12.6257
20-08-2001,12.6145
19-08-2001,12.5916
17-08-2001,12.5741
16-08-2001,12.569
14-08-2001,12.5603
13-08-2001,12.5631
11-08-2001,12.5549
10-08-2001,12.5352
09-08-2001,12.5139
08-08-2001,12.4989
07-08-2001,12.5125
06-08-2001,12.5123
04-08-2001,12.4904
03-08-2001,12.4787
02-08-2001,12.4717
01-08-2001,12.4644
31-07-2001,12.4629
30-07-2001,12.4705
28-07-2001,12.4677
27-07-2001,12.463
26-07-2001,12.4513
25-07-2001,12.461
24-07-2001,12.4721
23-07-2001,12.4582
21-07-2001,12.4518
20-07-2001,12.456
19-07-2001,12.4417
18-07-2001,12.4239
17-07-2001,12.3873
16-07-2001,12.4099
10-07-2001,12.4041
09-07-2001,12.3785
08-07-2001,12.3673
06-07-2001,12.3647
05-07-2001,12.318
04-07-2001,12.2601
03-07-2001,12.233
02-07-2001,12.2477
29-06-2001,12.2149
28-06-2001,12.2148
27-06-2001,12.2181
26-06-2001,12.1905
25-06-2001,12.1501
23-06-2001,12.1185
22-06-2001,12.1071
21-06-2001,12.0996
20-06-2001,12.0863
19-06-2001,12.0529
18-06-2001,12.0237
16-06-2001,12.0132
15-06-2001,12.0107
14-06-2001,12.0025
13-06-2001,12.0045
12-06-2001,11.9726
11-06-2001,11.9685
09-06-2001,11.9515
08-06-2001,11.9245
07-06-2001,11.9182
06-06-2001,11.9311
04-06-2001,11.9127
02-06-2001,11.9379
01-06-2001,11.9505
31-05-2001,11.9784
30-05-2001,11.961
29-05-2001,11.9475
28-05-2001,11.9112
25-05-2001,11.8779
24-05-2001,11.8553
23-05-2001,11.8464
22-05-2001,11.8409
21-05-2001,11.8447
19-05-2001,11.8405
18-05-2001,11.8315
17-05-2001,11.8312
16-05-2001,11.7997
15-05-2001,11.796
14-05-2001,11.7892
12-05-2001,11.7764
11-05-2001,11.7788
10-05-2001,11.7533
09-05-2001,11.7324
08-05-2001,11.7366
05-05-2001,11.7356
04-05-2001,11.7283
03-05-2001,11.7058
02-05-2001,11.6984
30-04-2001,11.691
28-04-2001,11.6876
27-04-2001,11.6789
26-04-2001,11.663
25-04-2001,11.6663
24-04-2001,11.6635
23-04-2001,11.6563
21-04-2001,11.647
20-04-2001,11.6441
19-04-2001,11.6467
18-04-2001,11.6209
17-04-2001,11.6126
16-04-2001,11.6033
28-03-2001,11.5269
27-03-2001,11.533
23-03-2001,11.5372
22-03-2001,11.5378
21-03-2001,11.5404
20-03-2001,11.5336
19-03-2001,11.5344
16-03-2001,11.5289
15-03-2001,11.5238
14-03-2001,11.5149
13-03-2001,11.5405
12-03-2001,11.5644
09-03-2001,11.5436
08-03-2001,11.5575
07-03-2001,11.532
05-03-2001,11.4862
02-03-2001,11.5481
01-03-2001,11.605
28-02-2001,11.516
27-02-2001,11.4528
26-02-2001,11.4427
23-02-2001,11.4319
22-02-2001,11.4341
20-02-2001,11.4308
16-02-2001,11.3325
15-02-2001,11.3371
14-02-2001,11.3574
13-02-2001,11.3616
12-02-2001,11.3613
09-02-2001,11.3645
08-02-2001,11.3501
07-02-2001,11.3257
06-02-2001,11.3117
05-02-2001,11.2968
25-01-2001,11.251
24-01-2001,11.2587
23-01-2001,11.2553
22-01-2001,11.2463
19-01-2001,11.1985
18-01-2001,11.1869
17-01-2001,11.17
16-01-2001,11.17
15-01-2001,11.17
12-01-2001,11.1526
11-01-2001,11.1426
10-01-2001,11.1405
09-01-2001,11.1425
08-01-2001,11.148
05-01-2001,11.1389
04-01-2001,11.1275
03-01-2001,11.0963
02-01-2001,11.0757
01-01-2001,11.0675
29-12-2000,11.0415
27-12-2000,11.0313
26-12-2000,11.0172
22-12-2000,11.0057
21-12-2000,11.0094
20-12-2000,11.0113
19-12-2000,11.0119
18-12-2000,10.999
15-12-2000,10.9788
14-12-2000,10.9765
13-12-2000,10.9714
12-12-2000,10.9683
11-12-2000,10.975
09-12-2000,10.9741
08-12-2000,10.9689
07-12-2000,10.9579
06-12-2000,10.9443
05-12-2000,10.9325
04-12-2000,10.9245
01-12-2000,10.9139
30-11-2000,10.9076
29-11-2000,10.9
28-11-2000,10.8946
27-11-2000,10.8882
25-11-2000,10.8836
24-11-2000,10.8881
23-11-2000,10.8882
22-11-2000,10.8886
21-11-2000,10.8863
20-11-2000,10.8808
18-11-2000,10.8772
17-11-2000,10.8758
16-11-2000,10.88
15-11-2000,10.8697
14-11-2000,10.8625
13-11-2000,10.8564
07-11-2000,10.8347
06-11-2000,10.83
03-11-2000,10.823
02-11-2000,10.82
01-11-2000,10.81
31-10-2000,10.8019
30-10-2000,10.7966
27-10-2000,10.7858
25-10-2000,10.7812
24-10-2000,10.78
23-10-2000,10.78
20-10-2000,10.7677
19-10-2000,10.7635
18-10-2000,10.7604
17-10-2000,10.75
15-10-2000,10.7365
13-10-2000,10.7232
12-10-2000,10.7312
11-10-2000,10.7261
10-10-2000,10.7463
09-10-2000,10.7393
06-10-2000,10.7261
05-10-2000,10.7217
04-10-2000,10.7098
03-10-2000,10.71
30-09-2000,10.6915
29-09-2000,10.688
28-09-2000,10.68
27-09-2000,10.68
26-09-2000,10.6784
25-09-2000,10.6777
23-09-2000,10.6696
22-09-2000,10.6688
21-09-2000,10.6605
20-09-2000,10.6105
19-09-2000,10.5949
18-09-2000,10.6105
16-09-2000,10.6172
15-09-2000,10.6314
13-09-2000,10.64
12-09-2000,10.64
11-09-2000,10.6441
08-09-2000,10.6285
07-09-2000,10.62
06-09-2000,10.61
04-09-2000,10.61
31-08-2000,10.5858
30-08-2000,10.5742
29-08-2000,10.5787
28-08-2000,10.588
25-08-2000,10.5612
24-08-2000,10.56
23-08-2000,10.5556
22-08-2000,10.5732
19-08-2000,10.5671
18-08-2000,10.5584
17-08-2000,10.5646
16-08-2000,10.5701
14-08-2000,10.5583
11-08-2000,10.5199
10-08-2000,10.5065
09-08-2000,10.5101
08-08-2000,10.4942
07-08-2000,10.4908
04-08-2000,10.5173
03-08-2000,10.5025
02-08-2000,10.5187
01-08-2000,10.5271
31-07-2000,10.5276
29-07-2000,10.5426
28-07-2000,10.5388
27-07-2000,10.5228
26-07-2000,10.5286
25-07-2000,10.4752
24-07-2000,10.4702
21-07-2000,10.5891
20-07-2000,10.6621
19-07-2000,10.689
18-07-2000,10.7035
17-07-2000,10.7052
14-07-2000,10.6906
13-07-2000,10.6816
12-07-2000,10.6787
11-07-2000,10.6757
10-07-2000,10.67
07-07-2000,10.65
06-07-2000,10.65
05-07-2000,10.6539
04-07-2000,10.6549
03-07-2000,10.6356
30-06-2000,10.62
29-06-2000,10.6103
28-06-2000,10.6014
27-06-2000,10.59
26-06-2000,10.5971
23-06-2000,10.5902
22-06-2000,10.59
21-06-2000,10.5777
20-06-2000,10.5598
19-06-2000,10.5586
16-06-2000,10.5475
14-06-2000,10.5542
13-06-2000,10.5502
12-06-2000,10.5556
09-06-2000,10.5276
08-06-2000,10.5667
07-06-2000,10.5854
06-06-2000,10.5983
05-06-2000,10.6158
02-06-2000,10.6145
31-05-2000,10.6234
30-05-2000,10.6081
29-05-2000,10.5938
26-05-2000,10.5784
25-05-2000,10.6048
24-05-2000,10.6211
23-05-2000,10.6473
22-05-2000,10.6538
19-05-2000,10.6537
17-05-2000,10.6522
16-05-2000,10.6515
15-05-2000,10.6311
12-05-2000,10.6251
11-05-2000,10.6151
10-05-2000,10.6178
09-05-2000,10.6236
08-05-2000,10.6187
05-05-2000,10.6192
04-05-2000,10.6079
03-05-2000,10.598
02-05-2000,10.6061
28-04-2000,10.6146
27-04-2000,10.597
26-04-2000,10.5921
25-04-2000,10.5805
24-04-2000,10.5844
20-04-2000,10.5829
19-04-2000,10.58
18-04-2000,10.5747
17-04-2000,10.5726
31-03-2000,10.3278
30-03-2000,10.28
29-03-2000,10.2789
28-03-2000,10.2456
27-03-2000,10.2721
24-03-2000,10.2949
23-03-2000,10.3075
22-03-2000,10.3107
21-03-2000,10.3219
16-03-2000,10.3148
15-03-2000,10.3099
14-03-2000,10.3064
13-03-2000,10.3321
10-03-2000,10.3558
09-03-2000,10.3473
08-03-2000,10.2959
07-03-2000,10.2763
06-03-2000,10.269
03-03-2000,10.2725
02-03-2000,10.3295
01-03-2000,10.375
29-02-2000,10.41
28-02-2000,10.3823
25-02-2000,10.3708
24-02-2000,10.368
23-02-2000,10.3661
22-02-2000,10.3709
21-02-2000,10.3606
18-02-2000,10.3267
17-02-2000,10.3229
16-02-2000,10.32
15-02-2000,10.3531
14-02-2000,10.4276
11-02-2000,10.3466
10-02-2000,10.3293
09-02-2000,10.3199
08-02-2000,10.292
07-02-2000,10.2819
04-02-2000,10.2541
03-02-2000,10.2313
02-02-2000,10.2036
01-02-2000,10.1838
31-01-2000,10.1768
28-01-2000,10.1687
27-01-2000,10.1541
25-01-2000,10.1541
24-01-2000,10.1571
21-01-2000,10.161
20-01-2000,10.15
19-01-2000,10.13
18-01-2000,10.1127
17-01-2000,10.1013
14-01-2000,10.03
13-01-2000,10.024
12-01-2000,10.0204
11-01-2000,10.02
10-01-2000,10.0155
07-01-2000,10.02
06-01-2000,10.01
29-12-1999,10
