Historical Mutual Fund NAV of KOTAK GOLD ETF,
scheme:- KOTAK GOLD ETF,
Start Date:- 27-07-2007,
End Date:- 24-11-2020,
NAV Date,NAV (Rs)
24-11-2020,427.7666
23-11-2020,437.911
20-11-2020,438.6797
19-11-2020,437.1857
18-11-2020,441.7863
17-11-2020,444.2253
13-11-2020,443.6175
12-11-2020,440.3114
11-11-2020,440.9787
10-11-2020,440.507
09-11-2020,455.8151
06-11-2020,454.5897
05-11-2020,448.7867
04-11-2020,445.2282
03-11-2020,445.6438
02-11-2020,442.9533
29-10-2020,439.1534
28-10-2020,443.2088
27-10-2020,443.546
26-10-2020,444.0186
23-10-2020,445.0478
22-10-2020,446.7292
21-10-2020,446.0991
20-10-2020,442.9257
19-10-2020,444.1214
16-10-2020,443.5892
15-10-2020,439.835
14-10-2020,441.121
13-10-2020,445.6413
12-10-2020,444.1571
09-10-2020,443.0846
08-10-2020,439.2881
07-10-2020,438.9624
06-10-2020,443.9575
05-10-2020,440.824
01-10-2020,440.7152
30-09-2020,440.4174
29-09-2020,439.8409
28-09-2020,432.0302
25-09-2020,439.368
24-09-2020,436.4519
23-09-2020,442.5137
22-09-2020,444.8717
21-09-2020,449.554
18-09-2020,454.2843
17-09-2020,452.3397
16-09-2020,458.404
15-09-2020,456.3816
14-09-2020,451.828
11-09-2020,452.7791
10-09-2020,452.206
09-09-2020,450.594
08-09-2020,447.7172
07-09-2020,448.5353
04-09-2020,450.707
03-09-2020,451.3615
02-09-2020,456.5602
01-09-2020,459.3282
31-08-2020,457.0751
28-08-2020,455.4542
27-08-2020,457.2228
26-08-2020,453.2183
25-08-2020,454.8695
24-08-2020,461.7451
21-08-2020,458.9862
20-08-2020,458.5933
19-08-2020,470.7241
18-08-2020,473.5293
17-08-2020,462.2713
14-08-2020,461.5738
13-08-2020,458.0204
12-08-2020,461.8267
11-08-2020,475.3126
10-08-2020,482.4709
07-08-2020,486.3527
06-08-2020,483.5035
05-08-2020,480.7489
04-08-2020,468.8808
03-08-2020,468.4283
31-07-2020,467.6822
30-07-2020,461.8918
29-07-2020,461.9387
28-07-2020,457.1446
27-07-2020,459.0742
24-07-2020,447.2955
23-07-2020,444.3396
22-07-2020,437.514
21-07-2020,432.2013
20-07-2020,430.5379
17-07-2020,429.6972
16-07-2020,430.9519
15-07-2020,432.2879
14-07-2020,429.5382
13-07-2020,430.4133
10-07-2020,430.6035
09-07-2020,430.5837
08-07-2020,427.9895
07-07-2020,422.2303
06-07-2020,421.1302
03-07-2020,421.7021
02-07-2020,424.9923
01-07-2020,428.7116
30-06-2020,424.9576
29-06-2020,423.7379
26-06-2020,421.9048
25-06-2020,421.9457
24-06-2020,425.9037
23-06-2020,422.1353
22-06-2020,421.2898
19-06-2020,418.4815
18-06-2020,418.6751
17-06-2020,415.6965
16-06-2020,416.2986
15-06-2020,413.792
12-06-2020,418.1074
11-06-2020,416.4082
10-06-2020,411.8909
09-06-2020,409.8938
08-06-2020,407.306
05-06-2020,410.2206
04-06-2020,409.9674
03-06-2020,411.3388
02-06-2020,417.3375
01-06-2020,415.6837
29-05-2020,414.5461
28-05-2020,414.9445
27-05-2020,410.6597
26-05-2020,414.324
22-05-2020,417.087
21-05-2020,417.1921
20-05-2020,420.3078
19-05-2020,417.173
18-05-2020,423.0477
15-05-2020,416.6333
14-05-2020,411.4295
13-05-2020,407.7071
12-05-2020,410.3861
11-05-2020,408.8913
08-05-2020,405.6385
06-05-2020,409.552
05-05-2020,408.4447
04-05-2020,411.0313
30-04-2020,410.5711
29-04-2020,412.1302
28-04-2020,415.7794
27-04-2020,416.5554
24-04-2020,420.0696
23-04-2020,418.4293
22-04-2020,416.7
21-04-2020,410.8343
20-04-2020,412.108
17-04-2020,413.453
16-04-2020,418.8289
15-04-2020,415.3779
13-04-2020,401.8562
09-04-2020,402.3093
08-04-2020,397.746
07-04-2020,397.3013
03-04-2020,388.2917
31-03-2020,384.9083
30-03-2020,388.5436
27-03-2020,385.597
26-03-2020,387.1671
24-03-2020,383.2866
23-03-2020,359.9184
20-03-2020,358.3681
19-03-2020,355.4129
18-03-2020,356.9901
17-03-2020,349.4557
16-03-2020,357.1347
13-03-2020,373.5278
12-03-2020,386.2621
11-03-2020,389.9558
09-03-2020,393.5346
06-03-2020,394.3264
05-03-2020,383.5122
04-03-2020,384.2518
03-03-2020,371.8069
02-03-2020,371.14
28-02-2020,374.277
27-02-2020,376.197
26-02-2020,377.0092
25-02-2020,379.2085
24-02-2020,381.9487
20-02-2020,366.095
18-02-2020,360.8526
17-02-2020,359.3949
14-02-2020,358.4517
13-02-2020,358.6359
12-02-2020,356.0725
11-02-2020,356.1402
10-02-2020,357.7371
07-02-2020,356.3615
06-02-2020,355.4132
05-02-2020,352.9738
04-02-2020,356.1807
03-02-2020,359.6684
31-01-2020,359.7718
30-01-2020,358.6593
29-01-2020,355.5589
28-01-2020,357.8448
27-01-2020,358.9182
24-01-2020,353.9631
23-01-2020,352.4338
22-01-2020,353.0777
21-01-2020,352.6213
20-01-2020,352.6758
17-01-2020,352.088
16-01-2020,351.519
15-01-2020,350.736
14-01-2020,348.7673
13-01-2020,349.3556
10-01-2020,350.4183
09-01-2020,351.5731
08-01-2020,361.2224
07-01-2020,356.8701
06-01-2020,360.3529
03-01-2020,352.6884
02-01-2020,345.6534
01-01-2020,346.2717
31-12-2019,345.8593
30-12-2019,342.6505
27-12-2019,341.9624
26-12-2019,338.2272
24-12-2019,337.9246
23-12-2019,336.4441
20-12-2019,334.9987
19-12-2019,334.4585
18-12-2019,335.2764
17-12-2019,334.7994
16-12-2019,334.4907
13-12-2019,332.2327
12-12-2019,332.8543
11-12-2019,332.0289
10-12-2019,331.4352
09-12-2019,332.3628
06-12-2019,335.2607
05-12-2019,336.3567
04-12-2019,337.5746
03-12-2019,335.7433
02-12-2019,333.6552
29-11-2019,333.4546
28-11-2019,333.167
27-11-2019,333.0004
26-11-2019,333.5087
25-11-2019,334.1037
22-11-2019,337.3542
21-11-2019,336.2607
20-11-2019,337.1226
19-11-2019,335.5226
18-11-2019,333.8036
15-11-2019,335.9111
14-11-2019,337.7289
13-11-2019,335.444
11-11-2019,334.8153
08-11-2019,334.2944
07-11-2019,336.9065
06-11-2019,337.2892
05-11-2019,339.8212
04-11-2019,340.5438
01-11-2019,341.5272
31-10-2019,340.5481
30-10-2019,338.0834
29-10-2019,337.5103
25-10-2019,340.8645
24-10-2019,337.615
23-10-2019,338.7115
22-10-2019,337.0931
18-10-2019,338.4848
17-10-2019,338.6746
16-10-2019,338.7005
15-10-2019,340.2891
14-10-2019,338.9258
11-10-2019,339.8114
10-10-2019,341.8864
09-10-2019,341.1889
07-10-2019,340.3753
04-10-2019,341.4066
03-10-2019,341.3843
01-10-2019,332.973
30-09-2019,337.0518
27-09-2019,339.4098
26-09-2019,341.8552
25-09-2019,347.1919
24-09-2019,344.2619
23-09-2019,344.458
20-09-2019,341.4685
19-09-2019,341.5167
18-09-2019,343.033
17-09-2019,344.5951
16-09-2019,343.9571
13-09-2019,342.2937
12-09-2019,343.9259
11-09-2019,343.5419
09-09-2019,346.5258
06-09-2019,346.1589
05-09-2019,353.8103
04-09-2019,353.9529
03-09-2019,353.201
30-08-2019,350.1777
29-08-2019,352.1198
28-08-2019,351.8853
27-08-2019,350.4079
26-08-2019,344.5807
23-08-2019,342.6732
22-08-2019,343.2274
21-08-2019,342.7785
20-08-2019,343.8036
19-08-2019,341.843
16-08-2019,343.5783
14-08-2019,340.2575
13-08-2019,346.283
09-08-2019,338.4854
08-08-2019,336.6123
07-08-2019,335.113
06-08-2019,328.9958
05-08-2019,326.6248
02-08-2019,318.5006
01-08-2019,311.1706
31-07-2019,315.0656
30-07-2019,313.7573
29-07-2019,312.5306
26-07-2019,313.0445
25-07-2019,314.3418
24-07-2019,314.2566
23-07-2019,312.6194
22-07-2019,314.0778
19-07-2019,315.753
18-07-2019,312.8792
17-07-2019,308.7029
16-07-2019,310.7237
15-07-2019,310.664
12-07-2019,308.627
11-07-2019,311.1356
10-07-2019,306.442
09-07-2019,305.7829
08-07-2019,308.9538
05-07-2019,303.8723
04-07-2019,304.7255
03-07-2019,306.7339
02-07-2019,300.9722
01-07-2019,300.2804
28-06-2019,304.6006
27-06-2019,303.7418
26-06-2019,305.0116
25-06-2019,308.1492
24-06-2019,303.991
21-06-2019,301.2596
20-06-2019,299.6356
19-06-2019,292.328
18-06-2019,293.2602
17-06-2019,291.1612
14-06-2019,292.7767
13-06-2019,288.7328
12-06-2019,289.0795
11-06-2019,286.4068
10-06-2019,287.7164
07-06-2019,288.2481
06-06-2019,289.0991
04-06-2019,286.4465
03-06-2019,285.0905
31-05-2019,283.3341
30-05-2019,279.4144
29-05-2019,281.1511
28-05-2019,280.2667
27-05-2019,279.1409
24-05-2019,279.7913
23-05-2019,278.9333
22-05-2019,278.8854
21-05-2019,279.1512
20-05-2019,278.349
17-05-2019,282.683
16-05-2019,284.6455
15-05-2019,284.7887
14-05-2019,285.3123
13-05-2019,281.8116
10-05-2019,281.0849
09-05-2019,280.6403
08-05-2019,280.3893
07-05-2019,278.0699
06-05-2019,276.0392
03-05-2019,275.7333
02-05-2019,276.9757
30-04-2019,281.0608
26-04-2019,281.4686
25-04-2019,280.0175
24-04-2019,279.0873
23-04-2019,278.4563
22-04-2019,279.0413
18-04-2019,277.5286
16-04-2019,279.5285
15-04-2019,278.8562
12-04-2019,281.0498
11-04-2019,281.4263
10-04-2019,282.1006
09-04-2019,282.9685
08-04-2019,281.9459
05-04-2019,279.1891
04-04-2019,278.6434
03-04-2019,277.3989
02-04-2019,278.796
29-03-2019,279.7792
28-03-2019,282.2433
27-03-2019,284.0883
26-03-2019,283.3031
25-03-2019,284.644
22-03-2019,281.8358
20-03-2019,281.3954
19-03-2019,281.4234
18-03-2019,280.9387
15-03-2019,283.2475
14-03-2019,284.2443
13-03-2019,285.9035
12-03-2019,283.5576
11-03-2019,284.6792
08-03-2019,284.8802
07-03-2019,283.4805
06-03-2019,285.333
05-03-2019,285.8872
01-03-2019,291.6896
28-02-2019,295.6562
27-02-2019,295.4944
26-02-2019,295.4565
25-02-2019,295.5861
22-02-2019,294.8819
21-02-2019,297.4772
20-02-2019,299.7275
18-02-2019,296.4544
15-02-2019,294.4585
14-02-2019,290.8287
13-02-2019,290.5065
12-02-2019,292.0171
11-02-2019,291.8921
08-02-2019,293.2823
07-02-2019,292.8158
06-02-2019,294.5737
05-02-2019,295.3553
04-02-2019,294.4296
01-02-2019,294.3809
31-01-2019,294.4528
30-01-2019,292.9339
29-01-2019,291.4596
28-01-2019,290.1376
25-01-2019,286.4259
24-01-2019,286.4313
23-01-2019,287.1932
22-01-2019,287.7814
21-01-2019,286.5756
18-01-2019,287.0207
17-01-2019,289.2403
16-01-2019,287.9675
15-01-2019,286.9183
14-01-2019,287.0475
11-01-2019,285.6062
10-01-2019,285.6801
09-01-2019,283.2131
08-01-2019,282.2124
07-01-2019,281.7475
04-01-2019,282.948
03-01-2019,284.3719
02-01-2019,281.4803
01-01-2019,280.773
31-12-2018,281.0684
28-12-2018,280.1154
27-12-2018,280.1601
26-12-2018,277.0032
24-12-2018,277.6803
21-12-2018,276.4824
20-12-2018,276.9616
19-12-2018,275.0792
18-12-2018,278.9669
17-12-2018,278.7019
14-12-2018,278.6289
13-12-2018,279.0107
12-12-2018,280.8589
11-12-2018,281.1799
10-12-2018,278.7625
07-12-2018,274.9774
06-12-2018,276.1197
05-12-2018,274.2422
04-12-2018,274.2658
03-12-2018,271.5273
30-11-2018,267.6247
29-11-2018,269.7188
28-11-2018,269.7597
27-11-2018,272.9043
26-11-2018,272.564
22-11-2018,274.5356
20-11-2018,274.028
19-11-2018,276.1192
16-11-2018,274.2206
15-11-2018,275.4957
14-11-2018,273.4381
13-11-2018,274.286
12-11-2018,277.3591
09-11-2018,279.2665
06-11-2018,283.5192
05-11-2018,283.0783
02-11-2018,283.2284
01-11-2018,283.8599
31-10-2018,283.2051
30-10-2018,282.2306
29-10-2018,283.9476
26-10-2018,284.92
25-10-2018,283.7681
24-10-2018,283.6366
23-10-2018,286.281
22-10-2018,281.9644
19-10-2018,283.5643
17-10-2018,283.5465
16-10-2018,285.4569
15-10-2018,285.7509
12-10-2018,282.1802
11-10-2018,280.5084
10-10-2018,276.5505
09-10-2018,276.6581
08-10-2018,277.626
05-10-2018,277.801
04-10-2018,277.7129
03-10-2018,276.1016
01-10-2018,271.581
28-09-2018,270.9077
27-09-2018,273.8407
26-09-2018,274.6567
25-09-2018,275.1232
24-09-2018,274.5744
21-09-2018,273.5258
19-09-2018,275.0481
18-09-2018,273.2942
17-09-2018,273.3489
14-09-2018,272.5123
12-09-2018,274.0242
11-09-2018,271.7773
10-09-2018,273.0117
07-09-2018,271.753
06-09-2018,272.0453
05-09-2018,269.5189
04-09-2018,267.8088
03-09-2018,267.5964
31-08-2018,269.2551
30-08-2018,267.6953
29-08-2018,267.3122
28-08-2018,267.8519
27-08-2018,262.8749
24-08-2018,263.2384
23-08-2018,262.475
21-08-2018,262.488
20-08-2018,261.7583
16-08-2018,260.8987
14-08-2018,262.9783
13-08-2018,263.7565
10-08-2018,263.4352
09-08-2018,263.0566
08-08-2018,262.5277
07-08-2018,263.6598
06-08-2018,262.6007
03-08-2018,262.1614
02-08-2018,262.7165
01-08-2018,264.5897
31-07-2018,263.9089
30-07-2018,265.425
27-07-2018,264.7109
26-07-2018,266.5044
25-07-2018,267.2946
24-07-2018,266.9519
23-07-2018,266.7453
20-07-2018,266.3646
19-07-2018,264.9049
18-07-2018,265.1632
17-07-2018,268.1644
16-07-2018,269.4433
13-07-2018,268.1039
12-07-2018,269.7454
11-07-2018,271.4629
10-07-2018,272.0708
09-07-2018,273.3282
06-07-2018,272.4898
05-07-2018,271.5095
04-07-2018,271.5772
03-07-2018,270.0086
02-07-2018,270.3791
29-06-2018,270.5349
28-06-2018,272.711
27-06-2018,272.4709
26-06-2018,271.2693
25-06-2018,273.6515
22-06-2018,272.292
21-06-2018,272.1972
20-06-2018,273.6525
19-06-2018,274.9869
18-06-2018,274.9706
15-06-2018,278.4527
14-06-2018,278.526
13-06-2018,276.2047
12-06-2018,276.3421
11-06-2018,275.4685
08-06-2018,276.7918
07-06-2018,275.0668
06-06-2018,274.5731
05-06-2018,274.5235
04-06-2018,274.5292
01-06-2018,275.8935
31-05-2018,278.1095
30-05-2018,277.8292
29-05-2018,279.2121
28-05-2018,278.1855
25-05-2018,281.2484
24-05-2018,280.25
23-05-2018,279.1616
22-05-2018,278.4306
21-05-2018,277.1352
18-05-2018,276.9413
17-05-2018,275.9308
16-05-2018,276.9103
15-05-2018,279.3389
14-05-2018,280.5921
11-05-2018,281.0435
10-05-2018,279.7296
09-05-2018,278.2215
08-05-2018,277.7201
07-05-2018,277.688
04-05-2018,276.4488
03-05-2018,276.3012
02-05-2018,276.028
27-04-2018,277.8254
26-04-2018,279.2489
25-04-2018,279.4824
24-04-2018,278.5302
23-04-2018,278.1131
20-04-2018,279.6608
19-04-2018,279.9134
18-04-2018,279.2746
17-04-2018,278.3448
16-04-2018,277.9917
13-04-2018,276.4743
12-04-2018,277.9255
11-04-2018,276.95
10-04-2018,274.5172
09-04-2018,273.1148
06-04-2018,272.8263
05-04-2018,273.3344
04-04-2018,276.1871
03-04-2018,274.9833
28-03-2018,275.9306
27-03-2018,276.4045
26-03-2018,276.4129
23-03-2018,276.1888
22-03-2018,273.4186
21-03-2018,271.6853
20-03-2018,270.9598
19-03-2018,270.1653
16-03-2018,271.1195
15-03-2018,272.154
14-03-2018,272.6507
13-03-2018,271.3829
12-03-2018,271.3595
09-03-2018,271.9922
08-03-2018,272.528
07-03-2018,274.0093
06-03-2018,272.7356
05-03-2018,273.2169
01-03-2018,270.61
28-02-2018,272.0172
27-02-2018,273.3796
26-02-2018,273.8358
23-02-2018,272.5737
22-02-2018,272.4259
21-02-2018,272.5081
20-02-2018,273.0327
16-02-2018,274.5512
15-02-2018,273.7432
14-02-2018,270.341
12-02-2018,269.2963
09-02-2018,268.5869
08-02-2018,266.8939
07-02-2018,269.9978
06-02-2018,273.4708
05-02-2018,271.1588
02-02-2018,272.7929
01-02-2018,270.4084
31-01-2018,271.1187
30-01-2018,271.4417
29-01-2018,271.1447
25-01-2018,273.1098
24-01-2018,271.9039
23-01-2018,269.9572
22-01-2018,269.8679
19-01-2018,269.5165
18-01-2018,268.7903
17-01-2018,270.7084
16-01-2018,269.4387
15-01-2018,268.8653
12-01-2018,267.4929
11-01-2018,265.9241
10-01-2018,266.6012
09-01-2018,264.0401
08-01-2018,264.2911
05-01-2018,264.2817
04-01-2018,263.7155
03-01-2018,264.2332
02-01-2018,264.6275
01-01-2018,261.6539
29-12-2017,262.6358
28-12-2017,261.9342
27-12-2017,260.7526
26-12-2017,257.1974
22-12-2017,257.183
21-12-2017,257.1455
20-12-2017,257.033
19-12-2017,256.7459
18-12-2017,255.8867
15-12-2017,256.2181
14-12-2017,256.5858
13-12-2017,254.6324
12-12-2017,255.0828
11-12-2017,256.1308
08-12-2017,255.5011
07-12-2017,258.1012
06-12-2017,259.946
05-12-2017,261.0537
04-12-2017,261.6647
30-11-2017,262.456
29-11-2017,264.523
28-11-2017,264.4111
27-11-2017,265.5736
24-11-2017,264.7107
23-11-2017,265.1479
22-11-2017,263.8093
21-11-2017,264.1619
20-11-2017,266.5377
17-11-2017,264.204
16-11-2017,264.4192
15-11-2017,266.1293
14-11-2017,264.4316
13-11-2017,264.9925
10-11-2017,264.6313
09-11-2017,264.121
08-11-2017,264.402
07-11-2017,262.3832
06-11-2017,261.2178
03-11-2017,261.3788
02-11-2017,261.8214
01-11-2017,262.11
31-10-2017,262.4966
30-10-2017,262.7804
27-10-2017,262.4636
26-10-2017,263.2595
25-10-2017,263.6177
24-10-2017,263.8342
23-10-2017,263.6346
18-10-2017,264.872
17-10-2017,266.0422
16-10-2017,268.3187
13-10-2017,266.7638
12-10-2017,267.5066
11-10-2017,267.3469
10-10-2017,267.2285
09-10-2017,265.9984
06-10-2017,263.121
05-10-2017,264.6375
04-10-2017,264.5307
03-10-2017,264.5905
29-09-2017,268.0371
28-09-2017,269.0438
27-09-2017,270.1294
26-09-2017,271.7359
25-09-2017,267.7397
22-09-2017,268.5054
21-09-2017,266.7612
20-09-2017,269.4084
19-09-2017,267.5219
18-09-2017,268.0981
15-09-2017,269.8656
14-09-2017,269.4747
13-09-2017,270.8497
12-09-2017,269.6245
11-09-2017,271.6913
08-09-2017,273.8696
07-09-2017,272.6804
06-09-2017,273.3545
05-09-2017,271.3265
04-09-2017,271.7031
01-09-2017,268.4944
31-08-2017,266.3175
30-08-2017,266.514
29-08-2017,269.158
28-08-2017,261.9314
24-08-2017,262.4834
23-08-2017,262.8135
22-08-2017,262.5086
21-08-2017,262.6758
18-08-2017,264.3931
16-08-2017,260.0562
14-08-2017,260.8738
11-08-2017,262.7569
10-08-2017,260.2008
09-08-2017,257.486
08-08-2017,256.2632
07-08-2017,255.5536
04-08-2017,257.6271
03-08-2017,256.2254
02-08-2017,258.7173
01-08-2017,258.7962
31-07-2017,258.7077
28-07-2017,256.8672
27-07-2017,257.2287
26-07-2017,255.2453
25-07-2017,256.2462
24-07-2017,257.2937
21-07-2017,255.2589
20-07-2017,253.8443
19-07-2017,254.0833
18-07-2017,253.6158
17-07-2017,252.4152
14-07-2017,251.2167
13-07-2017,251.6224
12-07-2017,251.4653
11-07-2017,250.1054
10-07-2017,249.4403
07-07-2017,252.5191
06-07-2017,253.2175
05-07-2017,252.5794
04-07-2017,253.36
03-07-2017,255.1743
30-06-2017,259.9625
29-06-2017,260.3044
28-06-2017,261.4578
27-06-2017,260.98
23-06-2017,262.4065
22-06-2017,261.3441
21-06-2017,260.9267
20-06-2017,260.3384
19-06-2017,260.888
16-06-2017,262.7126
15-06-2017,262.0449
14-06-2017,263.6779
13-06-2017,262.8656
12-06-2017,263.9803
09-06-2017,264.6361
08-06-2017,266.9864
07-06-2017,268.8497
06-06-2017,267.5609
05-06-2017,266.2147
02-06-2017,262.7962
01-06-2017,263.9463
31-05-2017,263.7909
30-05-2017,263.3202
29-05-2017,263.4581
26-05-2017,263.6223
25-05-2017,261.8249
24-05-2017,262.0296
23-05-2017,263.3493
22-05-2017,261.699
19-05-2017,262.6466
18-05-2017,261.997
17-05-2017,257.681
16-05-2017,255.9118
15-05-2017,256.2071
12-05-2017,256.2221
11-05-2017,255.4124
09-05-2017,256.454
08-05-2017,256.2717
05-05-2017,258.4529
04-05-2017,257.6175
03-05-2017,260.7769
02-05-2017,261.3742
28-04-2017,263.2768
27-04-2017,262.9155
26-04-2017,262.6273
25-04-2017,264.7023
24-04-2017,265.6926
21-04-2017,267.9002
20-04-2017,267.9911
19-04-2017,268.0598
18-04-2017,268.7054
17-04-2017,268.3168
13-04-2017,267.5175
12-04-2017,266.3283
11-04-2017,262.6484
10-04-2017,261.8849
07-04-2017,263.7447
06-04-2017,264.0333
05-04-2017,264.041
03-04-2017,262.3795
31-03-2017,261.2778
30-03-2017,262.502
29-03-2017,262.9732
28-03-2017,263.6159
27-03-2017,264.2433
24-03-2017,263.1536
23-03-2017,263.7767
22-03-2017,263.6812
21-03-2017,260.357
20-03-2017,260.8031
17-03-2017,260.583
16-03-2017,259.956
15-03-2017,257.0388
14-03-2017,259.6445
10-03-2017,260.101
09-03-2017,261.9729
08-03-2017,263.2034
07-03-2017,265.2367
06-03-2017,267.1372
03-03-2017,266.9784
02-03-2017,269.5772
01-03-2017,270.5067
28-02-2017,271.254
27-02-2017,271.4902
23-02-2017,268.2269
22-02-2017,268.7339
20-02-2017,268.3741
17-02-2017,269.8395
16-02-2017,268.7788
15-02-2017,265.6372
14-02-2017,266.6166
13-02-2017,266.6562
10-02-2017,265.8572
09-02-2017,269.2797
08-02-2017,269.1442
07-02-2017,268.4739
06-02-2017,266.0553
03-02-2017,265.0092
02-02-2017,267.6848
01-02-2017,265.6149
31-01-2017,263.9866
30-01-2017,263.2789
27-01-2017,262.737
25-01-2017,266.4445
24-01-2017,268.4179
23-01-2017,268.2566
20-01-2017,265.3668
19-01-2017,266.4253
18-01-2017,267.4083
17-01-2017,268.8231
16-01-2017,266.2557
13-01-2017,263.963
12-01-2017,265.5187
11-01-2017,262.2045
10-01-2017,260.7724
09-01-2017,259.7842
06-01-2017,259.377
05-01-2017,257.7794
04-01-2017,257.7034
03-01-2017,253.945
02-01-2017,255.8238
30-12-2016,255.6156
29-12-2016,254.1299
28-12-2016,253.0653
27-12-2016,250.5602
26-12-2016,250.0235
23-12-2016,250.3074
22-12-2016,250.2314
21-12-2016,250.8692
20-12-2016,250.6245
19-12-2016,251.0329
16-12-2016,250.6804
15-12-2016,251.0754
14-12-2016,255.9415
13-12-2016,254.9839
09-12-2016,257.6384
08-12-2016,258.2839
07-12-2016,259.1081
06-12-2016,259.6524
05-12-2016,258.8843
02-12-2016,260.9439
01-12-2016,260.1656
30-11-2016,264.9729
29-11-2016,265.406
28-11-2016,266.028
25-11-2016,264.8158
24-11-2016,265.4497
23-11-2016,270.0661
22-11-2016,270.0594
21-11-2016,269.6382
18-11-2016,267.3046
17-11-2016,271.3849
16-11-2016,269.6609
15-11-2016,271.3624
11-11-2016,274.1757
10-11-2016,276.8894
09-11-2016,282.9341
08-11-2016,278.5693
07-11-2016,279.2128
04-11-2016,282.1288
03-11-2016,280.3057
02-11-2016,281.3884
01-11-2016,278.7151
28-10-2016,275.39
27-10-2016,276.1748
26-10-2016,276.6253
25-10-2016,276.1623
24-10-2016,275.6612
21-10-2016,275.2039
20-10-2016,275.6528
19-10-2016,275.6694
18-10-2016,274.1338
17-10-2016,272.574
14-10-2016,274.6932
13-10-2016,275.0623
10-10-2016,274.9196
07-10-2016,274.2991
06-10-2016,275.8935
05-10-2016,277.3348
04-10-2016,284.1783
03-10-2016,285.9614
30-09-2016,288.2957
29-09-2016,286.6306
28-09-2016,287.0075
27-09-2016,289.2356
26-09-2016,290.3048
23-09-2016,290.0261
22-09-2016,290.117
21-09-2016,288.4448
20-09-2016,287.4569
19-09-2016,286.8292
16-09-2016,286.7238
15-09-2016,288.3794
14-09-2016,288.7638
12-09-2016,289.3848
09-09-2016,289.6167
08-09-2016,291.6571
07-09-2016,291.4686
06-09-2016,288.5475
02-09-2016,286.0813
01-09-2016,285.3237
31-08-2016,287.1645
30-08-2016,289.2274
29-08-2016,290.7958
26-08-2016,290.2313
25-08-2016,290.3865
24-08-2016,293.1009
23-08-2016,293.1754
22-08-2016,292.7692
19-08-2016,294.2303
18-08-2016,293.7489
16-08-2016,294.5764
12-08-2016,291.6202
11-08-2016,293.3021
10-08-2016,294.2992
09-08-2016,291.4413
08-08-2016,290.0035
05-08-2016,296.7402
04-08-2016,295.18
03-08-2016,297.7723
02-08-2016,295.8437
01-08-2016,293.9425
29-07-2016,291.9023
28-07-2016,293.3461
27-07-2016,290.0068
26-07-2016,290.6192
25-07-2016,288.9002
22-07-2016,290.1337
21-07-2016,290.191
20-07-2016,290.7908
19-07-2016,292.0062
18-07-2016,290.6414
15-07-2016,291.3879
14-07-2016,289.852
13-07-2016,293.8861
12-07-2016,296.1638
11-07-2016,297.2248
08-07-2016,298.0915
07-07-2016,300.447
05-07-2016,295.5769
04-07-2016,295.5128
01-07-2016,293.1775
30-06-2016,290.9343
29-06-2016,290.8142
28-06-2016,290.2251
27-06-2016,292.8124
24-06-2016,291.128
23-06-2016,279.0634
22-06-2016,279.6216
21-06-2016,282.479
20-06-2016,282.7179
17-06-2016,282.079
16-06-2016,286.8005
15-06-2016,281.5372
14-06-2016,279.6368
13-06-2016,280.2799
10-06-2016,275.7921
09-06-2016,273.5405
08-06-2016,272.7924
07-06-2016,270.9157
06-06-2016,271.2954
03-06-2016,266.4765
02-06-2016,267.3267
01-06-2016,267.841
31-05-2016,266.1688
30-05-2016,270.1648
27-05-2016,269.1822
26-05-2016,271.0737
25-05-2016,270.491
24-05-2016,275.8107
23-05-2016,276.0492
20-05-2016,277.505
19-05-2016,275.9524
18-05-2016,278.1738
17-05-2016,277.3101
16-05-2016,279.8406
13-05-2016,277.9688
12-05-2016,276.0121
11-05-2016,277.0787
10-05-2016,275.816
09-05-2016,277.2926
06-05-2016,278.358
05-05-2016,277.1095
04-05-2016,278.1201
03-05-2016,280.2836
02-05-2016,276.2577
29-04-2016,276.9393
28-04-2016,273.0077
27-04-2016,271.2094
26-04-2016,269.8831
25-04-2016,268.9898
22-04-2016,271.1744
21-04-2016,273.079
20-04-2016,270.9549
18-04-2016,270.5629
13-04-2016,270.9295
12-04-2016,273.822
11-04-2016,271.1292
07-04-2016,269.507
06-04-2016,267.6036
05-04-2016,267.7936
04-04-2016,264.2728
31-03-2016,268.2741
30-03-2016,269.5972
29-03-2016,265.8674
28-03-2016,266.2719
23-03-2016,270.1335
22-03-2016,272.8203
21-03-2016,271.2066
18-03-2016,273.6377
17-03-2016,277.8442
16-03-2016,272.416
15-03-2016,271.6924
14-03-2016,275.4953
11-03-2016,276.8874
10-03-2016,273.7868
09-03-2016,277.5125
08-03-2016,280.2109
04-03-2016,279.4745
03-03-2016,274.3577
02-03-2016,273.0326
01-03-2016,276.8492
29-02-2016,277.3525
26-02-2016,277.5892
25-02-2016,277.8394
24-02-2016,277.0837
23-02-2016,274.6256
22-02-2016,271.2476
18-02-2016,271.0336
17-02-2016,270.9853
16-02-2016,272.023
15-02-2016,269.6129
12-02-2016,277.0098
11-02-2016,272.1983
10-02-2016,263.6972
09-02-2016,264.1157
08-02-2016,259.7999
05-02-2016,256.2024
04-02-2016,254.3261
03-02-2016,252.3206
02-02-2016,249.8734
01-02-2016,249.022
29-01-2016,247.8928
28-01-2016,249.2991
27-01-2016,248.4535
25-01-2016,244.7885
22-01-2016,243.9412
21-01-2016,244.4721
20-01-2016,243.4861
19-01-2016,240.9094
18-01-2016,241.6876
15-01-2016,238.7598
14-01-2016,239.602
13-01-2016,237.0105
12-01-2016,239.7667
11-01-2016,241.391
08-01-2016,239.5891
07-01-2016,240.0161
06-01-2016,236.9879
05-01-2016,235.2801
04-01-2016,233.9894
01-01-2016,231.0563
31-12-2015,231.5297
30-12-2015,233.0669
29-12-2015,232.7936
28-12-2015,232.977
23-12-2015,233.1368
22-12-2015,234.5312
21-12-2015,233.47
18-12-2015,230.6768
17-12-2015,233.4998
16-12-2015,234.1134
15-12-2015,235.2259
14-12-2015,234.8473
11-12-2015,234.0501
10-12-2015,235.0214
09-12-2015,236.1665
08-12-2015,235.0108
07-12-2015,236.634
04-12-2015,233.4254
03-12-2015,230.5076
02-12-2015,233.3321
01-12-2015,233.4927
30-11-2015,231.747
27-11-2015,233.9848
26-11-2015,234.5154
24-11-2015,234.4914
23-11-2015,233.4715
20-11-2015,235.9765
19-11-2015,233.5036
18-11-2015,233.0108
17-11-2015,234.61
16-11-2015,237.9128
13-11-2015,235.7258
10-11-2015,238.1477
09-11-2015,239.9291
06-11-2015,240.5318
05-11-2015,239.7694
04-11-2015,241.5059
03-11-2015,243.6313
02-11-2015,244.692
30-10-2015,246.1619
29-10-2015,248.6627
28-10-2015,250.702
27-10-2015,249.3027
26-10-2015,249.8578
23-10-2015,250.1941
21-10-2015,251.7003
20-10-2015,250.6634
19-10-2015,250.0214
16-10-2015,251.48
15-10-2015,251.732
14-10-2015,250.8884
13-10-2015,246.8521
12-10-2015,247.7287
09-10-2015,245.5101
08-10-2015,245.2054
07-10-2015,246.4451
06-10-2015,244.7706
05-10-2015,243.9439
01-10-2015,241.2544
30-09-2015,243.0938
29-09-2015,244.4128
28-09-2015,246.6012
24-09-2015,246.0957
23-09-2015,243.7379
22-09-2015,243.5088
21-09-2015,245.4183
18-09-2015,245.8567
16-09-2015,242.5624
15-09-2015,242.1672
14-09-2015,242.4445
11-09-2015,242.1933
10-09-2015,243.1263
09-09-2015,245.0429
08-09-2015,245.8014
07-09-2015,246.2846
04-09-2015,245.9632
03-09-2015,245.9991
02-09-2015,247.7451
01-09-2015,248.4537
31-08-2015,245.009
28-08-2015,244.2763
27-08-2015,244.8043
26-08-2015,246.3082
25-08-2015,252.0978
24-08-2015,251.2717
21-08-2015,248.149
20-08-2015,243.4369
19-08-2015,240.6307
17-08-2015,239.3924
14-08-2015,238.4283
13-08-2015,237.8818
12-08-2015,237.4695
11-08-2015,234.6254
10-08-2015,229.7623
07-08-2015,229.2816
06-08-2015,227.8506
05-08-2015,228.3216
04-08-2015,229.8625
03-08-2015,230.0456
31-07-2015,227.7404
30-07-2015,228.8156
29-07-2015,230.5706
28-07-2015,230.792
27-07-2015,231.2911
24-07-2015,228.1235
23-07-2015,232.3014
22-07-2015,230.782
21-07-2015,233.3105
20-07-2015,234.3125
17-07-2015,239.4329
16-07-2015,239.9003
15-07-2015,241.7202
14-07-2015,241.8149
13-07-2015,242.0419
10-07-2015,243.1736
09-07-2015,243.5653
08-07-2015,242.2955
07-07-2015,243.9091
06-07-2015,244.2462
03-07-2015,244.3912
02-07-2015,244.3677
01-07-2015,245.9579
30-06-2015,247.2419
29-06-2015,248.1035
26-06-2015,246.6298
25-06-2015,246.703
24-06-2015,247.0966
23-06-2015,248.4775
22-06-2015,249.982
19-06-2015,251.9551
18-06-2015,252.1155
17-06-2015,249.3409
16-06-2015,250.1671
15-06-2015,249.2145
12-06-2015,249.2281
11-06-2015,248.9837
10-06-2015,250.0246
09-06-2015,249.2593
08-06-2015,248.4274
05-06-2015,248.1738
04-06-2015,250.259
03-06-2015,249.9052
02-06-2015,250.2563
01-06-2015,249.1905
29-05-2015,251.1482
28-05-2015,251.4706
27-05-2015,251.3379
26-05-2015,252.153
25-05-2015,254.5948
22-05-2015,254.4362
21-05-2015,254.6569
20-05-2015,254.7194
19-05-2015,256.5342
18-05-2015,257.671
15-05-2015,255.2256
14-05-2015,255.88
13-05-2015,252.9967
12-05-2015,251.4102
11-05-2015,250.2266
08-05-2015,251.0518
07-05-2015,249.5015
06-05-2015,250.2362
05-05-2015,249.075
30-04-2015,252.2254
29-04-2015,250.9749
28-04-2015,250.8006
27-04-2015,248.2774
24-04-2015,249.3321
23-04-2015,247.7419
22-04-2015,249.1937
21-04-2015,248.6839
20-04-2015,248.4507
17-04-2015,247.9331
16-04-2015,248.1237
15-04-2015,245.325
13-04-2015,246.7775
10-04-2015,247.4708
09-04-2015,245.9866
08-04-2015,249.064
07-04-2015,248.5967
06-04-2015,246.6764
31-03-2015,243.4354
30-03-2015,245.1053
27-03-2015,247.0249
26-03-2015,249.401
25-03-2015,245.0771
24-03-2015,244.7044
23-03-2015,242.8263
20-03-2015,241.77
19-03-2015,240.0103
18-03-2015,238.0848
17-03-2015,239.2373
16-03-2015,240.114
13-03-2015,240.6167
12-03-2015,241.1422
11-03-2015,241.3011
10-03-2015,241.568
09-03-2015,243.6744
05-03-2015,247.0801
04-03-2015,246.6729
03-03-2015,247.2709
02-03-2015,248.8907
27-02-2015,246.8605
26-02-2015,250.18
25-02-2015,248.0756
24-02-2015,246.8624
23-02-2015,246.1687
20-02-2015,248.3054
18-02-2015,248.7082
16-02-2015,253.5888
13-02-2015,252.828
12-02-2015,253.8208
11-02-2015,254.7188
10-02-2015,254.3931
09-02-2015,255.9411
06-02-2015,258.4732
05-02-2015,258.8991
04-02-2015,259.1839
03-02-2015,261.5851
02-02-2015,260.9
30-01-2015,258.4534
29-01-2015,259.0332
28-01-2015,260.8122
27-01-2015,259.5548
23-01-2015,262.3867
22-01-2015,261.9393
21-01-2015,263.6782
20-01-2015,263.5298
19-01-2015,259.8699
16-01-2015,257.4408
15-01-2015,252.7186
14-01-2015,252.9761
13-01-2015,254.7006
12-01-2015,251.7637
09-01-2015,250.6393
08-01-2015,251.8268
07-01-2015,254.9552
06-01-2015,254.2067
05-01-2015,250.6236
02-01-2015,248.8171
01-01-2015,251.8056
31-12-2014,251.8498
30-12-2014,251.1743
29-12-2014,252.2699
26-12-2014,248.9878
24-12-2014,248.3884
23-12-2014,248.8207
22-12-2014,250.8435
19-12-2014,250.9015
18-12-2014,253.7981
17-12-2014,252.5324
16-12-2014,251.9846
15-12-2014,250.933
12-12-2014,252.5739
11-12-2014,250.9699
10-12-2014,251.6647
09-12-2014,247.3666
08-12-2014,245.4701
05-12-2014,246.9483
04-12-2014,246.9858
03-12-2014,246.8885
02-12-2014,245.8771
01-12-2014,243.2498
28-11-2014,243.1539
27-11-2014,244.999
26-11-2014,244.8698
25-11-2014,246.2753
24-11-2014,244.6215
21-11-2014,244.3865
20-11-2014,245.1869
19-11-2014,245.4541
18-11-2014,245.6205
17-11-2014,242.3857
14-11-2014,236.9767
13-11-2014,237.958
12-11-2014,238.1093
11-11-2014,236.1498
10-11-2014,239.641
07-11-2014,234.9198
05-11-2014,234.5788
03-11-2014,239.3775
31-10-2014,240.4449
30-10-2014,246.6422
29-10-2014,250.2139
28-10-2014,250.3958
27-10-2014,250.3609
22-10-2014,253.4085
21-10-2014,254.5656
20-10-2014,252.5591
17-10-2014,253.254
16-10-2014,253.402
14-10-2014,250.2602
13-10-2014,249.8583
10-10-2014,248.5166
09-10-2014,249.0243
08-10-2014,249.227
07-10-2014,246.5443
01-10-2014,247.9837
30-09-2014,247.7682
29-09-2014,248.7664
26-09-2014,250.1503
25-09-2014,245.99
24-09-2014,248.4903
23-09-2014,248.0965
22-09-2014,245.7872
19-09-2014,247.4278
18-09-2014,248.1575
17-09-2014,250.263
16-09-2014,251.2325
15-09-2014,251.2884
12-09-2014,251.1939
11-09-2014,253.2672
10-09-2014,254.2626
09-09-2014,253.0862
08-09-2014,254.5078
05-09-2014,254.6104
04-09-2014,256.0505
03-09-2014,255.9494
02-09-2014,257.8922
01-09-2014,259.1017
28-08-2014,259.6286
27-08-2014,259.065
26-08-2014,259.4547
25-08-2014,258.1958
22-08-2014,258.2537
21-08-2014,259.6942
20-08-2014,261.8781
19-08-2014,263.1582
14-08-2014,266.9077
13-08-2014,266.5987
12-08-2014,266.6875
11-08-2014,265.9209
08-08-2014,269.3927
07-08-2014,265.4945
06-08-2014,262.7137
05-08-2014,261.6887
04-08-2014,262.416
01-08-2014,260.1404
31-07-2014,259.7104
30-07-2014,260.0249
28-07-2014,261.2105
25-07-2014,259.1441
24-07-2014,259.9488
23-07-2014,262.0214
22-07-2014,262.1471
21-07-2014,262.9956
18-07-2014,263.137
17-07-2014,260.7922
16-07-2014,260.0464
15-07-2014,262.9691
14-07-2014,263.7986
11-07-2014,267.3019
10-07-2014,267.2755
09-07-2014,262.9511
08-07-2014,262.4761
07-07-2014,262.1724
04-07-2014,263.0802
03-07-2014,263.1284
02-07-2014,264.908
30-06-2014,261.914
27-06-2014,262.3539
26-06-2014,261.9439
25-06-2014,262.5047
24-06-2014,263.8162
23-06-2014,262.4523
20-06-2014,262.18
19-06-2014,255.8021
18-06-2014,253.9233
17-06-2014,254.0464
16-06-2014,255.7904
13-06-2014,252.0309
12-06-2014,249.4511
11-06-2014,249.5799
10-06-2014,247.7551
09-06-2014,247.2577
06-06-2014,247.598
05-06-2014,246.4605
04-06-2014,246.8354
03-06-2014,246.0673
02-06-2014,245.8896
30-05-2014,248.0954
29-05-2014,247.3723
28-05-2014,250.2747
27-05-2014,253.3725
26-05-2014,253.1519
23-05-2014,252.7676
22-05-2014,253.571
21-05-2014,253.9111
20-05-2014,253.7254
19-05-2014,254.1611
16-05-2014,254.6074
15-05-2014,258.9962
13-05-2014,258.6256
12-05-2014,258.0546
09-05-2014,258.6666
08-05-2014,258.8371
07-05-2014,262.6087
06-05-2014,262.8042
05-05-2014,257.9466
02-05-2014,258.658
30-04-2014,260.8943
29-04-2014,261.224
28-04-2014,263.3845
25-04-2014,264.3866
23-04-2014,262.2336
22-04-2014,262.1982
21-04-2014,262.2726
17-04-2014,262.3355
16-04-2014,261.6922
15-04-2014,263.5262
11-04-2014,264.6232
10-04-2014,265.1826
09-04-2014,262.5097
07-04-2014,260.0814
04-04-2014,260.5664
03-04-2014,259.2029
02-04-2014,256.763
28-03-2014,262.3661
27-03-2014,262.354
26-03-2014,266.078
25-03-2014,267.4091
24-03-2014,269.5815
21-03-2014,274.026
20-03-2014,272.3593
19-03-2014,275.7412
18-03-2014,278.1721
14-03-2014,281.237
13-03-2014,279.3506
12-03-2014,276.852
11-03-2014,273.8355
10-03-2014,273.3276
07-03-2014,275.079
06-03-2014,274.2759
05-03-2014,276.2885
04-03-2014,277.62
03-03-2014,278.3385
28-02-2014,275.3892
26-02-2014,277.1619
25-02-2014,275.9667
24-02-2014,276.5951
21-02-2014,274.4897
20-02-2014,273.6783
18-02-2014,273.0954
17-02-2014,274.6655
14-02-2014,271.6656
13-02-2014,268.2177
12-02-2014,266.944
11-02-2014,267.4673
10-02-2014,264.7778
07-02-2014,262.7276
06-02-2014,262.8779
05-02-2014,262.4036
04-02-2014,262.5248
03-02-2014,261.3278
31-01-2014,260.7301
30-01-2014,263.1484
29-01-2014,261.2715
28-01-2014,264.0427
27-01-2014,266.1366
24-01-2014,262.0666
23-01-2014,258.5377
22-01-2014,257.3982
21-01-2014,257.4977
20-01-2014,259.1827
17-01-2014,255.5741
16-01-2014,255.6223
15-01-2014,255.0677
13-01-2014,256.3166
10-01-2014,255.3322
09-01-2014,255.0784
08-01-2014,255.411
07-01-2014,258.004
06-01-2014,257.9091
03-01-2014,257.1491
02-01-2014,253.1311
01-01-2014,249.8292
31-12-2013,250.072
30-12-2013,250.4654
27-12-2013,252.1532
26-12-2013,249.4565
24-12-2013,249.0766
23-12-2013,248.8323
20-12-2013,250.1869
19-12-2013,252.401
18-12-2013,255.9735
17-12-2013,256.884
16-12-2013,255.9748
13-12-2013,255.2422
12-12-2013,257.2646
11-12-2013,258.367
10-12-2013,256.1388
09-12-2013,252.84
06-12-2013,255.1065
05-12-2013,256.2004
04-12-2013,254.6503
03-12-2013,255.8338
02-12-2013,258.895
29-11-2013,261.5764
28-11-2013,260.9021
27-11-2013,262.5107
26-11-2013,262.8398
25-11-2013,259.7336
22-11-2013,263.3419
21-11-2013,264.0512
20-11-2013,267.1683
19-11-2013,266.0545
18-11-2013,269.725
14-11-2013,271.6105
13-11-2013,272.5195
12-11-2013,274.6735
11-11-2013,274.0516
08-11-2013,276.6848
07-11-2013,277.0093
06-11-2013,274.6156
05-11-2013,273.008
01-11-2013,274.1635
31-10-2013,275.8586
30-10-2013,279.1187
29-10-2013,277.0567
28-10-2013,278.0224
25-10-2013,276.8876
24-10-2013,275.0003
23-10-2013,274.9261
22-10-2013,271.9464
21-10-2013,271.5854
18-10-2013,270.9456
17-10-2013,270.7287
15-10-2013,262.3556
14-10-2013,264.6954
11-10-2013,266.0221
10-10-2013,272.1668
09-10-2013,273.4662
08-10-2013,274.7212
07-10-2013,273.2025
04-10-2013,272.6799
03-10-2013,274.0272
01-10-2013,280.1328
30-09-2013,282.2706
27-09-2013,275.6854
26-09-2013,279.4472
25-09-2013,279.0354
24-09-2013,278.1698
23-09-2013,278.6215
20-09-2013,283.8765
19-09-2013,283.1164
18-09-2013,276.6826
17-09-2013,280.9897
16-09-2013,278.57
13-09-2013,284.2701
12-09-2013,289.9943
11-09-2013,295.8257
10-09-2013,298.6507
06-09-2013,305.0268
05-09-2013,309.364
04-09-2013,315.9885
03-09-2013,312.8526
02-09-2013,308.5124
30-08-2013,312.0551
29-08-2013,317.788
28-08-2013,324.6023
27-08-2013,310.0221
26-08-2013,296.7351
23-08-2013,298.6614
22-08-2013,299.4817
21-08-2013,289.2752
20-08-2013,291.5384
19-08-2013,287.5739
16-08-2013,282.6615
14-08-2013,274.1228
13-08-2013,275.8135
12-08-2013,266.5292
08-08-2013,260.7492
07-08-2013,259.5666
06-08-2013,263.2166
05-08-2013,263.932
02-08-2013,259.2028
01-08-2013,265.3603
31-07-2013,267.6603
30-07-2013,260.7542
29-07-2013,260.1549
26-07-2013,258.0799
25-07-2013,255.3726
24-07-2013,262.4734
23-07-2013,261.0559
22-07-2013,257.5779
19-07-2013,254.0934
18-07-2013,252.9146
17-07-2013,252.3698
16-07-2013,252.8119
15-07-2013,253.8218
12-07-2013,252.0951
11-07-2013,252.1589
10-07-2013,248.8607
09-07-2013,248.5981
08-07-2013,247.3842
05-07-2013,246.0964
04-07-2013,247.8256
03-07-2013,247.2291
02-07-2013,247.2981
28-06-2013,238.8828
27-06-2013,247.468
26-06-2013,244.1641
25-06-2013,253.8035
24-06-2013,254.9626
21-06-2013,254.7475
20-06-2013,257.6696
19-06-2013,265.1206
18-06-2013,266.1346
17-06-2013,264.4284
14-06-2013,263.7933
13-06-2013,267.797
12-06-2013,265.6105
11-06-2013,266.9663
10-06-2013,263.4658
07-06-2013,264.8814
06-06-2013,263.0427
05-06-2013,255.6362
04-06-2013,258.0897
03-06-2013,256.3348
31-05-2013,257.7314
30-05-2013,255.3454
29-05-2013,252.2322
28-05-2013,249.1817
27-05-2013,249.7307
24-05-2013,249.6913
23-05-2013,251.4481
22-05-2013,249.3377
21-05-2013,247.0539
20-05-2013,242.8481
17-05-2013,246.105
16-05-2013,245.495
15-05-2013,251.806
14-05-2013,255.1945
13-05-2013,255.3368
10-05-2013,256.987
09-05-2013,259.0258
08-05-2013,256.1054
07-05-2013,258.1301
06-05-2013,258.9014
03-05-2013,258.9427
02-05-2013,254.5697
30-04-2013,259.3629
29-04-2013,259.5912
26-04-2013,257.254
25-04-2013,254.1087
23-04-2013,249.8352
22-04-2013,250.5498
18-04-2013,245.4627
17-04-2013,243.7479
16-04-2013,245.2229
15-04-2013,253.5441
12-04-2013,274.7556
10-04-2013,280.7958
09-04-2013,278.953
08-04-2013,281.0102
05-04-2013,277.6899
04-04-2013,275.3457
03-04-2013,278.0046
02-04-2013,282.6167
28-03-2013,283.3173
26-03-2013,281.8961
25-03-2013,281.8789
22-03-2013,284.5997
21-03-2013,283.9469
20-03-2013,284.8908
19-03-2013,282.8417
18-03-2013,282.4897
15-03-2013,281.002
14-03-2013,281.0102
13-03-2013,280.4834
12-03-2013,280.1001
11-03-2013,279.0693
08-03-2013,279.544
07-03-2013,281.6827
06-03-2013,280.4451
05-03-2013,281.904
04-03-2013,282.7996
01-03-2013,279.1911
28-02-2013,279.25
27-02-2013,282.4395
26-02-2013,281.7182
25-02-2013,280.8292
22-02-2013,280.654
21-02-2013,278.5597
20-02-2013,282.0471
18-02-2013,284.7711
15-02-2013,286.6014
14-02-2013,288.4575
13-02-2013,289.0172
12-02-2013,288.5418
11-02-2013,290.7194
08-02-2013,291.2093
07-02-2013,290.5831
06-02-2013,289.354
05-02-2013,291.7361
04-02-2013,287.8622
01-02-2013,289.797
31-01-2013,291.0787
30-01-2013,291.1644
29-01-2013,290.9099
28-01-2013,291.2609
24-01-2013,294.4331
23-01-2013,296.5377
22-01-2013,295.2411
21-01-2013,290.4816
18-01-2013,291.2134
17-01-2013,293.6131
16-01-2013,293.9787
15-01-2013,292.6733
14-01-2013,290.9427
11-01-2013,290.7654
10-01-2013,290.1539
09-01-2013,291.9396
08-01-2013,292.1586
07-01-2013,290.3922
04-01-2013,286.1314
03-01-2013,292.7921
02-01-2013,292.1643
01-01-2013,291.5175
31-12-2012,291.4881
28-12-2012,290.9867
27-12-2012,290.4021
26-12-2012,292.226
24-12-2012,292.866
21-12-2012,290.4846
20-12-2012,292.3455
19-12-2012,293.0751
18-12-2012,297.864
17-12-2012,295.1318
14-12-2012,295.2289
13-12-2012,294.1431
12-12-2012,297.3184
11-12-2012,297.0989
10-12-2012,297.0291
07-12-2012,294.4133
06-12-2012,295.2354
05-12-2012,297.4576
04-12-2012,300.0754
03-12-2012,299.942
30-11-2012,301.4985
29-11-2012,304.4554
27-11-2012,311.0178
26-11-2012,310.9593
23-11-2012,306.9997
22-11-2012,305.1664
21-11-2012,304.9058
20-11-2012,304.5842
19-11-2012,303.0802
16-11-2012,300.7918
15-11-2012,302.9072
12-11-2012,304.7573
09-11-2012,301.1185
08-11-2012,298.6952
07-11-2012,300.2929
06-11-2012,295.6327
05-11-2012,290.8322
02-11-2012,293.5435
01-11-2012,296.3384
31-10-2012,297.6459
30-10-2012,297.1565
29-10-2012,295.0291
25-10-2012,294.6264
23-10-2012,294.7591
22-10-2012,296.5291
19-10-2012,298.0669
18-10-2012,296.4891
17-10-2012,295.2852
16-10-2012,293.9975
15-10-2012,297.1758
12-10-2012,298.143
11-10-2012,300.221
10-10-2012,299.3817
09-10-2012,297.007
08-10-2012,295.8605
05-10-2012,295.9728
04-10-2012,297.8183
03-10-2012,298.3116
01-10-2012,299.6945
28-09-2012,300.7373
27-09-2012,299.5884
26-09-2012,302.7429
25-09-2012,303.0045
24-09-2012,300.352
21-09-2012,306.2191
20-09-2012,306.612
18-09-2012,305.6508
17-09-2012,305.8715
14-09-2012,310.3515
13-09-2012,307.1073
12-09-2012,308.2247
11-09-2012,307.6338
10-09-2012,306.9632
07-09-2012,301.6946
06-09-2012,306.152
05-09-2012,302.4825
04-09-2012,300.9656
03-09-2012,299.6092
31-08-2012,295.8939
30-08-2012,295.4013
29-08-2012,296.7358
28-08-2012,297.2003
27-08-2012,296.7663
24-08-2012,295.7083
23-08-2012,294.0297
22-08-2012,291.9458
21-08-2012,289.2869
17-08-2012,288.8431
16-08-2012,288.0186
14-08-2012,288.189
13-08-2012,288.3969
10-08-2012,285.7108
09-08-2012,285.589
08-08-2012,284.4892
07-08-2012,287.2789
06-08-2012,286.0879
03-08-2012,287.1106
02-08-2012,287.2356
01-08-2012,287.4686
31-07-2012,290.0258
30-07-2012,287.1454
27-07-2012,287.4044
26-07-2012,287.3685
25-07-2012,286.7983
24-07-2012,282.5416
23-07-2012,281.0764
20-07-2012,280.0839
19-07-2012,280.5891
18-07-2012,280.2998
17-07-2012,281.9945
16-07-2012,279.0242
13-07-2012,281.8151
12-07-2012,279.7148
11-07-2012,279.9883
10-07-2012,285.235
09-07-2012,283.9751
06-07-2012,282.8763
05-07-2012,285.4991
04-07-2012,283.1939
03-07-2012,283.0629
29-06-2012,284.133
28-06-2012,286.7903
27-06-2012,288.1909
26-06-2012,290.273
25-06-2012,285.1687
22-06-2012,287.6755
21-06-2012,289.8595
20-06-2012,290.3343
19-06-2012,292.8027
18-06-2012,289.8685
15-06-2012,290.6531
14-06-2012,290.2575
13-06-2012,289.472
12-06-2012,286.4356
11-06-2012,283.0811
08-06-2012,280.8212
07-06-2012,286.7926
06-06-2012,290.692
05-06-2012,277.1958
04-06-2012,276.9829
01-06-2012,278.9327
31-05-2012,284.1044
30-05-2012,278.8578
29-05-2012,281.1307
28-05-2012,280.4735
25-05-2012,279.5733
24-05-2012,281.3661
23-05-2012,279.0522
22-05-2012,277.5525
21-05-2012,279.0154
18-05-2012,279.6125
17-05-2012,270.3503
16-05-2012,268.3133
15-05-2012,270.4603
14-05-2012,270.5133
11-05-2012,273.1311
10-05-2012,273.18
09-05-2012,273.0469
08-05-2012,276.8598
07-05-2012,279.7266
04-05-2012,281.6652
03-05-2012,281.4914
02-05-2012,281.5646
30-04-2012,280.7748
27-04-2012,280.2479
26-04-2012,278.7399
25-04-2012,277.1952
24-04-2012,278.3478
23-04-2012,274.4224
20-04-2012,274.5693
19-04-2012,274.3574
18-04-2012,273.1034
17-04-2012,274.6139
16-04-2012,274.1271
13-04-2012,276.4538
12-04-2012,274.2044
11-04-2012,274.5106
10-04-2012,271.1425
09-04-2012,268.1526
04-04-2012,268.494
03-04-2012,272.7856
30-03-2012,273.0624
29-03-2012,272.1891
28-03-2012,274.5089
27-03-2012,277.25
26-03-2012,273.4222
22-03-2012,267.7841
21-03-2012,269.4656
20-03-2012,266.5252
19-03-2012,266.7564
16-03-2012,261.6972
15-03-2012,260.8867
14-03-2012,261.6681
13-03-2012,266.5275
12-03-2012,268.7124
09-03-2012,268.1977
07-03-2012,268.4367
06-03-2012,266.0715
05-03-2012,266.8395
02-03-2012,267.1019
01-03-2012,267.067
29-02-2012,276.3768
28-02-2012,275.4481
27-02-2012,273.4212
24-02-2012,275.6307
23-02-2012,276.318
22-02-2012,272.9468
21-02-2012,269.3253
17-02-2012,269.2729
15-02-2012,268.4871
14-02-2012,268.2187
13-02-2012,269.0897
10-02-2012,269.0558
09-02-2012,269.9021
08-02-2012,270.2726
07-02-2012,265.8985
06-02-2012,264.1874
03-02-2012,272.3014
02-02-2012,271.3441
01-02-2012,272.9886
31-01-2012,273.2059
30-01-2012,269.5071
27-01-2012,270.5374
25-01-2012,262.5302
24-01-2012,263.8046
23-01-2012,266.1718
20-01-2012,262.121
19-01-2012,264.7255
18-01-2012,265.5755
17-01-2012,268.2023
16-01-2012,265.8606
13-01-2012,264.5057
12-01-2012,268.2216
11-01-2012,265.9803
10-01-2012,266.1448
09-01-2012,267.2388
06-01-2012,268.008
05-01-2012,266.941
04-01-2012,266.8527
03-01-2012,265.1589
02-01-2012,262.9472
30-12-2011,262.8151
29-12-2011,257.1595
28-12-2011,264.1424
27-12-2011,266.4273
26-12-2011,266.0658
23-12-2011,265.5969
22-12-2011,266.1508
21-12-2011,270.27
20-12-2011,266.7283
19-12-2011,264.4219
16-12-2011,263.162
15-12-2011,270.2594
14-12-2011,274.4879
13-12-2011,278.5779
12-12-2011,275.9646
09-12-2011,280.1491
08-12-2011,282.0964
07-12-2011,279.0544
05-12-2011,280.8378
02-12-2011,281.7574
01-12-2011,283.2325
30-11-2011,278.5917
29-11-2011,279.453
28-11-2011,279.2555
25-11-2011,274.1135
24-11-2011,278.2771
23-11-2011,275.3992
22-11-2011,280.4259
21-11-2011,276.2902
18-11-2011,278.5283
17-11-2011,279.2353
16-11-2011,282.8967
15-11-2011,279.8032
14-11-2011,279.5888
11-11-2011,278.1189
09-11-2011,277.8747
08-11-2011,277.8109
04-11-2011,270.4133
03-11-2011,268.4086
02-11-2011,267.5204
01-11-2011,262.185
31-10-2011,263.5367
28-10-2011,265.8545
25-10-2011,258.2628
24-10-2011,258.5619
21-10-2011,255.2189
20-10-2011,254.3567
19-10-2011,255.0209
18-10-2011,255.8817
17-10-2011,259.3349
14-10-2011,258.2959
13-10-2011,257.614
12-10-2011,260.8934
11-10-2011,256.0108
10-10-2011,256.5166
07-10-2011,254.8901
05-10-2011,247.408
04-10-2011,258.5793
03-10-2011,257.7795
29-09-2011,249.1609
28-09-2011,254.4166
27-09-2011,258.2313
26-09-2011,251.8969
23-09-2011,269.9463
22-09-2011,270.7509
21-09-2011,272.306
20-09-2011,271.4512
19-09-2011,272.7712
16-09-2011,265.2038
15-09-2011,271.4608
14-09-2011,274.6693
13-09-2011,267.2819
12-09-2011,271.9957
09-09-2011,273.8998
08-09-2011,265.1749
07-09-2011,266.7269
06-09-2011,274.0586
05-09-2011,273.7369
02-09-2011,267.4562
30-08-2011,259.1763
29-08-2011,257.7876
26-08-2011,258.8208
25-08-2011,249.1408
24-08-2011,266.216
23-08-2011,270.9393
22-08-2011,271.2186
18-08-2011,257.476
17-08-2011,255.7847
16-08-2011,253.2905
12-08-2011,250.6215
11-08-2011,254.4304
10-08-2011,249.5416
09-08-2011,251.6655
08-08-2011,242.0757
05-08-2011,235.0131
04-08-2011,232.9121
03-08-2011,233.1763
02-08-2011,226.4198
01-08-2011,224.0758
29-07-2011,224.6652
28-07-2011,225.0402
27-07-2011,224.6295
26-07-2011,224.8303
25-07-2011,226.6558
22-07-2011,222.266
21-07-2011,224.279
20-07-2011,222.175
19-07-2011,225.2666
18-07-2011,224.6904
15-07-2011,221.7335
14-07-2011,223.6862
13-07-2011,221.0788
12-07-2011,217.8202
11-07-2011,216.1622
08-07-2011,213.5545
07-07-2011,214.0276
06-07-2011,212.427
05-07-2011,210.618
04-07-2011,209.956
30-06-2011,212.9684
29-06-2011,213.7282
28-06-2011,213.7595
27-06-2011,213.7898
24-06-2011,215.8573
23-06-2011,218.6836
22-06-2011,218.789
21-06-2011,218.8094
20-06-2011,218.36
17-06-2011,216.5879
16-06-2011,216.277
15-06-2011,214.2288
14-06-2011,214.8346
13-06-2011,216.1098
10-06-2011,217.6836
09-06-2011,216.7152
08-06-2011,216.4034
07-06-2011,218.8286
06-06-2011,217.9515
03-06-2011,216.9537
02-06-2011,218.7539
01-06-2011,217.3314
31-05-2011,218.6729
30-05-2011,217.3286
27-05-2011,217.8694
26-05-2011,217.7621
25-05-2011,218.9721
24-05-2011,217.4787
23-05-2011,215.8989
20-05-2011,213.4653
19-05-2011,211.7442
18-05-2011,212.5651
16-05-2011,213.0581
13-05-2011,214.569
12-05-2011,210.8322
11-05-2011,215.4233
10-05-2011,214.6088
09-05-2011,212.7664
06-05-2011,210.7512
05-05-2011,213.4988
04-05-2011,216.5879
03-05-2011,216.8467
02-05-2011,214.5202
29-04-2011,214.9149
28-04-2011,214.6818
27-04-2011,211.8384
26-04-2011,212.3217
25-04-2011,211.9479
21-04-2011,211.2653
20-04-2011,211.3707
19-04-2011,211.3932
18-04-2011,208.0349
15-04-2011,207.5443
13-04-2011,205.3599
11-04-2011,205.6817
08-04-2011,205.102
07-04-2011,204.0036
06-04-2011,203.9871
05-04-2011,202.0103
31-03-2011,202.4467
30-03-2011,201.3132
29-03-2011,200.1791
28-03-2011,201.5139
25-03-2011,202.9042
24-03-2011,204.4653
23-03-2011,204.1713
22-03-2011,203.1694
21-03-2011,203.8475
18-03-2011,202.3196
17-03-2011,201.295
16-03-2011,200.3326
15-03-2011,201.9317
14-03-2011,203.8748
11-03-2011,202.0795
10-03-2011,203.686
09-03-2011,204.31
08-03-2011,204.8524
07-03-2011,205.5883
04-03-2011,202.3085
03-03-2011,203.9351
01-03-2011,202.4086
28-02-2011,202.0093
25-02-2011,202.1904
24-02-2011,203.5419
23-02-2011,200.9255
22-02-2011,199.9784
21-02-2011,200.2963
18-02-2011,198.6457
17-02-2011,198.3129
15-02-2011,197.9509
14-02-2011,195.9678
11-02-2011,197.409
10-02-2011,196.6137
09-02-2011,196.0876
08-02-2011,195.1435
07-02-2011,194.9994
04-02-2011,195.2976
03-02-2011,193.1214
02-02-2011,193.7685
01-02-2011,194.5986
31-01-2011,194.6155
28-01-2011,191.2532
27-01-2011,193.6193
25-01-2011,191.8271
24-01-2011,195.1004
21-01-2011,195.1228
20-01-2011,197.5428
19-01-2011,198.0059
18-01-2011,197.9447
17-01-2011,196.6043
14-01-2011,197.052
13-01-2011,197.9509
12-01-2011,198.4739
11-01-2011,198.818
10-01-2011,197.5311
07-01-2011,195.7937
06-01-2011,198.0912
05-01-2011,198.5758
04-01-2011,200.2119
03-01-2011,200.1329
31-12-2010,200.767
30-12-2010,201.3449
29-12-2010,201.1942
28-12-2010,198.1701
27-12-2010,198.0882
24-12-2010,198.4503
23-12-2010,198.0408
22-12-2010,199.2283
21-12-2010,199.3751
20-12-2010,199.1918
16-12-2010,199.6826
15-12-2010,199.9869
14-12-2010,201.002
13-12-2010,199.6924
10-12-2010,199.8259
09-12-2010,198.4831
08-12-2010,200.1072
07-12-2010,203.2377
06-12-2010,201.2537
03-12-2010,199.5443
02-12-2010,200.5223
01-12-2010,202.1795
30-11-2010,201.2902
29-11-2010,198.1544
26-11-2010,198.8029
25-11-2010,198.9514
24-11-2010,199.8645
23-11-2010,197.4774
22-11-2010,195.6233
19-11-2010,195.5118
18-11-2010,196.2184
16-11-2010,196.1712
15-11-2010,196.3646
12-11-2010,197.0261
11-11-2010,198.9378
10-11-2010,198.034
09-11-2010,200.0646
08-11-2010,195.8103
04-11-2010,192.0681
03-11-2010,191.8973
02-11-2010,192.1311
01-11-2010,192.5816
29-10-2010,189.6561
28-10-2010,188.0228
27-10-2010,188.9549
26-10-2010,188.8276
25-10-2010,190.0684
22-10-2010,186.8845
21-10-2010,190.1244
20-10-2010,189.175
19-10-2010,193.6905
18-10-2010,191.7285
15-10-2010,193.1771
14-10-2010,194.3146
13-10-2010,192.6044
12-10-2010,191.5303
11-10-2010,190.3752
08-10-2010,188.2255
07-10-2010,191.8382
06-10-2010,190.1931
05-10-2010,188.9952
04-10-2010,186.1881
01-10-2010,187.0635
29-09-2010,187.2883
28-09-2010,185.5392
27-09-2010,186.4854
24-09-2010,188.5012
23-09-2010,187.7817
22-09-2010,187.5794
21-09-2010,186.5322
20-09-2010,186.2702
17-09-2010,187.9118
16-09-2010,187.7601
15-09-2010,187.921
14-09-2010,185.433
13-09-2010,183.7139
09-09-2010,186.2441
08-09-2010,187.4621
07-09-2010,185.932
06-09-2010,185.3641
03-09-2010,186.4909
02-09-2010,186.305
01-09-2010,186.9935
31-08-2010,185.387
30-08-2010,184.6089
27-08-2010,184.7015
26-08-2010,185.3584
25-08-2010,185.4261
24-08-2010,182.0243
23-08-2010,182.6566
20-08-2010,183.0676
18-08-2010,182.2119
17-08-2010,182.8467
16-08-2010,182.6132
13-08-2010,180.8361
12-08-2010,180.0054
11-08-2010,178.2092
10-08-2010,177.1286
09-08-2010,177.6058
06-08-2010,175.7701
05-08-2010,176.7082
04-08-2010,176.5304
03-08-2010,175.0128
02-08-2010,174.0365
30-07-2010,173.5922
29-07-2010,173.9283
28-07-2010,173.4211
27-07-2010,177.0572
26-07-2010,178.1692
23-07-2010,180.1463
22-07-2010,179.6491
21-07-2010,179.9857
20-07-2010,177.9867
19-07-2010,179.2107
16-07-2010,180.3081
15-07-2010,181.1129
14-07-2010,180.772
13-07-2010,181.0732
12-07-2010,179.9162
09-07-2010,178.9061
08-07-2010,180.0243
07-07-2010,178.6423
06-07-2010,181.2422
05-07-2010,180.498
02-07-2010,180.7681
30-06-2010,184.8653
29-06-2010,183.9006
28-06-2010,185.406
25-06-2010,184.9489
24-06-2010,182.4376
23-06-2010,184.1325
22-06-2010,181.961
21-06-2010,183.8882
18-06-2010,183.6378
17-06-2010,183.6639
16-06-2010,183.2321
15-06-2010,182.8791
14-06-2010,183.2194
11-06-2010,182.8778
10-06-2010,183.4231
09-06-2010,185.641
08-06-2010,187.4457
07-06-2010,183.4616
04-06-2010,179.8473
03-06-2010,181.6585
02-06-2010,184.4189
01-06-2010,182.3206
31-05-2010,180.5659
28-05-2010,180.9246
26-05-2010,184.6456
25-05-2010,180.5757
24-05-2010,177.0042
21-05-2010,178.0252
20-05-2010,177.836
19-05-2010,178.2542
18-05-2010,177.3344
17-05-2010,180.179
14-05-2010,178.9992
13-05-2010,178.046
12-05-2010,180.2617
11-05-2010,174.9515
10-05-2010,171.3405
07-05-2010,175.2995
06-05-2010,171.5425
05-05-2010,168.735
04-05-2010,169.3117
03-05-2010,168.056
30-04-2010,167.6259
29-04-2010,167.376
28-04-2010,166.685
27-04-2010,164.4634
26-04-2010,164.2762
23-04-2010,163.0906
22-04-2010,163.3663
21-04-2010,163.1565
20-04-2010,163.7067
19-04-2010,161.5672
16-04-2010,165.3259
15-04-2010,164.1244
13-04-2010,164.7243
12-04-2010,165.7412
09-04-2010,164.7066
08-04-2010,164.6136
07-04-2010,161.7864
06-04-2010,160.6025
05-04-2010,160.4726
31-03-2010,161.0141
30-03-2010,160.3536
29-03-2010,161.0614
26-03-2010,160.0937
25-03-2010,160.4559
23-03-2010,161.2635
22-03-2010,161.5262
19-03-2010,163.975
18-03-2010,164.1939
17-03-2010,165.1322
15-03-2010,161.8328
12-03-2010,163.506
11-03-2010,161.7539
10-03-2010,164.1964
09-03-2010,164.0165
08-03-2010,165.6364
05-03-2010,167.0469
04-03-2010,167.3753
03-03-2010,167.6667
02-03-2010,165.1638
26-02-2010,164.3966
25-02-2010,161.9711
24-02-2010,161.6325
23-02-2010,163.9857
22-02-2010,165.2233
19-02-2010,164.465
18-02-2010,163.3772
17-02-2010,164.5359
16-02-2010,164.6687
15-02-2010,163.0728
11-02-2010,160.4358
10-02-2010,160.1937
09-02-2010,159.5011
08-02-2010,160.2398
05-02-2010,156.7994
04-02-2010,162.5458
03-02-2010,164.6993
02-02-2010,164.7893
01-02-2010,160.4303
29-01-2010,160.656
28-01-2010,161.771
27-01-2010,162.1449
25-01-2010,163.0489
22-01-2010,162.0068
21-01-2010,162.4064
20-01-2010,165.9672
19-01-2010,165.514
18-01-2010,165.9141
15-01-2010,165.4231
14-01-2010,165.5372
13-01-2010,165.576
12-01-2010,167.4435
11-01-2010,168.0538
08-01-2010,164.4388
07-01-2010,165.9938
06-01-2010,166.056
05-01-2010,166.3816
04-01-2010,165.6903
31-12-2009,164.9806
30-12-2009,163.4625
29-12-2009,164.877
24-12-2009,165.3653
23-12-2009,162.1305
22-12-2009,163.9972
21-12-2009,166.8108
18-12-2009,166.0015
17-12-2009,167.9774
16-12-2009,169.472
15-12-2009,166.5294
14-12-2009,167.3415
11-12-2009,169.798
10-12-2009,168.4213
09-12-2009,171.0406
08-12-2009,173.9247
07-12-2009,170.6286
04-12-2009,178.0902
03-12-2009,180.1687
02-12-2009,179.3809
01-12-2009,177.4368
30-11-2009,174.4004
27-11-2009,174.5292
26-11-2009,175.2482
25-11-2009,174.5621
24-11-2009,174.6146
23-11-2009,173.5879
20-11-2009,170.4719
19-11-2009,168.9064
18-11-2009,169.8339
17-11-2009,167.7189
16-11-2009,166.7137
13-11-2009,165.0704
12-11-2009,166.3274
11-11-2009,166.3953
10-11-2009,164.0508
09-11-2009,165.5185
06-11-2009,164.3757
05-11-2009,164.4121
04-11-2009,164.9757
03-11-2009,159.6472
30-10-2009,157.3911
29-10-2009,157.6704
28-10-2009,156.6862
27-10-2009,156.4182
26-10-2009,157.6962
23-10-2009,158.1924
22-10-2009,157.9438
21-10-2009,157.0304
20-10-2009,157.2292
16-10-2009,155.6418
15-10-2009,155.1403
14-10-2009,157.9506
12-10-2009,157.3149
09-10-2009,156.2889
08-10-2009,156.7347
07-10-2009,157.3958
06-10-2009,154.5379
05-10-2009,153.3312
01-10-2009,154.6266
29-09-2009,153.0796
25-09-2009,153.7048
24-09-2009,156.6748
23-09-2009,156.343
22-09-2009,157.1748
18-09-2009,156.9576
17-09-2009,157.2763
16-09-2009,158.0076
15-09-2009,155.6884
14-09-2009,155.6028
11-09-2009,155.6308
10-09-2009,153.6972
09-09-2009,155.1284
08-09-2009,157.0501
07-09-2009,155.559
04-09-2009,155.1612
03-09-2009,154.3989
02-09-2009,150.6922
01-09-2009,148.8866
31-08-2009,149.4973
28-08-2009,149.4794
27-08-2009,148.691
26-08-2009,149.1737
25-08-2009,148.7485
24-08-2009,148.8407
21-08-2009,147.689
20-08-2009,147.8818
19-08-2009,146.5786
18-08-2009,147.1997
17-08-2009,146.9097
14-08-2009,148.7583
13-08-2009,148.1392
12-08-2009,146.8671
11-08-2009,146.0239
10-08-2009,146.7728
07-08-2009,148.0005
06-08-2009,147.1874
05-08-2009,148.0334
04-08-2009,145.9799
03-08-2009,147.0978
31-07-2009,145.2777
30-07-2009,145.5717
29-07-2009,146.0545
28-07-2009,148.267
27-07-2009,148.424
24-07-2009,147.9935
23-07-2009,149.0236
22-07-2009,147.3195
21-07-2009,147.3676
20-07-2009,148.5446
17-07-2009,146.6024
16-07-2009,146.8708
15-07-2009,146.0041
14-07-2009,145.0847
13-07-2009,144.6529
10-07-2009,142.8465
09-07-2009,144.2524
08-07-2009,145.1873
07-07-2009,144.7904
06-07-2009,142.2411
03-07-2009,143.2534
02-07-2009,143.1953
01-07-2009,143.405
30-06-2009,144.2
29-06-2009,144.9993
26-06-2009,146.4366
25-06-2009,145.1541
24-06-2009,144.3118
23-06-2009,144.1187
22-06-2009,143.178
19-06-2009,143.9144
18-06-2009,144.1679
17-06-2009,143.2698
16-06-2009,143.2831
15-06-2009,143.1007
12-06-2009,144.2489
11-06-2009,144.734
10-06-2009,145.5202
09-06-2009,145.181
08-06-2009,143.6485
05-06-2009,147.4228
04-06-2009,146.1054
03-06-2009,146.8712
02-06-2009,146.986
01-06-2009,148.5376
29-05-2009,147.2411
28-05-2009,145.5379
27-05-2009,145.0214
26-05-2009,143.7719
25-05-2009,144.1211
22-05-2009,144.0421
21-05-2009,142.8026
20-05-2009,141.9923
19-05-2009,140.293
18-05-2009,143.5481
15-05-2009,147.0474
14-05-2009,147.5987
13-05-2009,146.555
12-05-2009,146.3909
11-05-2009,144.1705
08-05-2009,145.0214
07-05-2009,144.8931
06-05-2009,143.5612
05-05-2009,143.9175
04-05-2009,140.6203
29-04-2009,144.2244
28-04-2009,145.2542
27-04-2009,146.2835
24-04-2009,145.744
23-04-2009,144.2484
22-04-2009,142.6832
21-04-2009,143.7364
20-04-2009,139.6113
17-04-2009,139.2738
16-04-2009,141.3349
15-04-2009,142.9554
09-04-2009,141.7188
08-04-2009,144.0259
06-04-2009,141.3098
02-04-2009,147.7862
01-04-2009,150.4482
31-03-2009,150.2908
30-03-2009,151.4034
27-03-2009,150.4717
26-03-2009,151.838
25-03-2009,150.4082
24-03-2009,150.0852
23-03-2009,154.5543
20-03-2009,154.0914
19-03-2009,152.8336
18-03-2009,150.2519
17-03-2009,151.4694
16-03-2009,152.93
13-03-2009,152.7152
12-03-2009,151.9054
09-03-2009,155.5357
06-03-2009,155.1763
05-03-2009,152.7758
04-03-2009,152.0317
03-03-2009,153.5064
02-03-2009,157.8379
27-02-2009,153.8442
26-02-2009,153.0874
25-02-2009,153.0958
24-02-2009,158.616
20-02-2009,157.1233
19-02-2009,155.9413
18-02-2009,154.5615
17-02-2009,152.0573
16-02-2009,147.7379
13-02-2009,147.1702
12-02-2009,147.9087
11-02-2009,144.8047
10-02-2009,140.4378
09-02-2009,140.9276
06-02-2009,143.3228
05-02-2009,143.7048
04-02-2009,141.2836
03-02-2009,141.6797
02-02-2009,144.1144
30-01-2009,144.8944
29-01-2009,138.3388
28-01-2009,140.2367
27-01-2009,140.9204
23-01-2009,138.314
22-01-2009,133.6721
21-01-2009,136.1774
20-01-2009,131.6016
19-01-2009,131.62
16-01-2009,129.367
15-01-2009,128.4297
14-01-2009,129.6546
13-01-2009,128.3856
12-01-2009,132.678
09-01-2009,134.4056
07-01-2009,135.1144
06-01-2009,132.2203
05-01-2009,133.8488
02-01-2009,136.7943
01-01-2009,135.6212
31-12-2008,134.8552
30-12-2008,135.7662
29-12-2008,138.1917
26-12-2008,129.0348
24-12-2008,131.9692
23-12-2008,131.7588
22-12-2008,129.1108
19-12-2008,127.2399
18-12-2008,132.8096
17-12-2008,130.1269
16-12-2008,128.3798
15-12-2008,127.7858
12-12-2008,127.6951
11-12-2008,128.3263
10-12-2008,124.3831
08-12-2008,122.5226
05-12-2008,123.6122
04-12-2008,124.0206
03-12-2008,124.4147
02-12-2008,125.8008
01-12-2008,128.4036
28-11-2008,130.6394
26-11-2008,131.2288
25-11-2008,129.2349
24-11-2008,131.8221
21-11-2008,122.3828
20-11-2008,121.4384
19-11-2008,118.3954
18-11-2008,118.0592
17-11-2008,117.7674
14-11-2008,116.4502
12-11-2008,115.2064
11-11-2008,113.9614
10-11-2008,114.8335
07-11-2008,114.4132
06-11-2008,113.7453
05-11-2008,114.7384
04-11-2008,115.2222
03-11-2008,116.0244
31-10-2008,115.8495
29-10-2008,120.3716
27-10-2008,116.5408
24-10-2008,111.7547
23-10-2008,116.7362
22-10-2008,120.5412
20-10-2008,126.5342
17-10-2008,125.8478
16-10-2008,131.5445
15-10-2008,132.5668
14-10-2008,130.7677
13-10-2008,134.3254
10-10-2008,144.199
08-10-2008,143.4864
07-10-2008,136.5591
06-10-2008,128.1427
03-10-2008,127.4992
01-10-2008,132.7524
29-09-2008,132.7786
26-09-2008,130.2448
25-09-2008,132.7054
24-09-2008,131.4403
23-09-2008,131.7158
22-09-2008,127.9738
19-09-2008,125.2968
18-09-2008,130.3429
17-09-2008,117.65
16-09-2008,117.5252
15-09-2008,115.7316
12-09-2008,112.1324
11-09-2008,109.1913
10-09-2008,112.9776
09-09-2008,116.0701
08-09-2008,115.4154
05-09-2008,114.2549
04-09-2008,116.4868
02-09-2008,114.8683
01-09-2008,118.9118
29-08-2008,118.433
28-08-2008,117.6466
27-08-2008,117.8595
26-08-2008,115.4241
25-08-2008,116.9781
22-08-2008,116.4565
21-08-2008,115.7376
20-08-2008,114.1179
18-08-2008,111.5822
14-08-2008,115.4378
13-08-2008,113.7813
12-08-2008,111.01
11-08-2008,117.3502
08-08-2008,118.0127
07-08-2008,119.5652
06-08-2008,120.1814
05-08-2008,120.8767
04-08-2008,124.7453
01-08-2008,124.6004
31-07-2008,125.293
30-07-2008,125.5232
29-07-2008,127.7243
28-07-2008,127.0818
25-07-2008,127.2892
24-07-2008,125.883
23-07-2008,127.9329
22-07-2008,134.2971
21-07-2008,133.379
18-07-2008,132.9567
17-07-2008,133.8646
16-07-2008,135.8892
15-07-2008,136.9622
14-07-2008,132.5821
11-07-2008,131.0918
10-07-2008,129.9142
09-07-2008,128.7946
08-07-2008,130.3387
07-07-2008,128.4621
04-07-2008,130.0844
03-07-2008,131.6014
02-07-2008,131.2059
30-06-2008,129.5989
27-06-2008,127.7986
26-06-2008,123.4599
25-06-2008,123.0018
24-06-2008,123.5174
23-06-2008,125.9063
20-06-2008,125.1956
19-06-2008,124.1577
18-06-2008,122.8071
17-06-2008,122.7299
16-06-2008,121.1685
13-06-2008,119.996
12-06-2008,120.8278
11-06-2008,121.4673
10-06-2008,122.8796
09-06-2008,125.5979
06-06-2008,122.472
05-06-2008,121.2314
04-06-2008,121.1711
03-06-2008,123.3806
02-06-2008,121.9752
30-05-2008,121.3823
29-05-2008,123.7441
28-05-2008,123.8394
27-05-2008,128.3212
26-05-2008,127.1421
23-05-2008,127.9811
22-05-2008,129.7316
21-05-2008,128.0096
20-05-2008,125.4033
16-05-2008,122.3232
15-05-2008,119.0972
14-05-2008,118.465
13-05-2008,119.8891
12-05-2008,119.2762
09-05-2008,119.0664
08-05-2008,118.2279
07-05-2008,116.811
06-05-2008,115.9056
05-05-2008,112.4289
02-05-2008,112.7122
30-04-2008,113.9475
29-04-2008,115.6339
28-04-2008,116.2134
25-04-2008,115.2112
24-04-2008,117.0387
23-04-2008,118.7708
22-04-2008,119.3221
21-04-2008,118.5365
17-04-2008,123.2843
16-04-2008,120.9418
15-04-2008,120.8168
11-04-2008,119.968
10-04-2008,121.1241
09-04-2008,117.8021
08-04-2008,119.6374
07-04-2008,118.5659
04-04-2008,117.4798
03-04-2008,116.5265
02-04-2008,116.0063
31-03-2008,121.6
28-03-2008,122.9325
27-03-2008,123.5712
26-03-2008,123.2218
25-03-2008,121.2188
24-03-2008,119.6587
19-03-2008,130.619
18-03-2008,132.5363
17-03-2008,135.3486
14-03-2008,130.8648
13-03-2008,129.7002
12-03-2008,127.8297
11-03-2008,128.7955
10-03-2008,128.4696
07-03-2008,128.7384
05-03-2008,126.4058
04-03-2008,128.4142
03-03-2008,127.8707
29-02-2008,125.6267
28-02-2008,123.7539
27-02-2008,123.7345
26-02-2008,121.1215
25-02-2008,123.2806
22-02-2008,122.853
21-02-2008,122.7762
20-02-2008,120.6827
19-02-2008,118.7851
18-02-2008,116.7057
15-02-2008,117.32
14-02-2008,117.434
13-02-2008,116.8754
12-02-2008,118.6373
11-02-2008,119.547
08-02-2008,117.5608
07-02-2008,116.6294
06-02-2008,114.9167
05-02-2008,114.1475
04-02-2008,115.2405
01-02-2008,119.4271
31-01-2008,118.3494
30-01-2008,118.4716
29-01-2008,118.8613
28-01-2008,117.6757
25-01-2008,118.0812
24-01-2008,114.3958
23-01-2008,114.3012
22-01-2008,111.49
21-01-2008,112.0738
18-01-2008,111.5832
17-01-2008,112.7496
16-01-2008,112.6326
15-01-2008,115.6392
14-01-2008,116.5547
11-01-2008,114.3184
10-01-2008,111.8541
09-01-2008,113.578
08-01-2008,111.6774
07-01-2008,109.7161
04-01-2008,109.9941
03-01-2008,111.1956
02-01-2008,108.0189
01-01-2008,107.4552
31-12-2007,107.4312
28-12-2007,106.5047
27-12-2007,105.7189
26-12-2007,104.0609
24-12-2007,104.328
20-12-2007,103.1778
19-12-2007,103.3839
18-12-2007,102.7691
17-12-2007,101.0846
14-12-2007,102.215
13-12-2007,103.8867
12-12-2007,103.6732
11-12-2007,103.5809
10-12-2007,102.7793
07-12-2007,102.8334
06-12-2007,101.592
05-12-2007,103.1965
04-12-2007,101.6864
03-12-2007,101.1921
30-11-2007,102.8849
29-11-2007,104.7461
28-11-2007,103.14
27-11-2007,107.0148
26-11-2007,108.2284
23-11-2007,104.6568
22-11-2007,103.1936
21-11-2007,102.383
20-11-2007,101.4207
19-11-2007,101.1504
16-11-2007,101.5334
15-11-2007,103.3517
14-11-2007,103.77
13-11-2007,103.3146
12-11-2007,104.8892
08-11-2007,106.8653
07-11-2007,107.8849
06-11-2007,104.8709
05-11-2007,103.0415
02-11-2007,101.6853
01-11-2007,101.719
31-10-2007,100.5786
30-10-2007,100.9113
29-10-2007,101.9446
26-10-2007,100.1292
25-10-2007,98.8533
24-10-2007,97.9524
23-10-2007,98.2683
22-10-2007,98.2718
19-10-2007,99.906
18-10-2007,97.8512
17-10-2007,98.5485
16-10-2007,97.8958
15-10-2007,97.1493
12-10-2007,96.2723
11-10-2007,96.0995
10-10-2007,95.2852
09-10-2007,94.2961
08-10-2007,94.9965
05-10-2007,95.0643
04-10-2007,94.0706
03-10-2007,95.4366
01-10-2007,96.8525
28-09-2007,95.9218
27-09-2007,94.9212
26-09-2007,94.9084
25-09-2007,94.8045
24-09-2007,95.5443
21-09-2007,95.9411
20-09-2007,95.0597
19-09-2007,95.3659
18-09-2007,95.348
17-09-2007,94.0988
14-09-2007,93.6035
13-09-2007,93.7595
12-09-2007,94.3537
11-09-2007,93.5808
10-09-2007,93.6644
07-09-2007,92.6713
06-09-2007,91.4718
05-09-2007,91.1445
04-09-2007,90.2886
03-09-2007,90.1267
31-08-2007,89.68
30-08-2007,89.63
29-08-2007,89.857
28-08-2007,89.9002
27-08-2007,88.6415
24-08-2007,89.0755
23-08-2007,88.725
22-08-2007,88.3734
21-08-2007,88.2634
17-08-2007,89.0188
16-08-2007,89.4868
14-08-2007,89.0529
13-08-2007,89.1022
10-08-2007,88.6452
09-08-2007,88.8957
08-08-2007,89.2297
07-08-2007,88.6269
06-08-2007,89.4425
03-08-2007,88.237
02-08-2007,88.2598
01-08-2007,87.8527
31-07-2007,88.4689
30-07-2007,87.9998
27-07-2007,87.9998
