Historical Mutual Fund NAV of SBI-ETF Gold,
scheme:- SBI-ETF Gold,
Start Date:- 28-04-2009,
End Date:- 24-11-2020,
NAV Date,NAV (Rs)
24-11-2020,4390.1275
23-11-2020,4494.5823
20-11-2020,4502.4834
19-11-2020,4487.1061
18-11-2020,4534.4757
17-11-2020,4559.5805
13-11-2020,4553.3232
12-11-2020,4519.2886
11-11-2020,4526.141
10-11-2020,4521.2751
09-11-2020,4678.8008
06-11-2020,4666.184
05-11-2020,4606.4526
04-11-2020,4569.8532
03-11-2020,4574.0969
02-11-2020,4546.3947
30-10-2020,4504.9892
29-10-2020,4507.2536
28-10-2020,4548.9707
27-10-2020,4552.4352
26-10-2020,4557.2913
23-10-2020,4567.8577
22-10-2020,4585.1679
21-10-2020,4578.6563
20-10-2020,4545.9755
19-10-2020,4558.2336
16-10-2020,4552.7404
15-10-2020,4514.0956
14-10-2020,4527.3447
13-10-2020,4573.8409
12-10-2020,4558.5455
09-10-2020,4547.4972
08-10-2020,4508.4459
07-10-2020,4505.1041
06-10-2020,4556.4908
05-10-2020,4524.2249
01-10-2020,4523.0894
30-09-2020,4520.067
29-09-2020,4514.1545
28-09-2020,4433.7661
25-09-2020,4509.2962
24-09-2020,4479.2958
23-09-2020,4541.6252
22-09-2020,4565.8446
21-09-2020,4613.9923
18-09-2020,4662.6354
17-09-2020,4642.6636
16-09-2020,4705.0739
15-09-2020,4683.4102
14-09-2020,4637.3927
11-09-2020,4647.1847
10-09-2020,4641.2643
09-09-2020,4624.6997
08-09-2020,4595.0765
07-09-2020,4603.4734
04-09-2020,4625.8208
03-09-2020,4632.5756
02-09-2020,4685.9996
01-09-2020,4714.4184
31-08-2020,4691.3289
28-08-2020,4674.6077
27-08-2020,4692.8724
26-08-2020,4651.6789
25-08-2020,4668.6419
24-08-2020,4739.3377
21-08-2020,4710.9484
20-08-2020,4706.9419
19-08-2020,4831.5474
18-08-2020,4860.4085
17-08-2020,4744.6714
14-08-2020,4737.4864
13-08-2020,4700.9643
12-08-2020,4740.1312
11-08-2020,4878.9024
10-08-2020,4952.5427
07-08-2020,4992.4683
06-08-2020,4963.1484
05-08-2020,4934.8501
04-08-2020,4812.805
03-08-2020,4808.1613
31-07-2020,4800.4614
30-07-2020,4740.9358
29-07-2020,4741.4311
28-07-2020,4692.1504
27-07-2020,4712.0227
24-07-2020,4590.8317
23-07-2020,4560.4094
22-07-2020,4490.1411
21-07-2020,4435.4651
20-07-2020,4418.3729
17-07-2020,4409.7152
16-07-2020,4422.6573
15-07-2020,4436.4084
14-07-2020,4408.1136
13-07-2020,4417.1048
10-07-2020,4419.0712
09-07-2020,4418.8279
08-07-2020,4392.1575
07-07-2020,4332.8691
06-07-2020,4321.5516
03-07-2020,4327.4536
02-07-2020,4361.3822
01-07-2020,4399.6417
30-06-2020,4361.0459
29-06-2020,4348.4948
26-06-2020,4329.6221
25-06-2020,4330.0546
24-06-2020,4370.8405
23-06-2020,4332.0249
22-06-2020,4323.3532
19-06-2020,4294.4266
18-06-2020,4296.4072
17-06-2020,4265.7267
16-06-2020,4271.9124
15-06-2020,4246.1043
12-06-2020,4290.5193
11-06-2020,4273.0552
10-06-2020,4226.5087
09-06-2020,4205.9156
08-06-2020,4179.2794
05-06-2020,4209.3018
04-06-2020,4206.6922
03-06-2020,4220.7923
02-06-2020,4282.4741
01-06-2020,4265.4935
29-05-2020,4253.7623
28-05-2020,4257.8481
27-05-2020,4213.7594
26-05-2020,4251.4316
22-05-2020,4279.8936
21-05-2020,4280.938
20-05-2020,4312.9966
19-05-2020,4280.7309
18-05-2020,4341.1256
15-05-2020,4275.1118
14-05-2020,4221.6082
13-05-2020,4183.3314
12-05-2020,4210.9481
11-05-2020,4195.5725
08-05-2020,4162.0571
07-05-2020,4173.8631
06-05-2020,4202.4146
05-05-2020,4191.0521
04-05-2020,4217.7182
30-04-2020,4212.9856
29-04-2020,4229.1023
28-04-2020,4266.7633
27-04-2020,4274.8214
24-04-2020,4311.2086
23-04-2020,4294.549
22-04-2020,4276.838
21-04-2020,4216.521
20-04-2020,4229.6525
17-04-2020,4243.5001
16-04-2020,4299.0485
15-04-2020,4263.8263
13-04-2020,4125.0105
09-04-2020,4129.8254
08-04-2020,4082.8172
07-04-2020,4078.2036
03-04-2020,3985.3963
01-04-2020,3927.9639
31-03-2020,3950.4887
30-03-2020,3987.9222
27-03-2020,3957.6795
26-03-2020,3973.8122
25-03-2020,4018.2537
24-03-2020,3933.9182
23-03-2020,3693.1563
20-03-2020,3677.0815
19-03-2020,3646.6389
18-03-2020,3662.7566
17-03-2020,3585.2652
16-03-2020,3664.2958
13-03-2020,3832.9818
12-03-2020,3963.9151
11-03-2020,4001.9427
09-03-2020,4038.6925
06-03-2020,4046.8537
05-03-2020,3935.5053
04-03-2020,3943.1726
03-03-2020,3815.1022
02-03-2020,3808.1915
28-02-2020,3840.3991
27-02-2020,3860.0717
26-02-2020,3868.736
25-02-2020,3891.4054
24-02-2020,3919.6532
20-02-2020,3756.1419
19-02-2020,3745.7227
18-02-2020,3702.0905
17-02-2020,3687.0597
14-02-2020,3677.3181
13-02-2020,3679.2302
12-02-2020,3652.7671
11-02-2020,3653.4563
10-02-2020,3669.9276
07-02-2020,3655.7232
06-02-2020,3645.9537
05-02-2020,3620.777
04-02-2020,3653.7878
03-02-2020,3689.7685
31-01-2020,3690.8125
30-01-2020,3679.3433
29-01-2020,3647.3647
28-01-2020,3670.9249
27-01-2020,3682.0218
24-01-2020,3630.8861
23-01-2020,3615.1103
22-01-2020,3621.742
21-01-2020,3616.982
20-01-2020,3617.5265
17-01-2020,3611.4545
16-01-2020,3605.5727
15-01-2020,3597.4963
14-01-2020,3577.2194
13-01-2020,3583.2418
10-01-2020,3593.7354
09-01-2020,3605.6387
08-01-2020,3704.8121
07-01-2020,3660.0816
06-01-2020,3695.8661
03-01-2020,3617.2109
02-01-2020,3545.0255
01-01-2020,3551.3684
31-12-2019,3547.1221
30-12-2019,3514.1992
27-12-2019,3507.1114
26-12-2019,3468.7836
24-12-2019,3465.6944
23-12-2019,3450.4988
20-12-2019,3435.6474
19-12-2019,3430.0902
18-12-2019,3438.4796
17-12-2019,3433.5594
16-12-2019,3430.3825
13-12-2019,3407.1618
12-12-2019,3413.5438
11-12-2019,3405.076
10-12-2019,3398.9782
09-12-2019,3408.5379
06-12-2019,3438.3072
05-12-2019,3449.5837
04-12-2019,3462.1505
03-12-2019,3443.307
02-12-2019,3421.8397
29-11-2019,3419.7641
28-11-2019,3416.7808
27-11-2019,3415.0475
26-11-2019,3420.2922
25-11-2019,3426.4259
22-11-2019,3459.7422
21-11-2019,3448.5132
20-11-2019,3457.3389
19-11-2019,3440.9322
18-11-2019,3423.2785
15-11-2019,3438.2072
14-11-2019,3463.577
13-11-2019,3440.0991
11-11-2019,3433.6097
08-11-2019,3428.2398
07-11-2019,3455.0355
06-11-2019,3458.9492
05-11-2019,3484.9391
04-11-2019,3492.3527
01-11-2019,3502.4614
31-10-2019,3492.3918
30-10-2019,3467.1026
29-10-2019,3461.1887
25-10-2019,3495.6284
24-10-2019,3462.2479
23-10-2019,3473.4922
22-10-2019,3456.8667
18-10-2019,3471.1967
17-10-2019,3473.1639
16-10-2019,3473.435
15-10-2019,3490.5748
14-10-2019,3475.6884
11-10-2019,3484.6967
10-10-2019,3505.9879
09-10-2019,3498.8321
07-10-2019,3490.4595
04-10-2019,3501.0216
03-10-2019,3500.8134
01-10-2019,3414.4456
30-09-2019,3448.7446
27-09-2019,3480.4976
26-09-2019,3505.6116
25-09-2019,3560.4276
24-09-2019,3530.313
23-09-2019,3532.1923
20-09-2019,3501.5094
19-09-2019,3502.0192
18-09-2019,3517.4785
17-09-2019,3533.543
16-09-2019,3526.9646
13-09-2019,3509.8213
12-09-2019,3526.3927
11-09-2019,3522.2745
09-09-2019,3552.8044
06-09-2019,3548.8817
05-09-2019,3627.1632
04-09-2019,3628.6407
03-09-2019,3620.9062
30-08-2019,3589.7795
29-08-2019,3609.6842
28-08-2019,3607.248
27-08-2019,3592.0249
26-08-2019,3532.3203
23-08-2019,3512.8212
22-08-2019,3518.5477
21-08-2019,3513.9341
20-08-2019,3524.4268
19-08-2019,3504.3325
16-08-2019,3522.1422
14-08-2019,3488.1882
13-08-2019,3549.5647
09-08-2019,3469.6966
08-08-2019,3471.6936
07-08-2019,3435.189
06-08-2019,3372.5967
05-08-2019,3348.2819
02-08-2019,3264.9983
01-08-2019,3189.9204
31-07-2019,3229.769
30-07-2019,3216.3593
29-07-2019,3203.8096
26-07-2019,3209.0707
25-07-2019,3222.3404
24-07-2019,3221.7441
23-07-2019,3204.9676
22-07-2019,3219.9059
19-07-2019,3237.0328
18-07-2019,3207.5915
17-07-2019,3164.7725
16-07-2019,3185.4566
15-07-2019,3186.4699
12-07-2019,3163.9539
11-07-2019,3189.6352
10-07-2019,3141.5556
09-07-2019,3134.826
08-07-2019,3167.3398
05-07-2019,3115.2657
04-07-2019,3124.0191
03-07-2019,3144.6194
02-07-2019,3085.5951
01-07-2019,3078.51
28-06-2019,3122.7968
27-06-2019,3114.0322
26-06-2019,3127.063
25-06-2019,3173.651
24-06-2019,3116.6359
21-06-2019,3088.6777
20-06-2019,3072.0318
19-06-2019,2997.1475
18-06-2019,3006.7214
17-06-2019,2985.2184
14-06-2019,3001.76
13-06-2019,2960.3122
12-06-2019,2963.8748
11-06-2019,2936.496
10-06-2019,2949.9249
07-06-2019,2955.3765
06-06-2019,2964.1076
04-06-2019,2936.9264
03-06-2019,2923.0478
31-05-2019,2905.0984
30-05-2019,2864.9129
29-05-2019,2882.7288
28-05-2019,2873.6483
27-05-2019,2862.1017
24-05-2019,2868.8002
23-05-2019,2860.0225
22-05-2019,2859.5466
21-05-2019,2862.2714
20-05-2019,2854.0392
17-05-2019,2898.5233
16-05-2019,2918.6854
15-05-2019,2924.0889
14-05-2019,2925.5047
13-05-2019,2889.6508
10-05-2019,2882.192
09-05-2019,2877.6398
08-05-2019,2875.0484
07-05-2019,2851.279
06-05-2019,2830.493
03-05-2019,2827.3658
02-05-2019,2840.1203
30-04-2019,2881.9942
26-04-2019,2886.221
25-04-2019,2871.3463
24-04-2019,2861.8204
23-04-2019,2855.3465
22-04-2019,2861.3424
18-04-2019,2845.8285
16-04-2019,2866.3361
15-04-2019,2859.424
12-04-2019,2881.9033
11-04-2019,2885.728
10-04-2019,2892.6518
09-04-2019,2901.583
08-04-2019,2891.1158
05-04-2019,2862.8745
04-04-2019,2857.2567
03-04-2019,2844.4847
02-04-2019,2858.8562
01-04-2019,2870.2121
31-03-2019,2868.7504
29-03-2019,2868.9183
28-03-2019,2894.1342
27-03-2019,2912.9966
26-03-2019,2904.967
25-03-2019,2918.7
22-03-2019,2889.9653
20-03-2019,2885.4913
19-03-2019,2885.7562
18-03-2019,2880.8066
15-03-2019,2904.4994
14-03-2019,2914.7483
13-03-2019,2931.7204
12-03-2019,2907.7266
11-03-2019,2919.2392
08-03-2019,2921.3396
07-03-2019,2907.0154
06-03-2019,2926.015
05-03-2019,2931.7033
01-03-2019,2991.0537
28-02-2019,3031.6239
27-02-2019,3029.9728
26-02-2019,3029.5849
25-02-2019,3030.9098
22-02-2019,3023.746
21-02-2019,3050.2798
20-02-2019,3073.2956
19-02-2019,3051.3577
18-02-2019,3039.8726
15-02-2019,3019.4594
14-02-2019,2982.3215
13-02-2019,2978.9931
12-02-2019,2994.4945
11-02-2019,2993.2377
08-02-2019,3007.5102
07-02-2019,3002.7556
06-02-2019,3020.7774
05-02-2019,3028.807
04-02-2019,3019.3195
01-02-2019,3018.782
31-01-2019,3019.5166
30-01-2019,3003.9878
29-01-2019,2988.8894
28-01-2019,2975.3581
25-01-2019,2937.3787
24-01-2019,2937.4581
23-01-2019,2945.2539
22-01-2019,2951.4621
21-01-2019,2939.1244
18-01-2019,2943.6738
17-01-2019,2966.4233
16-01-2019,2953.3848
15-01-2019,2945.2929
14-01-2019,2943.9434
11-01-2019,2929.1689
10-01-2019,2929.934
09-01-2019,2904.6763
08-01-2019,2894.3932
07-01-2019,2889.5826
04-01-2019,2901.9325
03-01-2019,2916.5638
02-01-2019,2886.8935
01-01-2019,2879.6694
31-12-2018,2882.7074
28-12-2018,2872.9851
27-12-2018,2873.484
26-12-2018,2841.1433
24-12-2018,2848.1042
21-12-2018,2835.846
20-12-2018,2840.782
19-12-2018,2821.5016
18-12-2018,2861.4109
17-12-2018,2858.7544
14-12-2018,2861.3791
13-12-2018,2861.9234
12-12-2018,2880.8954
11-12-2018,2884.1732
10-12-2018,2859.3831
07-12-2018,2820.5946
06-12-2018,2832.338
05-12-2018,2813.0788
04-12-2018,2813.3076
03-12-2018,2785.2717
30-11-2018,2745.3553
29-11-2018,2766.7949
28-11-2018,2767.2965
27-11-2018,2799.479
26-11-2018,2795.9934
22-11-2018,2816.2456
21-11-2018,2812.8683
20-11-2018,2811.0947
19-11-2018,2832.546
16-11-2018,2813.1572
15-11-2018,2826.2445
14-11-2018,2805.2096
13-11-2018,2813.9411
12-11-2018,2845.3876
09-11-2018,2864.8986
06-11-2018,2908.4219
05-11-2018,2903.9353
02-11-2018,2905.4887
01-11-2018,2912.0592
31-10-2018,2905.3868
30-10-2018,2895.3826
29-10-2018,2912.9534
26-10-2018,2922.939
25-10-2018,2911.1516
24-10-2018,2909.817
23-10-2018,2936.9505
22-10-2018,2892.7422
19-10-2018,2909.1786
17-10-2018,2909.0351
16-10-2018,2928.6468
15-10-2018,2940.0515
12-10-2018,2895.1577
11-10-2018,2878.1204
10-10-2018,2837.5909
09-10-2018,2838.7058
08-10-2018,2848.6168
05-10-2018,2850.4243
04-10-2018,2849.5557
03-10-2018,2833.0026
01-10-2018,2786.7299
28-09-2018,2779.8614
27-09-2018,2809.9129
26-09-2018,2818.2894
25-09-2018,2823.0914
24-09-2018,2817.4786
21-09-2018,2806.7082
19-09-2018,2822.4102
18-09-2018,2804.4417
17-09-2018,2805.0362
14-09-2018,2796.4454
12-09-2018,2812.0463
11-09-2018,2789.0259
10-09-2018,2801.6998
07-09-2018,2788.7995
06-09-2018,2791.809
05-09-2018,2765.9538
04-09-2018,2748.4103
03-09-2018,2746.2101
31-08-2018,2763.2515
30-08-2018,2747.294
29-08-2018,2743.3642
28-08-2018,2748.8851
27-08-2018,2697.8313
24-08-2018,2701.6162
23-08-2018,2693.7947
21-08-2018,2693.9198
20-08-2018,2686.4593
17-08-2018,2678.3253
16-08-2018,2677.7525
14-08-2018,2699.0689
13-08-2018,2707.0365
10-08-2018,2703.7341
09-08-2018,2699.8312
08-08-2018,2694.4076
07-08-2018,2706.0242
06-08-2018,2695.1879
03-08-2018,2690.7484
02-08-2018,2696.4021
01-08-2018,2715.625
31-07-2018,2708.6683
30-07-2018,2724.229
27-07-2018,2716.9485
26-07-2018,2735.3544
25-07-2018,2743.4843
24-07-2018,2740.0117
23-07-2018,2737.9102
20-07-2018,2734.0587
19-07-2018,2719.1357
18-07-2018,2721.7676
17-07-2018,2752.4686
16-07-2018,2765.6014
13-07-2018,2750.6143
12-07-2018,2768.761
11-07-2018,2786.2545
10-07-2018,2792.4638
09-07-2018,2805.2852
06-07-2018,2796.8065
05-07-2018,2786.8433
04-07-2018,2787.5312
03-07-2018,2771.5781
02-07-2018,2775.36
29-06-2018,2776.9821
28-06-2018,2799.2041
27-06-2018,2796.7304
26-06-2018,2784.4687
25-06-2018,2808.7458
22-06-2018,2794.8998
21-06-2018,2793.9916
20-06-2018,2808.8267
19-06-2018,2822.7597
18-06-2018,2822.5854
15-06-2018,2858.1026
14-06-2018,2858.8265
13-06-2018,2835.174
12-06-2018,2836.5627
11-06-2018,2827.6558
08-06-2018,2841.1768
07-06-2018,2823.5574
06-06-2018,2818.535
05-06-2018,2818.0502
04-06-2018,2818.1011
01-06-2018,2832.0349
31-05-2018,2854.6473
30-05-2018,2851.8157
29-05-2018,2865.9334
28-05-2018,2855.4404
25-05-2018,2886.7559
24-05-2018,2876.6007
23-05-2018,2865.4954
22-05-2018,2858.0302
21-05-2018,2844.8383
18-05-2018,2842.8829
17-05-2018,2832.568
16-05-2018,2842.5779
15-05-2018,2867.2989
14-05-2018,2880.0544
11-05-2018,2884.6802
10-05-2018,2871.323
09-05-2018,2855.9722
08-05-2018,2850.8443
07-05-2018,2850.531
04-05-2018,2837.9043
03-05-2018,2836.3948
02-05-2018,2833.6277
30-04-2018,2848.9391
27-04-2018,2852.0303
26-04-2018,2866.5622
25-04-2018,2868.9456
24-04-2018,2859.2172
23-04-2018,2854.9626
20-04-2018,2870.7736
19-04-2018,2873.3413
18-04-2018,2866.8308
17-04-2018,2857.3418
16-04-2018,2853.7325
13-04-2018,2838.2517
12-04-2018,2853.1075
11-04-2018,2843.1268
10-04-2018,2818.2433
09-04-2018,2803.9345
06-04-2018,2801.0397
05-04-2018,2806.2519
04-04-2018,2835.3985
03-04-2018,2823.1186
02-04-2018,2799.9356
28-03-2018,2832.8954
27-03-2018,2837.727
26-03-2018,2837.8395
23-03-2018,2835.6208
22-03-2018,2807.3246
21-03-2018,2789.6443
20-03-2018,2782.2409
19-03-2018,2774.1233
16-03-2018,2783.9016
15-03-2018,2793.873
14-03-2018,2799.5903
13-03-2018,2786.6442
12-03-2018,2786.4261
09-03-2018,2792.9444
08-03-2018,2798.4199
07-03-2018,2813.5797
06-03-2018,2800.5795
05-03-2018,2805.5201
01-03-2018,2778.9529
28-02-2018,2793.3409
27-02-2018,2807.2585
26-02-2018,2811.9191
23-02-2018,2799.2267
22-02-2018,2797.7551
21-02-2018,2798.5885
20-02-2018,2803.9404
19-02-2018,2798.5549
16-02-2018,2819.7476
15-02-2018,2811.596
14-02-2018,2776.7812
12-02-2018,2766.1322
09-02-2018,2759.0702
08-02-2018,2741.7941
07-02-2018,2773.6801
06-02-2018,2809.3683
05-02-2018,2785.7278
02-02-2018,2802.7327
01-02-2018,2778.3482
31-01-2018,2785.6507
30-01-2018,2789.055
29-01-2018,2786.0092
25-01-2018,2806.4881
24-01-2018,2794.2331
23-01-2018,2774.3947
22-01-2018,2773.5801
19-01-2018,2770.2253
18-01-2018,2762.6961
17-01-2018,2782.3832
16-01-2018,2769.3558
15-01-2018,2763.45
12-01-2018,2749.4235
11-01-2018,2733.3761
10-01-2018,2740.3353
09-01-2018,2714.0543
08-01-2018,2716.6228
05-01-2018,2716.555
04-01-2018,2710.7593
03-01-2018,2716.0849
02-01-2018,2720.1538
01-01-2018,2689.6794
29-12-2017,2699.7967
28-12-2017,2692.6359
27-12-2017,2680.5258
26-12-2017,2644.0677
22-12-2017,2643.95
21-12-2017,2643.5789
20-12-2017,2642.7162
19-12-2017,2639.786
18-12-2017,2630.9802
15-12-2017,2634.3965
14-12-2017,2638.1907
13-12-2017,2618.1775
12-12-2017,2622.8039
11-12-2017,2633.5439
08-12-2017,2627.1127
07-12-2017,2653.7895
06-12-2017,2672.7
05-12-2017,2684.0532
04-12-2017,2690.3238
01-12-2017,2689.1019
30-11-2017,2698.4626
29-11-2017,2719.6613
28-11-2017,2718.5195
27-11-2017,2730.5931
24-11-2017,2721.7638
23-11-2017,2726.1196
22-11-2017,2712.53
21-11-2017,2716.1837
20-11-2017,2740.5597
17-11-2017,2716.6186
16-11-2017,2718.8793
15-11-2017,2737.0547
14-11-2017,2719.0454
13-11-2017,2724.7961
10-11-2017,2721.0708
09-11-2017,2715.8307
08-11-2017,2718.7364
07-11-2017,2698.0094
06-11-2017,2686.0527
03-11-2017,2687.7102
02-11-2017,2692.2598
01-11-2017,2695.2216
31-10-2017,2699.222
30-10-2017,2702.1593
27-10-2017,2698.9391
26-10-2017,2707.0797
25-10-2017,2710.7973
24-10-2017,2713.0033
23-10-2017,2710.9701
18-10-2017,2723.7097
17-10-2017,2735.7135
16-10-2017,2759.078
13-10-2017,2743.1477
12-10-2017,2750.8048
11-10-2017,2749.189
10-10-2017,2747.9793
09-10-2017,2735.3519
06-10-2017,2705.8015
05-10-2017,2721.373
04-10-2017,2720.2973
03-10-2017,2720.9453
29-09-2017,2756.329
28-09-2017,2766.7114
27-09-2017,2777.8567
26-09-2017,2794.3189
25-09-2017,2753.2578
22-09-2017,2761.1588
21-09-2017,2743.2172
20-09-2017,2770.3866
19-09-2017,2751.0133
18-09-2017,2756.9239
15-09-2017,2775.0971
14-09-2017,2771.0925
13-09-2017,2785.2119
12-09-2017,2772.6375
11-09-2017,2793.8633
08-09-2017,2816.2576
07-09-2017,2804.0766
06-09-2017,2811.0259
05-09-2017,2790.2061
04-09-2017,2794.0752
01-09-2017,2761.1634
31-08-2017,2738.8303
30-08-2017,2740.8512
29-08-2017,2768.0105
28-08-2017,2693.817
24-08-2017,2699.5444
23-08-2017,2702.9488
22-08-2017,2699.8273
21-08-2017,2701.5441
18-08-2017,2719.2084
17-08-2017,2704.4856
16-08-2017,2674.7121
14-08-2017,2683.1071
11-08-2017,2702.49
10-08-2017,2676.2244
09-08-2017,2648.3325
08-08-2017,2635.7831
07-08-2017,2628.5083
04-08-2017,2649.8223
03-08-2017,2635.4347
02-08-2017,2661.0767
01-08-2017,2661.8981
31-07-2017,2661.0025
28-07-2017,2641.8156
27-07-2017,2645.536
26-07-2017,2625.1329
25-07-2017,2635.4362
24-07-2017,2646.2369
21-07-2017,2625.2552
20-07-2017,2610.6897
19-07-2017,2613.1409
18-07-2017,2608.323
17-07-2017,2595.9539
14-07-2017,2578.6123
13-07-2017,2587.7877
12-07-2017,2586.1729
11-07-2017,2572.1598
10-07-2017,2565.3077
07-07-2017,2597.0506
06-07-2017,2604.251
05-07-2017,2597.6665
04-07-2017,2605.7218
03-07-2017,2624.4151
30-06-2017,2673.8499
29-06-2017,2677.3441
28-06-2017,2689.2275
27-06-2017,2684.296
23-06-2017,2698.9872
22-06-2017,2688.0374
21-06-2017,2683.7474
20-06-2017,2677.692
19-06-2017,2683.3234
16-06-2017,2702.0749
15-06-2017,2698.335
14-06-2017,2711.9563
13-06-2017,2703.6274
12-06-2017,2715.0554
09-06-2017,2721.7744
08-06-2017,2745.9022
07-06-2017,2765.0327
06-06-2017,2751.7939
05-06-2017,2737.9746
02-06-2017,2702.8916
01-06-2017,2714.6952
31-05-2017,2713.1063
30-05-2017,2708.2853
29-05-2017,2709.6912
26-05-2017,2711.3767
25-05-2017,2692.919
24-05-2017,2695.0551
23-05-2017,2708.5897
22-05-2017,2691.6342
19-05-2017,2701.3964
18-05-2017,2694.6641
17-05-2017,2650.338
16-05-2017,2632.1867
15-05-2017,2628.9594
12-05-2017,2635.4121
11-05-2017,2627.1019
10-05-2017,2633.4684
09-05-2017,2637.8001
08-05-2017,2635.8987
05-05-2017,2658.2578
04-05-2017,2649.6854
03-05-2017,2682.0559
02-05-2017,2688.0852
28-04-2017,2707.5456
27-04-2017,2703.8315
26-04-2017,2700.8639
25-04-2017,2722.1628
24-04-2017,2732.334
21-04-2017,2754.9763
20-04-2017,2755.9137
19-04-2017,2756.6066
18-04-2017,2763.2276
17-04-2017,2759.2251
13-04-2017,2756.1074
12-04-2017,2738.8581
11-04-2017,2701.1102
10-04-2017,2693.2697
07-04-2017,2712.3301
06-04-2017,2715.3504
05-04-2017,2715.4344
03-04-2017,2698.3792
31-03-2017,2687.0684
30-03-2017,2699.6305
29-03-2017,2704.4611
28-03-2017,2711.0627
27-03-2017,2717.4884
24-03-2017,2706.3446
23-03-2017,2712.7264
22-03-2017,2711.7502
21-03-2017,2677.6451
20-03-2017,2682.2241
17-03-2017,2679.9747
16-03-2017,2673.5241
15-03-2017,2632.4949
14-03-2017,2670.4015
10-03-2017,2675.1138
09-03-2017,2694.3162
08-03-2017,2706.9147
07-03-2017,2727.749
06-03-2017,2747.237
03-03-2017,2745.5947
02-03-2017,2772.2223
01-03-2017,2781.7555
28-02-2017,2789.395
27-02-2017,2791.8065
23-02-2017,2758.3429
22-02-2017,2763.5445
21-02-2017,2746.3897
20-02-2017,2759.8422
17-02-2017,2774.8462
16-02-2017,2763.9586
15-02-2017,2739.69
14-02-2017,2741.7848
13-02-2017,2742.1876
10-02-2017,2733.9736
09-02-2017,2769.0558
08-02-2017,2767.6911
07-02-2017,2760.8196
06-02-2017,2735.9819
03-02-2017,2725.2735
02-02-2017,2752.6639
01-02-2017,2731.489
31-01-2017,2714.8283
30-01-2017,2707.6021
27-01-2017,2702.0497
25-01-2017,2739.9897
24-01-2017,2760.1897
23-01-2017,2758.5233
20-01-2017,2728.9131
19-01-2017,2739.7551
18-01-2017,2749.7882
17-01-2017,2764.2813
16-01-2017,2738.0015
13-01-2017,2727.8494
12-01-2017,2730.4484
11-01-2017,2696.5239
10-01-2017,2681.8417
09-01-2017,2671.7341
06-01-2017,2667.5395
05-01-2017,2651.1653
04-01-2017,2650.4287
03-01-2017,2611.9381
02-01-2017,2631.1675
30-12-2016,2629.028
29-12-2016,2613.8332
28-12-2016,2602.9459
27-12-2016,2577.2793
26-12-2016,2571.7675
23-12-2016,2574.6816
22-12-2016,2573.9045
21-12-2016,2580.4292
20-12-2016,2577.9258
19-12-2016,2582.0926
16-12-2016,2578.5013
15-12-2016,2577.1783
14-12-2016,2632.3454
13-12-2016,2622.54
12-12-2016,2620.0292
09-12-2016,2649.7408
08-12-2016,2656.3364
07-12-2016,2664.8239
06-12-2016,2670.4158
05-12-2016,2662.5736
02-12-2016,2683.6882
01-12-2016,2675.7271
30-11-2016,2719.6237
29-11-2016,2729.4028
28-11-2016,2735.7179
25-11-2016,2723.31
24-11-2016,2729.8164
23-11-2016,2777.0312
22-11-2016,2776.9455
21-11-2016,2772.6437
18-11-2016,2748.7635
17-11-2016,2790.507
16-11-2016,2772.8528
15-11-2016,2777.1673
11-11-2016,2818.9968
10-11-2016,2846.7087
09-11-2016,2908.6136
08-11-2016,2863.9377
07-11-2016,2870.5306
04-11-2016,2900.3858
03-11-2016,2881.7265
02-11-2016,2892.8265
01-11-2016,2865.4119
28-10-2016,2831.4552
27-10-2016,2839.4871
26-10-2016,2844.0873
25-10-2016,2839.3648
24-10-2016,2834.2391
21-10-2016,2829.5739
20-10-2016,2834.1562
19-10-2016,2834.3266
18-10-2016,2818.6139
17-10-2016,2802.6563
14-10-2016,2812.5136
13-10-2016,2828.0679
10-10-2016,2826.5759
07-10-2016,2820.2449
06-10-2016,2836.5325
05-10-2016,2851.2645
04-10-2016,2921.2341
03-10-2016,2939.4392
30-09-2016,2963.3042
29-09-2016,2946.2586
28-09-2016,2950.0978
27-09-2016,2972.8804
26-09-2016,2983.84
23-09-2016,2980.9648
22-09-2016,2981.9083
21-09-2016,2964.8186
20-09-2016,2954.7028
19-09-2016,2948.2611
16-09-2016,2947.1682
15-09-2016,2965.4324
14-09-2016,2968.0325
12-09-2016,2974.3656
09-09-2016,2976.6816
08-09-2016,2997.5416
07-09-2016,2995.5974
06-09-2016,2965.7241
02-09-2016,2940.4948
01-09-2016,2932.7489
31-08-2016,2951.5835
30-08-2016,2972.7003
29-08-2016,2988.7547
26-08-2016,2982.9457
25-08-2016,2984.5344
24-08-2016,3012.3114
23-08-2016,3013.0625
22-08-2016,3008.9098
19-08-2016,3023.8146
18-08-2016,3018.868
17-08-2016,3014.4322
16-08-2016,3027.3305
12-08-2016,2999.6794
11-08-2016,3014.2549
10-08-2016,3024.4405
09-08-2016,2995.2106
08-08-2016,2980.4663
05-08-2016,3049.3982
04-08-2016,3033.4377
03-08-2016,3059.9608
02-08-2016,3040.1975
01-08-2016,3020.7257
29-07-2016,2999.8626
28-07-2016,3014.6315
27-07-2016,2980.4717
26-07-2016,2986.7458
25-07-2016,2969.1345
22-07-2016,2981.7189
21-07-2016,2982.3041
20-07-2016,2988.4303
19-07-2016,3000.8641
18-07-2016,2986.8823
15-07-2016,2994.5035
14-07-2016,2978.7584
13-07-2016,3020.1019
12-07-2016,3043.4205
11-07-2016,3054.2811
08-07-2016,3063.175
07-07-2016,3087.2987
05-07-2016,3037.3893
04-07-2016,3036.7038
01-07-2016,3012.7876
30-06-2016,2989.8173
29-06-2016,2988.5948
28-06-2016,2982.5722
27-06-2016,3009.0665
24-06-2016,2991.81
23-06-2016,2868.1627
22-06-2016,2873.8953
21-06-2016,2903.1468
20-06-2016,2905.5815
17-06-2016,2898.9968
16-06-2016,2947.3642
15-06-2016,2894.7657
14-06-2016,2887.9386
13-06-2016,2880.5427
10-06-2016,2834.5297
09-06-2016,2811.4401
08-06-2016,2803.7864
07-06-2016,2784.5703
06-06-2016,2788.4737
03-06-2016,2739.1322
02-06-2016,2747.8424
01-06-2016,2753.1195
31-05-2016,2735.9716
30-05-2016,2776.9231
27-05-2016,2766.8226
26-05-2016,2786.2236
25-05-2016,2780.2687
24-05-2016,2834.858
23-05-2016,2837.2615
20-05-2016,2852.1749
19-05-2016,2836.2511
18-05-2016,2858.97
17-05-2016,2850.1022
16-05-2016,2876.0347
13-05-2016,2862.0895
12-05-2016,2836.7898
11-05-2016,2847.7247
10-05-2016,2834.7907
09-05-2016,2849.8868
06-05-2016,2860.8155
05-05-2016,2848.0123
04-05-2016,2858.3643
03-05-2016,2880.4955
02-05-2016,2839.259
29-04-2016,2846.2563
28-04-2016,2805.9278
27-04-2016,2787.5205
26-04-2016,2773.9541
25-04-2016,2764.8117
22-04-2016,2787.2054
21-04-2016,2806.7278
20-04-2016,2784.9221
18-04-2016,2780.9444
13-04-2016,2788.6356
12-04-2016,2814.3733
11-04-2016,2786.47
08-04-2016,2764.9601
07-04-2016,2769.8825
06-04-2016,2750.4207
05-04-2016,2752.514
04-04-2016,2716.3725
01-04-2016,2754.3503
31-03-2016,2757.4501
30-03-2016,2771.0254
29-03-2016,2732.7996
28-03-2016,2736.9513
23-03-2016,2776.5231
22-03-2016,2804.0177
21-03-2016,2787.4696
18-03-2016,2812.3742
17-03-2016,2855.6091
16-03-2016,2800.0005
15-03-2016,2792.565
14-03-2016,2831.5354
11-03-2016,2845.813
10-03-2016,2814.0299
09-03-2016,2852.2636
08-03-2016,2879.9124
04-03-2016,2872.3531
03-03-2016,2819.9097
02-03-2016,2806.3596
01-03-2016,2845.5251
29-02-2016,2850.7309
26-02-2016,2853.1534
25-02-2016,2855.6919
24-02-2016,2847.936
23-02-2016,2822.7417
22-02-2016,2788.0973
19-02-2016,2823.3121
18-02-2016,2785.8718
17-02-2016,2785.3808
16-02-2016,2795.9848
15-02-2016,2781.2833
12-02-2016,2847.0969
11-02-2016,2797.7132
10-02-2016,2710.5425
09-02-2016,2732.253
08-02-2016,2670.5637
05-02-2016,2633.6445
04-02-2016,2614.4195
03-02-2016,2593.8927
02-02-2016,2568.7614
01-02-2016,2560.0147
29-01-2016,2548.4259
28-01-2016,2562.873
27-01-2016,2554.1765
25-01-2016,2516.51
22-01-2016,2507.8037
21-01-2016,2513.2775
20-01-2016,2503.1442
19-01-2016,2476.6538
18-01-2016,2484.6344
15-01-2016,2460.4972
14-01-2016,2463.1576
13-01-2016,2436.5242
12-01-2016,2464.7963
11-01-2016,2481.4353
08-01-2016,2462.8843
07-01-2016,2467.2742
06-01-2016,2436.1666
05-01-2016,2418.6073
04-01-2016,2405.3383
01-01-2016,2375.1668
31-12-2015,2380.0234
30-12-2015,2395.79
29-12-2015,2392.9639
28-12-2015,2394.8038
24-12-2015,2397.119
23-12-2015,2396.3689
22-12-2015,2410.6692
21-12-2015,2399.7688
18-12-2015,2371.0835
17-12-2015,2400.0574
16-12-2015,2406.3597
15-12-2015,2419.7619
14-12-2015,2413.8793
11-12-2015,2405.6299
10-12-2015,2415.5883
09-12-2015,2427.3164
08-12-2015,2415.4386
07-12-2015,2432.0728
04-12-2015,2399.1077
03-12-2015,2369.1245
02-12-2015,2398.0981
01-12-2015,2399.722
30-11-2015,2381.8152
27-11-2015,2404.7413
26-11-2015,2410.1518
24-11-2015,2409.8581
23-11-2015,2399.3678
20-11-2015,2425.0214
19-11-2015,2399.6245
18-11-2015,2394.5534
17-11-2015,2410.9423
16-11-2015,2444.8481
13-11-2015,2422.3607
10-11-2015,2447.2012
09-11-2015,2453.1323
06-11-2015,2471.5581
05-11-2015,2463.7907
04-11-2015,2481.5788
03-11-2015,2503.3557
02-11-2015,2514.1693
30-10-2015,2529.1887
29-10-2015,2554.8336
28-10-2015,2575.7375
27-10-2015,2561.3535
26-10-2015,2567.0359
23-10-2015,2570.4309
21-10-2015,2585.8857
20-10-2015,2575.1999
19-10-2015,2568.59
16-10-2015,2583.5809
15-10-2015,2586.153
14-10-2015,2577.5207
13-10-2015,2536.0687
12-10-2015,2545.0385
09-10-2015,2522.2701
08-10-2015,2519.1815
07-10-2015,2531.9184
06-10-2015,2514.7583
05-10-2015,2506.2617
01-10-2015,2478.6811
30-09-2015,2496.9135
29-09-2015,2510.496
28-09-2015,2532.955
24-09-2015,2527.7732
23-09-2015,2503.5614
22-09-2015,2501.1726
21-09-2015,2520.793
18-09-2015,2525.3192
16-09-2015,2491.5804
15-09-2015,2480.9651
14-09-2015,2490.367
11-09-2015,2487.8001
10-09-2015,2497.3988
09-09-2015,2517.0388
08-09-2015,2524.8722
07-09-2015,2530.0055
04-09-2015,2526.5251
03-09-2015,2526.8784
02-09-2015,2544.7872
01-09-2015,2552.0665
31-08-2015,2516.7638
28-08-2015,2509.2363
27-08-2015,2514.6512
26-08-2015,2530.0892
25-08-2015,2589.5214
24-08-2015,2581.0297
21-08-2015,2548.9645
20-08-2015,2500.6104
19-08-2015,2471.8589
18-08-2015,2462.773
17-08-2015,2459.1745
14-08-2015,2454.979
13-08-2015,2443.6699
12-08-2015,2439.4344
11-08-2015,2410.1935
10-08-2015,2360.2698
07-08-2015,2355.3582
06-08-2015,2340.6846
05-08-2015,2345.5252
04-08-2015,2361.3389
03-08-2015,2363.2239
31-07-2015,2339.612
30-07-2015,2350.6379
29-07-2015,2368.6178
28-07-2015,2370.9054
27-07-2015,2376.0216
24-07-2015,2343.57
23-07-2015,2372.5122
22-07-2015,2370.7753
21-07-2015,2396.693
20-07-2015,2406.9496
17-07-2015,2459.3911
16-07-2015,2464.1816
15-07-2015,2479.0216
14-07-2015,2483.8834
13-07-2015,2486.2067
10-07-2015,2497.7881
09-07-2015,2501.8138
08-07-2015,2488.902
07-07-2015,2505.304
06-07-2015,2508.7779
03-07-2015,2510.2486
02-07-2015,2510.0286
01-07-2015,2526.312
30-06-2015,2539.468
29-06-2015,2548.3055
26-06-2015,2533.1972
25-06-2015,2533.9493
24-06-2015,2537.9877
23-06-2015,2552.1283
22-06-2015,2567.5248
19-06-2015,2587.768
18-06-2015,2589.4153
17-06-2015,2561.0343
16-06-2015,2569.5002
15-06-2015,2559.741
12-06-2015,2559.8884
11-06-2015,2557.3773
10-06-2015,2567.9624
09-06-2015,2560.1425
08-06-2015,2551.6501
05-06-2015,2549.0486
04-06-2015,2570.4282
03-06-2015,2566.7779
02-06-2015,2570.3751
01-06-2015,2559.4477
29-05-2015,2571.3008
28-05-2015,2582.8366
27-05-2015,2581.4887
26-05-2015,2589.8212
25-05-2015,2614.7899
22-05-2015,2613.1649
21-05-2015,2615.4391
20-05-2015,2616.0978
19-05-2015,2634.6521
18-05-2015,2646.272
15-05-2015,2624.4165
14-05-2015,2627.9789
13-05-2015,2598.5089
12-05-2015,2582.2749
11-05-2015,2570.125
08-05-2015,2578.5952
07-05-2015,2562.7109
06-05-2015,2570.2056
05-05-2015,2558.3104
04-05-2015,2544.207
30-04-2015,2593.6512
29-04-2015,2577.7148
28-04-2015,2575.9442
27-04-2015,2550.1296
24-04-2015,2560.9114
23-04-2015,2544.6018
22-04-2015,2559.4316
21-04-2015,2554.2226
20-04-2015,2551.796
17-04-2015,2546.4726
16-04-2015,2548.4298
15-04-2015,2519.7672
13-04-2015,2534.657
10-04-2015,2541.7793
09-04-2015,2526.5602
08-04-2015,2558.1191
07-04-2015,2553.3351
06-04-2015,2533.6411
01-04-2015,2510.4642
31-03-2015,2506.7099
30-03-2015,2517.6248
27-03-2015,2537.2697
26-03-2015,2561.6173
25-03-2015,2517.2647
24-03-2015,2513.4309
23-03-2015,2494.1981
20-03-2015,2483.4001
19-03-2015,2465.3666
18-03-2015,2445.6722
17-03-2015,2457.4787
16-03-2015,2466.459
13-03-2015,2471.5516
12-03-2015,2476.909
11-03-2015,2478.5424
10-03-2015,2481.2572
09-03-2015,2502.8029
05-03-2015,2537.5918
04-03-2015,2533.3777
03-03-2015,2539.4897
02-03-2015,2556.0629
27-02-2015,2532.7901
26-02-2015,2569.2571
25-02-2015,2547.725
24-02-2015,2535.3656
23-02-2015,2528.2504
20-02-2015,2550.1329
18-02-2015,2554.2548
16-02-2015,2604.1945
13-02-2015,2596.3927
12-02-2015,2606.5823
11-02-2015,2615.7403
10-02-2015,2612.3841
09-02-2015,2628.2405
06-02-2015,2654.0976
05-02-2015,2658.4676
04-02-2015,2661.3581
03-02-2015,2685.9309
02-02-2015,2678.9333
30-01-2015,2653.8828
29-01-2015,2659.7842
28-01-2015,2677.9725
27-01-2015,2665.1129
23-01-2015,2694.0738
22-01-2015,2689.5154
21-01-2015,2707.2803
20-01-2015,2705.7745
19-01-2015,2668.3041
16-01-2015,2643.4284
15-01-2015,2595.0705
14-01-2015,2597.7352
13-01-2015,2615.3629
12-01-2015,2585.2938
09-01-2015,2573.7642
08-01-2015,2585.9632
07-01-2015,2618.0149
06-01-2015,2610.3322
05-01-2015,2573.6541
02-01-2015,2555.1138
01-01-2015,2585.6776
31-12-2014,2586.1158
30-12-2014,2579.233
29-12-2014,2590.4156
26-12-2014,2556.7896
24-12-2014,2550.6075
23-12-2014,2555.0237
22-12-2014,2575.6987
19-12-2014,2576.2375
18-12-2014,2605.9064
17-12-2014,2592.9621
16-12-2014,2587.3203
15-12-2014,2581.3896
12-12-2014,2593.1912
11-12-2014,2576.7338
10-12-2014,2583.8036
09-12-2014,2539.7942
08-12-2014,2520.3764
05-12-2014,2535.4559
04-12-2014,2535.8283
03-12-2014,2534.8204
02-12-2014,2524.4612
01-12-2014,2497.5854
28-11-2014,2496.559
27-11-2014,2515.4169
26-11-2014,2514.086
25-11-2014,2528.465
24-11-2014,2511.5172
21-11-2014,2509.0919
20-11-2014,2517.2989
19-11-2014,2519.9946
18-11-2014,2521.687
17-11-2014,2488.5683
14-11-2014,2433.201
13-11-2014,2443.223
12-11-2014,2444.7543
11-11-2014,2424.7274
10-11-2014,2460.3899
07-11-2014,2412.1324
05-11-2014,2408.5904
03-11-2014,2457.6644
31-10-2014,2468.5598
30-10-2014,2531.9587
29-10-2014,2568.4761
28-10-2014,2570.333
27-10-2014,2569.9541
22-10-2014,2601.0786
21-10-2014,2612.9064
20-10-2014,2592.381
17-10-2014,2599.4979
16-10-2014,2600.9881
14-10-2014,2568.8052
13-10-2014,2564.7025
10-10-2014,2550.9501
09-10-2014,2556.119
08-10-2014,2558.2288
07-10-2014,2530.779
01-10-2014,2545.4885
30-09-2014,2543.2619
29-09-2014,2553.438
26-09-2014,2567.5729
25-09-2014,2524.9814
24-09-2014,2550.5236
23-09-2014,2546.4736
22-09-2014,2522.8574
19-09-2014,2539.5926
18-09-2014,2547.0641
17-09-2014,2568.5563
16-09-2014,2578.4661
15-09-2014,2566.9406
12-09-2014,2577.9938
11-09-2014,2599.1959
10-09-2014,2609.3547
09-09-2014,2597.2674
08-09-2014,2611.7772
05-09-2014,2612.8086
04-09-2014,2627.5259
03-09-2014,2626.4896
02-09-2014,2646.3526
01-09-2014,2658.6946
28-08-2014,2664.0319
27-08-2014,2658.2563
26-08-2014,2662.2304
25-08-2014,2649.342
22-08-2014,2649.8969
21-08-2014,2664.6451
20-08-2014,2686.9466
19-08-2014,2700.0242
14-08-2014,2741.3962
13-08-2014,2735.1868
12-08-2014,2736.0779
11-08-2014,2728.2181
08-08-2014,2763.7457
07-08-2014,2723.8443
06-08-2014,2695.3831
05-08-2014,2684.8265
04-08-2014,2692.2772
01-08-2014,2668.9362
31-07-2014,2664.4598
30-07-2014,2667.6567
28-07-2014,2679.7626
25-07-2014,2658.5922
24-07-2014,2666.7997
23-07-2014,2688.015
22-07-2014,2689.2947
21-07-2014,2697.9584
18-07-2014,2699.3845
17-07-2014,2675.3698
16-07-2014,2667.7361
15-07-2014,2697.6139
14-07-2014,2706.0615
11-07-2014,2741.8582
10-07-2014,2741.5425
09-07-2014,2697.3102
08-07-2014,2692.4508
07-07-2014,2689.351
04-07-2014,2698.5749
03-07-2014,2699.0482
02-07-2014,2717.2517
01-07-2014,2722.128
30-06-2014,2686.651
27-06-2014,2691.1106
26-06-2014,2686.9167
25-06-2014,2692.638
24-06-2014,2706.0148
23-06-2014,2692.0708
20-06-2014,2689.2591
19-06-2014,2624.0421
18-06-2014,2604.8457
17-06-2014,2606.1175
16-06-2014,2623.8836
13-06-2014,2585.3839
12-06-2014,2559.0071
11-06-2014,2560.3103
10-06-2014,2541.6063
09-06-2014,2536.4846
06-06-2014,2540.1424
05-06-2014,2528.2218
04-06-2014,2532.0547
03-06-2014,2524.1722
02-06-2014,2522.2981
30-05-2014,2544.7805
29-05-2014,2537.4011
28-05-2014,2567.0483
27-05-2014,2598.6706
26-05-2014,2596.2787
23-05-2014,2592.3029
22-05-2014,2600.5141
21-05-2014,2603.9997
20-05-2014,2602.0797
19-05-2014,2606.4791
16-05-2014,2611.0307
15-05-2014,2655.9364
13-05-2014,2652.017
12-05-2014,2646.1477
09-05-2014,2652.4065
08-05-2014,2654.1315
07-05-2014,2692.6987
06-05-2014,2694.7032
05-05-2014,2645.005
02-05-2014,2652.2626
30-04-2014,2675.1745
29-04-2014,2678.5548
28-04-2014,2700.637
25-04-2014,2710.9137
23-04-2014,2688.8718
22-04-2014,2688.4595
21-04-2014,2689.1661
17-04-2014,2689.7653
16-04-2014,2683.1618
15-04-2014,2701.8973
11-04-2014,2713.0577
10-04-2014,2718.7546
09-04-2014,2691.418
07-04-2014,2666.5684
04-04-2014,2671.5274
03-04-2014,2657.564
02-04-2014,2632.5806
31-03-2014,2671.9036
28-03-2014,2689.9969
27-03-2014,2689.8329
26-03-2014,2727.83
25-03-2014,2741.419
24-03-2014,2763.5909
21-03-2014,2808.9013
20-03-2014,2791.8375
19-03-2014,2826.3348
18-03-2014,2851.1056
14-03-2014,2882.3009
13-03-2014,2862.9247
12-03-2014,2837.3559
11-03-2014,2806.448
10-03-2014,2801.2757
07-03-2014,2819.0391
06-03-2014,2810.8356
05-03-2014,2831.4174
04-03-2014,2844.9808
03-03-2014,2852.2708
28-02-2014,2829.529
26-02-2014,2840.0459
25-02-2014,2827.7975
24-02-2014,2834.1893
21-02-2014,2812.5556
20-02-2014,2804.1372
18-02-2014,2798.145
17-02-2014,2814.166
14-02-2014,2783.5144
13-02-2014,2748.2652
12-02-2014,2735.2248
11-02-2014,2740.5976
10-02-2014,2713.0827
07-02-2014,2692.1239
06-02-2014,2693.6723
05-02-2014,2688.813
04-02-2014,2690.0683
03-02-2014,2677.8324
31-01-2014,2671.6803
30-01-2014,2696.2412
29-01-2014,2676.9943
28-01-2014,2705.39
27-01-2014,2726.7492
24-01-2014,2685.0789
23-01-2014,2648.9914
22-01-2014,2637.3332
21-01-2014,2638.3009
20-01-2014,2655.5545
17-01-2014,2618.6247
16-01-2014,2619.1226
15-01-2014,2613.4504
13-01-2014,2626.1668
10-01-2014,2616.11
09-01-2014,2613.5288
08-01-2014,2616.9156
07-01-2014,2643.3902
06-01-2014,2642.3986
03-01-2014,2634.5999
02-01-2014,2593.5108
01-01-2014,2559.7917
31-12-2013,2562.2494
30-12-2013,2566.2609
27-12-2013,2583.4447
26-12-2013,2555.8948
24-12-2013,2551.9734
23-12-2013,2549.4775
20-12-2013,2563.2575
19-12-2013,2585.8414
18-12-2013,2622.2223
17-12-2013,2631.4908
16-12-2013,2622.1986
13-12-2013,2614.6396
12-12-2013,2635.0072
11-12-2013,2646.2028
10-12-2013,2623.4089
09-12-2013,2589.695
06-12-2013,2612.8017
05-12-2013,2623.9418
04-12-2013,2608.1588
03-12-2013,2620.2129
02-12-2013,2651.4121
29-11-2013,2673.0266
28-11-2013,2671.7938
27-11-2013,2688.1715
26-11-2013,2691.5077
25-11-2013,2659.8104
22-11-2013,2696.5719
21-11-2013,2703.7633
20-11-2013,2735.4946
19-11-2013,2724.0687
18-11-2013,2761.5177
14-11-2013,2780.6675
13-11-2013,2789.9704
12-11-2013,2811.8983
11-11-2013,2805.4916
08-11-2013,2832.194
07-11-2013,2835.4539
06-11-2013,2810.7664
05-11-2013,2794.3088
01-11-2013,2805.9871
31-10-2013,2823.2015
30-10-2013,2856.4517
29-10-2013,2835.3652
28-10-2013,2845.195
25-10-2013,2832.8209
24-10-2013,2813.4537
23-10-2013,2812.4444
22-10-2013,2782.0143
21-10-2013,2778.2687
18-10-2013,2771.6259
17-10-2013,2769.4137
15-10-2013,2683.9081
14-10-2013,2707.7157
11-10-2013,2720.5413
10-10-2013,2783.4968
09-10-2013,2796.6903
08-10-2013,2809.4303
07-10-2013,2793.9226
04-10-2013,2788.4599
03-10-2013,2802.2206
01-10-2013,2864.4469
30-09-2013,2886.2541
27-09-2013,2818.9161
26-09-2013,2857.279
25-09-2013,2853.0996
24-09-2013,2844.2377
23-09-2013,2848.7947
20-09-2013,2902.2357
19-09-2013,2894.4003
18-09-2013,2828.8647
17-09-2013,2872.7568
16-09-2013,2847.9502
13-09-2013,2906.0987
12-09-2013,2964.4125
11-09-2013,3023.8915
10-09-2013,3052.8235
06-09-2013,3117.933
05-09-2013,3162.1412
04-09-2013,3229.9017
03-09-2013,3197.8436
02-09-2013,3153.6231
30-08-2013,3189.8023
29-08-2013,3249.0723
28-08-2013,3319.326
27-08-2013,3170.725
26-08-2013,3035.0525
23-08-2013,3054.6732
22-08-2013,3063.1065
21-08-2013,2958.6883
20-08-2013,2981.7166
19-08-2013,2941.0793
16-08-2013,2890.8368
14-08-2013,2803.6625
13-08-2013,2820.8797
12-08-2013,2726.1007
08-08-2013,2667.1075
07-08-2013,2655.0084
06-08-2013,2692.2563
05-08-2013,2699.4679
02-08-2013,2651.1841
01-08-2013,2713.988
31-07-2013,2737.4813
30-07-2013,2666.8707
29-07-2013,2660.6888
26-07-2013,2639.4458
25-07-2013,2611.82
24-07-2013,2684.2982
23-07-2013,2669.8542
22-07-2013,2634.3323
19-07-2013,2598.799
18-07-2013,2586.7565
17-07-2013,2581.1389
16-07-2013,2585.6413
15-07-2013,2596.0026
12-07-2013,2578.345
11-07-2013,2578.9573
10-07-2013,2545.3729
09-07-2013,2542.685
08-07-2013,2530.4268
05-07-2013,2514.3626
04-07-2013,2531.9843
03-07-2013,2525.8964
02-07-2013,2526.5545
28-06-2013,2440.6575
27-06-2013,2528.3318
26-06-2013,2494.5651
25-06-2013,2592.9221
24-06-2013,2590.9802
21-06-2013,2600.6816
20-06-2013,2630.4988
19-06-2013,2706.4749
18-06-2013,2716.8072
17-06-2013,2699.4001
14-06-2013,2692.9862
13-06-2013,2733.8689
12-06-2013,2711.5834
11-06-2013,2725.4522
10-06-2013,2689.738
07-06-2013,2704.2101
06-06-2013,2685.4869
05-06-2013,2609.9908
04-06-2013,2635.026
03-06-2013,2617.1545
31-05-2013,2631.4556
30-05-2013,2607.1294
29-05-2013,2575.4319
28-05-2013,2544.3534
27-05-2013,2549.9972
24-05-2013,2549.7326
23-05-2013,2567.7005
22-05-2013,2546.2575
21-05-2013,2522.9989
20-05-2013,2480.1412
17-05-2013,2513.374
16-05-2013,2507.1553
15-05-2013,2571.5174
14-05-2013,2606.0065
13-05-2013,2607.4411
10-05-2013,2624.1819
09-05-2013,2644.9451
08-05-2013,2615.1246
07-05-2013,2635.76
06-05-2013,2643.5938
03-05-2013,2643.945
02-05-2013,2599.2942
30-04-2013,2648.1759
29-04-2013,2650.5167
26-04-2013,2626.6226
25-04-2013,2594.5268
23-04-2013,2550.9535
22-04-2013,2558.2467
18-04-2013,2506.3938
17-04-2013,2488.9104
16-04-2013,2503.9816
15-04-2013,2588.93
12-04-2013,2805.3636
10-04-2013,2867.0035
09-04-2013,2848.2149
08-04-2013,2869.2188
05-04-2013,2835.3922
04-04-2013,2811.4865
03-04-2013,2838.6151
02-04-2013,2885.6735
31-03-2013,2892.1604
28-03-2013,2892.455
26-03-2013,2877.97
25-03-2013,2877.7964
22-03-2013,2905.486
21-03-2013,2898.8046
20-03-2013,2908.4107
19-03-2013,2887.4886
18-03-2013,2883.8803
15-03-2013,2868.6415
14-03-2013,2868.7139
13-03-2013,2863.3106
12-03-2013,2859.3884
11-03-2013,2848.8574
08-03-2013,2853.6763
07-03-2013,2875.4919
06-03-2013,2862.8604
05-03-2013,2877.7311
04-03-2013,2886.8715
01-03-2013,2850.0127
28-02-2013,2850.582
27-02-2013,2883.1141
26-02-2013,2875.7535
25-02-2013,2866.6749
22-02-2013,2864.8715
21-02-2013,2843.5048
20-02-2013,2879.0461
18-02-2013,2906.8734
15-02-2013,2925.5204
14-02-2013,2944.4466
13-02-2013,2950.1545
12-02-2013,2945.3072
11-02-2013,2967.5099
08-02-2013,2972.5201
07-02-2013,2966.1634
06-02-2013,2953.6312
05-02-2013,2977.9468
04-02-2013,2938.4053
01-02-2013,2958.1881
31-01-2013,2971.2766
30-01-2013,2972.1685
29-01-2013,2969.5833
28-01-2013,2973.1795
24-01-2013,3005.5794
23-01-2013,3027.0585
22-01-2013,3013.8295
21-01-2013,2965.287
18-01-2013,2972.78
17-01-2013,2997.2907
16-01-2013,3001.0347
15-01-2013,2987.6778
14-01-2013,2970.0505
11-01-2013,2968.2649
10-01-2013,2962.0433
09-01-2013,2980.2608
08-01-2013,2982.4772
07-01-2013,2964.4722
04-01-2013,2921.0745
03-01-2013,2988.9389
02-01-2013,2982.5385
01-01-2013,2975.9546
31-12-2012,2975.6432
28-12-2012,2970.5574
27-12-2012,2964.6032
26-12-2012,2983.2179
24-12-2012,2989.7662
21-12-2012,2965.5025
20-12-2012,2984.4819
19-12-2012,2991.8955
18-12-2012,3040.7126
17-12-2012,3012.8937
14-12-2012,3013.888
13-12-2012,3002.7313
12-12-2012,3035.0838
11-12-2012,3032.8342
10-12-2012,3032.1101
07-12-2012,3005.443
06-12-2012,3013.8414
05-12-2012,3036.5191
04-12-2012,3063.2412
03-12-2012,3061.8731
30-11-2012,3077.7662
29-11-2012,3107.9558
27-11-2012,3174.9269
26-11-2012,3174.3346
23-11-2012,3133.9461
22-11-2012,3115.2464
21-11-2012,3112.5946
20-11-2012,3109.3128
19-11-2012,3093.9861
16-11-2012,3070.6558
15-11-2012,3092.2134
12-11-2012,3111.0888
09-11-2012,3073.9465
08-11-2012,3049.2512
07-11-2012,3065.5273
06-11-2012,3017.9992
05-11-2012,2969.0305
02-11-2012,2996.6728
01-11-2012,3025.1639
31-10-2012,3038.508
30-10-2012,3033.5234
29-10-2012,3011.8193
25-10-2012,3007.7502
23-10-2012,3009.1011
22-10-2012,3027.1667
19-10-2012,3042.8459
18-10-2012,3026.7431
17-10-2012,3014.4639
16-10-2012,3001.4145
15-10-2012,3033.8517
12-10-2012,3043.6967
11-10-2012,3064.872
10-10-2012,3056.315
09-10-2012,3032.0863
08-10-2012,3020.3923
05-10-2012,3021.5182
04-10-2012,3040.346
03-10-2012,3045.3887
01-10-2012,3059.4948
30-09-2012,3069.9584
28-09-2012,3070.1266
27-09-2012,3058.4264
26-09-2012,3090.6075
25-09-2012,3093.2618
24-09-2012,3066.2029
21-09-2012,3126.0539
20-09-2012,3130.0736
18-09-2012,3120.2707
17-09-2012,3122.5118
14-09-2012,3168.2296
13-09-2012,3135.1635
12-09-2012,3146.5497
11-09-2012,3140.5095
10-09-2012,3133.6686
07-09-2012,3078.2059
06-09-2012,3123.6866
05-09-2012,3086.1895
04-09-2012,3070.7144
03-09-2012,3056.8775
31-08-2012,3018.9868
30-08-2012,3013.961
29-08-2012,3027.5745
28-08-2012,3032.3122
27-08-2012,3027.8853
24-08-2012,3017.093
23-08-2012,2999.9696
22-08-2012,2978.7064
21-08-2012,2951.5878
17-08-2012,2947.0478
16-08-2012,2938.6413
14-08-2012,2940.3787
13-08-2012,2942.4984
10-08-2012,2915.1025
09-08-2012,2913.8239
08-08-2012,2902.6122
07-08-2012,2931.0022
06-08-2012,2918.8596
03-08-2012,2929.2859
02-08-2012,2930.5609
01-08-2012,2932.9233
31-07-2012,2958.9879
30-07-2012,2929.6294
27-07-2012,2932.269
26-07-2012,2931.9032
25-07-2012,2926.0904
24-07-2012,2882.7045
23-07-2012,2867.7699
20-07-2012,2857.6776
19-07-2012,2862.8284
18-07-2012,2859.8787
17-07-2012,2877.1567
16-07-2012,2846.8732
13-07-2012,2875.321
12-07-2012,2853.7894
11-07-2012,2856.5781
10-07-2012,2910.0269
09-07-2012,2897.187
06-07-2012,2885.9886
05-07-2012,2912.7174
04-07-2012,2889.2135
03-07-2012,2887.8785
29-06-2012,2898.7835
28-06-2012,2925.8638
27-06-2012,2940.136
26-06-2012,2961.3677
25-06-2012,2909.3211
22-06-2012,2934.8804
21-06-2012,2957.1437
20-06-2012,2961.9825
19-06-2012,2987.1462
18-06-2012,2957.2325
15-06-2012,2965.2434
14-06-2012,2961.1985
13-06-2012,2953.1802
12-06-2012,2922.2208
11-06-2012,2888.0047
08-06-2012,2864.9211
07-06-2012,2925.7614
06-06-2012,2965.4847
05-06-2012,2827.95
04-06-2012,2825.7692
01-06-2012,2845.5998
31-05-2012,2898.3042
30-05-2012,2844.813
29-05-2012,2867.9689
28-05-2012,2861.2574
25-05-2012,2852.0455
24-05-2012,2870.3079
23-05-2012,2846.7085
22-05-2012,2831.3991
21-05-2012,2846.3093
18-05-2012,2852.4078
17-05-2012,2757.9378
16-05-2012,2737.1518
15-05-2012,2759.0058
14-05-2012,2759.5336
11-05-2012,2786.2096
10-05-2012,2786.6863
09-05-2012,2785.3164
08-05-2012,2824.1976
07-05-2012,2853.4279
04-05-2012,2873.1638
03-05-2012,2871.3804
02-05-2012,2872.1149
30-04-2012,2864.0389
27-04-2012,2858.6316
26-04-2012,2843.2331
25-04-2012,2827.4808
24-04-2012,2839.2132
23-04-2012,2799.1665
20-04-2012,2800.6286
19-04-2012,2798.4556
18-04-2012,2785.6565
17-04-2012,2801.0403
16-04-2012,2796.035
13-04-2012,2819.7117
12-04-2012,2796.7649
11-04-2012,2799.875
10-04-2012,2765.5233
09-04-2012,2735.0269
04-04-2012,2738.4353
03-04-2012,2782.2135
31-03-2012,2784.9248
30-03-2012,2784.9892
29-03-2012,2776.054
28-03-2012,2799.6798
27-03-2012,2827.6012
26-03-2012,2788.538
22-03-2012,2730.9251
21-03-2012,2748.0429
20-03-2012,2718.029
19-03-2012,2720.3568
16-03-2012,2668.6802
15-03-2012,2660.3574
14-03-2012,2668.3061
13-03-2012,2717.8208
12-03-2012,2740.0875
09-03-2012,2734.8372
07-03-2012,2737.2734
06-03-2012,2713.1559
05-03-2012,2720.9822
02-03-2012,2723.657
01-03-2012,2723.301
29-02-2012,2818.2322
28-02-2012,2808.7555
27-02-2012,2788.0907
24-02-2012,2810.6164
23-02-2012,2817.6228
22-02-2012,2783.2425
21-02-2012,2746.3168
17-02-2012,2745.7684
15-02-2012,2737.7793
14-02-2012,2735.0263
13-02-2012,2743.9027
10-02-2012,2743.5256
09-02-2012,2752.1531
08-02-2012,2755.93
07-02-2012,2711.3373
06-02-2012,2693.8937
03-02-2012,2776.5728
02-02-2012,2766.8154
01-02-2012,2783.5769
31-01-2012,2785.7917
30-01-2012,2748.0894
27-01-2012,2758.5864
25-01-2012,2676.93
24-01-2012,2689.9217
23-01-2012,2714.0535
20-01-2012,2672.7475
19-01-2012,2699.3
18-01-2012,2707.9674
17-01-2012,2734.7336
16-01-2012,2710.8573
13-01-2012,2697.0348
12-01-2012,2734.9184
11-01-2012,2712.0672
10-01-2012,2713.7436
09-01-2012,2724.862
06-01-2012,2732.687
05-01-2012,2721.8199
04-01-2012,2720.9197
03-01-2012,2703.6416
02-01-2012,2681.0971
30-12-2011,2679.7493
29-12-2011,2622.1255
28-12-2011,2693.2834
27-12-2011,2716.5675
26-12-2011,2712.8379
23-12-2011,2708.0584
22-12-2011,2713.7022
21-12-2011,2755.6189
20-12-2011,2719.5175
19-12-2011,2696.0131
16-12-2011,2683.1243
15-12-2011,2755.4044
14-12-2011,2798.4956
13-12-2011,2840.1501
12-12-2011,2813.5201
09-12-2011,2856.1601
08-12-2011,2876.0057
07-12-2011,2845.0003
05-12-2011,2863.1633
02-12-2011,2872.5346
01-12-2011,2887.5654
30-11-2011,2840.243
29-11-2011,2849.0202
28-11-2011,2847.0063
25-11-2011,2794.571
24-11-2011,2837.0302
23-11-2011,2807.6665
22-11-2011,2858.9234
21-11-2011,2816.6967
18-11-2011,2839.5162
17-11-2011,2846.7333
16-11-2011,2884.1024
15-11-2011,2852.4996
14-11-2011,2850.3112
11-11-2011,2835.3094
09-11-2011,2832.818
08-11-2011,2832.1633
04-11-2011,2756.7487
03-11-2011,2736.3112
02-11-2011,2727.2559
01-11-2011,2672.8639
31-10-2011,2686.6303
28-10-2011,2710.2237
25-10-2011,2632.872
24-10-2011,2635.914
21-10-2011,2601.8528
20-10-2011,2593.0697
19-10-2011,2599.8398
18-10-2011,2608.6221
17-10-2011,2643.8145
14-10-2011,2633.2069
13-10-2011,2626.2213
12-10-2011,2659.6444
11-10-2011,2609.8468
10-10-2011,2615.034
07-10-2011,2598.3525
05-10-2011,2522.0887
04-10-2011,2635.9297
03-10-2011,2627.83
30-09-2011,2554.091
29-09-2011,2539.95
28-09-2011,2593.4419
27-09-2011,2632.306
26-09-2011,2567.7358
23-09-2011,2751.3839
22-09-2011,2759.1608
21-09-2011,2774.97
20-09-2011,2766.2941
19-09-2011,2779.6378
16-09-2011,2702.6167
15-09-2011,2766.242
14-09-2011,2798.9226
13-09-2011,2723.6379
12-09-2011,2772.1432
09-09-2011,2791.5405
08-09-2011,2702.5958
07-09-2011,2718.4135
06-09-2011,2793.2051
05-09-2011,2789.9279
02-09-2011,2725.997
30-08-2011,2641.7095
29-08-2011,2627.5588
26-08-2011,2638.0681
25-08-2011,2539.5913
24-08-2011,2713.3606
23-08-2011,2761.4519
22-08-2011,2764.32
18-08-2011,2624.4638
17-08-2011,2607.2524
16-08-2011,2581.8688
12-08-2011,2554.7315
11-08-2011,2593.4926
10-08-2011,2543.7411
09-08-2011,2565.3304
08-08-2011,2467.7537
05-08-2011,2395.8537
04-08-2011,2374.4585
03-08-2011,2377.1483
02-08-2011,2308.3424
01-08-2011,2284.4841
29-07-2011,2290.481
28-07-2011,2294.2982
27-07-2011,2290.1168
26-07-2011,2292.1612
25-07-2011,2310.7372
22-07-2011,2266.05
21-07-2011,2286.5289
20-07-2011,2265.1235
19-07-2011,2296.5775
18-07-2011,2290.716
15-07-2011,2260.634
14-07-2011,2280.5047
13-07-2011,2253.9702
12-07-2011,2220.8145
11-07-2011,2203.943
08-07-2011,2176.8891
07-07-2011,2181.4438
06-07-2011,2165.1527
05-07-2011,2146.7413
04-07-2011,2140.0012
30-06-2011,2170.6514
29-06-2011,2178.3851
28-06-2011,2178.7073
27-06-2011,2179.0066
24-06-2011,2200.0541
23-06-2011,2228.825
22-06-2011,2229.8979
21-06-2011,2230.1036
20-06-2011,2225.5255
17-06-2011,2207.4717
16-06-2011,2204.3002
15-06-2011,2183.4473
14-06-2011,2189.6148
13-06-2011,2202.6132
10-06-2011,2218.6536
09-06-2011,2208.7849
08-06-2011,2205.6096
07-06-2011,2230.3109
06-06-2011,2221.3761
03-06-2011,2211.2128
02-06-2011,2229.5417
01-06-2011,2215.0502
31-05-2011,2228.7156
30-05-2011,2215.0179
27-05-2011,2220.5294
26-05-2011,2219.4355
25-05-2011,2231.7684
24-05-2011,2216.5459
23-05-2011,2200.4516
20-05-2011,2175.6548
19-05-2011,2158.1157
18-05-2011,2166.4814
16-05-2011,2171.5045
13-05-2011,2186.8937
12-05-2011,2148.8186
11-05-2011,2195.5945
10-05-2011,2187.2941
09-05-2011,2168.5176
06-05-2011,2147.9771
05-05-2011,2175.965
04-05-2011,2207.3253
03-05-2011,2209.9632
02-05-2011,2186.2437
29-04-2011,2190.2883
28-04-2011,2187.9118
27-04-2011,2158.9204
26-04-2011,2163.8455
25-04-2011,2160.0254
21-04-2011,2153.0674
20-04-2011,2154.1409
19-04-2011,2154.3656
18-04-2011,2120.1588
15-04-2011,2115.1632
13-04-2011,2092.9138
11-04-2011,2096.191
08-04-2011,2090.2829
07-04-2011,2079.0911
06-04-2011,2078.9234
05-04-2011,2058.7803
31-03-2011,2063.2283
30-03-2011,2051.668
29-03-2011,2040.1039
28-03-2011,2053.6547
25-03-2011,2067.8231
24-03-2011,2083.6787
23-03-2011,2080.6592
22-03-2011,2070.4481
21-03-2011,2077.3579
18-03-2011,2061.7824
17-03-2011,2051.3366
16-03-2011,2041.5294
15-03-2011,2057.8256
14-03-2011,2077.6269
11-03-2011,2059.3164
10-03-2011,2075.6798
09-03-2011,2082.0421
08-03-2011,2087.5711
07-03-2011,2095.0734
04-03-2011,2061.6266
03-03-2011,2078.2128
01-03-2011,2062.6439
28-02-2011,2058.5748
25-02-2011,2060.4199
24-02-2011,2074.1931
23-02-2011,2047.5278
22-02-2011,2037.8738
21-02-2011,2041.1084
18-02-2011,2024.2661
17-02-2011,2020.8753
15-02-2011,2017.1863
14-02-2011,1996.9829
11-02-2011,2011.6646
10-02-2011,2003.5617
09-02-2011,1998.2016
08-02-2011,1988.5824
07-02-2011,1987.1181
04-02-2011,1990.1568
03-02-2011,1967.9745
02-02-2011,1974.5704
01-02-2011,1983.0317
31-01-2011,1983.2036
28-01-2011,1948.9273
27-01-2011,1973.0569
25-01-2011,1954.7773
24-01-2011,1988.1606
21-01-2011,1988.385
20-01-2011,2013.0563
19-01-2011,2017.7723
18-01-2011,2017.1481
17-01-2011,2003.4896
14-01-2011,2008.0513
13-01-2011,2017.2236
12-01-2011,2022.5597
11-01-2011,2026.0686
10-01-2011,2012.9454
07-01-2011,1995.2283
06-01-2011,2018.6781
05-01-2011,2023.6269
04-01-2011,2040.3075
03-01-2011,2039.5011
31-12-2010,2045.9678
30-12-2010,2051.8799
29-12-2010,2050.3396
28-12-2010,2019.4979
27-12-2010,2018.6713
24-12-2010,2022.3644
23-12-2010,2018.1869
22-12-2010,2030.3011
21-12-2010,2031.7923
20-12-2010,2029.9226
16-12-2010,2034.9279
15-12-2010,2038.0323
14-12-2010,2048.3888
13-12-2010,2035.0412
10-12-2010,2036.4019
09-12-2010,2022.7158
08-12-2010,2039.2685
07-12-2010,2071.1754
06-12-2010,2050.9412
03-12-2010,2033.508
02-12-2010,2043.4842
01-12-2010,2060.3882
30-11-2010,2051.317
29-11-2010,2019.3321
26-11-2010,2025.9458
25-11-2010,2027.4611
24-11-2010,2036.7733
23-11-2010,2012.4271
22-11-2010,1993.5022
19-11-2010,1992.3634
18-11-2010,1999.5731
16-11-2010,1999.0912
15-11-2010,2001.0632
12-11-2010,2007.8797
11-11-2010,2027.3677
10-11-2010,2018.1765
09-11-2010,2038.8905
08-11-2010,1995.5441
04-11-2010,1957.4646
03-11-2010,1955.7342
02-11-2010,1958.1328
01-11-2010,1962.7288
29-10-2010,1932.9806
28-10-2010,1916.3634
27-10-2010,1925.8705
26-10-2010,1924.5885
25-10-2010,1937.2413
22-10-2010,1904.862
21-10-2010,1937.8611
20-10-2010,1928.211
19-10-2010,1974.2021
18-10-2010,1954.2409
15-10-2010,1969.0376
14-10-2010,1980.6369
13-10-2010,1963.2365
12-10-2010,1952.3129
11-10-2010,1940.567
08-10-2010,1918.7356
07-10-2010,1955.5068
06-10-2010,1938.7838
05-10-2010,1926.6111
04-10-2010,1898.0646
01-10-2010,1907.016
30-09-2010,1914.3063
29-09-2010,1909.333
28-09-2010,1891.5471
27-09-2010,1901.1915
24-09-2010,1921.7498
23-09-2010,1914.443
22-09-2010,1912.3996
21-09-2010,1901.7635
20-09-2010,1899.113
17-09-2010,1915.8531
16-09-2010,1914.2912
15-09-2010,1915.9418
14-09-2010,1890.6672
13-09-2010,1873.2075
09-09-2010,1898.9623
08-09-2010,1911.3227
07-09-2010,1895.7948
06-09-2010,1890.0415
03-09-2010,1901.5294
02-09-2010,1899.656
01-09-2010,1906.6628
31-08-2010,1890.3604
30-08-2010,1882.4765
27-08-2010,1883.461
26-08-2010,1890.1298
25-08-2010,1890.8322
24-08-2010,1856.3175
23-08-2010,1862.7492
20-08-2010,1866.9617
18-08-2010,1858.3063
17-08-2010,1864.762
16-08-2010,1862.4061
13-08-2010,1844.4225
12-08-2010,1836.0144
11-08-2010,1817.8073
10-08-2010,1806.8588
09-08-2010,1811.7132
06-08-2010,1793.1258
05-08-2010,1802.6583
04-08-2010,1800.8681
03-08-2010,1779.7277
02-08-2010,1769.8336
30-07-2010,1765.3664
29-07-2010,1768.7888
28-07-2010,1763.6556
27-07-2010,1800.5265
26-07-2010,1811.8169
23-07-2010,1831.8901
22-07-2010,1826.8636
21-07-2010,1830.2899
20-07-2010,1810.0485
19-07-2010,1822.4632
16-07-2010,1833.6223
15-07-2010,1841.7907
14-07-2010,1838.3496
13-07-2010,1841.414
12-07-2010,1829.7031
09-07-2010,1819.504
08-07-2010,1830.8272
07-07-2010,1816.8546
06-07-2010,1843.1775
05-07-2010,1835.6578
02-07-2010,1838.4321
30-06-2010,1879.9367
29-06-2010,1870.1829
28-06-2010,1885.4365
25-06-2010,1880.8488
24-06-2010,1855.4392
23-06-2010,1872.612
22-06-2010,1850.6401
21-06-2010,1870.1661
18-06-2010,1867.6701
17-06-2010,1867.9482
16-06-2010,1863.5887
15-06-2010,1860.028
14-06-2010,1863.4867
11-06-2010,1860.0663
10-06-2010,1865.6026
09-06-2010,1888.0794
08-06-2010,1906.3768
07-06-2010,1866.025
04-06-2010,1829.4473
03-06-2010,1847.8037
02-06-2010,1875.7732
01-06-2010,1854.5358
31-05-2010,1836.7801
28-05-2010,1840.4507
26-05-2010,1878.1426
25-05-2010,1836.9616
24-05-2010,1800.8262
21-05-2010,1811.2018
20-05-2010,1809.3011
19-05-2010,1813.5554
18-05-2010,1804.2475
17-05-2010,1833.0729
14-05-2010,1821.1589
13-05-2010,1811.5145
12-05-2010,1833.9667
11-05-2010,1780.2062
10-05-2010,1743.6527
07-05-2010,1783.7719
06-05-2010,1745.7524
05-05-2010,1717.3527
04-05-2010,1723.2027
03-05-2010,1710.5025
30-04-2010,1706.1851
29-04-2010,1703.6673
28-04-2010,1696.6849
27-04-2010,1674.2072
26-04-2010,1672.3272
23-04-2010,1660.3832
22-04-2010,1663.1823
21-04-2010,1661.0749
20-04-2010,1666.6471
19-04-2010,1645.0554
16-04-2010,1683.0337
15-04-2010,1670.9173
13-04-2010,1676.998
12-04-2010,1687.2759
09-04-2010,1676.8694
08-04-2010,1675.9448
07-04-2010,1647.4131
06-04-2010,1635.4715
05-04-2010,1634.173
31-03-2010,1639.6996
30-03-2010,1633.0421
29-03-2010,1640.1996
26-03-2010,1630.4629
25-03-2010,1634.1329
23-03-2010,1642.3138
22-03-2010,1644.98
19-03-2010,1669.7537
18-03-2010,1671.9772
17-03-2010,1681.4502
15-03-2010,1648.1862
12-03-2010,1665.1079
11-03-2010,1647.4409
10-03-2010,1672.1004
09-03-2010,1670.2971
08-03-2010,1686.6575
05-03-2010,1700.9308
04-03-2010,1704.2569
03-03-2010,1707.211
02-03-2010,1681.9763
26-02-2010,1674.2877
25-02-2010,1649.8338
24-02-2010,1646.4296
23-02-2010,1670.1834
22-02-2010,1682.8015
19-02-2010,1675.1171
18-02-2010,1664.0488
17-02-2010,1675.8381
16-02-2010,1677.2029
15-02-2010,1660.9785
11-02-2010,1634.2007
10-02-2010,1631.7499
09-02-2010,1624.7161
08-02-2010,1632.2451
05-02-2010,1597.2728
04-02-2010,1655.7872
03-02-2010,1677.7248
02-02-2010,1678.6549
01-02-2010,1634.3271
29-01-2010,1636.6607
28-01-2010,1648.0111
27-01-2010,1651.8255
25-01-2010,1661.0431
22-01-2010,1650.486
21-01-2010,1654.5614
20-01-2010,1690.7907
19-01-2010,1686.1934
18-01-2010,1690.2767
15-01-2010,1685.3847
14-01-2010,1686.5906
13-01-2010,1687.0302
12-01-2010,1706.0725
11-01-2010,1712.3266
08-01-2010,1675.6816
07-01-2010,1691.5487
06-01-2010,1692.2116
05-01-2010,1695.567
04-01-2010,1688.5843
31-12-2009,1681.5464
30-12-2009,1666.1641
29-12-2009,1680.5837
24-12-2009,1685.7732
23-12-2009,1652.977
22-12-2009,1671.9797
21-12-2009,1700.7179
18-12-2009,1692.6067
17-12-2009,1712.7958
16-12-2009,1728.0611
15-12-2009,1698.158
14-12-2009,1706.4821
11-12-2009,1731.6655
10-12-2009,1717.6752
09-12-2009,1744.4321
08-12-2009,1773.902
07-12-2009,1740.3186
04-12-2009,1816.5973
03-12-2009,1837.854
02-12-2009,1829.8628
01-12-2009,1810.0751
30-11-2009,1779.1549
27-11-2009,1780.6122
26-11-2009,1787.9922
25-11-2009,1781.0625
24-11-2009,1781.6454
23-11-2009,1771.2322
20-11-2009,1739.6659
19-11-2009,1723.7892
18-11-2009,1733.28
17-11-2009,1711.7907
16-11-2009,1701.5955
13-11-2009,1684.9842
12-11-2009,1697.7975
11-11-2009,1698.5345
10-11-2009,1674.7247
09-11-2009,1689.7068
06-11-2009,1678.214
05-11-2009,1678.6301
04-11-2009,1684.4101
03-11-2009,1630.2326
30-10-2009,1607.4506
29-10-2009,1610.3366
28-10-2009,1600.365
27-10-2009,1597.6817
26-10-2009,1610.7454
23-10-2009,1615.932
22-10-2009,1613.4429
21-10-2009,1604.1803
20-10-2009,1606.2412
16-10-2009,1590.2757
15-10-2009,1585.2197
14-10-2009,1613.8491
12-10-2009,1607.4679
09-10-2009,1597.157
08-10-2009,1601.7367
07-10-2009,1608.5079
06-10-2009,1579.4653
05-10-2009,1567.2439
01-10-2009,1580.5847
30-09-2009,1579.5494
29-09-2009,1564.9449
25-09-2009,1571.4744
24-09-2009,1601.7379
23-09-2009,1598.4007
22-09-2009,1606.9208
18-09-2009,1604.8802
17-09-2009,1608.1423
16-09-2009,1615.6247
15-09-2009,1592.0797
14-09-2009,1591.2517
11-09-2009,1591.6679
10-09-2009,1572.0398
09-09-2009,1586.645
08-09-2009,1606.2413
07-09-2009,1591.1073
04-09-2009,1587.1864
03-09-2009,1579.4694
02-09-2009,1541.7754
01-09-2009,1523.4345
31-08-2009,1529.6938
28-08-2009,1529.6372
27-08-2009,1521.651
26-08-2009,1526.587
25-08-2009,1522.2768
24-08-2009,1523.236
21-08-2009,1511.5657
20-08-2009,1513.5506
18-08-2009,1506.6432
17-08-2009,1503.7092
14-08-2009,1522.6021
13-08-2009,1516.3164
12-08-2009,1503.3785
11-08-2009,1494.8094
10-08-2009,1502.4577
07-08-2009,1514.9815
06-08-2009,1506.7404
05-08-2009,1515.3574
04-08-2009,1494.5108
03-08-2009,1505.8912
31-07-2009,1487.4525
30-07-2009,1490.4601
29-07-2009,1495.3875
28-07-2009,1517.899
27-07-2009,1519.5147
24-07-2009,1515.2
23-07-2009,1525.691
22-07-2009,1508.3886
21-07-2009,1508.8972
20-07-2009,1520.8824
17-07-2009,1501.1995
16-07-2009,1503.9483
15-07-2009,1495.1584
14-07-2009,1485.8328
13-07-2009,1481.4633
10-07-2009,1463.1594
09-07-2009,1477.4713
08-07-2009,1486.9944
07-07-2009,1482.9791
06-07-2009,1457.0799
03-07-2009,1467.4321
02-07-2009,1466.8606
30-06-2009,1477.116
29-06-2009,1485.2646
26-06-2009,1499.9385
25-06-2009,1486.9175
24-06-2009,1478.3721
23-06-2009,1476.4281
22-06-2009,1466.8806
19-06-2009,1474.4295
18-06-2009,1477.0269
17-06-2009,1467.9141
16-06-2009,1468.0688
15-06-2009,1466.2329
12-06-2009,1477.9698
11-06-2009,1482.923
10-06-2009,1490.9388
09-06-2009,1487.5088
08-06-2009,1471.9425
05-06-2009,1510.3853
04-06-2009,1497.0074
03-06-2009,1504.8133
02-06-2009,1505.9993
01-06-2009,1521.7843
29-05-2009,1509.2081
28-05-2009,1492.5802
27-05-2009,1487.5429
28-04-2009,1487.54
