Historical Mutual Fund NAV of SBI Dynamic Bond Fund - Regular Plan - Growth,
scheme:- SBI Dynamic Bond Fund - Regular Plan - Growth,
Start Date:- 09-02-2004,
End Date:- 24-11-2020,
NAV Date,NAV (Rs)
24-11-2020,27.6739
23-11-2020,27.6347
20-11-2020,27.6469
19-11-2020,27.6487
18-11-2020,27.6381
17-11-2020,27.637
13-11-2020,27.6156
12-11-2020,27.5613
11-11-2020,27.5656
10-11-2020,27.5445
09-11-2020,27.6144
06-11-2020,27.6428
05-11-2020,27.6206
04-11-2020,27.5537
03-11-2020,27.5262
02-11-2020,27.5624
29-10-2020,27.559
28-10-2020,27.6337
27-10-2020,27.6484
26-10-2020,27.6567
23-10-2020,27.5275
22-10-2020,27.4324
21-10-2020,27.4252
20-10-2020,27.3984
19-10-2020,27.3844
16-10-2020,27.3618
15-10-2020,27.4376
14-10-2020,27.4215
13-10-2020,27.4277
12-10-2020,27.426
09-10-2020,27.3191
08-10-2020,27.0892
07-10-2020,27.0822
06-10-2020,27.0624
05-10-2020,27.0955
01-10-2020,27.0788
30-09-2020,27.0393
29-09-2020,26.9844
28-09-2020,26.9569
25-09-2020,27.0092
24-09-2020,27.0506
23-09-2020,27.0446
22-09-2020,27.0399
21-09-2020,27.0367
18-09-2020,27.0247
17-09-2020,27.0456
16-09-2020,27.1068
15-09-2020,27.065
14-09-2020,27.063
11-09-2020,27.0415
10-09-2020,27.0698
09-09-2020,27.1084
08-09-2020,27.0252
07-09-2020,27.1519
04-09-2020,27.2573
03-09-2020,27.2981
02-09-2020,27.2565
01-09-2020,27.2132
31-08-2020,26.7514
28-08-2020,26.6606
27-08-2020,26.6676
26-08-2020,26.6498
25-08-2020,26.7081
24-08-2020,26.6551
21-08-2020,26.8602
20-08-2020,27.0753
19-08-2020,27.0687
18-08-2020,27.0878
17-08-2020,27.0951
14-08-2020,27.1051
13-08-2020,27.1891
12-08-2020,27.184
11-08-2020,27.1489
10-08-2020,27.1455
07-08-2020,27.1478
06-08-2020,27.1979
05-08-2020,27.2699
04-08-2020,27.2573
03-08-2020,27.231
31-07-2020,27.2331
30-07-2020,27.2472
29-07-2020,27.2395
28-07-2020,27.2133
27-07-2020,27.2167
24-07-2020,27.2654
23-07-2020,27.2685
22-07-2020,27.2513
21-07-2020,27.2285
20-07-2020,27.2598
17-07-2020,27.2507
16-07-2020,27.244
15-07-2020,27.2195
14-07-2020,27.2026
13-07-2020,27.2643
10-07-2020,27.2789
09-07-2020,27.2237
08-07-2020,27.2162
07-07-2020,27.1715
06-07-2020,27.085
03-07-2020,27.0467
02-07-2020,27.0619
01-07-2020,27.0691
30-06-2020,26.984
29-06-2020,26.9478
26-06-2020,26.9306
25-06-2020,26.9247
24-06-2020,26.8888
23-06-2020,26.9082
22-06-2020,26.9229
19-06-2020,26.9278
18-06-2020,26.9231
17-06-2020,26.8652
16-06-2020,26.8509
15-06-2020,26.9285
12-06-2020,26.9235
11-06-2020,26.9453
10-06-2020,26.9342
09-06-2020,26.9284
08-06-2020,26.8827
05-06-2020,26.8414
04-06-2020,26.8506
03-06-2020,26.8355
02-06-2020,26.8329
01-06-2020,26.8225
29-05-2020,26.8864
28-05-2020,26.9087
27-05-2020,26.8983
26-05-2020,26.9026
22-05-2020,26.8963
21-05-2020,26.733
20-05-2020,26.6946
19-05-2020,26.7074
18-05-2020,26.6473
15-05-2020,26.6074
14-05-2020,26.6117
13-05-2020,26.5795
12-05-2020,26.5236
11-05-2020,26.5204
08-05-2020,26.7754
06-05-2020,26.6784
05-05-2020,26.5708
04-05-2020,26.4458
30-04-2020,26.3663
29-04-2020,26.3309
28-04-2020,26.3394
27-04-2020,26.357
24-04-2020,26.3647
23-04-2020,26.5746
22-04-2020,26.2687
21-04-2020,26.2794
20-04-2020,26.2208
17-04-2020,25.9675
16-04-2020,25.8145
15-04-2020,25.754
13-04-2020,25.6464
09-04-2020,25.5729
08-04-2020,25.5514
07-04-2020,25.6768
03-04-2020,25.8617
31-03-2020,26.0328
30-03-2020,25.9069
27-03-2020,26.0125
26-03-2020,25.6485
24-03-2020,25.5051
23-03-2020,25.4342
20-03-2020,25.6596
19-03-2020,25.382
18-03-2020,25.6555
17-03-2020,25.7374
16-03-2020,25.8214
13-03-2020,25.6919
12-03-2020,25.9049
11-03-2020,26.0992
09-03-2020,26.2145
06-03-2020,26.0819
05-03-2020,25.9981
04-03-2020,26.0001
03-03-2020,25.8355
02-03-2020,25.8437
28-02-2020,25.7879
27-02-2020,25.7888
26-02-2020,25.8463
25-02-2020,25.8035
24-02-2020,25.8155
20-02-2020,25.7404
18-02-2020,25.7817
17-02-2020,25.7951
14-02-2020,25.7891
13-02-2020,25.7
12-02-2020,25.6164
11-02-2020,25.6156
10-02-2020,25.6279
07-02-2020,25.603
06-02-2020,25.5268
05-02-2020,25.3786
04-02-2020,25.3708
03-02-2020,25.367
31-01-2020,25.2668
30-01-2020,25.2865
29-01-2020,25.2829
28-01-2020,25.2853
27-01-2020,25.2827
24-01-2020,25.2603
23-01-2020,25.2481
22-01-2020,25.2271
21-01-2020,25.2134
20-01-2020,25.2059
17-01-2020,25.1988
16-01-2020,25.1838
15-01-2020,25.1688
14-01-2020,25.1578
13-01-2020,25.18
10-01-2020,25.1736
09-01-2020,25.1962
08-01-2020,25.1784
07-01-2020,25.1734
06-01-2020,25.1585
03-01-2020,25.1921
02-01-2020,25.1851
01-01-2020,25.1772
31-12-2019,25.1426
30-12-2019,25.1423
27-12-2019,25.1512
26-12-2019,25.1229
24-12-2019,25.1207
23-12-2019,25.1232
20-12-2019,25.0787
19-12-2019,24.9203
18-12-2019,24.933
17-12-2019,24.8881
16-12-2019,24.8496
13-12-2019,24.8446
12-12-2019,24.8478
11-12-2019,24.8518
10-12-2019,24.8754
09-12-2019,24.888
06-12-2019,24.8848
05-12-2019,24.905
04-12-2019,25.0211
03-12-2019,25.0063
02-12-2019,24.9826
29-11-2019,24.9879
28-11-2019,24.9882
27-11-2019,24.9668
26-11-2019,24.9624
25-11-2019,24.9685
22-11-2019,24.9325
21-11-2019,24.9222
20-11-2019,24.94
19-11-2019,24.9098
18-11-2019,24.8926
15-11-2019,24.8582
14-11-2019,24.8381
13-11-2019,24.8192
11-11-2019,24.7759
08-11-2019,24.7835
07-11-2019,24.8009
06-11-2019,24.7988
05-11-2019,24.7899
04-11-2019,24.8013
01-11-2019,24.8018
31-10-2019,24.7814
30-10-2019,24.7538
29-10-2019,24.734
25-10-2019,24.723
24-10-2019,24.714
23-10-2019,24.7029
22-10-2019,24.6851
18-10-2019,24.6693
17-10-2019,24.6585
16-10-2019,24.6797
15-10-2019,24.6735
14-10-2019,24.664
11-10-2019,24.6287
10-10-2019,24.6487
09-10-2019,24.6583
07-10-2019,24.6394
04-10-2019,24.6298
03-10-2019,24.6693
01-10-2019,24.6227
30-09-2019,24.5816
27-09-2019,24.54
26-09-2019,24.5411
25-09-2019,24.519
24-09-2019,24.5087
23-09-2019,24.5289
20-09-2019,24.4917
19-09-2019,24.6995
18-09-2019,24.7023
17-09-2019,24.5737
16-09-2019,24.5975
13-09-2019,24.659
12-09-2019,24.6249
11-09-2019,24.6197
09-09-2019,24.7097
06-09-2019,24.6663
05-09-2019,24.6739
04-09-2019,24.6917
03-09-2019,24.6944
30-08-2019,24.6314
29-08-2019,24.63
28-08-2019,24.6297
27-08-2019,24.66
26-08-2019,24.6869
23-08-2019,24.5613
22-08-2019,24.5605
21-08-2019,24.5244
20-08-2019,24.4923
19-08-2019,24.4464
16-08-2019,24.4732
14-08-2019,24.3682
13-08-2019,24.4983
09-08-2019,24.5411
08-08-2019,24.6613
07-08-2019,24.6477
06-08-2019,24.617
05-08-2019,24.5574
02-08-2019,24.5918
01-08-2019,24.5328
31-07-2019,24.5711
30-07-2019,24.5297
29-07-2019,24.5041
26-07-2019,24.3751
25-07-2019,24.3724
24-07-2019,24.4393
23-07-2019,24.4225
22-07-2019,24.4832
19-07-2019,24.539
18-07-2019,24.5358
17-07-2019,24.549
16-07-2019,24.6121
15-07-2019,24.5106
12-07-2019,24.4428
11-07-2019,24.4215
10-07-2019,24.3254
09-07-2019,24.24
08-07-2019,24.2462
05-07-2019,24.0727
04-07-2019,23.9657
03-07-2019,23.9089
02-07-2019,23.8694
01-07-2019,23.8292
28-06-2019,23.8309
27-06-2019,23.7996
26-06-2019,23.7633
25-06-2019,23.8116
24-06-2019,23.8525
21-06-2019,23.8432
20-06-2019,23.9425
19-06-2019,23.8696
18-06-2019,23.852
17-06-2019,23.7373
14-06-2019,23.7199
13-06-2019,23.6382
12-06-2019,23.6208
11-06-2019,23.5772
10-06-2019,23.5538
07-06-2019,23.5966
06-06-2019,23.6383
04-06-2019,23.541
03-06-2019,23.5515
31-05-2019,23.4772
30-05-2019,23.3632
29-05-2019,23.3763
28-05-2019,23.3578
27-05-2019,23.3169
24-05-2019,23.2082
23-05-2019,23.177
22-05-2019,23.115
21-05-2019,23.0863
20-05-2019,23.0908
17-05-2019,22.9889
16-05-2019,22.9725
15-05-2019,22.9549
14-05-2019,22.9604
13-05-2019,22.9255
10-05-2019,22.9056
09-05-2019,22.9028
08-05-2019,22.9016
07-05-2019,22.8853
06-05-2019,22.8726
03-05-2019,22.8526
02-05-2019,22.8493
30-04-2019,22.8363
26-04-2019,22.8072
25-04-2019,22.7885
24-04-2019,22.793
23-04-2019,22.7509
22-04-2019,22.7267
18-04-2019,22.7755
16-04-2019,22.785
15-04-2019,22.7682
12-04-2019,22.7777
11-04-2019,22.8116
10-04-2019,22.8257
09-04-2019,22.8121
08-04-2019,22.7896
05-04-2019,22.852
04-04-2019,22.8534
03-04-2019,22.9779
02-04-2019,22.9771
31-03-2019,22.8626
29-03-2019,22.8566
28-03-2019,22.8551
27-03-2019,22.791
26-03-2019,22.8002
25-03-2019,22.7945
22-03-2019,22.7078
20-03-2019,22.64
19-03-2019,22.5804
18-03-2019,22.6426
15-03-2019,22.5897
14-03-2019,22.5426
13-03-2019,22.5137
12-03-2019,22.5158
11-03-2019,22.498
08-03-2019,22.4641
07-03-2019,22.4352
06-03-2019,22.4145
05-03-2019,22.4108
01-03-2019,22.3813
28-02-2019,22.3532
27-02-2019,22.3331
26-02-2019,22.359
25-02-2019,22.3569
22-02-2019,22.3417
21-02-2019,22.3489
20-02-2019,22.3442
18-02-2019,22.3319
15-02-2019,22.329
14-02-2019,22.337
13-02-2019,22.349
12-02-2019,22.318
11-02-2019,22.3259
08-02-2019,22.3163
07-02-2019,22.3004
06-02-2019,22.2505
05-02-2019,22.2316
04-02-2019,22.2251
01-02-2019,22.2336
31-01-2019,22.2607
30-01-2019,22.2444
29-01-2019,22.2501
28-01-2019,22.2427
25-01-2019,22.2343
24-01-2019,22.224
23-01-2019,22.2184
22-01-2019,22.2281
21-01-2019,22.1937
18-01-2019,22.2073
17-01-2019,22.234
16-01-2019,22.2283
15-01-2019,22.2975
14-01-2019,22.3268
11-01-2019,22.2539
10-01-2019,22.2444
09-01-2019,22.2487
08-01-2019,22.2472
07-01-2019,22.1971
04-01-2019,22.24
03-01-2019,22.246
02-01-2019,22.2941
01-01-2019,22.2619
31-12-2018,22.3054
28-12-2018,22.277
27-12-2018,22.343
26-12-2018,22.3481
24-12-2018,22.3156
21-12-2018,22.3084
20-12-2018,22.3034
19-12-2018,22.341
18-12-2018,22.2468
17-12-2018,22.1883
14-12-2018,22.186
13-12-2018,22.1989
12-12-2018,22.1979
11-12-2018,22.1376
10-12-2018,22.1237
07-12-2018,22.2143
06-12-2018,22.2393
05-12-2018,22.1891
04-12-2018,22.0811
03-12-2018,22.0352
30-11-2018,22.0249
29-11-2018,21.9994
28-11-2018,21.9694
27-11-2018,21.9366
26-11-2018,21.9339
22-11-2018,21.9181
20-11-2018,21.8956
19-11-2018,21.8818
16-11-2018,21.8648
15-11-2018,21.8686
14-11-2018,21.8727
13-11-2018,21.8554
12-11-2018,21.837
09-11-2018,21.8385
06-11-2018,21.8057
05-11-2018,21.7964
02-11-2018,21.7959
01-11-2018,21.7727
31-10-2018,21.7543
30-10-2018,21.7573
29-10-2018,21.7633
26-10-2018,21.7295
25-10-2018,21.7285
24-10-2018,21.7232
23-10-2018,21.7133
22-10-2018,21.6994
19-10-2018,21.6913
17-10-2018,21.6877
16-10-2018,21.6937
15-10-2018,21.6791
12-10-2018,21.6519
11-10-2018,21.6482
10-10-2018,21.6306
09-10-2018,21.6137
08-10-2018,21.6435
05-10-2018,21.6148
04-10-2018,21.5573
03-10-2018,21.5669
01-10-2018,21.5878
28-09-2018,21.567
27-09-2018,21.5596
26-09-2018,21.5389
25-09-2018,21.5229
24-09-2018,21.5256
21-09-2018,21.5283
19-09-2018,21.5193
18-09-2018,21.4906
17-09-2018,21.4978
14-09-2018,21.477
12-09-2018,21.4676
11-09-2018,21.4454
10-09-2018,21.4532
07-09-2018,21.4942
06-09-2018,21.4799
05-09-2018,21.4795
04-09-2018,21.4732
03-09-2018,21.4941
31-08-2018,21.4988
30-08-2018,21.5044
29-08-2018,21.5124
28-08-2018,21.518
27-08-2018,21.5179
24-08-2018,21.5182
23-08-2018,21.5104
21-08-2018,21.5288
20-08-2018,21.5195
16-08-2018,21.4948
14-08-2018,21.5192
13-08-2018,21.5146
10-08-2018,21.5394
09-08-2018,21.538
08-08-2018,21.5125
07-08-2018,21.5075
06-08-2018,21.5122
03-08-2018,21.5013
02-08-2018,21.5184
01-08-2018,21.5201
31-07-2018,21.482
30-07-2018,21.4673
27-07-2018,21.4647
26-07-2018,21.4679
25-07-2018,21.4509
24-07-2018,21.4503
23-07-2018,21.4348
20-07-2018,21.4369
19-07-2018,21.4315
18-07-2018,21.4368
17-07-2018,21.4347
16-07-2018,21.4115
13-07-2018,21.4059
12-07-2018,21.4068
11-07-2018,21.373
10-07-2018,21.3608
09-07-2018,21.3571
06-07-2018,21.3504
05-07-2018,21.3424
04-07-2018,21.3514
03-07-2018,21.3445
02-07-2018,21.3378
29-06-2018,21.3306
28-06-2018,21.3166
27-06-2018,21.3461
26-06-2018,21.3552
25-06-2018,21.3503
22-06-2018,21.3432
21-06-2018,21.3579
20-06-2018,21.3295
19-06-2018,21.31
18-06-2018,21.3035
15-06-2018,21.2892
14-06-2018,21.2637
13-06-2018,21.2677
12-06-2018,21.2341
11-06-2018,21.2358
08-06-2018,21.233
07-06-2018,21.2106
06-06-2018,21.2572
05-06-2018,21.2954
04-06-2018,21.272
01-06-2018,21.2826
31-05-2018,21.2928
30-05-2018,21.3187
29-05-2018,21.3298
28-05-2018,21.3439
25-05-2018,21.3058
24-05-2018,21.2555
23-05-2018,21.2714
22-05-2018,21.2885
21-05-2018,21.2895
18-05-2018,21.2681
17-05-2018,21.2214
16-05-2018,21.1967
15-05-2018,21.1941
14-05-2018,21.2309
11-05-2018,21.2597
10-05-2018,21.2597
09-05-2018,21.2623
08-05-2018,21.3075
07-05-2018,21.2886
04-05-2018,21.2634
03-05-2018,21.2642
02-05-2018,21.2617
27-04-2018,21.2402
26-04-2018,21.2395
25-04-2018,21.2455
24-04-2018,21.2565
23-04-2018,21.2541
20-04-2018,21.2698
19-04-2018,21.3125
18-04-2018,21.3603
17-04-2018,21.3751
16-04-2018,21.3797
13-04-2018,21.3948
12-04-2018,21.3688
11-04-2018,21.3506
10-04-2018,21.398
09-04-2018,21.4663
06-04-2018,21.4838
05-04-2018,21.5082
04-04-2018,21.3756
03-04-2018,21.3322
28-03-2018,21.2732
27-03-2018,21.2951
26-03-2018,21.1359
23-03-2018,21.1573
22-03-2018,21.1526
21-03-2018,21.1335
20-03-2018,21.1273
19-03-2018,21.1228
16-03-2018,21.12
15-03-2018,21.0761
14-03-2018,21.0455
13-03-2018,21.048
12-03-2018,21.0538
09-03-2018,21.0264
08-03-2018,21.0287
07-03-2018,21.0152
06-03-2018,20.9521
05-03-2018,20.9563
01-03-2018,20.9576
28-02-2018,20.9647
27-02-2018,20.9902
26-02-2018,20.9686
23-02-2018,20.9687
22-02-2018,20.919
21-02-2018,20.9394
20-02-2018,20.9621
16-02-2018,21.0071
15-02-2018,21.0043
14-02-2018,21.0423
12-02-2018,21.0293
09-02-2018,21.0229
08-02-2018,21.0513
07-02-2018,20.9897
06-02-2018,20.9554
05-02-2018,20.9276
02-02-2018,20.9451
01-02-2018,20.9138
31-01-2018,21.0771
30-01-2018,21.0733
29-01-2018,21.059
25-01-2018,21.1944
24-01-2018,21.2283
23-01-2018,21.2629
22-01-2018,21.2158
19-01-2018,21.1961
18-01-2018,21.2003
17-01-2018,21.2385
16-01-2018,21.1435
15-01-2018,21.1973
12-01-2018,21.1885
11-01-2018,21.1928
10-01-2018,21.1878
09-01-2018,21.2388
08-01-2018,21.2546
05-01-2018,21.2689
04-01-2018,21.2128
03-01-2018,21.22
02-01-2018,21.1956
01-01-2018,21.2195
29-12-2017,21.2149
28-12-2017,21.1693
27-12-2017,21.3082
26-12-2017,21.2679
22-12-2017,21.2665
21-12-2017,21.2924
20-12-2017,21.2954
19-12-2017,21.3148
18-12-2017,21.31
15-12-2017,21.3311
14-12-2017,21.3259
13-12-2017,21.2859
12-12-2017,21.2894
11-12-2017,21.3083
08-12-2017,21.3637
07-12-2017,21.3953
06-12-2017,21.4195
05-12-2017,21.3776
04-12-2017,21.3492
30-11-2017,21.3655
29-11-2017,21.4049
28-11-2017,21.3917
27-11-2017,21.3608
24-11-2017,21.3884
23-11-2017,21.3719
22-11-2017,21.39
21-11-2017,21.4561
20-11-2017,21.4681
17-11-2017,21.2745
16-11-2017,21.3172
15-11-2017,21.3455
14-11-2017,21.3178
13-11-2017,21.3755
10-11-2017,21.3775
09-11-2017,21.395
08-11-2017,21.3789
07-11-2017,21.3835
06-11-2017,21.3909
03-11-2017,21.4049
02-11-2017,21.4006
01-11-2017,21.3765
31-10-2017,21.3919
30-10-2017,21.3672
27-10-2017,21.4214
26-10-2017,21.4141
25-10-2017,21.402
24-10-2017,21.4166
23-10-2017,21.4024
18-10-2017,21.4181
17-10-2017,21.4105
16-10-2017,21.432
13-10-2017,21.4238
12-10-2017,21.4034
11-10-2017,21.4093
10-10-2017,21.4058
09-10-2017,21.384
06-10-2017,21.3927
05-10-2017,21.4058
04-10-2017,21.4257
03-10-2017,21.4613
29-09-2017,21.4332
28-09-2017,21.4378
27-09-2017,21.4177
26-09-2017,21.4154
25-09-2017,21.4406
22-09-2017,21.4071
21-09-2017,21.3984
20-09-2017,21.4714
19-09-2017,21.4557
18-09-2017,21.4479
15-09-2017,21.4533
14-09-2017,21.4706
13-09-2017,21.4694
12-09-2017,21.4913
11-09-2017,21.491
08-09-2017,21.502
07-09-2017,21.515
06-09-2017,21.5128
05-09-2017,21.506
04-09-2017,21.5058
01-09-2017,21.5077
31-08-2017,21.4668
30-08-2017,21.4593
29-08-2017,21.4638
28-08-2017,21.4255
24-08-2017,21.4404
23-08-2017,21.4308
22-08-2017,21.4281
21-08-2017,21.4392
18-08-2017,21.4392
16-08-2017,21.4202
14-08-2017,21.4301
11-08-2017,21.4317
10-08-2017,21.4464
09-08-2017,21.4706
08-08-2017,21.4776
07-08-2017,21.4785
04-08-2017,21.4941
03-08-2017,21.4799
02-08-2017,21.4219
01-08-2017,21.4242
31-07-2017,21.3987
28-07-2017,21.4008
27-07-2017,21.4293
26-07-2017,21.4235
25-07-2017,21.4411
24-07-2017,21.4754
21-07-2017,21.442
20-07-2017,21.3924
19-07-2017,21.3916
18-07-2017,21.369
17-07-2017,21.3531
14-07-2017,21.3365
13-07-2017,21.3458
12-07-2017,21.3309
11-07-2017,21.3232
10-07-2017,21.3158
07-07-2017,21.2525
06-07-2017,21.2411
05-07-2017,21.2243
04-07-2017,21.204
03-07-2017,21.2005
30-06-2017,21.292
29-06-2017,21.2972
28-06-2017,21.2969
27-06-2017,21.3605
23-06-2017,21.3603
22-06-2017,21.363
21-06-2017,21.3769
20-06-2017,21.3571
19-06-2017,21.3379
16-06-2017,21.3144
15-06-2017,21.3298
14-06-2017,21.3361
13-06-2017,21.3329
12-06-2017,21.2872
09-06-2017,21.2923
08-06-2017,21.2584
07-06-2017,21.1271
06-06-2017,21.0074
05-06-2017,20.9904
02-06-2017,20.9928
01-06-2017,20.9928
31-05-2017,20.9231
30-05-2017,20.9143
29-05-2017,20.8985
26-05-2017,20.9032
25-05-2017,20.8857
24-05-2017,20.8624
23-05-2017,20.8575
22-05-2017,20.8441
19-05-2017,20.7927
18-05-2017,20.7936
17-05-2017,20.7733
16-05-2017,20.7719
15-05-2017,20.7956
12-05-2017,20.6883
11-05-2017,20.6553
09-05-2017,20.6472
08-05-2017,20.6409
05-05-2017,20.6152
04-05-2017,20.5981
03-05-2017,20.5983
02-05-2017,20.5827
28-04-2017,20.6004
27-04-2017,20.6135
26-04-2017,20.6064
25-04-2017,20.6406
24-04-2017,20.6129
21-04-2017,20.601
20-04-2017,20.6507
19-04-2017,20.6576
18-04-2017,20.6249
17-04-2017,20.6227
13-04-2017,20.6206
12-04-2017,20.5893
11-04-2017,20.5376
10-04-2017,20.4786
07-04-2017,20.4732
06-04-2017,20.5035
05-04-2017,20.6148
03-04-2017,20.6031
31-03-2017,20.5979
30-03-2017,20.5816
29-03-2017,20.5772
27-03-2017,20.5947
24-03-2017,20.523
23-03-2017,20.5056
22-03-2017,20.4684
21-03-2017,20.3929
20-03-2017,20.3775
17-03-2017,20.3686
16-03-2017,20.3703
15-03-2017,20.3589
14-03-2017,20.3566
10-03-2017,20.3454
09-03-2017,20.3476
08-03-2017,20.357
07-03-2017,20.3605
06-03-2017,20.3754
03-03-2017,20.3736
02-03-2017,20.3929
01-03-2017,20.3881
28-02-2017,20.3936
27-02-2017,20.3861
23-02-2017,20.3724
22-02-2017,20.3654
20-02-2017,20.3665
17-02-2017,20.3642
16-02-2017,20.3615
15-02-2017,20.3546
14-02-2017,20.3505
13-02-2017,20.3549
10-02-2017,20.344
09-02-2017,20.311
08-02-2017,20.3853
07-02-2017,20.6241
06-02-2017,20.6067
03-02-2017,20.5961
02-02-2017,20.5774
01-02-2017,20.5571
31-01-2017,20.5547
30-01-2017,20.5518
27-01-2017,20.5526
25-01-2017,20.5364
24-01-2017,20.5181
23-01-2017,20.5103
20-01-2017,20.4938
19-01-2017,20.484
18-01-2017,20.5033
17-01-2017,20.5125
16-01-2017,20.5014
13-01-2017,20.5094
12-01-2017,20.5475
11-01-2017,20.5295
10-01-2017,20.5264
09-01-2017,20.5245
06-01-2017,20.5093
05-01-2017,20.5111
04-01-2017,20.5168
03-01-2017,20.4776
02-01-2017,20.4924
30-12-2016,20.4167
29-12-2016,20.3905
28-12-2016,20.3575
27-12-2016,20.362
26-12-2016,20.3744
23-12-2016,20.3945
22-12-2016,20.4043
21-12-2016,20.4355
20-12-2016,20.4226
19-12-2016,20.4233
16-12-2016,20.414
15-12-2016,20.409
14-12-2016,20.4946
13-12-2016,20.476
09-12-2016,20.4518
08-12-2016,20.4786
07-12-2016,20.4874
06-12-2016,20.7221
05-12-2016,20.7084
02-12-2016,20.6874
01-12-2016,20.7031
30-11-2016,20.6754
29-11-2016,20.6359
28-11-2016,20.6468
25-11-2016,20.7114
24-11-2016,20.7558
23-11-2016,20.6369
22-11-2016,20.5452
21-11-2016,20.5107
18-11-2016,20.2972
17-11-2016,20.3104
16-11-2016,20.2845
15-11-2016,20.1072
11-11-2016,19.8905
10-11-2016,19.9506
09-11-2016,19.8878
08-11-2016,19.7757
07-11-2016,19.7425
04-11-2016,19.741
03-11-2016,19.7521
02-11-2016,19.7621
01-11-2016,19.7623
28-10-2016,19.7776
27-10-2016,19.7671
26-10-2016,19.7885
25-10-2016,19.7899
24-10-2016,19.8028
21-10-2016,19.7964
20-10-2016,19.7898
19-10-2016,19.8116
18-10-2016,19.8127
17-10-2016,19.7894
14-10-2016,19.7775
13-10-2016,19.7956
10-10-2016,19.809
07-10-2016,19.7774
06-10-2016,19.8005
05-10-2016,19.809
04-10-2016,19.7457
03-10-2016,19.7145
30-09-2016,19.6505
29-09-2016,19.6008
28-09-2016,19.7082
27-09-2016,19.6868
26-09-2016,19.6522
23-09-2016,19.5813
22-09-2016,19.5706
21-09-2016,19.4929
20-09-2016,19.4757
19-09-2016,19.4894
16-09-2016,19.4849
15-09-2016,19.4682
14-09-2016,19.4604
12-09-2016,19.4581
09-09-2016,19.4905
08-09-2016,19.5066
07-09-2016,19.5011
06-09-2016,19.4288
02-09-2016,19.4107
01-09-2016,19.416
31-08-2016,19.4229
30-08-2016,19.4292
29-08-2016,19.3988
26-08-2016,19.3639
25-08-2016,19.3645
24-08-2016,19.3342
23-08-2016,19.3265
22-08-2016,19.3084
19-08-2016,19.3561
18-08-2016,19.3238
16-08-2016,19.3611
12-08-2016,19.3417
11-08-2016,19.3493
10-08-2016,19.335
09-08-2016,19.2645
08-08-2016,19.2135
05-08-2016,19.1916
04-08-2016,19.1733
03-08-2016,19.1478
02-08-2016,19.1759
01-08-2016,19.2169
29-07-2016,19.1662
28-07-2016,19.1406
27-07-2016,19.0719
26-07-2016,19.0545
25-07-2016,19.0557
22-07-2016,19.0792
21-07-2016,19.0733
20-07-2016,19.0556
19-07-2016,19.0259
18-07-2016,18.9837
15-07-2016,18.9915
14-07-2016,18.9753
13-07-2016,18.9734
12-07-2016,18.9437
11-07-2016,18.9076
08-07-2016,18.8848
07-07-2016,18.8694
05-07-2016,18.8625
04-07-2016,18.8213
01-07-2016,18.7975
30-06-2016,18.7384
29-06-2016,18.7436
28-06-2016,18.7199
27-06-2016,18.7154
24-06-2016,18.6727
23-06-2016,18.6717
22-06-2016,18.6572
21-06-2016,18.6373
20-06-2016,18.6617
17-06-2016,18.6521
16-06-2016,18.6301
15-06-2016,18.6163
14-06-2016,18.6062
13-06-2016,18.5882
10-06-2016,18.5966
09-06-2016,18.561
08-06-2016,18.5487
07-06-2016,18.5296
06-06-2016,18.5012
03-06-2016,18.4613
02-06-2016,18.4408
01-06-2016,18.4297
31-05-2016,18.4277
30-05-2016,18.42
27-05-2016,18.4158
26-05-2016,18.4027
25-05-2016,18.4176
24-05-2016,18.4277
23-05-2016,18.416
20-05-2016,18.3961
19-05-2016,18.3975
18-05-2016,18.3799
17-05-2016,18.3734
16-05-2016,18.3776
13-05-2016,18.3712
12-05-2016,18.3652
11-05-2016,18.3577
10-05-2016,18.3394
09-05-2016,18.3349
06-05-2016,18.3102
05-05-2016,18.3011
04-05-2016,18.2918
03-05-2016,18.2898
02-05-2016,18.2929
29-04-2016,18.2769
28-04-2016,18.2933
27-04-2016,18.2724
26-04-2016,18.2682
25-04-2016,18.2612
22-04-2016,18.2659
21-04-2016,18.2522
20-04-2016,18.2683
18-04-2016,18.2731
13-04-2016,18.2415
12-04-2016,18.2667
11-04-2016,18.2535
07-04-2016,18.2036
06-04-2016,18.2146
05-04-2016,18.1747
04-04-2016,18.1987
31-03-2016,18.1288
30-03-2016,18.1076
29-03-2016,18.0931
28-03-2016,18.0796
23-03-2016,18.041
22-03-2016,18.0088
21-03-2016,17.9897
18-03-2016,17.9502
17-03-2016,17.9484
16-03-2016,17.9044
15-03-2016,17.8872
14-03-2016,17.8742
11-03-2016,17.8307
10-03-2016,17.8321
09-03-2016,17.8246
08-03-2016,17.8156
04-03-2016,17.8195
03-03-2016,17.8281
02-03-2016,17.8458
01-03-2016,17.848
29-02-2016,17.8136
26-02-2016,17.6154
25-02-2016,17.5547
24-02-2016,17.626
23-02-2016,17.6355
22-02-2016,17.6901
18-02-2016,17.7244
17-02-2016,17.7017
16-02-2016,17.7204
15-02-2016,17.7535
12-02-2016,17.7775
11-02-2016,17.7829
10-02-2016,17.7806
09-02-2016,17.764
08-02-2016,17.7747
05-02-2016,17.7824
04-02-2016,17.7739
03-02-2016,17.7611
02-02-2016,17.7631
01-02-2016,17.8155
29-01-2016,17.8157
28-01-2016,17.787
27-01-2016,17.7933
25-01-2016,17.773
22-01-2016,17.7816
21-01-2016,17.7953
20-01-2016,17.7795
19-01-2016,17.7407
18-01-2016,17.6978
15-01-2016,17.7029
14-01-2016,17.73
13-01-2016,17.7627
12-01-2016,17.7749
11-01-2016,17.7771
08-01-2016,17.7519
07-01-2016,17.7507
06-01-2016,17.7405
05-01-2016,17.7356
04-01-2016,17.7328
01-01-2016,17.7265
31-12-2015,17.7011
30-12-2015,17.7078
29-12-2015,17.7041
28-12-2015,17.7091
23-12-2015,17.7032
22-12-2015,17.6753
21-12-2015,17.6674
18-12-2015,17.6922
17-12-2015,17.7174
16-12-2015,17.7028
15-12-2015,17.6459
14-12-2015,17.6256
11-12-2015,17.668
10-12-2015,17.6528
09-12-2015,17.6575
08-12-2015,17.6452
07-12-2015,17.6766
04-12-2015,17.6703
03-12-2015,17.7237
02-12-2015,17.6805
01-12-2015,17.7072
30-11-2015,17.6382
27-11-2015,17.6521
26-11-2015,17.7081
24-11-2015,17.7204
23-11-2015,17.691
20-11-2015,17.7038
19-11-2015,17.7438
18-11-2015,17.7409
17-11-2015,17.7505
16-11-2015,17.7684
13-11-2015,17.7813
10-11-2015,17.7334
09-11-2015,17.6876
06-11-2015,17.7425
05-11-2015,17.7466
04-11-2015,17.7777
03-11-2015,17.7937
02-11-2015,17.7997
30-10-2015,17.7683
29-10-2015,17.7679
28-10-2015,17.802
27-10-2015,17.7798
26-10-2015,17.7664
23-10-2015,17.7994
21-10-2015,17.8083
20-10-2015,17.8149
19-10-2015,17.8149
16-10-2015,17.8195
15-10-2015,17.8183
14-10-2015,17.801
13-10-2015,17.7863
12-10-2015,17.7731
09-10-2015,17.8237
08-10-2015,17.8217
07-10-2015,17.8058
06-10-2015,17.825
05-10-2015,17.8389
01-10-2015,17.7621
30-09-2015,17.7881
29-09-2015,17.6832
28-09-2015,17.5508
24-09-2015,17.552
23-09-2015,17.5526
22-09-2015,17.553
21-09-2015,17.574
18-09-2015,17.564
16-09-2015,17.4702
15-09-2015,17.4535
14-09-2015,17.4518
11-09-2015,17.4263
10-09-2015,17.418
09-09-2015,17.4298
08-09-2015,17.4151
07-09-2015,17.3714
04-09-2015,17.4105
03-09-2015,17.4276
02-09-2015,17.4262
01-09-2015,17.4182
31-08-2015,17.3705
28-08-2015,17.3726
27-08-2015,17.3767
26-08-2015,17.3364
25-08-2015,17.3016
24-08-2015,17.2137
21-08-2015,17.3245
20-08-2015,17.3686
19-08-2015,17.375
17-08-2015,17.3572
14-08-2015,17.3501
13-08-2015,17.3207
12-08-2015,17.2515
11-08-2015,17.2501
10-08-2015,17.2552
07-08-2015,17.2286
06-08-2015,17.2319
05-08-2015,17.2015
04-08-2015,17.1931
03-08-2015,17.2283
31-07-2015,17.2148
30-07-2015,17.1891
29-07-2015,17.1973
28-07-2015,17.1974
27-07-2015,17.1386
24-07-2015,17.1262
23-07-2015,17.1368
22-07-2015,17.1157
21-07-2015,17.0975
20-07-2015,17.0935
17-07-2015,17.0968
16-07-2015,17.0795
15-07-2015,17.0768
14-07-2015,17.0891
13-07-2015,17.0485
10-07-2015,17.1304
09-07-2015,17.1409
08-07-2015,17.1444
07-07-2015,17.1379
06-07-2015,17.1547
03-07-2015,17.085
02-07-2015,17.063
01-07-2015,17.0345
30-06-2015,16.9858
29-06-2015,16.9315
26-06-2015,16.975
25-06-2015,16.9918
24-06-2015,17.0796
23-06-2015,17.1074
22-06-2015,17.1122
19-06-2015,17.1268
18-06-2015,17.0398
17-06-2015,16.9212
16-06-2015,16.8717
15-06-2015,16.8904
12-06-2015,16.8538
11-06-2015,16.8885
10-06-2015,16.9357
09-06-2015,16.9772
08-06-2015,16.9487
05-06-2015,16.9637
04-06-2015,16.959
03-06-2015,17.0259
02-06-2015,17.0634
01-06-2015,17.1811
29-05-2015,17.1912
28-05-2015,17.1716
27-05-2015,17.1494
26-05-2015,17.141
25-05-2015,17.1606
22-05-2015,17.1608
21-05-2015,17.1431
20-05-2015,17.1483
19-05-2015,17.1282
18-05-2015,17.0472
15-05-2015,17.0128
14-05-2015,17.0197
13-05-2015,17.0056
12-05-2015,17.0184
11-05-2015,17.0684
08-05-2015,16.9858
07-05-2015,17.0283
06-05-2015,17.0912
05-05-2015,17.1366
30-04-2015,17.1134
29-04-2015,17.1457
28-04-2015,17.1797
27-04-2015,17.1637
24-04-2015,17.1558
23-04-2015,17.1842
22-04-2015,17.1882
21-04-2015,17.1664
20-04-2015,17.1488
17-04-2015,17.1446
16-04-2015,17.1401
15-04-2015,17.1451
13-04-2015,17.1298
10-04-2015,17.1294
09-04-2015,17.1449
08-04-2015,17.1265
07-04-2015,17.137
06-04-2015,17.2116
31-03-2015,17.1727
30-03-2015,17.1226
27-03-2015,17.0925
26-03-2015,17.0685
25-03-2015,17.0943
24-03-2015,17.1193
23-03-2015,17.1278
20-03-2015,17.1297
19-03-2015,17.1225
18-03-2015,17.0901
17-03-2015,17.1075
16-03-2015,17.084
13-03-2015,17.0743
12-03-2015,17.1475
11-03-2015,17.1129
10-03-2015,17.1196
09-03-2015,17.1393
05-03-2015,17.1827
04-03-2015,17.215
03-03-2015,17.1441
02-03-2015,17.1614
27-02-2015,17.1718
26-02-2015,17.1562
25-02-2015,17.1798
24-02-2015,17.1637
23-02-2015,17.1788
20-02-2015,17.1827
18-02-2015,17.1617
16-02-2015,17.1656
13-02-2015,17.1731
12-02-2015,17.1058
11-02-2015,17.125
10-02-2015,17.132
09-02-2015,17.1309
06-02-2015,17.1507
05-02-2015,17.144
04-02-2015,17.1223
03-02-2015,17.1283
02-02-2015,17.1917
30-01-2015,17.1235
29-01-2015,17.1021
28-01-2015,17.1059
27-01-2015,17.0959
23-01-2015,17.0845
22-01-2015,17.0763
21-01-2015,17.0912
20-01-2015,17.0227
19-01-2015,16.9952
16-01-2015,17.0114
15-01-2015,16.9796
14-01-2015,16.8502
13-01-2015,16.8522
12-01-2015,16.7961
09-01-2015,16.742
08-01-2015,16.7257
07-01-2015,16.715
06-01-2015,16.6713
05-01-2015,16.6789
02-01-2015,16.6915
01-01-2015,16.7058
31-12-2014,16.7264
30-12-2014,16.7051
29-12-2014,16.643
26-12-2014,16.5851
24-12-2014,16.6124
23-12-2014,16.6404
22-12-2014,16.6091
19-12-2014,16.6084
18-12-2014,16.6443
17-12-2014,16.5983
16-12-2014,16.5825
15-12-2014,16.7758
12-12-2014,16.7764
11-12-2014,16.7253
10-12-2014,16.6547
09-12-2014,16.655
08-12-2014,16.6132
05-12-2014,16.5805
04-12-2014,16.5323
03-12-2014,16.5221
02-12-2014,16.5275
01-12-2014,16.4002
28-11-2014,16.3458
27-11-2014,16.2758
26-11-2014,16.2731
25-11-2014,16.2575
24-11-2014,16.2486
21-11-2014,16.2269
20-11-2014,16.2245
19-11-2014,16.2225
18-11-2014,16.2269
17-11-2014,16.198
14-11-2014,16.1598
13-11-2014,16.1623
12-11-2014,16.2141
11-11-2014,16.1968
10-11-2014,16.2115
07-11-2014,16.1766
05-11-2014,16.1889
03-11-2014,16.0943
31-10-2014,16.0604
30-10-2014,16.0271
29-10-2014,15.983
28-10-2014,15.9688
27-10-2014,15.9558
22-10-2014,15.8918
21-10-2014,15.8705
20-10-2014,15.8674
17-10-2014,15.8318
16-10-2014,15.8385
14-10-2014,15.8131
13-10-2014,15.7969
10-10-2014,15.768
09-10-2014,15.7543
08-10-2014,15.7825
07-10-2014,15.7471
01-10-2014,15.7108
30-09-2014,15.6841
29-09-2014,15.6975
26-09-2014,15.7262
25-09-2014,15.6856
24-09-2014,15.6841
23-09-2014,15.6858
22-09-2014,15.7028
19-09-2014,15.682
18-09-2014,15.6822
17-09-2014,15.6497
16-09-2014,15.6409
15-09-2014,15.6335
12-09-2014,15.6249
11-09-2014,15.6224
10-09-2014,15.601
09-09-2014,15.6091
08-09-2014,15.6155
05-09-2014,15.5961
04-09-2014,15.5878
03-09-2014,15.5861
02-09-2014,15.5815
01-09-2014,15.5662
28-08-2014,15.5594
27-08-2014,15.557
26-08-2014,15.546
25-08-2014,15.5419
22-08-2014,15.5589
21-08-2014,15.5503
20-08-2014,15.5642
19-08-2014,15.5153
14-08-2014,15.5041
13-08-2014,15.4713
12-08-2014,15.4244
11-08-2014,15.442
08-08-2014,15.4161
07-08-2014,15.4119
06-08-2014,15.4019
05-08-2014,15.4342
04-08-2014,15.54
01-08-2014,15.5261
31-07-2014,15.5424
30-07-2014,15.5326
28-07-2014,15.5603
25-07-2014,15.5829
24-07-2014,15.6086
23-07-2014,15.597
22-07-2014,15.5634
21-07-2014,15.5431
18-07-2014,15.4822
17-07-2014,15.4961
16-07-2014,15.4889
15-07-2014,15.4742
14-07-2014,15.4306
11-07-2014,15.4433
10-07-2014,15.4588
09-07-2014,15.4876
08-07-2014,15.4904
07-07-2014,15.5131
04-07-2014,15.5211
03-07-2014,15.5132
02-07-2014,15.5061
01-07-2014,15.4523
30-06-2014,15.4441
27-06-2014,15.429
26-06-2014,15.4397
25-06-2014,15.4515
24-06-2014,15.4393
23-06-2014,15.4004
20-06-2014,15.4303
19-06-2014,15.4547
18-06-2014,15.4564
17-06-2014,15.5002
16-06-2014,15.4685
13-06-2014,15.4933
12-06-2014,15.5234
11-06-2014,15.5377
10-06-2014,15.5198
09-06-2014,15.5304
06-06-2014,15.5602
05-06-2014,15.5181
04-06-2014,15.4539
03-06-2014,15.4279
02-06-2014,15.3671
30-05-2014,15.3704
29-05-2014,15.3498
28-05-2014,15.3262
27-05-2014,15.3398
26-05-2014,15.3331
23-05-2014,15.3515
22-05-2014,15.2981
21-05-2014,15.2705
20-05-2014,15.2368
19-05-2014,15.2303
16-05-2014,15.2257
15-05-2014,15.2375
13-05-2014,15.2282
12-05-2014,15.2422
09-05-2014,15.2236
08-05-2014,15.2134
07-05-2014,15.2042
06-05-2014,15.2056
05-05-2014,15.2061
02-05-2014,15.185
30-04-2014,15.1724
29-04-2014,15.1654
28-04-2014,15.1584
25-04-2014,15.1522
23-04-2014,15.1512
22-04-2014,15.1432
21-04-2014,15.1335
17-04-2014,15.118
16-04-2014,15.1058
15-04-2014,15.1017
11-04-2014,15.0928
10-04-2014,15.0944
09-04-2014,15.0883
07-04-2014,15.0872
04-04-2014,15.0763
03-04-2014,15.083
02-04-2014,15.0941
31-03-2014,15.1043
28-03-2014,15.0955
27-03-2014,15.0808
26-03-2014,15.081
25-03-2014,15.0814
24-03-2014,15.0786
21-03-2014,15.0513
20-03-2014,15.0347
19-03-2014,15.0255
18-03-2014,15.0166
14-03-2014,15.0029
13-03-2014,15.0031
12-03-2014,15.0052
11-03-2014,14.9948
10-03-2014,14.9757
07-03-2014,14.9519
06-03-2014,14.9472
05-03-2014,14.9339
04-03-2014,14.9254
03-03-2014,14.9223
28-02-2014,14.9236
26-02-2014,14.9023
25-02-2014,14.9029
24-02-2014,14.9004
21-02-2014,14.9129
20-02-2014,14.9087
18-02-2014,14.905
17-02-2014,14.8984
14-02-2014,14.8903
13-02-2014,14.8871
12-02-2014,14.902
11-02-2014,14.9198
10-02-2014,14.9345
07-02-2014,14.9314
06-02-2014,14.9324
05-02-2014,14.9294
04-02-2014,14.9232
03-02-2014,14.901
31-01-2014,14.8914
30-01-2014,14.8779
29-01-2014,14.8984
28-01-2014,14.912
27-01-2014,14.9324
24-01-2014,14.9424
23-01-2014,14.9786
22-01-2014,14.9901
21-01-2014,15.0267
20-01-2014,15.0335
17-01-2014,14.9745
16-01-2014,14.9718
15-01-2014,14.9588
13-01-2014,14.9159
10-01-2014,14.8835
09-01-2014,14.8665
08-01-2014,14.8538
07-01-2014,14.8612
06-01-2014,14.8587
03-01-2014,14.8303
02-01-2014,14.8233
01-01-2014,14.8165
31-12-2013,14.8229
30-12-2013,14.8016
27-12-2013,14.7644
26-12-2013,14.7898
24-12-2013,14.7816
23-12-2013,14.7982
20-12-2013,14.8076
19-12-2013,14.8189
18-12-2013,14.7886
17-12-2013,14.7404
16-12-2013,14.7565
13-12-2013,14.7353
12-12-2013,14.7727
11-12-2013,14.7709
10-12-2013,14.7686
09-12-2013,14.7432
06-12-2013,14.7815
05-12-2013,14.8036
04-12-2013,14.7991
03-12-2013,14.7986
02-12-2013,14.8023
29-11-2013,14.7843
28-11-2013,14.7837
27-11-2013,14.788
26-11-2013,14.7554
25-11-2013,14.7314
22-11-2013,14.7118
21-11-2013,14.7169
20-11-2013,14.7371
19-11-2013,14.7481
18-11-2013,14.7275
14-11-2013,14.6882
13-11-2013,14.7251
12-11-2013,14.6459
11-11-2013,14.7099
08-11-2013,14.7
07-11-2013,14.7782
06-11-2013,14.805
05-11-2013,14.8571
01-11-2013,14.8634
31-10-2013,14.9012
30-10-2013,14.9229
29-10-2013,14.9284
28-10-2013,14.8466
25-10-2013,14.8898
24-10-2013,14.8865
23-10-2013,14.8583
22-10-2013,14.869
21-10-2013,14.8703
18-10-2013,14.8915
17-10-2013,14.8516
15-10-2013,14.799
14-10-2013,14.8681
11-10-2013,14.9188
10-10-2013,14.9529
09-10-2013,14.9368
08-10-2013,14.9127
07-10-2013,14.7834
04-10-2013,14.7964
03-10-2013,14.7575
01-10-2013,14.6909
30-09-2013,14.6598
27-09-2013,14.6628
26-09-2013,14.6499
25-09-2013,14.6033
24-09-2013,14.6045
23-09-2013,14.6184
20-09-2013,14.7998
19-09-2013,15.0832
18-09-2013,14.8856
17-09-2013,14.8183
16-09-2013,14.8107
13-09-2013,14.7689
12-09-2013,14.7599
11-09-2013,14.7972
10-09-2013,14.7857
06-09-2013,14.7044
05-09-2013,14.8256
04-09-2013,14.8039
03-09-2013,14.6826
02-09-2013,14.7548
30-08-2013,14.6112
29-08-2013,14.5398
28-08-2013,14.4122
27-08-2013,14.5493
26-08-2013,14.8506
23-08-2013,14.8786
22-08-2013,14.9174
21-08-2013,14.7921
20-08-2013,14.3781
19-08-2013,14.143
16-08-2013,14.4137
14-08-2013,14.6462
13-08-2013,14.7082
12-08-2013,14.801
08-08-2013,14.9236
07-08-2013,14.8998
06-08-2013,14.8718
05-08-2013,14.8844
02-08-2013,14.8333
01-08-2013,14.9075
31-07-2013,14.8558
30-07-2013,14.8545
29-07-2013,14.9229
26-07-2013,14.9154
25-07-2013,14.8807
24-07-2013,14.7987
23-07-2013,14.9077
22-07-2013,14.9835
19-07-2013,15.062
18-07-2013,15.0328
17-07-2013,14.9708
16-07-2013,14.9723
15-07-2013,15.2903
12-07-2013,15.2984
11-07-2013,15.3151
10-07-2013,15.2832
09-07-2013,15.2785
08-07-2013,15.2618
05-07-2013,15.3042
04-07-2013,15.3203
03-07-2013,15.2671
02-07-2013,15.3152
28-06-2013,15.3122
27-06-2013,15.2163
26-06-2013,15.2242
25-06-2013,15.2784
24-06-2013,15.284
21-06-2013,15.3436
20-06-2013,15.3447
19-06-2013,15.4594
18-06-2013,15.4568
17-06-2013,15.4603
14-06-2013,15.4081
13-06-2013,15.3967
12-06-2013,15.4083
11-06-2013,15.4151
10-06-2013,15.4577
07-06-2013,15.4924
06-06-2013,15.5122
05-06-2013,15.5133
04-06-2013,15.5102
03-06-2013,15.4747
31-05-2013,15.4618
30-05-2013,15.4917
29-05-2013,15.508
28-05-2013,15.5426
27-05-2013,15.545
24-05-2013,15.536
23-05-2013,15.5037
22-05-2013,15.5133
21-05-2013,15.52
20-05-2013,15.5001
17-05-2013,15.4862
16-05-2013,15.4751
15-05-2013,15.4209
14-05-2013,15.3545
13-05-2013,15.2446
10-05-2013,15.2289
09-05-2013,15.212
08-05-2013,15.1237
07-05-2013,15.0743
06-05-2013,15.0541
03-05-2013,15.0321
02-05-2013,15.0451
30-04-2013,15.0157
29-04-2013,14.9938
26-04-2013,14.9891
25-04-2013,14.9807
23-04-2013,14.9809
22-04-2013,14.9591
18-04-2013,14.9251
17-04-2013,14.8931
16-04-2013,14.8753
15-04-2013,14.8604
12-04-2013,14.8299
10-04-2013,14.8171
09-04-2013,14.8099
08-04-2013,14.8026
05-04-2013,14.7896
04-04-2013,14.7872
03-04-2013,14.7671
02-04-2013,14.7553
31-03-2013,14.7396
28-03-2013,14.7277
26-03-2013,14.7156
25-03-2013,14.7067
22-03-2013,14.6966
21-03-2013,14.7007
20-03-2013,14.6933
19-03-2013,14.6975
18-03-2013,14.7114
15-03-2013,14.7034
14-03-2013,14.6922
13-03-2013,14.668
12-03-2013,14.6673
11-03-2013,14.68
08-03-2013,14.6703
07-03-2013,14.6568
06-03-2013,14.6505
05-03-2013,14.6401
04-03-2013,14.6322
01-03-2013,14.6191
28-02-2013,14.6227
27-02-2013,14.6738
26-02-2013,14.6653
25-02-2013,14.6754
22-02-2013,14.6704
21-02-2013,14.6619
20-02-2013,14.667
18-02-2013,14.642
15-02-2013,14.6358
14-02-2013,14.6454
13-02-2013,14.6251
12-02-2013,14.5998
11-02-2013,14.6099
08-02-2013,14.6113
07-02-2013,14.5822
06-02-2013,14.5402
05-02-2013,14.52
04-02-2013,14.5104
01-02-2013,14.5309
31-01-2013,14.5246
30-01-2013,14.5477
29-01-2013,14.5804
28-01-2013,14.5733
24-01-2013,14.5493
23-01-2013,14.5652
22-01-2013,14.5848
21-01-2013,14.5816
18-01-2013,14.5875
17-01-2013,14.5948
16-01-2013,14.5599
15-01-2013,14.6208
14-01-2013,14.6524
11-01-2013,14.5715
10-01-2013,14.5466
09-01-2013,14.5178
08-01-2013,14.5039
07-01-2013,14.4975
04-01-2013,14.4467
03-01-2013,14.4136
02-01-2013,14.3718
01-01-2013,14.3655
31-12-2012,14.2842
28-12-2012,14.2425
27-12-2012,14.2282
26-12-2012,14.2142
24-12-2012,14.1948
21-12-2012,14.1799
20-12-2012,14.1718
19-12-2012,14.1706
18-12-2012,14.1748
17-12-2012,14.1762
14-12-2012,14.1656
13-12-2012,14.1507
12-12-2012,14.1354
11-12-2012,14.1376
10-12-2012,14.1406
07-12-2012,14.1355
06-12-2012,14.1242
05-12-2012,14.1224
04-12-2012,14.1086
03-12-2012,14.0932
30-11-2012,14.0829
29-11-2012,14.0474
27-11-2012,14.0509
26-11-2012,14.0354
23-11-2012,14.0164
22-11-2012,14.0304
21-11-2012,14.0509
20-11-2012,14.0529
19-11-2012,14.0578
16-11-2012,14.0512
15-11-2012,14.0423
12-11-2012,14.0209
09-11-2012,14.0112
08-11-2012,14.0254
07-11-2012,14.0215
06-11-2012,14.0206
05-11-2012,14.0064
02-11-2012,13.9956
01-11-2012,14.0009
31-10-2012,13.988
30-10-2012,14.0253
29-10-2012,14.0562
25-10-2012,14.0522
23-10-2012,14.039
22-10-2012,14.0462
19-10-2012,14.0468
18-10-2012,14.0385
17-10-2012,14.0263
16-10-2012,14.0112
15-10-2012,13.9916
12-10-2012,13.9804
11-10-2012,13.974
10-10-2012,13.9753
09-10-2012,13.976
08-10-2012,13.9673
05-10-2012,13.9505
04-10-2012,13.9587
03-10-2012,13.9502
01-10-2012,13.9433
30-09-2012,13.9385
28-09-2012,13.9332
27-09-2012,13.9055
26-09-2012,13.8975
25-09-2012,13.8861
24-09-2012,13.8877
21-09-2012,13.8608
20-09-2012,13.8584
18-09-2012,13.8442
17-09-2012,13.8306
14-09-2012,13.8157
13-09-2012,13.8102
12-09-2012,13.7955
11-09-2012,13.8003
10-09-2012,13.7892
07-09-2012,13.7597
06-09-2012,13.7816
05-09-2012,13.7692
04-09-2012,13.7447
03-09-2012,13.7373
31-08-2012,13.7138
30-08-2012,13.7335
29-08-2012,13.7443
28-08-2012,13.7385
27-08-2012,13.7267
24-08-2012,13.7073
23-08-2012,13.6967
22-08-2012,13.7014
21-08-2012,13.685
17-08-2012,13.6808
16-08-2012,13.6582
14-08-2012,13.6688
13-08-2012,13.6768
10-08-2012,13.6879
09-08-2012,13.7026
08-08-2012,13.6959
07-08-2012,13.6868
06-08-2012,13.6491
03-08-2012,13.6367
02-08-2012,13.6388
01-08-2012,13.6288
31-07-2012,13.626
30-07-2012,13.6471
27-07-2012,13.6462
26-07-2012,13.6512
25-07-2012,13.6486
24-07-2012,13.6507
23-07-2012,13.65
20-07-2012,13.6277
19-07-2012,13.6166
18-07-2012,13.6205
17-07-2012,13.5954
16-07-2012,13.6027
13-07-2012,13.5703
12-07-2012,13.5635
11-07-2012,13.554
10-07-2012,13.5489
09-07-2012,13.5498
06-07-2012,13.5384
05-07-2012,13.5329
04-07-2012,13.5303
03-07-2012,13.5211
29-06-2012,13.5099
28-06-2012,13.5037
27-06-2012,13.5007
26-06-2012,13.5004
25-06-2012,13.4995
22-06-2012,13.4887
21-06-2012,13.4856
20-06-2012,13.4692
19-06-2012,13.4712
18-06-2012,13.4775
15-06-2012,13.4995
14-06-2012,13.4984
13-06-2012,13.5139
12-06-2012,13.5067
11-06-2012,13.4792
08-06-2012,13.4709
07-06-2012,13.4688
06-06-2012,13.4527
05-06-2012,13.4541
04-06-2012,13.4501
01-06-2012,13.4262
31-05-2012,13.4173
30-05-2012,13.3774
29-05-2012,13.3747
28-05-2012,13.3725
25-05-2012,13.3652
24-05-2012,13.3649
23-05-2012,13.3622
22-05-2012,13.3585
21-05-2012,13.3599
18-05-2012,13.3551
17-05-2012,13.3504
16-05-2012,13.348
15-05-2012,13.344
14-05-2012,13.3327
11-05-2012,13.3197
10-05-2012,13.326
09-05-2012,13.328
08-05-2012,13.3285
07-05-2012,13.3076
04-05-2012,13.3091
03-05-2012,13.3085
02-05-2012,13.3014
30-04-2012,13.2948
27-04-2012,13.2916
26-04-2012,13.2852
25-04-2012,13.2886
24-04-2012,13.2953
23-04-2012,13.2938
20-04-2012,13.295
19-04-2012,13.2929
18-04-2012,13.297
17-04-2012,13.2834
16-04-2012,13.2695
13-04-2012,13.2573
12-04-2012,13.2531
11-04-2012,13.2404
10-04-2012,13.2358
09-04-2012,13.2302
04-04-2012,13.2148
03-04-2012,13.2067
31-03-2012,13.1909
30-03-2012,13.1903
29-03-2012,13.1842
28-03-2012,13.1766
27-03-2012,13.1632
26-03-2012,13.1449
22-03-2012,13.1346
21-03-2012,13.1293
20-03-2012,13.1212
19-03-2012,13.1172
16-03-2012,13.1085
15-03-2012,13.1071
14-03-2012,13.1211
13-03-2012,13.1079
12-03-2012,13.1107
09-03-2012,13.1038
07-03-2012,13.11
06-03-2012,13.1132
05-03-2012,13.1139
02-03-2012,13.1088
01-03-2012,13.1082
29-02-2012,13.1221
28-02-2012,13.1106
27-02-2012,13.1076
24-02-2012,13.1045
23-02-2012,13.1018
22-02-2012,13.0918
21-02-2012,13.1029
17-02-2012,13.0909
15-02-2012,13.0906
14-02-2012,13.0884
13-02-2012,13.0787
10-02-2012,13.0743
09-02-2012,13.0421
08-02-2012,13.0513
07-02-2012,13.0631
06-02-2012,13.0632
03-02-2012,13.0622
02-02-2012,13.0672
01-02-2012,13.0605
31-01-2012,13.0291
30-01-2012,13.021
27-01-2012,12.9987
25-01-2012,13.0007
24-01-2012,12.9837
23-01-2012,13.0674
20-01-2012,13.0553
19-01-2012,13.0572
18-01-2012,13.0457
17-01-2012,13.0316
16-01-2012,13.0277
13-01-2012,13.0333
12-01-2012,12.9968
11-01-2012,13.0074
10-01-2012,13.0067
09-01-2012,13.019
06-01-2012,13.0058
05-01-2012,12.9659
04-01-2012,12.9537
03-01-2012,12.9534
02-01-2012,12.9336
30-12-2011,12.8723
29-12-2011,12.869
28-12-2011,12.8628
27-12-2011,12.8518
26-12-2011,12.8627
23-12-2011,12.9222
22-12-2011,12.9351
21-12-2011,12.9351
20-12-2011,12.9626
19-12-2011,12.9124
16-12-2011,12.8604
15-12-2011,12.8089
14-12-2011,12.7981
13-12-2011,12.8342
12-12-2011,12.8068
09-12-2011,12.7407
08-12-2011,12.743
07-12-2011,12.7302
05-12-2011,12.7129
02-12-2011,12.667
01-12-2011,12.6352
30-11-2011,12.6044
29-11-2011,12.5438
28-11-2011,12.537
25-11-2011,12.5338
24-11-2011,12.5338
23-11-2011,12.5236
22-11-2011,12.508
21-11-2011,12.5092
18-11-2011,12.4968
17-11-2011,12.5012
16-11-2011,12.4695
15-11-2011,12.466
14-11-2011,12.4289
11-11-2011,12.422
09-11-2011,12.4247
08-11-2011,12.4259
04-11-2011,12.4259
03-11-2011,12.4354
02-11-2011,12.4303
01-11-2011,12.4208
31-10-2011,12.412
28-10-2011,12.4042
25-10-2011,12.3965
24-10-2011,12.3781
21-10-2011,12.3705
20-10-2011,12.3665
19-10-2011,12.3614
18-10-2011,12.3584
17-10-2011,12.3559
14-10-2011,12.3625
13-10-2011,12.3543
12-10-2011,12.347
11-10-2011,12.357
10-10-2011,12.3341
07-10-2011,12.3363
05-10-2011,12.3308
04-10-2011,12.3285
03-10-2011,12.3265
30-09-2011,12.3207
29-09-2011,12.3186
28-09-2011,12.3504
27-09-2011,12.3622
26-09-2011,12.3678
23-09-2011,12.3612
22-09-2011,12.3673
21-09-2011,12.3511
20-09-2011,12.3437
19-09-2011,12.3467
16-09-2011,12.3224
15-09-2011,12.3414
14-09-2011,12.3218
13-09-2011,12.3296
12-09-2011,12.3436
09-09-2011,12.3255
08-09-2011,12.3284
07-09-2011,12.3196
06-09-2011,12.3203
05-09-2011,12.3258
02-09-2011,12.2956
30-08-2011,12.3025
29-08-2011,12.2995
26-08-2011,12.3008
25-08-2011,12.3239
24-08-2011,12.3301
23-08-2011,12.3118
22-08-2011,12.311
18-08-2011,12.3001
17-08-2011,12.278
16-08-2011,12.2845
12-08-2011,12.2647
11-08-2011,12.2897
10-08-2011,12.2716
09-08-2011,12.2563
08-08-2011,12.2215
05-08-2011,12.2059
04-08-2011,12.1855
03-08-2011,12.18
02-08-2011,12.1696
01-08-2011,12.1657
29-07-2011,12.1556
28-07-2011,12.1542
27-07-2011,12.1524
26-07-2011,12.144
25-07-2011,12.1496
22-07-2011,12.1379
21-07-2011,12.1456
20-07-2011,12.1412
19-07-2011,12.1447
18-07-2011,12.1447
15-07-2011,12.1264
14-07-2011,12.1305
13-07-2011,12.105
12-07-2011,12.1055
11-07-2011,12.0888
08-07-2011,12.0811
07-07-2011,12.0788
06-07-2011,12.0739
05-07-2011,12.0636
04-07-2011,12.056
30-06-2011,12.0537
29-06-2011,12.049
28-06-2011,12.0524
27-06-2011,12.0524
24-06-2011,12.0502
23-06-2011,12.0436
22-06-2011,12.0387
21-06-2011,12.0392
20-06-2011,12.0341
17-06-2011,12.0177
16-06-2011,12.0048
15-06-2011,11.9955
14-06-2011,11.9902
13-06-2011,11.9875
10-06-2011,11.9794
09-06-2011,11.9734
08-06-2011,11.9677
07-06-2011,11.9651
06-06-2011,11.9628
03-06-2011,11.9523
02-06-2011,11.9385
01-06-2011,11.931
31-05-2011,11.9259
30-05-2011,11.9167
27-05-2011,11.9071
26-05-2011,11.9043
25-05-2011,11.9016
24-05-2011,11.8988
23-05-2011,11.8961
20-05-2011,11.8866
19-05-2011,11.8833
18-05-2011,11.8823
16-05-2011,11.8773
13-05-2011,11.8692
12-05-2011,11.865
11-05-2011,11.8594
10-05-2011,11.8567
09-05-2011,11.8539
06-05-2011,11.846
05-05-2011,11.8427
04-05-2011,11.8391
03-05-2011,11.8364
02-05-2011,11.8341
29-04-2011,11.8263
28-04-2011,11.8237
27-04-2011,11.821
26-04-2011,11.8184
25-04-2011,11.8158
21-04-2011,11.806
20-04-2011,11.8012
19-04-2011,11.799
18-04-2011,11.7937
15-04-2011,11.786
13-04-2011,11.7782
11-04-2011,11.7721
08-04-2011,11.7669
07-04-2011,11.7653
06-04-2011,11.761
05-04-2011,11.7472
31-03-2011,11.7108
30-03-2011,11.7081
29-03-2011,11.7055
28-03-2011,11.7025
25-03-2011,11.6931
24-03-2011,11.6903
23-03-2011,11.6876
22-03-2011,11.6853
21-03-2011,11.6831
18-03-2011,11.6758
17-03-2011,11.6735
16-03-2011,11.6711
15-03-2011,11.6686
14-03-2011,11.6664
11-03-2011,11.6598
10-03-2011,11.6557
09-03-2011,11.649
08-03-2011,11.6464
07-03-2011,11.6438
04-03-2011,11.6367
03-03-2011,11.6342
01-03-2011,11.6267
28-02-2011,11.6227
25-02-2011,11.6168
24-02-2011,11.6149
23-02-2011,11.6128
22-02-2011,11.6107
21-02-2011,11.6087
18-02-2011,11.6024
17-02-2011,11.6003
15-02-2011,11.5959
14-02-2011,11.5941
11-02-2011,11.5881
10-02-2011,11.5861
09-02-2011,11.5805
08-02-2011,11.5741
07-02-2011,11.5686
04-02-2011,11.5611
03-02-2011,11.5572
02-02-2011,11.5573
01-02-2011,11.5556
31-01-2011,11.5566
28-01-2011,11.5576
27-01-2011,11.5535
25-01-2011,11.5459
24-01-2011,11.5344
21-01-2011,11.5301
20-01-2011,11.5318
19-01-2011,11.5276
18-01-2011,11.5254
17-01-2011,11.5208
14-01-2011,11.5157
13-01-2011,11.5222
12-01-2011,11.5094
11-01-2011,11.502
10-01-2011,11.4979
07-01-2011,11.4969
06-01-2011,11.4989
05-01-2011,11.5073
04-01-2011,11.4985
03-01-2011,11.5278
31-12-2010,11.5367
30-12-2010,11.5291
29-12-2010,11.527
28-12-2010,11.5211
27-12-2010,11.5142
24-12-2010,11.5034
23-12-2010,11.4956
22-12-2010,11.5012
21-12-2010,11.494
20-12-2010,11.4922
16-12-2010,11.4894
15-12-2010,11.4366
14-12-2010,11.4276
13-12-2010,11.4004
10-12-2010,11.3976
09-12-2010,11.367
08-12-2010,11.3579
07-12-2010,11.3643
06-12-2010,11.3545
03-12-2010,11.3838
02-12-2010,11.4103
01-12-2010,11.399
30-11-2010,11.4096
29-11-2010,11.4122
26-11-2010,11.425
25-11-2010,11.4115
24-11-2010,11.4003
23-11-2010,11.4148
22-11-2010,11.4018
19-11-2010,11.3926
18-11-2010,11.3962
16-11-2010,11.3775
15-11-2010,11.3777
12-11-2010,11.3682
11-11-2010,11.3649
10-11-2010,11.3706
09-11-2010,11.3888
08-11-2010,11.393
04-11-2010,11.3872
03-11-2010,11.3921
02-11-2010,11.3768
01-11-2010,11.3561
29-10-2010,11.3517
28-10-2010,11.3417
27-10-2010,11.3416
26-10-2010,11.3286
25-10-2010,11.3295
22-10-2010,11.3247
21-10-2010,11.3308
20-10-2010,11.3151
19-10-2010,11.3172
18-10-2010,11.3078
15-10-2010,11.3115
14-10-2010,11.3163
13-10-2010,11.3186
12-10-2010,11.3213
11-10-2010,11.3159
08-10-2010,11.3063
07-10-2010,11.3138
06-10-2010,11.313
05-10-2010,11.3148
04-10-2010,11.3141
01-10-2010,11.3204
30-09-2010,11.3402
29-09-2010,11.3383
28-09-2010,11.3324
27-09-2010,11.3356
24-09-2010,11.3145
23-09-2010,11.3072
22-09-2010,11.3071
21-09-2010,11.3024
20-09-2010,11.2918
17-09-2010,11.2872
16-09-2010,11.2727
15-09-2010,11.2713
14-09-2010,11.2698
13-09-2010,11.2687
09-09-2010,11.2705
08-09-2010,11.2707
07-09-2010,11.2708
06-09-2010,11.2676
03-09-2010,11.262
02-09-2010,11.2576
01-09-2010,11.265
31-08-2010,11.2737
30-08-2010,11.2599
27-08-2010,11.2519
26-08-2010,11.2506
25-08-2010,11.2449
24-08-2010,11.2437
23-08-2010,11.2342
20-08-2010,11.2346
18-08-2010,11.226
17-08-2010,11.2203
16-08-2010,11.2236
13-08-2010,11.2218
12-08-2010,11.1972
11-08-2010,11.1924
10-08-2010,11.1937
09-08-2010,11.1902
06-08-2010,11.2036
05-08-2010,11.2021
04-08-2010,11.2006
03-08-2010,11.1991
02-08-2010,11.1976
30-07-2010,11.193
29-07-2010,11.1915
28-07-2010,11.1905
27-07-2010,11.1894
26-07-2010,11.1883
23-07-2010,11.1843
22-07-2010,11.183
21-07-2010,11.1816
20-07-2010,11.1802
19-07-2010,11.1789
16-07-2010,11.1755
15-07-2010,11.1744
14-07-2010,11.1731
13-07-2010,11.1717
12-07-2010,11.1704
09-07-2010,11.1664
08-07-2010,11.0969
07-07-2010,11.0956
06-07-2010,11.0943
05-07-2010,11.0929
02-07-2010,11.0898
30-06-2010,11.0876
29-06-2010,11.0863
28-06-2010,11.085
25-06-2010,11.0752
24-06-2010,11.074
23-06-2010,11.0727
22-06-2010,11.0714
21-06-2010,11.0701
18-06-2010,11.0668
17-06-2010,11.0657
16-06-2010,11.0645
15-06-2010,11.0632
14-06-2010,11.0619
11-06-2010,11.0581
10-06-2010,11.0569
09-06-2010,11.0556
08-06-2010,11.0543
07-06-2010,11.0531
04-06-2010,11.0498
03-06-2010,11.0488
02-06-2010,11.0476
01-06-2010,11.0463
31-05-2010,11.0451
28-05-2010,11.0419
26-05-2010,11.0401
25-05-2010,11.0392
24-05-2010,11.0384
21-05-2010,11.0368
20-05-2010,11.0365
19-05-2010,11.0358
18-05-2010,11.035
17-05-2010,11.0343
14-05-2010,11.0319
13-05-2010,11.0311
12-05-2010,11.0303
11-05-2010,11.0295
10-05-2010,11.0287
07-05-2010,11.0272
06-05-2010,11.0266
05-05-2010,11.0259
04-05-2010,11.0252
03-05-2010,11.0246
30-04-2010,11.0223
29-04-2010,11.0215
28-04-2010,11.0207
27-04-2010,11.02
26-04-2010,11.0192
23-04-2010,11.018
22-04-2010,11.0176
21-04-2010,11.0171
20-04-2010,11.0163
19-04-2010,11.0158
16-04-2010,11.0131
15-04-2010,11.0124
13-04-2010,11.0112
12-04-2010,11.0105
09-04-2010,11.0099
08-04-2010,11.0099
07-04-2010,11.0094
06-04-2010,11.0088
05-04-2010,11.0088
31-03-2010,11.0044
30-03-2010,11.0033
29-03-2010,11.0025
26-03-2010,10.9468
25-03-2010,10.9463
23-03-2010,10.945
22-03-2010,10.9444
19-03-2010,10.9429
18-03-2010,10.9423
17-03-2010,10.8844
15-03-2010,10.8831
12-03-2010,10.8816
11-03-2010,10.8812
10-03-2010,10.8806
09-03-2010,10.8698
08-03-2010,10.84
05-03-2010,10.8383
04-03-2010,10.8377
03-03-2010,10.8162
02-03-2010,10.8157
26-02-2010,10.8408
25-02-2010,10.8032
24-02-2010,10.7877
23-02-2010,10.7912
22-02-2010,10.7921
19-02-2010,10.7904
18-02-2010,10.7816
17-02-2010,10.781
16-02-2010,10.7804
15-02-2010,10.7798
11-02-2010,10.7746
10-02-2010,10.7742
09-02-2010,10.7737
08-02-2010,10.7731
05-02-2010,10.7715
04-02-2010,10.7636
03-02-2010,10.763
02-02-2010,10.7625
01-02-2010,10.7832
29-01-2010,10.806
28-01-2010,10.8256
27-01-2010,10.8205
25-01-2010,10.7901
22-01-2010,10.7843
21-01-2010,10.7953
20-01-2010,10.7646
19-01-2010,10.7557
18-01-2010,10.754
15-01-2010,10.7337
14-01-2010,10.7404
13-01-2010,10.6971
12-01-2010,10.6915
11-01-2010,10.7149
08-01-2010,10.7076
07-01-2010,10.6911
06-01-2010,10.7103
05-01-2010,10.7098
04-01-2010,10.7165
01-01-2010,10.7341
31-12-2009,10.7243
30-12-2009,10.7211
29-12-2009,10.7052
24-12-2009,10.7284
23-12-2009,10.725
22-12-2009,10.7118
21-12-2009,10.6932
18-12-2009,10.6874
17-12-2009,10.7339
16-12-2009,10.6862
15-12-2009,10.6989
14-12-2009,10.7094
11-12-2009,10.7044
10-12-2009,10.6997
09-12-2009,10.7094
08-12-2009,10.7187
07-12-2009,10.7079
04-12-2009,10.659
03-12-2009,10.659
02-12-2009,10.6585
01-12-2009,10.6581
30-11-2009,10.6576
27-11-2009,10.6888
26-11-2009,10.7025
25-11-2009,10.6645
24-11-2009,10.6383
23-11-2009,10.6378
20-11-2009,10.6369
19-11-2009,10.6367
18-11-2009,10.6362
17-11-2009,10.6357
16-11-2009,10.6351
13-11-2009,10.6325
12-11-2009,10.6316
11-11-2009,10.6308
10-11-2009,10.6299
09-11-2009,10.6291
06-11-2009,10.6271
05-11-2009,10.6265
04-11-2009,10.626
03-11-2009,10.6256
30-10-2009,10.6241
29-10-2009,10.6237
28-10-2009,10.6232
27-10-2009,10.6227
26-10-2009,10.6221
23-10-2009,10.6212
22-10-2009,10.6209
21-10-2009,10.6206
20-10-2009,10.6201
16-10-2009,10.6181
15-10-2009,10.6175
14-10-2009,10.617
12-10-2009,10.6159
09-10-2009,10.6152
08-10-2009,10.6151
07-10-2009,10.6146
06-10-2009,10.6142
05-10-2009,10.6139
01-10-2009,10.6134
30-09-2009,10.6133
29-09-2009,10.6129
25-09-2009,10.6111
24-09-2009,10.6106
23-09-2009,10.6102
22-09-2009,10.6096
18-09-2009,10.6078
17-09-2009,10.6073
16-09-2009,10.6069
15-09-2009,10.6064
14-09-2009,10.6059
11-09-2009,10.6053
10-09-2009,10.6052
09-09-2009,10.6048
08-09-2009,10.6043
07-09-2009,10.6039
04-09-2009,10.6026
03-09-2009,10.6022
02-09-2009,10.6018
01-09-2009,10.6014
31-08-2009,10.601
28-08-2009,10.6007
27-08-2009,10.6007
26-08-2009,10.6005
25-08-2009,10.6002
24-08-2009,10.5997
21-08-2009,10.5983
20-08-2009,10.5979
18-08-2009,10.5969
17-08-2009,10.5964
14-08-2009,10.5958
13-08-2009,10.5957
12-08-2009,10.5954
11-08-2009,10.595
10-08-2009,10.5945
07-08-2009,10.5931
06-08-2009,10.5926
05-08-2009,10.5925
04-08-2009,10.5921
03-08-2009,10.5916
31-07-2009,10.5906
30-07-2009,10.5904
29-07-2009,10.5899
28-07-2009,10.5894
27-07-2009,10.5889
24-07-2009,10.5873
23-07-2009,10.5867
22-07-2009,10.5862
21-07-2009,10.5857
20-07-2009,10.5852
17-07-2009,10.5841
16-07-2009,10.5838
15-07-2009,10.5833
14-07-2009,10.5828
13-07-2009,10.5823
10-07-2009,10.5807
09-07-2009,10.5802
08-07-2009,10.5797
07-07-2009,10.5792
06-07-2009,10.5787
03-07-2009,10.5784
02-07-2009,10.5785
30-06-2009,10.5785
29-06-2009,10.5789
26-06-2009,10.5773
25-06-2009,10.5768
24-06-2009,10.5764
23-06-2009,10.5759
22-06-2009,10.5754
19-06-2009,10.5749
18-06-2009,10.5749
17-06-2009,10.5747
16-06-2009,10.5743
15-06-2009,10.5739
12-06-2009,10.5726
11-06-2009,10.5721
10-06-2009,10.5716
09-06-2009,10.5711
08-06-2009,10.5707
05-06-2009,10.5703
04-06-2009,10.5703
03-06-2009,10.5699
02-06-2009,10.5694
01-06-2009,10.569
29-05-2009,10.5676
28-05-2009,10.5671
27-05-2009,10.5666
26-05-2009,10.5662
25-05-2009,10.5659
22-05-2009,10.5658
21-05-2009,10.5659
20-05-2009,10.5658
19-05-2009,10.5654
18-05-2009,10.565
15-05-2009,10.5639
14-05-2009,10.5636
13-05-2009,10.5631
12-05-2009,10.5628
11-05-2009,10.5625
08-05-2009,10.5626
07-05-2009,10.5628
06-05-2009,10.5627
05-05-2009,10.5628
04-05-2009,10.5627
29-04-2009,10.5603
28-04-2009,10.5598
27-04-2009,10.5594
24-04-2009,10.5589
23-04-2009,10.5588
22-04-2009,10.5584
21-04-2009,10.558
20-04-2009,10.5575
17-04-2009,10.5562
16-04-2009,10.5558
15-04-2009,10.5554
13-04-2009,10.5551
09-04-2009,10.5555
08-04-2009,10.5557
06-04-2009,10.5583
02-04-2009,10.5568
01-04-2009,10.5563
31-03-2009,10.5555
30-03-2009,10.5547
27-03-2009,10.552
26-03-2009,10.5511
25-03-2009,10.5364
24-03-2009,10.5356
23-03-2009,10.5348
20-03-2009,10.5321
19-03-2009,10.5311
18-03-2009,10.5301
17-03-2009,10.5292
16-03-2009,10.5283
13-03-2009,10.5264
12-03-2009,10.526
09-03-2009,10.5238
06-03-2009,10.5216
05-03-2009,10.5209
04-03-2009,10.5201
03-03-2009,10.5193
02-03-2009,10.5184
27-02-2009,10.5162
26-02-2009,10.5155
25-02-2009,10.5147
24-02-2009,10.5138
20-02-2009,10.5101
19-02-2009,10.5092
18-02-2009,10.5083
17-02-2009,10.5073
16-02-2009,10.5064
13-02-2009,10.5036
12-02-2009,10.5027
11-02-2009,10.5019
10-02-2009,10.501
09-02-2009,10.5001
06-02-2009,10.501
05-02-2009,10.502
04-02-2009,10.5029
03-02-2009,10.5039
02-02-2009,10.5048
30-01-2009,10.5079
29-01-2009,10.509
28-01-2009,10.5099
27-01-2009,10.5109
23-01-2009,10.5149
22-01-2009,10.5157
21-01-2009,10.5166
20-01-2009,10.5175
19-01-2009,10.5183
16-01-2009,10.5211
15-01-2009,10.5211
14-01-2009,10.5219
13-01-2009,10.5227
12-01-2009,10.5236
09-01-2009,10.5262
07-01-2009,10.5278
06-01-2009,10.5287
05-01-2009,10.5296
02-01-2009,10.5327
01-01-2009,10.5338
31-12-2008,10.5344
30-12-2008,10.535
29-12-2008,10.5356
26-12-2008,10.538
24-12-2008,10.5393
23-12-2008,10.5398
22-12-2008,10.5389
19-12-2008,10.5409
18-12-2008,10.5417
17-12-2008,10.5422
16-12-2008,10.5427
15-12-2008,10.5432
12-12-2008,10.5449
11-12-2008,10.5454
10-12-2008,10.546
08-12-2008,10.5475
05-12-2008,10.5504
04-12-2008,10.5515
03-12-2008,10.552
02-12-2008,10.5525
01-12-2008,10.553
28-11-2008,10.5548
26-11-2008,10.5558
25-11-2008,10.5562
24-11-2008,10.5565
21-11-2008,10.5584
20-11-2008,10.5592
19-11-2008,10.5596
18-11-2008,10.5599
17-11-2008,10.5603
14-11-2008,10.5607
12-11-2008,10.5608
11-11-2008,10.5608
10-11-2008,10.5608
07-11-2008,10.5621
06-11-2008,10.5628
05-11-2008,10.5631
04-11-2008,10.5638
03-11-2008,10.5638
31-10-2008,10.5637
29-10-2008,10.5633
27-10-2008,10.5629
24-10-2008,10.5644
23-10-2008,10.5652
22-10-2008,10.5661
21-10-2008,10.5661
20-10-2008,10.5662
17-10-2008,10.5662
16-10-2008,10.5662
15-10-2008,10.5668
14-10-2008,10.5675
13-10-2008,10.5682
10-10-2008,10.5703
08-10-2008,10.5716
07-10-2008,10.5723
06-10-2008,10.5718
03-10-2008,10.5727
01-10-2008,10.5727
30-09-2008,10.5721
29-09-2008,10.5742
26-09-2008,10.5763
25-09-2008,10.5764
24-09-2008,10.576
23-09-2008,10.5756
22-09-2008,10.5751
19-09-2008,10.5735
18-09-2008,10.5729
17-09-2008,10.5724
16-09-2008,10.5718
15-09-2008,10.5738
12-09-2008,10.5768
11-09-2008,10.5773
10-09-2008,10.5778
09-09-2008,10.5773
08-09-2008,10.5769
05-09-2008,10.576
04-09-2008,10.5757
02-09-2008,10.5747
01-09-2008,10.5742
29-08-2008,10.5745
28-08-2008,10.5748
27-08-2008,10.5752
26-08-2008,10.5749
25-08-2008,10.5744
22-08-2008,10.5731
21-08-2008,10.5726
20-08-2008,10.5721
19-08-2008,10.572
18-08-2008,10.5716
14-08-2008,10.571
13-08-2008,10.5715
12-08-2008,10.5726
11-08-2008,10.5733
08-08-2008,10.5706
07-08-2008,10.5704
06-08-2008,10.5698
05-08-2008,10.5693
04-08-2008,10.5688
01-08-2008,10.569
31-07-2008,10.5694
30-07-2008,10.5696
29-07-2008,10.5708
28-07-2008,10.5728
25-07-2008,10.5717
24-07-2008,10.5714
23-07-2008,10.5695
22-07-2008,10.5691
21-07-2008,10.5688
18-07-2008,10.5695
17-07-2008,10.57
16-07-2008,10.5696
15-07-2008,10.5691
14-07-2008,10.6662
11-07-2008,10.675
10-07-2008,10.6746
09-07-2008,10.6741
08-07-2008,10.6838
07-07-2008,10.6833
04-07-2008,10.6833
03-07-2008,10.6836
02-07-2008,10.6838
01-07-2008,10.7047
30-06-2008,10.7047
27-06-2008,10.7038
26-06-2008,10.7137
25-06-2008,10.6621
24-06-2008,10.7443
23-06-2008,10.7439
20-06-2008,10.7538
19-06-2008,10.8069
18-06-2008,10.8212
17-06-2008,10.8208
16-06-2008,10.8204
13-06-2008,10.8192
12-06-2008,10.8297
11-06-2008,10.8446
10-06-2008,10.8377
09-06-2008,10.8374
06-06-2008,10.8482
05-06-2008,10.8527
04-06-2008,10.8528
03-06-2008,10.8594
02-06-2008,10.8682
30-05-2008,10.8675
29-05-2008,10.8783
28-05-2008,10.8824
27-05-2008,10.8821
26-05-2008,10.8819
23-05-2008,10.8821
22-05-2008,10.8823
21-05-2008,10.898
20-05-2008,10.8981
16-05-2008,10.9022
15-05-2008,10.9021
14-05-2008,10.9019
13-05-2008,10.9086
12-05-2008,10.904
09-05-2008,10.904
08-05-2008,10.9041
07-05-2008,10.911
06-05-2008,10.9179
05-05-2008,10.9135
02-05-2008,10.9047
30-04-2008,10.8957
29-04-2008,10.8889
28-04-2008,10.8687
25-04-2008,10.869
24-04-2008,10.8693
23-04-2008,10.8695
22-04-2008,10.8695
21-04-2008,10.8629
17-04-2008,10.874
16-04-2008,10.874
15-04-2008,10.8842
11-04-2008,10.8855
10-04-2008,10.8927
09-04-2008,10.8995
08-04-2008,10.8999
07-04-2008,10.9006
04-04-2008,10.8973
03-04-2008,10.9201
02-04-2008,10.9204
01-04-2008,10.9204
31-03-2008,10.9206
28-03-2008,10.9205
27-03-2008,10.9204
26-03-2008,10.9205
25-03-2008,10.9203
24-03-2008,10.92
19-03-2008,10.9348
18-03-2008,10.9345
17-03-2008,10.9342
14-03-2008,10.934
13-03-2008,10.934
12-03-2008,10.9342
11-03-2008,10.9343
10-03-2008,10.9388
07-03-2008,10.9391
05-03-2008,10.9506
04-03-2008,10.9101
03-03-2008,10.9101
29-02-2008,10.9115
28-02-2008,10.9077
27-02-2008,10.9075
26-02-2008,10.9117
25-02-2008,10.9047
22-02-2008,10.9037
21-02-2008,10.9033
20-02-2008,10.8965
19-02-2008,10.9133
18-02-2008,10.9196
15-02-2008,10.9322
14-02-2008,10.9322
13-02-2008,10.9475
12-02-2008,10.954
11-02-2008,10.9539
08-02-2008,10.9582
07-02-2008,10.9582
06-02-2008,10.9581
05-02-2008,10.9559
04-02-2008,10.9558
01-02-2008,10.9559
31-01-2008,10.9517
30-01-2008,10.9513
29-01-2008,10.96
28-01-2008,10.9818
25-01-2008,10.9816
24-01-2008,10.988
23-01-2008,10.9881
22-01-2008,10.962
21-01-2008,10.9619
18-01-2008,10.9616
17-01-2008,10.9614
16-01-2008,10.9614
15-01-2008,10.9677
14-01-2008,10.9677
11-01-2008,10.9674
10-01-2008,10.9609
09-01-2008,10.9565
08-01-2008,10.9564
07-01-2008,10.9627
04-01-2008,10.9505
03-01-2008,10.955
02-01-2008,10.9551
01-01-2008,10.9489
31-12-2007,10.9235
28-12-2007,10.9162
27-12-2007,10.9055
26-12-2007,10.905
24-12-2007,10.9
20-12-2007,10.8986
19-12-2007,10.8982
18-12-2007,10.8978
17-12-2007,10.8933
14-12-2007,10.8922
13-12-2007,10.8917
12-12-2007,10.8913
11-12-2007,10.8948
10-12-2007,10.8983
07-12-2007,10.8978
06-12-2007,10.8978
05-12-2007,10.8975
04-12-2007,10.8971
03-12-2007,10.8965
30-11-2007,10.895
29-11-2007,10.8735
28-11-2007,10.8729
27-11-2007,10.8723
26-11-2007,10.8717
23-11-2007,10.8698
22-11-2007,10.8656
21-11-2007,10.8656
20-11-2007,10.8652
19-11-2007,10.8647
16-11-2007,10.8635
15-11-2007,10.8631
14-11-2007,10.8626
13-11-2007,10.8622
12-11-2007,10.8556
09-11-2007,10.8612
08-11-2007,10.8611
07-11-2007,10.8691
06-11-2007,10.8772
05-11-2007,10.8769
02-11-2007,10.876
01-11-2007,10.8757
31-10-2007,10.8754
30-10-2007,10.8855
29-10-2007,10.8852
26-10-2007,10.874
25-10-2007,10.8737
24-10-2007,10.8734
23-10-2007,10.8586
22-10-2007,10.8397
19-10-2007,10.8389
18-10-2007,10.8386
17-10-2007,10.8322
16-10-2007,10.8319
15-10-2007,10.8316
12-10-2007,10.8309
11-10-2007,10.8308
10-10-2007,10.8305
09-10-2007,10.8302
08-10-2007,10.83
05-10-2007,10.8292
04-10-2007,10.8289
03-10-2007,10.8286
01-10-2007,10.812
28-09-2007,10.8111
27-09-2007,10.783
26-09-2007,10.7826
25-09-2007,10.7771
24-09-2007,10.7766
21-09-2007,10.7751
20-09-2007,10.7745
19-09-2007,10.774
18-09-2007,10.7601
17-09-2007,10.7596
14-09-2007,10.7588
13-09-2007,10.7586
12-09-2007,10.7581
11-09-2007,10.7577
10-09-2007,10.7572
07-09-2007,10.7557
06-09-2007,10.7553
05-09-2007,10.7548
04-09-2007,10.7543
03-09-2007,10.7539
31-08-2007,10.7525
30-08-2007,10.7521
29-08-2007,10.7516
28-08-2007,10.7607
27-08-2007,10.7602
24-08-2007,10.7588
23-08-2007,10.7584
22-08-2007,10.7579
21-08-2007,10.7574
20-08-2007,10.7569
17-08-2007,10.7553
16-08-2007,10.7642
14-08-2007,10.7633
13-08-2007,10.7629
10-08-2007,10.7615
09-08-2007,10.761
08-08-2007,10.7587
07-08-2007,10.7787
06-08-2007,10.7689
03-08-2007,10.7821
02-08-2007,10.7823
01-08-2007,10.7825
31-07-2007,10.7959
30-07-2007,10.7961
27-07-2007,10.7967
26-07-2007,10.7969
25-07-2007,10.7971
24-07-2007,10.8162
23-07-2007,10.8165
20-07-2007,10.7888
19-07-2007,10.789
18-07-2007,10.7892
17-07-2007,10.7706
16-07-2007,10.7247
13-07-2007,10.7252
12-07-2007,10.7254
11-07-2007,10.7256
10-07-2007,10.6986
09-07-2007,10.6987
06-07-2007,10.6993
05-07-2007,10.6994
04-07-2007,10.6996
03-07-2007,10.6908
02-07-2007,10.682
29-06-2007,10.6801
28-06-2007,10.6794
27-06-2007,10.6787
26-06-2007,10.6781
25-06-2007,10.6779
22-06-2007,10.6783
21-06-2007,10.6785
20-06-2007,10.6787
19-06-2007,10.6788
18-06-2007,10.679
15-06-2007,10.6782
14-06-2007,10.678
13-06-2007,10.6777
12-06-2007,10.6775
11-06-2007,10.6772
08-06-2007,10.6763
07-06-2007,10.6761
06-06-2007,10.6759
05-06-2007,10.6756
04-06-2007,10.6754
01-06-2007,10.6746
31-05-2007,10.6744
30-05-2007,10.6741
29-05-2007,10.6739
28-05-2007,10.6734
25-05-2007,10.6714
24-05-2007,10.6706
23-05-2007,10.6699
22-05-2007,10.6692
21-05-2007,10.6685
18-05-2007,10.6663
17-05-2007,10.6655
16-05-2007,10.6648
15-05-2007,10.664
14-05-2007,10.6633
11-05-2007,10.6611
10-05-2007,10.659
09-05-2007,10.6748
08-05-2007,10.6828
07-05-2007,10.681
04-05-2007,10.6783
03-05-2007,10.6863
30-04-2007,10.6929
27-04-2007,10.6912
26-04-2007,10.691
25-04-2007,10.6908
24-04-2007,10.6901
23-04-2007,10.6888
20-04-2007,10.6866
19-04-2007,10.6946
18-04-2007,10.6939
17-04-2007,10.6931
16-04-2007,10.6935
13-04-2007,10.6919
12-04-2007,10.6911
11-04-2007,10.6908
10-04-2007,10.69
09-04-2007,10.6892
05-04-2007,10.6842
04-04-2007,10.6818
03-04-2007,10.6794
02-04-2007,10.6855
30-03-2007,10.6788
29-03-2007,10.6766
28-03-2007,10.6754
26-03-2007,10.6737
23-03-2007,10.6702
22-03-2007,10.669
21-03-2007,10.6679
20-03-2007,10.6673
19-03-2007,10.6659
16-03-2007,10.6625
15-03-2007,10.6613
14-03-2007,10.6878
13-03-2007,10.714
12-03-2007,10.7258
09-03-2007,10.7093
08-03-2007,10.7083
07-03-2007,10.7073
06-03-2007,10.7063
05-03-2007,10.7053
02-03-2007,10.7024
01-03-2007,10.7012
28-02-2007,10.7001
27-02-2007,10.6994
26-02-2007,10.6986
23-02-2007,10.6956
22-02-2007,10.6949
21-02-2007,10.6943
20-02-2007,10.6935
19-02-2007,10.6927
15-02-2007,10.6907
14-02-2007,10.6908
13-02-2007,10.6905
12-02-2007,10.6904
09-02-2007,10.6788
08-02-2007,10.6779
07-02-2007,10.6772
06-02-2007,10.6767
05-02-2007,10.6799
02-02-2007,10.6775
01-02-2007,10.6764
31-01-2007,10.6754
29-01-2007,10.6666
25-01-2007,10.6551
24-01-2007,10.6543
23-01-2007,10.6533
22-01-2007,10.6526
19-01-2007,10.6495
18-01-2007,10.6485
17-01-2007,10.6475
16-01-2007,10.648
15-01-2007,10.655
12-01-2007,10.652
11-01-2007,10.6513
10-01-2007,10.6502
09-01-2007,10.6492
08-01-2007,10.6466
05-01-2007,10.6434
04-01-2007,10.6424
03-01-2007,10.6437
02-01-2007,10.6427
29-12-2006,10.6368
28-12-2006,10.637
27-12-2006,10.6395
26-12-2006,10.6402
22-12-2006,10.6373
21-12-2006,10.6363
20-12-2006,10.6356
19-12-2006,10.6353
18-12-2006,10.6375
15-12-2006,10.6301
14-12-2006,10.6289
13-12-2006,10.6292
12-12-2006,10.6365
11-12-2006,10.6376
08-12-2006,10.6388
07-12-2006,10.6382
06-12-2006,10.6362
05-12-2006,10.6337
04-12-2006,10.6279
01-12-2006,10.6112
30-11-2006,10.6087
29-11-2006,10.6098
28-11-2006,10.6109
27-11-2006,10.6108
24-11-2006,10.6072
23-11-2006,10.6031
22-11-2006,10.6002
21-11-2006,10.5948
20-11-2006,10.5891
17-11-2006,10.5857
16-11-2006,10.5838
15-11-2006,10.5833
14-11-2006,10.5821
13-11-2006,10.5813
10-11-2006,10.5779
09-11-2006,10.5768
08-11-2006,10.5774
07-11-2006,10.5748
06-11-2006,10.5747
03-11-2006,10.5716
02-11-2006,10.5718
01-11-2006,10.5708
31-10-2006,10.57
30-10-2006,10.569
27-10-2006,10.566
26-10-2006,10.565
23-10-2006,10.5617
20-10-2006,10.5583
19-10-2006,10.5572
18-10-2006,10.5561
17-10-2006,10.5555
16-10-2006,10.5553
13-10-2006,10.5521
12-10-2006,10.5515
11-10-2006,10.5504
10-10-2006,10.5496
09-10-2006,10.5484
06-10-2006,10.5466
05-10-2006,10.5448
04-10-2006,10.5437
03-10-2006,10.5426
29-09-2006,10.5378
28-09-2006,10.5366
27-09-2006,10.5358
26-09-2006,10.5347
25-09-2006,10.5336
22-09-2006,10.5295
21-09-2006,10.5284
20-09-2006,10.5264
19-09-2006,10.5253
18-09-2006,10.5242
15-09-2006,10.5209
14-09-2006,10.5198
13-09-2006,10.5187
12-09-2006,10.5176
11-09-2006,10.5165
08-09-2006,10.5142
07-09-2006,10.5131
06-09-2006,10.5124
05-09-2006,10.5113
04-09-2006,10.5097
01-09-2006,10.5059
31-08-2006,10.5043
30-08-2006,10.5029
29-08-2006,10.5018
28-08-2006,10.5001
25-08-2006,10.4967
24-08-2006,10.495
23-08-2006,10.4936
22-08-2006,10.4924
21-08-2006,10.4911
18-08-2006,10.487
17-08-2006,10.4856
16-08-2006,10.4826
14-08-2006,10.4797
11-08-2006,10.4755
10-08-2006,10.4741
09-08-2006,10.4726
08-08-2006,10.4699
07-08-2006,10.4685
04-08-2006,10.4637
03-08-2006,10.4625
02-08-2006,10.4612
01-08-2006,10.4586
31-07-2006,10.4573
28-07-2006,10.4534
27-07-2006,10.4522
26-07-2006,10.4522
25-07-2006,10.4527
24-07-2006,10.4514
21-07-2006,10.4474
20-07-2006,10.4459
19-07-2006,10.4443
18-07-2006,10.4431
17-07-2006,10.4419
14-07-2006,10.4384
13-07-2006,10.4369
12-07-2006,10.4359
11-07-2006,10.4347
10-07-2006,10.4329
07-07-2006,10.4299
06-07-2006,10.4287
05-07-2006,10.4275
04-07-2006,10.4263
03-07-2006,10.4253
30-06-2006,10.4217
29-06-2006,10.4205
28-06-2006,10.419
27-06-2006,10.4175
26-06-2006,10.4165
23-06-2006,10.4148
22-06-2006,10.4183
21-06-2006,10.4171
20-06-2006,10.4157
19-06-2006,10.4144
16-06-2006,10.4123
15-06-2006,10.411
14-06-2006,10.4092
13-06-2006,10.4079
12-06-2006,10.4079
09-06-2006,10.4038
08-06-2006,10.4037
07-06-2006,10.4021
06-06-2006,10.401
05-06-2006,10.4011
02-06-2006,10.3971
01-06-2006,10.3958
31-05-2006,10.3946
30-05-2006,10.3933
29-05-2006,10.392
26-05-2006,10.3882
25-05-2006,10.387
24-05-2006,10.3857
23-05-2006,10.3844
22-05-2006,10.3833
19-05-2006,10.3802
18-05-2006,10.3792
17-05-2006,10.3795
16-05-2006,10.3784
15-05-2006,10.3774
12-05-2006,10.3742
11-05-2006,10.3732
10-05-2006,10.3722
09-05-2006,10.3712
08-05-2006,10.3703
05-05-2006,10.3674
04-05-2006,10.3635
03-05-2006,10.3649
02-05-2006,10.3638
28-04-2006,10.3567
27-04-2006,10.3557
26-04-2006,10.3547
25-04-2006,10.3537
24-04-2006,10.3527
21-04-2006,10.3497
20-04-2006,10.3487
19-04-2006,10.3406
18-04-2006,10.3396
17-04-2006,10.3385
13-04-2006,10.3343
12-04-2006,10.3333
10-04-2006,10.3312
07-04-2006,10.3267
05-04-2006,10.3245
04-04-2006,10.3221
03-04-2006,10.321
31-03-2006,10.3149
29-03-2006,10.3123
28-03-2006,10.3115
27-03-2006,10.3102
24-03-2006,10.3045
23-03-2006,10.3038
22-03-2006,10.3026
21-03-2006,10.3013
20-03-2006,10.3001
17-03-2006,10.2964
16-03-2006,10.2952
14-03-2006,10.2929
13-03-2006,10.2928
10-03-2006,10.2892
09-03-2006,10.2897
08-03-2006,10.29
07-03-2006,10.2875
06-03-2006,10.2863
03-03-2006,10.3028
02-03-2006,10.3127
01-03-2006,10.3171
28-02-2006,10.3307
27-02-2006,10.3387
24-02-2006,10.3458
23-02-2006,10.3447
22-02-2006,10.3448
21-02-2006,10.3506
20-02-2006,10.3495
17-02-2006,10.3466
16-02-2006,10.3455
15-02-2006,10.3433
14-02-2006,10.3547
13-02-2006,10.3607
10-02-2006,10.3574
08-02-2006,10.3558
07-02-2006,10.3571
06-02-2006,10.3544
03-02-2006,10.3489
02-02-2006,10.352
01-02-2006,10.3547
31-01-2006,10.3541
30-01-2006,10.3526
27-01-2006,10.3493
25-01-2006,10.3542
24-01-2006,10.3727
23-01-2006,10.3968
20-01-2006,10.3935
19-01-2006,10.393
18-01-2006,10.3928
17-01-2006,10.3946
16-01-2006,10.3934
13-01-2006,10.3876
12-01-2006,10.3951
10-01-2006,10.393
09-01-2006,10.3922
06-01-2006,10.3888
05-01-2006,10.3877
04-01-2006,10.3839
03-01-2006,10.3618
02-01-2006,10.3476
30-12-2005,10.3444
29-12-2005,10.344
28-12-2005,10.3433
27-12-2005,10.342
26-12-2005,10.3404
23-12-2005,10.3369
22-12-2005,10.331
21-12-2005,10.3424
20-12-2005,10.3688
19-12-2005,10.384
16-12-2005,10.3882
15-12-2005,10.3957
14-12-2005,10.4018
13-12-2005,10.409
12-12-2005,10.4182
09-12-2005,10.419
08-12-2005,10.4275
07-12-2005,10.4299
06-12-2005,10.4291
05-12-2005,10.4289
02-12-2005,10.4279
01-12-2005,10.4271
30-11-2005,10.4263
29-11-2005,10.4247
28-11-2005,10.4245
25-11-2005,10.4108
24-11-2005,10.4219
23-11-2005,10.4237
22-11-2005,10.4225
21-11-2005,10.42
18-11-2005,10.4163
17-11-2005,10.4178
16-11-2005,10.4221
14-11-2005,10.4252
11-11-2005,10.422
10-11-2005,10.4207
09-11-2005,10.4193
08-11-2005,10.4179
07-11-2005,10.4169
04-11-2005,10.4139
03-11-2005,10.4131
02-11-2005,10.4118
31-10-2005,10.4091
28-10-2005,10.4057
27-10-2005,10.395
26-10-2005,10.4026
25-10-2005,10.405
24-10-2005,10.3909
21-10-2005,10.3969
20-10-2005,10.3996
19-10-2005,10.388
18-10-2005,10.3696
17-10-2005,10.4103
14-10-2005,10.4063
13-10-2005,10.4077
11-10-2005,10.4043
10-10-2005,10.4026
07-10-2005,10.3983
06-10-2005,10.397
05-10-2005,10.396
04-10-2005,10.397
03-10-2005,10.3938
30-09-2005,10.3925
29-09-2005,10.3907
28-09-2005,10.3888
27-09-2005,10.3867
26-09-2005,10.3864
23-09-2005,10.3807
22-09-2005,10.3792
21-09-2005,10.3747
20-09-2005,10.376
19-09-2005,10.3749
16-09-2005,10.3695
15-09-2005,10.3676
14-09-2005,10.3654
13-09-2005,10.3633
12-09-2005,10.3613
09-09-2005,10.3563
08-09-2005,10.3547
06-09-2005,10.3516
05-09-2005,10.3483
02-09-2005,10.3411
01-09-2005,10.3395
31-08-2005,10.3375
30-08-2005,10.3353
29-08-2005,10.334
26-08-2005,10.3288
25-08-2005,10.3277
24-08-2005,10.3114
23-08-2005,10.3306
22-08-2005,10.3212
19-08-2005,10.3158
18-08-2005,10.3141
17-08-2005,10.3188
16-08-2005,10.3106
12-08-2005,10.3044
11-08-2005,10.3029
10-08-2005,10.3012
09-08-2005,10.2992
08-08-2005,10.3019
05-08-2005,10.2978
04-08-2005,10.2949
03-08-2005,10.2953
02-08-2005,10.2951
01-08-2005,10.2947
29-07-2005,10.2907
26-07-2005,10.2852
25-07-2005,10.2723
22-07-2005,10.2679
21-07-2005,10.2662
20-07-2005,10.2637
19-07-2005,10.2635
18-07-2005,10.2616
15-07-2005,10.2577
14-07-2005,10.2551
13-07-2005,10.2531
12-07-2005,10.2514
11-07-2005,10.2498
08-07-2005,10.2537
07-07-2005,10.2544
06-07-2005,10.2535
05-07-2005,10.2518
04-07-2005,10.251
01-07-2005,10.2495
30-06-2005,10.2523
29-06-2005,10.2536
28-06-2005,10.2498
27-06-2005,10.2463
24-06-2005,10.2475
23-06-2005,10.2489
22-06-2005,10.2501
21-06-2005,10.2406
20-06-2005,10.2358
17-06-2005,10.2314
16-06-2005,10.2299
15-06-2005,10.2342
14-06-2005,10.2342
13-06-2005,10.2336
10-06-2005,10.2337
09-06-2005,10.2359
08-06-2005,10.2365
07-06-2005,10.2345
06-06-2005,10.2215
03-06-2005,10.2107
02-06-2005,10.2066
01-06-2005,10.2077
31-05-2005,10.1957
30-05-2005,10.1934
27-05-2005,10.193
26-05-2005,10.1919
25-05-2005,10.1978
24-05-2005,10.1965
20-05-2005,10.1874
19-05-2005,10.184
18-05-2005,10.1785
17-05-2005,10.1773
16-05-2005,10.1728
13-05-2005,10.1648
12-05-2005,10.1606
11-05-2005,10.1595
10-05-2005,10.1577
09-05-2005,10.1562
06-05-2005,10.1524
05-05-2005,10.1564
04-05-2005,10.1559
03-05-2005,10.1532
02-05-2005,10.1459
29-04-2005,10.1519
28-04-2005,10.152
27-04-2005,10.178
26-04-2005,10.1748
25-04-2005,10.1727
21-04-2005,10.175
20-04-2005,10.1701
19-04-2005,10.169
15-04-2005,10.1686
13-04-2005,10.179
12-04-2005,10.1732
11-04-2005,10.1661
08-04-2005,10.1621
07-04-2005,10.1709
06-04-2005,10.1976
05-04-2005,10.2085
04-04-2005,10.2097
01-04-2005,10.2168
31-03-2005,10.2177
30-03-2005,10.2167
29-03-2005,10.2157
28-03-2005,10.2148
24-03-2005,10.2089
23-03-2005,10.1986
22-03-2005,10.1996
21-03-2005,10.1972
18-03-2005,10.1936
17-03-2005,10.1926
16-03-2005,10.1925
15-03-2005,10.19
14-03-2005,10.189
11-03-2005,10.1891
10-03-2005,10.1881
09-03-2005,10.1888
07-03-2005,10.1856
04-03-2005,10.1771
03-03-2005,10.1722
02-03-2005,10.1661
01-03-2005,10.1613
28-02-2005,10.1804
25-02-2005,10.1811
24-02-2005,10.1795
23-02-2005,10.1763
22-02-2005,10.1756
21-02-2005,10.1744
18-02-2005,10.1713
17-02-2005,10.1694
16-02-2005,10.1664
15-02-2005,10.1613
14-02-2005,10.1535
11-02-2005,10.153
10-02-2005,10.1442
09-02-2005,10.1315
08-02-2005,10.1281
07-02-2005,10.1247
04-02-2005,10.1145
03-02-2005,10.113
02-02-2005,10.117
01-02-2005,10.113
31-01-2005,10.1128
28-01-2005,10.1054
27-01-2005,10.103
25-01-2005,10.1029
24-01-2005,10.1028
20-01-2005,10.0982
19-01-2005,10.0944
18-01-2005,10.0968
17-01-2005,10.0998
14-01-2005,10.098
13-01-2005,10.0969
12-01-2005,10.0953
11-01-2005,10.0922
10-01-2005,10.0899
07-01-2005,10.0897
06-01-2005,10.0849
05-01-2005,10.0877
04-01-2005,10.0907
03-01-2005,10.0834
31-12-2004,10.0773
30-12-2004,10.0784
29-12-2004,10.0776
28-12-2004,10.0754
27-12-2004,10.0746
24-12-2004,10.0713
23-12-2004,10.0709
22-12-2004,10.063
21-12-2004,10.0597
20-12-2004,10.0535
17-12-2004,10.0503
16-12-2004,10.0592
15-12-2004,10.0594
14-12-2004,10.0615
13-12-2004,10.0665
10-12-2004,10.0645
09-12-2004,10.056
08-12-2004,10.0559
07-12-2004,10.0518
06-12-2004,10.0543
03-12-2004,10.0543
02-12-2004,10.0584
01-12-2004,10.0306
30-11-2004,10.0137
29-11-2004,9.9958
25-11-2004,9.9897
24-11-2004,9.9884
23-11-2004,9.982
22-11-2004,9.9827
19-11-2004,9.9783
18-11-2004,9.9748
17-11-2004,9.9703
16-11-2004,9.9714
11-11-2004,9.9606
10-11-2004,9.9771
09-11-2004,9.9769
08-11-2004,9.9654
05-11-2004,9.9882
04-11-2004,10.0211
03-11-2004,10.0232
02-11-2004,10.022
01-11-2004,10.022
29-10-2004,10.0239
28-10-2004,10.0155
27-10-2004,10.0217
26-10-2004,10.031
25-10-2004,10.0368
21-10-2004,10.0236
20-10-2004,10.0196
19-10-2004,10.0163
18-10-2004,10.0096
15-10-2004,10.0034
14-10-2004,10.0019
12-10-2004,9.995
11-10-2004,9.99
08-10-2004,9.9984
07-10-2004,9.9989
06-10-2004,10.0037
05-10-2004,10.0199
04-10-2004,10.0304
01-10-2004,10.0317
30-09-2004,10.0436
29-09-2004,10.0436
28-09-2004,10.045
27-09-2004,10.0566
24-09-2004,10.0639
23-09-2004,10.0549
22-09-2004,10.0459
21-09-2004,10.0441
20-09-2004,10.0414
17-09-2004,10.0388
16-09-2004,10.0163
15-09-2004,10.0129
14-09-2004,10.0178
13-09-2004,10.0157
10-09-2004,10.0389
09-09-2004,10.035
08-09-2004,10.0409
07-09-2004,10.0356
06-09-2004,10.0322
03-09-2004,10.0264
02-09-2004,10.0202
01-09-2004,10.039
31-08-2004,10.0302
30-08-2004,10.0259
27-08-2004,10.0157
26-08-2004,10.0029
25-08-2004,10.0064
24-08-2004,10.0013
23-08-2004,9.9984
19-08-2004,9.9866
18-08-2004,9.9876
17-08-2004,9.9847
16-08-2004,9.9743
13-08-2004,9.969
12-08-2004,9.9671
11-08-2004,9.967
10-08-2004,9.97
09-08-2004,9.9807
06-08-2004,9.9981
05-08-2004,9.9997
04-08-2004,9.9979
03-08-2004,9.9882
02-08-2004,9.9874
30-07-2004,9.9802
29-07-2004,9.9784
28-07-2004,9.9851
27-07-2004,9.9868
26-07-2004,9.9859
23-07-2004,9.9848
22-07-2004,9.9862
21-07-2004,9.986
20-07-2004,9.9844
19-07-2004,9.9935
16-07-2004,9.9783
15-07-2004,9.9795
14-07-2004,9.9794
13-07-2004,9.9851
12-07-2004,9.9803
09-07-2004,9.9741
08-07-2004,9.978
07-07-2004,9.9845
06-07-2004,9.9881
05-07-2004,9.9863
02-07-2004,9.9737
01-07-2004,9.9644
30-06-2004,9.9613
29-06-2004,9.9584
28-06-2004,9.9675
25-06-2004,9.9617
24-06-2004,9.9697
23-06-2004,9.982
22-06-2004,9.9778
21-06-2004,10.019
18-06-2004,10.0476
17-06-2004,10.0688
16-06-2004,10.0656
15-06-2004,10.0464
14-06-2004,10.0613
11-06-2004,10.1032
10-06-2004,10.1006
09-06-2004,10.1162
08-06-2004,10.119
07-06-2004,10.1204
04-06-2004,10.1166
03-06-2004,10.1008
02-06-2004,10.0949
01-06-2004,10.0987
31-05-2004,10.1029
28-05-2004,10.1087
27-05-2004,10.1191
26-05-2004,10.1239
25-05-2004,10.1275
24-05-2004,10.1254
21-05-2004,10.1173
20-05-2004,10.1199
19-05-2004,10.1192
18-05-2004,10.1166
17-05-2004,10.1154
14-05-2004,10.1164
13-05-2004,10.1159
12-05-2004,10.1151
11-05-2004,10.1143
10-05-2004,10.1155
07-05-2004,10.1285
06-05-2004,10.1314
05-05-2004,10.1309
03-05-2004,10.1276
30-04-2004,10.1259
29-04-2004,10.1231
28-04-2004,10.1247
27-04-2004,10.1259
23-04-2004,10.1286
22-04-2004,10.1281
21-04-2004,10.1267
20-04-2004,10.1266
19-04-2004,10.1248
16-04-2004,10.1225
15-04-2004,10.1208
13-04-2004,10.118
12-04-2004,10.1179
08-04-2004,10.1119
07-04-2004,10.1091
06-04-2004,10.1069
05-04-2004,10.1066
02-04-2004,10.1085
31-03-2004,10.0909
29-03-2004,10.0892
26-03-2004,10.0877
25-03-2004,10.0836
24-03-2004,10.0799
23-03-2004,10.0781
22-03-2004,10.0789
19-03-2004,10.0766
18-03-2004,10.0678
17-03-2004,10.0661
16-03-2004,10.0576
15-03-2004,10.0586
12-03-2004,10.0576
11-03-2004,10.0485
10-03-2004,10.0441
09-03-2004,10.0363
08-03-2004,10.025
05-03-2004,10.0119
04-03-2004,10.0134
03-03-2004,10.0086
01-03-2004,10.0011
27-02-2004,9.9977
26-02-2004,9.9989
25-02-2004,10.0027
24-02-2004,9.9979
23-02-2004,9.9925
20-02-2004,9.9822
19-02-2004,9.9757
17-02-2004,9.9796
16-02-2004,9.9736
13-02-2004,9.9846
12-02-2004,9.9858
11-02-2004,9.9857
10-02-2004,9.9927
09-02-2004,9.9988
