Historical Mutual Fund NAV of Nippon India Gilt Securities Fund -Growth Plan - Growth Option,
scheme:- Nippon India Gilt Securities Fund -Growth Plan - Growth Option,
Start Date:- 04-07-2003,
End Date:- 24-11-2020,
NAV Date,NAV (Rs)
24-11-2020,30.239
23-11-2020,30.1968
20-11-2020,30.2061
19-11-2020,30.1877
18-11-2020,30.181
17-11-2020,30.1703
13-11-2020,30.146
12-11-2020,30.0956
11-11-2020,30.0817
10-11-2020,30.0802
09-11-2020,30.134
06-11-2020,30.1602
05-11-2020,30.1377
04-11-2020,30.0826
03-11-2020,30.0494
02-11-2020,30.0716
29-10-2020,30.0786
28-10-2020,30.1392
27-10-2020,30.1471
26-10-2020,30.1565
23-10-2020,30.1003
22-10-2020,30.0132
21-10-2020,30.0083
20-10-2020,29.9817
19-10-2020,29.9647
16-10-2020,29.948
15-10-2020,30.0242
14-10-2020,29.9979
13-10-2020,30.0043
12-10-2020,30.0082
09-10-2020,29.9155
08-10-2020,29.7105
07-10-2020,29.7105
06-10-2020,29.6838
05-10-2020,29.7147
01-10-2020,29.6982
30-09-2020,29.6468
29-09-2020,29.591
28-09-2020,29.5694
25-09-2020,29.615
24-09-2020,29.6591
23-09-2020,29.6583
22-09-2020,29.6422
21-09-2020,29.6266
18-09-2020,29.6161
17-09-2020,29.6186
16-09-2020,29.6798
15-09-2020,29.6284
14-09-2020,29.6131
11-09-2020,29.6019
10-09-2020,29.6199
09-09-2020,29.6744
08-09-2020,29.5757
07-09-2020,29.6888
04-09-2020,29.7972
03-09-2020,29.8366
02-09-2020,29.7752
01-09-2020,29.7552
31-08-2020,29.3695
28-08-2020,29.2893
27-08-2020,29.3011
26-08-2020,29.3004
25-08-2020,29.3596
24-08-2020,29.3212
21-08-2020,29.4858
20-08-2020,29.6948
19-08-2020,29.6767
18-08-2020,29.6927
17-08-2020,29.7058
14-08-2020,29.7179
13-08-2020,29.8042
12-08-2020,29.7932
11-08-2020,29.7739
10-08-2020,29.7577
07-08-2020,29.7613
06-08-2020,29.8191
05-08-2020,29.8901
04-08-2020,29.8746
03-08-2020,29.8543
31-07-2020,29.8572
30-07-2020,29.8637
29-07-2020,29.8578
28-07-2020,29.8409
27-07-2020,29.85
24-07-2020,29.8961
23-07-2020,29.8921
22-07-2020,29.8755
21-07-2020,29.8605
20-07-2020,29.8954
17-07-2020,29.8942
16-07-2020,29.8857
15-07-2020,29.858
14-07-2020,29.8369
13-07-2020,29.8971
10-07-2020,29.9028
09-07-2020,29.8251
08-07-2020,29.8089
07-07-2020,29.7683
06-07-2020,29.6678
03-07-2020,29.647
02-07-2020,29.6653
01-07-2020,29.6724
30-06-2020,29.5958
29-06-2020,29.5497
26-06-2020,29.5021
25-06-2020,29.4926
24-06-2020,29.4451
23-06-2020,29.4665
22-06-2020,29.4956
19-06-2020,29.4856
18-06-2020,29.4586
17-06-2020,29.3936
16-06-2020,29.3727
15-06-2020,29.4412
12-06-2020,29.4259
11-06-2020,29.4488
10-06-2020,29.4458
09-06-2020,29.4329
08-06-2020,29.4056
05-06-2020,29.3561
04-06-2020,29.369
03-06-2020,29.3387
02-06-2020,29.3401
01-06-2020,29.3131
29-05-2020,29.3798
28-05-2020,29.3973
27-05-2020,29.3946
26-05-2020,29.4054
22-05-2020,29.3897
21-05-2020,29.2456
20-05-2020,29.2039
19-05-2020,29.2177
18-05-2020,29.1543
15-05-2020,29.1197
14-05-2020,29.126
13-05-2020,29.0877
12-05-2020,29.0106
11-05-2020,29.0096
08-05-2020,29.3091
06-05-2020,29.2046
05-05-2020,29.0907
04-05-2020,28.9555
30-04-2020,28.8706
29-04-2020,28.8359
28-04-2020,28.8384
27-04-2020,28.8427
24-04-2020,28.8474
23-04-2020,29.0595
22-04-2020,28.7229
21-04-2020,28.7251
20-04-2020,28.7111
17-04-2020,28.4212
16-04-2020,28.2507
15-04-2020,28.1854
13-04-2020,28.0218
09-04-2020,27.938
08-04-2020,27.9174
07-04-2020,27.986
03-04-2020,28.1776
31-03-2020,28.3195
30-03-2020,28.1854
27-03-2020,28.295
26-03-2020,27.9832
24-03-2020,27.846
23-03-2020,27.7659
20-03-2020,28.045
19-03-2020,27.7616
18-03-2020,28.0634
17-03-2020,28.082
16-03-2020,28.183
13-03-2020,28.0443
12-03-2020,28.2631
11-03-2020,28.4391
09-03-2020,28.5466
06-03-2020,28.419
05-03-2020,28.3395
04-03-2020,28.3378
03-03-2020,28.1581
02-03-2020,28.1597
28-02-2020,28.0896
27-02-2020,28.0897
26-02-2020,28.1348
25-02-2020,28.0915
24-02-2020,28.1005
20-02-2020,28.0227
18-02-2020,28.0582
17-02-2020,28.0632
14-02-2020,28.0857
13-02-2020,28.0097
12-02-2020,27.9116
11-02-2020,27.9042
10-02-2020,27.9193
07-02-2020,27.8924
06-02-2020,27.8448
05-02-2020,27.6565
04-02-2020,27.658
03-02-2020,27.6455
31-01-2020,27.3799
30-01-2020,27.4212
29-01-2020,27.4079
28-01-2020,27.4061
27-01-2020,27.4552
24-01-2020,27.4105
23-01-2020,27.3733
22-01-2020,27.3074
21-01-2020,27.317
20-01-2020,27.284
17-01-2020,27.2865
16-01-2020,27.2171
15-01-2020,27.1775
14-01-2020,27.122
13-01-2020,27.2448
10-01-2020,27.2626
09-01-2020,27.3888
08-01-2020,27.3089
07-01-2020,27.3192
06-01-2020,27.2987
03-01-2020,27.4458
02-01-2020,27.463
01-01-2020,27.4337
31-12-2019,27.3281
30-12-2019,27.3331
27-12-2019,27.3634
26-12-2019,27.3127
24-12-2019,27.2764
23-12-2019,27.2848
20-12-2019,27.2135
19-12-2019,26.9637
18-12-2019,26.9853
17-12-2019,26.9269
16-12-2019,26.852
13-12-2019,26.8522
12-12-2019,26.8734
11-12-2019,26.8834
10-12-2019,26.9491
09-12-2019,27.0051
06-12-2019,26.9746
05-12-2019,27.0327
04-12-2019,27.2628
03-12-2019,27.2388
02-12-2019,27.204
29-11-2019,27.2198
28-11-2019,27.2286
27-11-2019,27.2086
26-11-2019,27.2059
25-11-2019,27.2156
22-11-2019,27.1691
21-11-2019,27.1482
20-11-2019,27.2171
19-11-2019,27.1825
18-11-2019,27.1514
15-11-2019,27.1002
14-11-2019,27.0767
13-11-2019,27.0573
11-11-2019,26.9913
08-11-2019,27.0099
07-11-2019,27.0511
06-11-2019,27.0782
05-11-2019,27.0299
04-11-2019,27.0765
01-11-2019,27.0943
31-10-2019,27.0881
30-10-2019,27.0458
29-10-2019,27.0243
25-10-2019,27.0205
24-10-2019,27.0129
23-10-2019,27.0094
22-10-2019,26.9733
18-10-2019,26.9624
17-10-2019,26.9468
16-10-2019,27.0125
15-10-2019,26.974
14-10-2019,26.9784
11-10-2019,26.911
10-10-2019,26.9828
09-10-2019,27.0087
07-10-2019,26.9815
04-10-2019,26.975
03-10-2019,27.0568
01-10-2019,26.9601
30-09-2019,26.8462
27-09-2019,26.7805
26-09-2019,26.7823
25-09-2019,26.7381
24-09-2019,26.7242
23-09-2019,26.7718
20-09-2019,26.7015
19-09-2019,26.9381
18-09-2019,26.9533
17-09-2019,26.8149
16-09-2019,26.8375
13-09-2019,26.9194
12-09-2019,26.8841
11-09-2019,26.8774
09-09-2019,27.0048
06-09-2019,26.956
05-09-2019,26.9711
04-09-2019,26.9864
03-09-2019,26.9976
30-08-2019,26.9029
29-08-2019,26.925
28-08-2019,26.9011
27-08-2019,26.9348
26-08-2019,26.9952
23-08-2019,26.8504
22-08-2019,26.8546
21-08-2019,26.8234
20-08-2019,26.7812
19-08-2019,26.7393
16-08-2019,26.7944
14-08-2019,26.6731
13-08-2019,26.8047
09-08-2019,26.8471
08-08-2019,26.9659
07-08-2019,26.9628
06-08-2019,26.9191
05-08-2019,26.8308
02-08-2019,26.8765
01-08-2019,26.7743
31-07-2019,26.8279
30-07-2019,26.7888
29-07-2019,26.7558
26-07-2019,26.59
25-07-2019,26.6081
24-07-2019,26.7121
23-07-2019,26.6851
22-07-2019,26.7497
19-07-2019,26.8469
18-07-2019,26.8117
17-07-2019,26.8509
16-07-2019,26.9061
15-07-2019,26.7886
12-07-2019,26.7054
11-07-2019,26.69
10-07-2019,26.6147
09-07-2019,26.5447
08-07-2019,26.5789
05-07-2019,26.3636
04-07-2019,26.2801
03-07-2019,26.1585
02-07-2019,26.1327
01-07-2019,26.0831
28-06-2019,26.0763
27-06-2019,26.0411
26-06-2019,25.9966
25-06-2019,26.0619
24-06-2019,26.0995
21-06-2019,26.0745
20-06-2019,26.1797
19-06-2019,26.1034
18-06-2019,26.1325
17-06-2019,25.9428
14-06-2019,25.9369
13-06-2019,25.7854
12-06-2019,25.7635
11-06-2019,25.7265
10-06-2019,25.6729
07-06-2019,25.767
06-06-2019,25.797
04-06-2019,25.6458
03-06-2019,25.7088
31-05-2019,25.6177
30-05-2019,25.4656
29-05-2019,25.4636
28-05-2019,25.4298
27-05-2019,25.38
24-05-2019,25.2814
23-05-2019,25.2621
22-05-2019,25.2168
21-05-2019,25.1769
20-05-2019,25.1767
17-05-2019,25.0469
16-05-2019,25.0557
15-05-2019,25.0298
14-05-2019,25.0336
13-05-2019,24.9857
10-05-2019,24.9546
09-05-2019,24.9527
08-05-2019,24.9705
07-05-2019,24.9429
06-05-2019,24.9187
03-05-2019,24.8865
02-05-2019,24.8661
30-04-2019,24.8262
26-04-2019,24.7983
25-04-2019,24.7507
24-04-2019,24.7703
23-04-2019,24.7003
22-04-2019,24.677
18-04-2019,24.7346
16-04-2019,24.7461
15-04-2019,24.7419
12-04-2019,24.7187
11-04-2019,24.7535
10-04-2019,24.7598
09-04-2019,24.7392
08-04-2019,24.7129
05-04-2019,24.7816
04-04-2019,24.7898
03-04-2019,24.9012
02-04-2019,24.8865
31-03-2019,24.8301
29-03-2019,24.8269
28-03-2019,24.8218
27-03-2019,24.7885
26-03-2019,24.7876
25-03-2019,24.7873
22-03-2019,24.7152
20-03-2019,24.6462
19-03-2019,24.6148
18-03-2019,24.6329
15-03-2019,24.5819
14-03-2019,24.5336
13-03-2019,24.5158
12-03-2019,24.508
11-03-2019,24.504
08-03-2019,24.4636
07-03-2019,24.421
06-03-2019,24.4212
05-03-2019,24.4156
01-03-2019,24.4039
28-02-2019,24.3679
27-02-2019,24.2913
26-02-2019,24.3497
25-02-2019,24.3696
22-02-2019,24.3606
21-02-2019,24.3958
20-02-2019,24.3931
18-02-2019,24.3594
15-02-2019,24.3509
14-02-2019,24.4056
13-02-2019,24.4528
12-02-2019,24.3599
11-02-2019,24.3599
08-02-2019,24.3547
07-02-2019,24.3497
06-02-2019,24.2846
05-02-2019,24.2551
04-02-2019,24.2286
01-02-2019,24.2569
31-01-2019,24.3515
30-01-2019,24.2767
29-01-2019,24.2958
28-01-2019,24.2789
25-01-2019,24.2658
24-01-2019,24.2397
23-01-2019,24.23
22-01-2019,24.2517
21-01-2019,24.2186
18-01-2019,24.1858
17-01-2019,24.2318
16-01-2019,24.2124
15-01-2019,24.3145
14-01-2019,24.3514
11-01-2019,24.2694
10-01-2019,24.2604
09-01-2019,24.2657
08-01-2019,24.2726
07-01-2019,24.1675
04-01-2019,24.2221
03-01-2019,24.2358
02-01-2019,24.3079
01-01-2019,24.2358
31-12-2018,24.3187
28-12-2018,24.2956
27-12-2018,24.4147
26-12-2018,24.4231
24-12-2018,24.374
21-12-2018,24.375
20-12-2018,24.3786
19-12-2018,24.4265
18-12-2018,24.2534
17-12-2018,24.1207
14-12-2018,24.1247
13-12-2018,24.151
12-12-2018,24.1285
11-12-2018,23.9913
10-12-2018,23.9473
07-12-2018,24.0734
06-12-2018,24.116
05-12-2018,24.0597
04-12-2018,23.8831
03-12-2018,23.8179
30-11-2018,23.8255
29-11-2018,23.8166
28-11-2018,23.7669
27-11-2018,23.6822
26-11-2018,23.6929
22-11-2018,23.681
20-11-2018,23.6054
19-11-2018,23.5993
16-11-2018,23.5693
15-11-2018,23.6136
14-11-2018,23.6384
13-11-2018,23.5966
12-11-2018,23.5471
09-11-2018,23.572
06-11-2018,23.524
05-11-2018,23.4916
02-11-2018,23.4985
01-11-2018,23.4534
31-10-2018,23.4123
30-10-2018,23.4233
29-10-2018,23.4369
26-10-2018,23.3702
25-10-2018,23.374
24-10-2018,23.3588
23-10-2018,23.3399
22-10-2018,23.3142
19-10-2018,23.306
17-10-2018,23.3039
16-10-2018,23.3216
15-10-2018,23.2878
12-10-2018,23.2282
11-10-2018,23.225
10-10-2018,23.1871
09-10-2018,23.1536
08-10-2018,23.2233
05-10-2018,23.1693
04-10-2018,23.0423
03-10-2018,23.0723
01-10-2018,23.1638
28-09-2018,23.1174
27-09-2018,23.1051
26-09-2018,23.0616
25-09-2018,23.0158
24-09-2018,23.005
21-09-2018,23.0317
19-09-2018,23.0302
18-09-2018,22.9714
17-09-2018,22.9906
14-09-2018,22.939
12-09-2018,22.9207
11-09-2018,22.8909
10-09-2018,22.9155
07-09-2018,22.9842
06-09-2018,22.9611
05-09-2018,22.9671
04-09-2018,22.9539
03-09-2018,22.9934
31-08-2018,23.0097
30-08-2018,23.0216
29-08-2018,23.033
28-08-2018,23.0408
27-08-2018,23.041
24-08-2018,23.0395
23-08-2018,23.0301
21-08-2018,23.054
20-08-2018,23.0367
16-08-2018,23.0046
14-08-2018,23.0429
13-08-2018,23.037
10-08-2018,23.088
09-08-2018,23.086
08-08-2018,23.0466
07-08-2018,23.035
06-08-2018,23.0464
03-08-2018,23.0334
02-08-2018,23.0634
01-08-2018,23.0756
31-07-2018,22.9945
30-07-2018,22.9718
27-07-2018,22.9693
26-07-2018,22.9791
25-07-2018,22.9546
24-07-2018,22.9541
23-07-2018,22.9314
20-07-2018,22.9396
19-07-2018,22.935
18-07-2018,22.9497
17-07-2018,22.9486
16-07-2018,22.8888
13-07-2018,22.8829
12-07-2018,22.8947
11-07-2018,22.8033
10-07-2018,22.7765
09-07-2018,22.7742
06-07-2018,22.7751
05-07-2018,22.7611
04-07-2018,22.7885
03-07-2018,22.769
02-07-2018,22.7482
29-06-2018,22.7443
28-06-2018,22.7081
27-06-2018,22.768
26-06-2018,22.801
25-06-2018,22.7984
22-06-2018,22.7992
21-06-2018,22.8379
20-06-2018,22.7674
19-06-2018,22.7288
18-06-2018,22.7084
15-06-2018,22.6995
14-06-2018,22.6494
13-06-2018,22.6582
12-06-2018,22.6028
11-06-2018,22.6086
08-06-2018,22.6168
07-06-2018,22.5615
06-06-2018,22.6411
05-06-2018,22.7249
04-06-2018,22.6733
01-06-2018,22.698
31-05-2018,22.7076
30-05-2018,22.7559
29-05-2018,22.7679
28-05-2018,22.7916
25-05-2018,22.7217
24-05-2018,22.6291
23-05-2018,22.6492
22-05-2018,22.6907
21-05-2018,22.6788
18-05-2018,22.6457
17-05-2018,22.5731
16-05-2018,22.5365
15-05-2018,22.5288
14-05-2018,22.5898
11-05-2018,22.6855
10-05-2018,22.689
09-05-2018,22.6936
08-05-2018,22.8315
07-05-2018,22.7566
04-05-2018,22.6599
03-05-2018,22.6611
02-05-2018,22.6578
27-04-2018,22.6149
26-04-2018,22.6222
25-04-2018,22.643
24-04-2018,22.6893
23-04-2018,22.635
20-04-2018,22.6561
19-04-2018,22.7302
18-04-2018,22.842
17-04-2018,22.8845
16-04-2018,22.8887
13-04-2018,22.9344
12-04-2018,22.8884
11-04-2018,22.8453
10-04-2018,22.9617
09-04-2018,23.0909
06-04-2018,23.1453
05-04-2018,23.2128
04-04-2018,22.9665
03-04-2018,22.8956
28-03-2018,22.7864
27-03-2018,22.8756
26-03-2018,22.4411
23-03-2018,22.5031
22-03-2018,22.4942
21-03-2018,22.4738
20-03-2018,22.4367
19-03-2018,22.4413
16-03-2018,22.487
15-03-2018,22.3862
14-03-2018,22.3219
13-03-2018,22.3317
12-03-2018,22.3567
09-03-2018,22.3116
08-03-2018,22.3181
07-03-2018,22.2928
06-03-2018,22.1907
05-03-2018,22.1963
01-03-2018,22.2038
28-02-2018,22.2184
27-02-2018,22.2546
26-02-2018,22.2208
23-02-2018,22.2192
22-02-2018,22.1353
21-02-2018,22.1764
20-02-2018,22.2155
16-02-2018,22.2923
15-02-2018,22.292
14-02-2018,22.363
12-02-2018,22.3437
09-02-2018,22.345
08-02-2018,22.3788
07-02-2018,22.2902
06-02-2018,22.2319
05-02-2018,22.1956
02-02-2018,22.2256
01-02-2018,22.2036
31-01-2018,22.3847
30-01-2018,22.3861
29-01-2018,22.3695
25-01-2018,22.495
24-01-2018,22.5161
23-01-2018,22.5484
22-01-2018,22.4878
19-01-2018,22.4672
18-01-2018,22.4676
17-01-2018,22.5237
16-01-2018,22.3682
15-01-2018,22.4686
12-01-2018,22.4602
11-01-2018,22.4671
10-01-2018,22.466
09-01-2018,22.5567
08-01-2018,22.5904
05-01-2018,22.6224
04-01-2018,22.505
03-01-2018,22.5173
02-01-2018,22.4837
01-01-2018,22.5218
29-12-2017,22.5147
28-12-2017,22.428
27-12-2017,22.6365
26-12-2017,22.5864
22-12-2017,22.5963
21-12-2017,22.6449
20-12-2017,22.6433
19-12-2017,22.6724
18-12-2017,22.6709
15-12-2017,22.7021
14-12-2017,22.699
13-12-2017,22.6573
12-12-2017,22.6514
11-12-2017,22.6847
08-12-2017,22.7547
07-12-2017,22.7876
06-12-2017,22.8116
05-12-2017,22.7705
04-12-2017,22.744
30-11-2017,22.7505
29-11-2017,22.7879
28-11-2017,22.7736
27-11-2017,22.7398
24-11-2017,22.7676
23-11-2017,22.7625
22-11-2017,22.7749
21-11-2017,22.8461
20-11-2017,22.8642
17-11-2017,22.6768
16-11-2017,22.6697
15-11-2017,22.7213
14-11-2017,22.6775
13-11-2017,22.7734
10-11-2017,22.7879
09-11-2017,22.8164
08-11-2017,22.8004
07-11-2017,22.8115
06-11-2017,22.838
03-11-2017,22.8653
02-11-2017,22.856
01-11-2017,22.8209
31-10-2017,22.8436
30-10-2017,22.8123
27-10-2017,22.8751
26-10-2017,22.8695
25-10-2017,22.8501
24-10-2017,22.8786
23-10-2017,22.8553
18-10-2017,22.8891
17-10-2017,22.8699
16-10-2017,22.8909
13-10-2017,22.8695
12-10-2017,22.8215
11-10-2017,22.8297
10-10-2017,22.823
09-10-2017,22.798
06-10-2017,22.8015
05-10-2017,22.8245
04-10-2017,22.8738
03-10-2017,22.9369
29-09-2017,22.8963
28-09-2017,22.9012
27-09-2017,22.8806
26-09-2017,22.8881
25-09-2017,22.9346
22-09-2017,22.8803
21-09-2017,22.8621
20-09-2017,22.979
19-09-2017,22.9576
18-09-2017,22.9445
15-09-2017,22.9547
14-09-2017,22.9832
13-09-2017,22.9871
12-09-2017,23.0185
11-09-2017,23.0144
08-09-2017,23.0243
07-09-2017,23.0373
06-09-2017,23.0459
05-09-2017,23.0375
04-09-2017,23.0342
01-09-2017,23.0443
31-08-2017,22.9856
30-08-2017,22.9761
29-08-2017,22.9813
28-08-2017,22.94
24-08-2017,22.9492
23-08-2017,22.9525
22-08-2017,22.9464
21-08-2017,22.9656
18-08-2017,22.9656
16-08-2017,22.9295
14-08-2017,22.9418
11-08-2017,22.9441
10-08-2017,22.9552
09-08-2017,22.9913
08-08-2017,22.9973
07-08-2017,23.0039
04-08-2017,23.0219
03-08-2017,23.0274
02-08-2017,22.9238
01-08-2017,22.9268
31-07-2017,22.8909
28-07-2017,22.902
27-07-2017,22.935
26-07-2017,22.9301
25-07-2017,22.9428
24-07-2017,22.9775
21-07-2017,22.9399
20-07-2017,22.8838
19-07-2017,22.8804
18-07-2017,22.8459
17-07-2017,22.8358
14-07-2017,22.8152
13-07-2017,22.8269
12-07-2017,22.8066
11-07-2017,22.7866
10-07-2017,22.7987
07-07-2017,22.7002
06-07-2017,22.6759
05-07-2017,22.6526
04-07-2017,22.6381
03-07-2017,22.6387
30-06-2017,22.7401
29-06-2017,22.7391
28-06-2017,22.7354
27-06-2017,22.8086
23-06-2017,22.8055
22-06-2017,22.8035
21-06-2017,22.8219
20-06-2017,22.8013
19-06-2017,22.7847
16-06-2017,22.7651
15-06-2017,22.7798
14-06-2017,22.7739
13-06-2017,22.776
12-06-2017,22.7085
09-06-2017,22.713
08-06-2017,22.6702
07-06-2017,22.5427
06-06-2017,22.3756
05-06-2017,22.3463
02-06-2017,22.3439
01-06-2017,22.3443
31-05-2017,22.2437
30-05-2017,22.2295
29-05-2017,22.2184
26-05-2017,22.2276
25-05-2017,22.1899
24-05-2017,22.1543
23-05-2017,22.1568
22-05-2017,22.1324
19-05-2017,22.0664
18-05-2017,22.0712
17-05-2017,22.0591
16-05-2017,22.0569
15-05-2017,22.0896
12-05-2017,21.9738
11-05-2017,21.9361
09-05-2017,21.9272
08-05-2017,21.9311
05-05-2017,21.8986
04-05-2017,21.8686
03-05-2017,21.8805
02-05-2017,21.8547
28-04-2017,21.8681
27-04-2017,21.8791
26-04-2017,21.876
25-04-2017,21.905
24-04-2017,21.8738
21-04-2017,21.8601
20-04-2017,21.9023
19-04-2017,21.9062
18-04-2017,21.8802
17-04-2017,21.8639
13-04-2017,21.863
12-04-2017,21.8245
11-04-2017,21.7956
10-04-2017,21.7307
07-04-2017,21.7204
06-04-2017,21.7418
05-04-2017,21.8749
03-04-2017,21.871
31-03-2017,21.8716
30-03-2017,21.8656
29-03-2017,21.8473
27-03-2017,21.8662
24-03-2017,21.7414
23-03-2017,21.7121
22-03-2017,21.6882
21-03-2017,21.5961
20-03-2017,21.5683
17-03-2017,21.5676
16-03-2017,21.559
15-03-2017,21.5357
14-03-2017,21.4736
10-03-2017,21.4634
09-03-2017,21.5128
08-03-2017,21.5031
07-03-2017,21.5017
06-03-2017,21.5103
03-03-2017,21.5456
02-03-2017,21.5177
01-03-2017,21.505
28-02-2017,21.5641
27-02-2017,21.557
23-02-2017,21.5282
22-02-2017,21.5138
20-02-2017,21.5399
17-02-2017,21.5762
16-02-2017,21.5746
15-02-2017,21.5455
14-02-2017,21.5357
13-02-2017,21.5736
10-02-2017,21.5813
09-02-2017,21.5333
08-02-2017,21.6693
07-02-2017,22.0289
06-02-2017,22.0401
03-02-2017,22.0475
02-02-2017,22.0616
01-02-2017,22.0285
31-01-2017,22.0225
30-01-2017,22.0272
27-01-2017,22.0312
25-01-2017,22.0199
24-01-2017,21.9935
23-01-2017,21.9798
20-01-2017,21.9641
19-01-2017,21.9528
18-01-2017,21.9767
17-01-2017,22.0101
16-01-2017,21.9884
13-01-2017,22.006
12-01-2017,22.0404
11-01-2017,21.9992
10-01-2017,21.9987
09-01-2017,22.0021
06-01-2017,22.011
05-01-2017,22.0294
04-01-2017,22.0508
03-01-2017,21.9692
02-01-2017,22.0122
30-12-2016,21.773
29-12-2016,21.7356
28-12-2016,21.6338
27-12-2016,21.6196
26-12-2016,21.653
23-12-2016,21.7069
22-12-2016,21.7579
21-12-2016,21.821
20-12-2016,21.8062
19-12-2016,21.7855
16-12-2016,21.792
15-12-2016,21.7897
14-12-2016,21.9534
13-12-2016,21.945
09-12-2016,21.9284
08-12-2016,21.9835
07-12-2016,22.0176
06-12-2016,22.3489
05-12-2016,22.3348
02-12-2016,22.3107
01-12-2016,22.3566
30-11-2016,22.3202
29-11-2016,22.2006
28-11-2016,22.2298
25-11-2016,22.3677
24-11-2016,22.427
23-11-2016,22.2327
22-11-2016,22.0999
21-11-2016,22.061
18-11-2016,21.7972
17-11-2016,21.8117
16-11-2016,21.774
15-11-2016,21.6524
11-11-2016,21.3468
10-11-2016,21.4162
09-11-2016,21.3574
08-11-2016,21.1899
07-11-2016,21.1454
04-11-2016,21.1266
03-11-2016,21.157
02-11-2016,21.1647
01-11-2016,21.1598
28-10-2016,21.1787
27-10-2016,21.1752
26-10-2016,21.1991
25-10-2016,21.1927
24-10-2016,21.2056
21-10-2016,21.1939
20-10-2016,21.1877
19-10-2016,21.2084
18-10-2016,21.2156
17-10-2016,21.1786
14-10-2016,21.1691
13-10-2016,21.2079
10-10-2016,21.2268
07-10-2016,21.1801
06-10-2016,21.2222
05-10-2016,21.2548
04-10-2016,21.1931
03-10-2016,21.1281
30-09-2016,21.0394
29-09-2016,20.9741
28-09-2016,21.1063
27-09-2016,21.0818
26-09-2016,21.0595
23-09-2016,20.9896
22-09-2016,20.9549
21-09-2016,20.8571
20-09-2016,20.8233
19-09-2016,20.8468
16-09-2016,20.8435
15-09-2016,20.8283
14-09-2016,20.8102
12-09-2016,20.8121
09-09-2016,20.8475
08-09-2016,20.853
07-09-2016,20.8429
06-09-2016,20.768
02-09-2016,20.7301
01-09-2016,20.7346
31-08-2016,20.743
30-08-2016,20.7398
29-08-2016,20.7117
26-08-2016,20.6861
25-08-2016,20.6813
24-08-2016,20.653
23-08-2016,20.6073
22-08-2016,20.6
19-08-2016,20.6696
18-08-2016,20.6231
16-08-2016,20.6749
12-08-2016,20.6815
11-08-2016,20.6889
10-08-2016,20.6386
09-08-2016,20.5698
08-08-2016,20.4616
05-08-2016,20.4566
04-08-2016,20.4277
03-08-2016,20.3978
02-08-2016,20.4317
01-08-2016,20.4767
29-07-2016,20.4079
28-07-2016,20.3696
27-07-2016,20.2208
26-07-2016,20.2132
25-07-2016,20.1967
22-07-2016,20.1643
21-07-2016,20.1392
20-07-2016,20.1089
19-07-2016,20.0656
18-07-2016,20.0328
15-07-2016,20.0463
14-07-2016,20.0198
13-07-2016,20.0169
12-07-2016,19.949
11-07-2016,19.8736
08-07-2016,19.8642
07-07-2016,19.8512
05-07-2016,19.815
04-07-2016,19.766
01-07-2016,19.7575
30-06-2016,19.7197
29-06-2016,19.7221
28-06-2016,19.6821
27-06-2016,19.6487
24-06-2016,19.5898
23-06-2016,19.5766
22-06-2016,19.5627
21-06-2016,19.5386
20-06-2016,19.5291
17-06-2016,19.5231
16-06-2016,19.5176
15-06-2016,19.5071
14-06-2016,19.4996
13-06-2016,19.4828
10-06-2016,19.4999
09-06-2016,19.4983
08-06-2016,19.4926
07-06-2016,19.4965
06-06-2016,19.5036
03-06-2016,19.4793
02-06-2016,19.4744
01-06-2016,19.461
31-05-2016,19.4797
30-05-2016,19.4822
27-05-2016,19.4617
26-05-2016,19.4599
25-05-2016,19.4605
24-05-2016,19.4602
23-05-2016,19.4606
20-05-2016,19.4384
19-05-2016,19.4435
18-05-2016,19.4335
17-05-2016,19.4504
16-05-2016,19.448
13-05-2016,19.4454
12-05-2016,19.4562
11-05-2016,19.4447
10-05-2016,19.4407
09-05-2016,19.4362
06-05-2016,19.4145
05-05-2016,19.4097
04-05-2016,19.4081
03-05-2016,19.394
02-05-2016,19.4027
29-04-2016,19.3967
28-04-2016,19.3726
27-04-2016,19.3601
26-04-2016,19.3556
25-04-2016,19.3544
22-04-2016,19.3686
21-04-2016,19.337
20-04-2016,19.3837
18-04-2016,19.3863
13-04-2016,19.3598
12-04-2016,19.3995
11-04-2016,19.3747
07-04-2016,19.3145
06-04-2016,19.2499
05-04-2016,19.2232
04-04-2016,19.217
31-03-2016,19.1403
30-03-2016,19.0919
29-03-2016,19.0771
28-03-2016,19.0897
23-03-2016,19.0424
22-03-2016,19.0382
21-03-2016,19.046
18-03-2016,18.93
17-03-2016,18.9036
16-03-2016,18.8246
15-03-2016,18.7853
14-03-2016,18.7555
11-03-2016,18.7101
10-03-2016,18.7076
09-03-2016,18.6959
08-03-2016,18.6958
04-03-2016,18.6876
03-03-2016,18.6679
02-03-2016,18.6874
01-03-2016,18.6912
29-02-2016,18.6647
26-02-2016,18.4312
25-02-2016,18.3536
24-02-2016,18.4336
23-02-2016,18.4581
22-02-2016,18.5205
18-02-2016,18.5504
17-02-2016,18.5312
16-02-2016,18.559
15-02-2016,18.5906
12-02-2016,18.6128
11-02-2016,18.6217
10-02-2016,18.6182
09-02-2016,18.619
08-02-2016,18.6256
05-02-2016,18.6299
04-02-2016,18.6105
03-02-2016,18.5947
02-02-2016,18.6041
01-02-2016,18.6533
29-01-2016,18.6546
28-01-2016,18.6382
27-01-2016,18.6552
25-01-2016,18.6404
22-01-2016,18.6632
21-01-2016,18.6875
20-01-2016,18.6472
19-01-2016,18.6057
18-01-2016,18.5813
15-01-2016,18.5908
14-01-2016,18.6265
13-01-2016,18.6518
12-01-2016,18.6709
11-01-2016,18.6845
08-01-2016,18.6854
07-01-2016,18.6801
06-01-2016,18.6696
05-01-2016,18.668
04-01-2016,18.6592
01-01-2016,18.6454
31-12-2015,18.6126
30-12-2015,18.6164
29-12-2015,18.6139
28-12-2015,18.6226
23-12-2015,18.6218
22-12-2015,18.5882
21-12-2015,18.5788
18-12-2015,18.6142
17-12-2015,18.6501
16-12-2015,18.6424
15-12-2015,18.5899
14-12-2015,18.5715
11-12-2015,18.6016
10-12-2015,18.5924
09-12-2015,18.5942
08-12-2015,18.586
07-12-2015,18.6168
04-12-2015,18.6093
03-12-2015,18.6776
02-12-2015,18.6288
01-12-2015,18.6454
30-11-2015,18.5918
27-11-2015,18.607
26-11-2015,18.6575
24-11-2015,18.6664
23-11-2015,18.6368
20-11-2015,18.6518
19-11-2015,18.6986
18-11-2015,18.6968
17-11-2015,18.703
16-11-2015,18.7209
13-11-2015,18.7257
10-11-2015,18.6746
09-11-2015,18.6331
06-11-2015,18.6875
05-11-2015,18.6902
04-11-2015,18.7206
03-11-2015,18.7393
02-11-2015,18.7433
30-10-2015,18.7146
29-10-2015,18.7169
28-10-2015,18.7471
27-10-2015,18.7333
26-10-2015,18.7201
23-10-2015,18.7408
21-10-2015,18.7554
20-10-2015,18.7546
19-10-2015,18.745
16-10-2015,18.7483
15-10-2015,18.7495
14-10-2015,18.7362
13-10-2015,18.7254
12-10-2015,18.7127
09-10-2015,18.7597
08-10-2015,18.7513
07-10-2015,18.7328
06-10-2015,18.7511
05-10-2015,18.7665
01-10-2015,18.6914
30-09-2015,18.7139
29-09-2015,18.5984
28-09-2015,18.4476
24-09-2015,18.4483
23-09-2015,18.4484
22-09-2015,18.4489
21-09-2015,18.4702
18-09-2015,18.4612
16-09-2015,18.363
15-09-2015,18.345
14-09-2015,18.3431
11-09-2015,18.3125
10-09-2015,18.3032
09-09-2015,18.3191
08-09-2015,18.3029
07-09-2015,18.2648
04-09-2015,18.298
03-09-2015,18.3169
02-09-2015,18.3139
01-09-2015,18.302
31-08-2015,18.2572
28-08-2015,18.2611
27-08-2015,18.2689
26-08-2015,18.2387
25-08-2015,18.2017
24-08-2015,18.1186
21-08-2015,18.2254
20-08-2015,18.2724
19-08-2015,18.2704
17-08-2015,18.2525
14-08-2015,18.2453
13-08-2015,18.2148
12-08-2015,18.145
11-08-2015,18.141
10-08-2015,18.1454
07-08-2015,18.1192
06-08-2015,18.1224
05-08-2015,18.0893
04-08-2015,18.0825
03-08-2015,18.1171
31-07-2015,18.1023
30-07-2015,18.0727
29-07-2015,18.0835
28-07-2015,18.0807
27-07-2015,18.0147
24-07-2015,17.9997
23-07-2015,18.0111
22-07-2015,17.9843
21-07-2015,17.9699
20-07-2015,17.9684
17-07-2015,17.9675
16-07-2015,17.9536
15-07-2015,17.9527
14-07-2015,17.963
13-07-2015,17.926
10-07-2015,18.0135
09-07-2015,18.0229
08-07-2015,18.0287
07-07-2015,18.015
06-07-2015,18.026
03-07-2015,17.9479
02-07-2015,17.9256
01-07-2015,17.8965
30-06-2015,17.8477
29-06-2015,17.7966
26-06-2015,17.8366
25-06-2015,17.8527
24-06-2015,17.9132
23-06-2015,17.9525
22-06-2015,17.9625
19-06-2015,17.9732
18-06-2015,17.8814
17-06-2015,17.7595
16-06-2015,17.701
15-06-2015,17.7226
12-06-2015,17.6902
11-06-2015,17.7195
10-06-2015,17.7734
09-06-2015,17.8194
08-06-2015,17.7896
05-06-2015,17.8038
04-06-2015,17.8008
03-06-2015,17.8787
02-06-2015,17.9161
01-06-2015,18.0381
29-05-2015,18.0468
28-05-2015,18.0145
27-05-2015,17.9922
26-05-2015,17.9809
25-05-2015,18.0055
22-05-2015,18.0074
21-05-2015,17.9894
20-05-2015,17.9936
19-05-2015,17.9715
18-05-2015,17.8915
15-05-2015,17.8553
14-05-2015,17.8589
13-05-2015,17.8428
12-05-2015,17.8632
11-05-2015,17.9097
08-05-2015,17.8044
07-05-2015,17.8806
06-05-2015,17.9541
05-05-2015,18.0138
30-04-2015,17.9833
29-04-2015,18.023
28-04-2015,18.0648
27-04-2015,18.049
24-04-2015,18.04
23-04-2015,18.0733
22-04-2015,18.0767
21-04-2015,18.0476
20-04-2015,18.0314
17-04-2015,18.0229
16-04-2015,18.0172
15-04-2015,18.0245
13-04-2015,18.0062
10-04-2015,18.0061
09-04-2015,18.0246
08-04-2015,18.0082
07-04-2015,18.0141
06-04-2015,18.0948
31-03-2015,18.0469
30-03-2015,17.9969
27-03-2015,17.956
26-03-2015,17.9384
25-03-2015,17.9643
24-03-2015,17.9965
23-03-2015,18.0075
20-03-2015,18.0041
19-03-2015,17.9966
18-03-2015,17.9601
17-03-2015,17.9805
16-03-2015,17.9547
13-03-2015,17.946
12-03-2015,18.0198
11-03-2015,17.9817
10-03-2015,17.9913
09-03-2015,18.0169
05-03-2015,18.0567
04-03-2015,18.0953
03-03-2015,18.025
02-03-2015,18.0505
27-02-2015,18.0632
26-02-2015,18.0422
25-02-2015,18.0665
24-02-2015,18.0512
23-02-2015,18.0671
20-02-2015,18.0686
18-02-2015,18.0474
16-02-2015,18.05
13-02-2015,18.0607
12-02-2015,17.9913
11-02-2015,18.0123
10-02-2015,18.0234
09-02-2015,18.0213
06-02-2015,18.0393
05-02-2015,18.0318
04-02-2015,18.0089
03-02-2015,18.0178
02-02-2015,18.0786
30-01-2015,17.9941
29-01-2015,17.9636
28-01-2015,17.9657
27-01-2015,17.9473
23-01-2015,17.9344
22-01-2015,17.9193
21-01-2015,17.9293
20-01-2015,17.8472
19-01-2015,17.8137
16-01-2015,17.8321
15-01-2015,17.794
14-01-2015,17.6275
13-01-2015,17.6283
12-01-2015,17.5683
09-01-2015,17.5034
08-01-2015,17.4915
07-01-2015,17.4808
06-01-2015,17.4285
05-01-2015,17.4348
02-01-2015,17.4552
01-01-2015,17.4839
31-12-2014,17.5191
30-12-2014,17.494
29-12-2014,17.4198
26-12-2014,17.3563
24-12-2014,17.3923
23-12-2014,17.4156
22-12-2014,17.3797
19-12-2014,17.3922
18-12-2014,17.4431
17-12-2014,17.3924
16-12-2014,17.3746
15-12-2014,17.5918
12-12-2014,17.5841
11-12-2014,17.5246
10-12-2014,17.4318
09-12-2014,17.4286
08-12-2014,17.3739
05-12-2014,17.3371
04-12-2014,17.2783
03-12-2014,17.2728
02-12-2014,17.2663
01-12-2014,17.1121
28-11-2014,17.0505
27-11-2014,16.954
26-11-2014,16.9486
25-11-2014,16.9377
24-11-2014,16.9263
21-11-2014,16.9039
20-11-2014,16.8998
19-11-2014,16.8963
18-11-2014,16.9015
17-11-2014,16.8666
14-11-2014,16.811
13-11-2014,16.8325
12-11-2014,16.8897
11-11-2014,16.864
10-11-2014,16.8739
07-11-2014,16.8363
05-11-2014,16.8493
03-11-2014,16.7323
31-10-2014,16.6859
30-10-2014,16.6242
29-10-2014,16.5638
28-10-2014,16.5479
27-10-2014,16.5251
22-10-2014,16.4528
21-10-2014,16.4274
20-10-2014,16.4083
17-10-2014,16.3545
16-10-2014,16.3595
14-10-2014,16.3092
13-10-2014,16.2808
10-10-2014,16.2348
09-10-2014,16.2213
08-10-2014,16.275
07-10-2014,16.2216
01-10-2014,16.1706
30-09-2014,16.1367
29-09-2014,16.1634
26-09-2014,16.1996
25-09-2014,16.1583
24-09-2014,16.1627
23-09-2014,16.1657
22-09-2014,16.1899
19-09-2014,16.166
18-09-2014,16.1702
17-09-2014,16.1001
16-09-2014,16.0862
15-09-2014,16.0755
12-09-2014,16.062
11-09-2014,16.0546
10-09-2014,16.0155
09-09-2014,16.033
08-09-2014,16.0494
05-09-2014,16.0154
04-09-2014,15.9963
03-09-2014,16.0021
02-09-2014,15.9912
01-09-2014,15.9699
28-08-2014,15.9641
27-08-2014,15.9617
26-08-2014,15.9393
25-08-2014,15.9378
22-08-2014,15.9739
21-08-2014,15.9726
20-08-2014,15.9852
19-08-2014,15.9072
14-08-2014,15.8937
13-08-2014,15.8384
12-08-2014,15.7743
11-08-2014,15.8022
08-08-2014,15.7611
07-08-2014,15.7563
06-08-2014,15.7411
05-08-2014,15.7864
04-08-2014,15.9103
01-08-2014,15.9014
31-07-2014,15.9179
30-07-2014,15.9013
28-07-2014,15.9336
25-07-2014,15.9587
24-07-2014,15.9912
23-07-2014,15.9784
22-07-2014,15.9385
21-07-2014,15.9165
18-07-2014,15.8446
17-07-2014,15.8693
16-07-2014,15.8549
15-07-2014,15.838
14-07-2014,15.7929
11-07-2014,15.8024
10-07-2014,15.8125
09-07-2014,15.8344
08-07-2014,15.831
07-07-2014,15.8601
04-07-2014,15.8739
03-07-2014,15.8587
02-07-2014,15.8486
30-06-2014,15.7699
27-06-2014,15.7536
26-06-2014,15.767
25-06-2014,15.7818
24-06-2014,15.7794
23-06-2014,15.7255
20-06-2014,15.7614
19-06-2014,15.787
18-06-2014,15.7947
17-06-2014,15.8537
16-06-2014,15.8048
13-06-2014,15.8332
12-06-2014,15.8693
11-06-2014,15.891
10-06-2014,15.8681
09-06-2014,15.8797
06-06-2014,15.9196
05-06-2014,15.858
04-06-2014,15.7614
03-06-2014,15.7308
02-06-2014,15.6521
30-05-2014,15.6559
29-05-2014,15.6156
28-05-2014,15.5823
27-05-2014,15.589
26-05-2014,15.5633
23-05-2014,15.5854
22-05-2014,15.5259
21-05-2014,15.4771
20-05-2014,15.4173
19-05-2014,15.3982
16-05-2014,15.3862
15-05-2014,15.4127
13-05-2014,15.3998
12-05-2014,15.4338
09-05-2014,15.4113
08-05-2014,15.3908
07-05-2014,15.3566
06-05-2014,15.375
05-05-2014,15.4065
02-05-2014,15.3437
30-04-2014,15.3254
29-04-2014,15.3248
28-04-2014,15.2791
25-04-2014,15.2499
23-04-2014,15.2681
22-04-2014,15.2671
21-04-2014,15.2448
17-04-2014,15.2089
16-04-2014,15.1125
15-04-2014,15.118
11-04-2014,15.0992
10-04-2014,15.0576
09-04-2014,15.0338
07-04-2014,14.9807
04-04-2014,14.9793
03-04-2014,15.0033
02-04-2014,15.0308
28-03-2014,15.1385
27-03-2014,15.1224
26-03-2014,15.136
25-03-2014,15.1164
24-03-2014,15.1156
21-03-2014,15.0947
20-03-2014,15.0717
19-03-2014,15.0887
18-03-2014,15.0711
14-03-2014,15.0604
13-03-2014,15.0741
12-03-2014,15.0787
11-03-2014,15.0594
10-03-2014,15.0317
07-03-2014,14.9941
06-03-2014,14.9958
05-03-2014,14.9648
04-03-2014,14.9628
03-03-2014,14.9384
28-02-2014,14.9505
26-02-2014,14.8986
25-02-2014,14.9177
24-02-2014,14.9079
21-02-2014,14.956
20-02-2014,14.9514
18-02-2014,14.9494
17-02-2014,14.9239
14-02-2014,14.9206
13-02-2014,14.8802
12-02-2014,14.9105
11-02-2014,14.9772
10-02-2014,15.0253
07-02-2014,14.99
06-02-2014,14.9972
05-02-2014,14.9962
04-02-2014,15.0173
03-02-2014,14.9588
31-01-2014,14.9323
30-01-2014,14.8991
29-01-2014,14.9418
28-01-2014,14.9617
27-01-2014,14.9623
24-01-2014,14.986
23-01-2014,15.0594
22-01-2014,15.0993
21-01-2014,15.1328
20-01-2014,15.1727
17-01-2014,15.056
16-01-2014,15.084
15-01-2014,15.0394
13-01-2014,14.9502
10-01-2014,14.8929
09-01-2014,14.8621
08-01-2014,14.8124
07-01-2014,14.8241
06-01-2014,14.8266
03-01-2014,14.7611
02-01-2014,14.7448
01-01-2014,14.7467
31-12-2013,14.7672
30-12-2013,14.7338
27-12-2013,14.6616
26-12-2013,14.6959
24-12-2013,14.6875
23-12-2013,14.6928
20-12-2013,14.7225
19-12-2013,14.7475
18-12-2013,14.6618
17-12-2013,14.5642
16-12-2013,14.5937
13-12-2013,14.564
12-12-2013,14.6244
11-12-2013,14.6352
10-12-2013,14.6425
09-12-2013,14.6124
06-12-2013,14.6604
05-12-2013,14.726
04-12-2013,14.7386
03-12-2013,14.7581
02-12-2013,14.7685
29-11-2013,14.7487
28-11-2013,14.7698
27-11-2013,14.7859
26-11-2013,14.7311
25-11-2013,14.7002
22-11-2013,14.6927
21-11-2013,14.7188
20-11-2013,14.7478
19-11-2013,14.7617
18-11-2013,14.6989
14-11-2013,14.6477
13-11-2013,14.7116
12-11-2013,14.5481
11-11-2013,14.6325
08-11-2013,14.5877
07-11-2013,14.6999
06-11-2013,14.7469
05-11-2013,14.8025
01-11-2013,14.8028
31-10-2013,14.8482
30-10-2013,14.8772
29-10-2013,14.8791
28-10-2013,14.7694
25-10-2013,14.8189
24-10-2013,14.8202
23-10-2013,14.7885
22-10-2013,14.7946
21-10-2013,14.7925
18-10-2013,14.8272
17-10-2013,14.774
15-10-2013,14.7064
14-10-2013,14.7824
11-10-2013,14.8582
10-10-2013,14.9006
09-10-2013,14.8791
08-10-2013,14.8424
07-10-2013,14.6314
04-10-2013,14.6747
03-10-2013,14.6193
01-10-2013,14.5211
30-09-2013,14.4745
27-09-2013,14.4952
26-09-2013,14.465
25-09-2013,14.4153
24-09-2013,14.4074
23-09-2013,14.4216
20-09-2013,14.6328
19-09-2013,14.9253
18-09-2013,14.7303
17-09-2013,14.6528
16-09-2013,14.639
13-09-2013,14.6018
12-09-2013,14.5976
11-09-2013,14.6358
10-09-2013,14.6379
06-09-2013,14.5454
05-09-2013,14.6241
04-09-2013,14.608
03-09-2013,14.4722
02-09-2013,14.5385
30-08-2013,14.3538
29-08-2013,14.3768
28-08-2013,14.2625
27-08-2013,14.3927
26-08-2013,14.6412
23-08-2013,14.6594
22-08-2013,14.7169
21-08-2013,14.5486
20-08-2013,14.1092
19-08-2013,13.8665
16-08-2013,14.126
14-08-2013,14.4031
13-08-2013,14.4697
12-08-2013,14.574
08-08-2013,14.7547
07-08-2013,14.7168
06-08-2013,14.699
05-08-2013,14.7192
02-08-2013,14.6465
01-08-2013,14.776
31-07-2013,14.6907
30-07-2013,14.653
29-07-2013,14.8053
26-07-2013,14.8016
25-07-2013,14.776
24-07-2013,14.6552
23-07-2013,14.8346
22-07-2013,14.9108
19-07-2013,15.0525
18-07-2013,15.0545
17-07-2013,14.974
16-07-2013,14.9607
15-07-2013,15.5163
12-07-2013,15.5058
11-07-2013,15.5552
10-07-2013,15.502
09-07-2013,15.4841
08-07-2013,15.4542
05-07-2013,15.4963
04-07-2013,15.5407
03-07-2013,15.4556
02-07-2013,15.4995
28-06-2013,15.5057
27-06-2013,15.4334
26-06-2013,15.4148
25-06-2013,15.4703
24-06-2013,15.4699
21-06-2013,15.5478
20-06-2013,15.5316
19-06-2013,15.6953
18-06-2013,15.6842
17-06-2013,15.7096
14-06-2013,15.6307
13-06-2013,15.6173
12-06-2013,15.6431
11-06-2013,15.6207
10-06-2013,15.65
07-06-2013,15.7045
06-06-2013,15.7264
05-06-2013,15.7231
04-06-2013,15.7414
03-06-2013,15.6655
31-05-2013,15.6683
30-05-2013,15.6748
29-05-2013,15.6996
28-05-2013,15.7323
27-05-2013,15.737
24-05-2013,15.7115
23-05-2013,15.6765
22-05-2013,15.6773
21-05-2013,15.6932
20-05-2013,15.6822
17-05-2013,15.6106
16-05-2013,15.6068
15-05-2013,15.5337
14-05-2013,15.4599
13-05-2013,15.3523
10-05-2013,15.3363
09-05-2013,15.3048
08-05-2013,15.1842
07-05-2013,15.1152
06-05-2013,15.0866
03-05-2013,15.0867
02-05-2013,15.1014
30-04-2013,15.0861
29-04-2013,15.0679
26-04-2013,15.0697
25-04-2013,15.0432
23-04-2013,15.0728
22-04-2013,15.0461
18-04-2013,15.0094
17-04-2013,14.971
16-04-2013,14.9373
15-04-2013,14.9159
12-04-2013,14.8628
10-04-2013,14.8176
09-04-2013,14.8182
08-04-2013,14.7846
05-04-2013,14.7395
04-04-2013,14.7049
03-04-2013,14.6971
02-04-2013,14.6577
28-03-2013,14.6718
26-03-2013,14.649
25-03-2013,14.6785
22-03-2013,14.6669
21-03-2013,14.6859
20-03-2013,14.6899
19-03-2013,14.7124
18-03-2013,14.7352
15-03-2013,14.7419
14-03-2013,14.7395
13-03-2013,14.7103
12-03-2013,14.7206
11-03-2013,14.756
08-03-2013,14.7515
07-03-2013,14.7337
06-03-2013,14.7277
05-03-2013,14.7153
04-03-2013,14.7004
01-03-2013,14.6757
28-02-2013,14.692
27-02-2013,14.746
26-02-2013,14.7376
25-02-2013,14.7499
22-02-2013,14.7438
21-02-2013,14.7295
20-02-2013,14.7373
18-02-2013,14.7069
15-02-2013,14.7024
14-02-2013,14.706
13-02-2013,14.6799
12-02-2013,14.6499
11-02-2013,14.6634
08-02-2013,14.6637
07-02-2013,14.6287
06-02-2013,14.5902
05-02-2013,14.5729
04-02-2013,14.5663
01-02-2013,14.5834
31-01-2013,14.5748
30-01-2013,14.5916
29-01-2013,14.6211
28-01-2013,14.6068
24-01-2013,14.5817
23-01-2013,14.5998
22-01-2013,14.6129
21-01-2013,14.6095
18-01-2013,14.6149
17-01-2013,14.6238
16-01-2013,14.5947
15-01-2013,14.6546
14-01-2013,14.6795
11-01-2013,14.5906
10-01-2013,14.5705
09-01-2013,14.5437
08-01-2013,14.5292
07-01-2013,14.5219
04-01-2013,14.4757
03-01-2013,14.4315
02-01-2013,14.3888
01-01-2013,14.3819
31-12-2012,14.3
28-12-2012,14.2546
27-12-2012,14.236
26-12-2012,14.2236
24-12-2012,14.203
21-12-2012,14.1864
20-12-2012,14.1819
19-12-2012,14.1802
18-12-2012,14.1826
17-12-2012,14.1836
14-12-2012,14.172
13-12-2012,14.1546
12-12-2012,14.136
11-12-2012,14.138
10-12-2012,14.1427
07-12-2012,14.1382
06-12-2012,14.1208
05-12-2012,14.1199
04-12-2012,14.1016
03-12-2012,14.0817
30-11-2012,14.072
29-11-2012,14.0335
27-11-2012,14.0402
26-11-2012,14.0217
23-11-2012,14.0017
22-11-2012,14.0174
21-11-2012,14.0379
20-11-2012,14.0409
19-11-2012,14.0475
16-11-2012,14.0423
15-11-2012,14.042
12-11-2012,14.0186
09-11-2012,14.011
08-11-2012,14.0262
07-11-2012,14.0232
06-11-2012,14.0232
05-11-2012,14.0043
02-11-2012,13.9959
01-11-2012,14.0015
31-10-2012,13.9848
30-10-2012,14.0178
29-10-2012,14.0584
25-10-2012,14.0546
23-10-2012,14.042
22-10-2012,14.0445
19-10-2012,14.0432
18-10-2012,14.0335
17-10-2012,14.0147
16-10-2012,14.0016
15-10-2012,13.9779
12-10-2012,13.9691
11-10-2012,13.9626
10-10-2012,13.9677
09-10-2012,13.9743
08-10-2012,13.969
05-10-2012,13.9444
04-10-2012,13.9514
03-10-2012,13.9486
01-10-2012,13.9315
28-09-2012,13.9154
27-09-2012,13.8672
26-09-2012,13.8508
25-09-2012,13.8517
24-09-2012,13.8676
21-09-2012,13.8474
20-09-2012,13.8458
18-09-2012,13.8306
17-09-2012,13.808
14-09-2012,13.8031
13-09-2012,13.8006
12-09-2012,13.777
11-09-2012,13.7884
10-09-2012,13.7839
07-09-2012,13.7547
06-09-2012,13.7758
05-09-2012,13.7634
04-09-2012,13.7402
03-09-2012,13.736
31-08-2012,13.7147
30-08-2012,13.7337
29-08-2012,13.7405
28-08-2012,13.7394
27-08-2012,13.7309
24-08-2012,13.7097
23-08-2012,13.6973
22-08-2012,13.6964
21-08-2012,13.6858
17-08-2012,13.6789
16-08-2012,13.667
14-08-2012,13.6821
13-08-2012,13.6858
10-08-2012,13.7055
09-08-2012,13.7179
08-08-2012,13.7186
07-08-2012,13.7094
06-08-2012,13.6677
03-08-2012,13.6538
02-08-2012,13.6601
01-08-2012,13.653
31-07-2012,13.6467
30-07-2012,13.7092
27-07-2012,13.7173
26-07-2012,13.7154
25-07-2012,13.7144
24-07-2012,13.724
23-07-2012,13.7354
20-07-2012,13.7023
19-07-2012,13.6917
18-07-2012,13.6988
17-07-2012,13.6763
16-07-2012,13.6834
13-07-2012,13.6393
12-07-2012,13.6321
11-07-2012,13.6135
10-07-2012,13.6009
09-07-2012,13.6095
06-07-2012,13.5897
05-07-2012,13.5777
04-07-2012,13.5853
03-07-2012,13.561
29-06-2012,13.5466
28-06-2012,13.5555
27-06-2012,13.5586
26-06-2012,13.5682
25-06-2012,13.572
22-06-2012,13.5624
21-06-2012,13.5494
20-06-2012,13.5116
19-06-2012,13.5106
18-06-2012,13.5032
15-06-2012,13.5671
14-06-2012,13.574
13-06-2012,13.6043
12-06-2012,13.5942
11-06-2012,13.5509
08-06-2012,13.5382
07-06-2012,13.5481
06-06-2012,13.5285
05-06-2012,13.5304
04-06-2012,13.4755
01-06-2012,13.4231
31-05-2012,13.3994
30-05-2012,13.3084
29-05-2012,13.2837
28-05-2012,13.2814
25-05-2012,13.2602
24-05-2012,13.2583
23-05-2012,13.249
22-05-2012,13.2406
21-05-2012,13.2243
18-05-2012,13.2188
17-05-2012,13.2166
16-05-2012,13.213
15-05-2012,13.207
14-05-2012,13.1979
11-05-2012,13.1838
10-05-2012,13.1841
09-05-2012,13.1879
08-05-2012,13.1934
07-05-2012,13.1454
04-05-2012,13.1341
03-05-2012,13.1243
02-05-2012,13.1081
30-04-2012,13.0926
27-04-2012,13.0871
26-04-2012,13.0874
25-04-2012,13.0994
24-04-2012,13.1014
23-04-2012,13.0992
20-04-2012,13.095
19-04-2012,13.0936
18-04-2012,13.0992
17-04-2012,13.0948
16-04-2012,13.0843
13-04-2012,13.0741
12-04-2012,13.0685
11-04-2012,13.0638
10-04-2012,13.0612
09-04-2012,13.0588
04-04-2012,13.0384
03-04-2012,13.0243
30-03-2012,13.0379
29-03-2012,13.0246
28-03-2012,13.0369
27-03-2012,13.0565
26-03-2012,13.0669
22-03-2012,13.0595
21-03-2012,13.0552
20-03-2012,13.0535
19-03-2012,13.0448
16-03-2012,13.0355
15-03-2012,13.0754
14-03-2012,13.1139
13-03-2012,13.0814
12-03-2012,13.0903
09-03-2012,13.0947
07-03-2012,13.0985
06-03-2012,13.0964
05-03-2012,13.0898
02-03-2012,13.0824
01-03-2012,13.0756
29-02-2012,13.0846
28-02-2012,13.0828
27-02-2012,13.0716
24-02-2012,13.0573
23-02-2012,13.0704
22-02-2012,13.0552
21-02-2012,13.0809
17-02-2012,13.0752
15-02-2012,13.0713
14-02-2012,13.0603
13-02-2012,13.0395
10-02-2012,13.0498
09-02-2012,13.0199
08-02-2012,13.0352
07-02-2012,13.0537
06-02-2012,13.0539
03-02-2012,13.0542
02-02-2012,13.0781
01-02-2012,13.0635
31-01-2012,12.9627
30-01-2012,12.9423
27-01-2012,12.9021
25-01-2012,12.927
24-01-2012,12.9078
23-01-2012,13.0562
20-01-2012,13.0472
19-01-2012,13.0528
18-01-2012,13.0356
17-01-2012,13.018
16-01-2012,13.0084
13-01-2012,13.0208
12-01-2012,12.9781
11-01-2012,12.9812
10-01-2012,12.9957
09-01-2012,13.0044
06-01-2012,12.9684
05-01-2012,12.8857
04-01-2012,12.8469
03-01-2012,12.8585
02-01-2012,12.792
30-12-2011,12.651
29-12-2011,12.6854
28-12-2011,12.73
27-12-2011,12.7169
26-12-2011,12.7333
23-12-2011,12.784
22-12-2011,12.822
21-12-2011,12.8172
20-12-2011,12.8585
19-12-2011,12.8142
16-12-2011,12.7555
15-12-2011,12.6552
14-12-2011,12.6477
13-12-2011,12.7165
12-12-2011,12.6838
09-12-2011,12.6162
08-12-2011,12.6161
07-12-2011,12.562
05-12-2011,12.5533
02-12-2011,12.4925
01-12-2011,12.4517
30-11-2011,12.4126
29-11-2011,12.333
28-11-2011,12.3228
25-11-2011,12.3242
24-11-2011,12.3356
23-11-2011,12.3178
22-11-2011,12.2966
21-11-2011,12.315
18-11-2011,12.3021
17-11-2011,12.3229
16-11-2011,12.2533
15-11-2011,12.2511
14-11-2011,12.1971
11-11-2011,12.1874
09-11-2011,12.1917
08-11-2011,12.2206
04-11-2011,12.2467
03-11-2011,12.2784
02-11-2011,12.2753
01-11-2011,12.2547
31-10-2011,12.2649
28-10-2011,12.2724
25-10-2011,12.3212
24-10-2011,12.2898
21-10-2011,12.2847
20-10-2011,12.2971
19-10-2011,12.304
18-10-2011,12.3067
17-10-2011,12.3004
14-10-2011,12.2822
13-10-2011,12.3126
12-10-2011,12.3051
11-10-2011,12.3203
10-10-2011,12.2821
07-10-2011,12.3187
05-10-2011,12.3956
04-10-2011,12.417
03-10-2011,12.4293
29-09-2011,12.4799
28-09-2011,12.5575
27-09-2011,12.5649
26-09-2011,12.5682
23-09-2011,12.5626
22-09-2011,12.5576
21-09-2011,12.5372
20-09-2011,12.5283
19-09-2011,12.5288
16-09-2011,12.5058
15-09-2011,12.5146
14-09-2011,12.5048
13-09-2011,12.5176
12-09-2011,12.5313
09-09-2011,12.5128
08-09-2011,12.5204
07-09-2011,12.5075
06-09-2011,12.5053
05-09-2011,12.5186
02-09-2011,12.4731
30-08-2011,12.4918
29-08-2011,12.4915
26-08-2011,12.5047
25-08-2011,12.5393
24-08-2011,12.5555
23-08-2011,12.5245
22-08-2011,12.5181
18-08-2011,12.5167
17-08-2011,12.4834
16-08-2011,12.4912
12-08-2011,12.4781
11-08-2011,12.5174
10-08-2011,12.5214
09-08-2011,12.4997
08-08-2011,12.4732
05-08-2011,12.4229
04-08-2011,12.3595
03-08-2011,12.3482
02-08-2011,12.3392
01-08-2011,12.3266
29-07-2011,12.3251
28-07-2011,12.322
27-07-2011,12.3232
26-07-2011,12.3306
25-07-2011,12.4187
22-07-2011,12.4039
21-07-2011,12.4305
20-07-2011,12.4264
19-07-2011,12.4371
18-07-2011,12.4366
15-07-2011,12.4196
14-07-2011,12.4281
13-07-2011,12.3936
12-07-2011,12.4053
11-07-2011,12.3759
08-07-2011,12.3572
07-07-2011,12.3497
06-07-2011,12.3575
05-07-2011,12.3527
04-07-2011,12.347
30-06-2011,12.3529
29-06-2011,12.349
28-06-2011,12.3585
27-06-2011,12.3667
24-06-2011,12.3675
23-06-2011,12.3615
22-06-2011,12.362
21-06-2011,12.3653
20-06-2011,12.3664
17-06-2011,12.3481
16-06-2011,12.342
15-06-2011,12.3181
14-06-2011,12.33
13-06-2011,12.3569
10-06-2011,12.3557
09-06-2011,12.3367
08-06-2011,12.3407
07-06-2011,12.3263
06-06-2011,12.3345
03-06-2011,12.3175
02-06-2011,12.3016
01-06-2011,12.2815
31-05-2011,12.2561
30-05-2011,12.2545
27-05-2011,12.2477
26-05-2011,12.2519
25-05-2011,12.2551
24-05-2011,12.2523
23-05-2011,12.2538
20-05-2011,12.2412
19-05-2011,12.2444
18-05-2011,12.2489
16-05-2011,12.2492
13-05-2011,12.2493
12-05-2011,12.2636
11-05-2011,12.2457
10-05-2011,12.2443
09-05-2011,12.2415
06-05-2011,12.2461
05-05-2011,12.2338
04-05-2011,12.2332
03-05-2011,12.2371
02-05-2011,12.2433
29-04-2011,12.2386
28-04-2011,12.2386
27-04-2011,12.2379
26-04-2011,12.2378
25-04-2011,12.2342
21-04-2011,12.2308
20-04-2011,12.2273
19-04-2011,12.2324
18-04-2011,12.2308
15-04-2011,12.2279
13-04-2011,12.2327
11-04-2011,12.2338
08-04-2011,12.2417
07-04-2011,12.257
06-04-2011,12.2547
05-04-2011,12.2547
31-03-2011,12.2396
30-03-2011,12.2358
29-03-2011,12.2466
28-03-2011,12.2553
25-03-2011,12.2498
24-03-2011,12.2257
23-03-2011,12.216
22-03-2011,12.2091
21-03-2011,12.2039
18-03-2011,12.2072
17-03-2011,12.2112
16-03-2011,12.2132
15-03-2011,12.2162
14-03-2011,12.2043
11-03-2011,12.213
10-03-2011,12.2115
09-03-2011,12.2033
08-03-2011,12.2021
07-03-2011,12.1771
04-03-2011,12.1758
03-03-2011,12.183
01-03-2011,12.1533
28-02-2011,12.1463
25-02-2011,12.1236
24-02-2011,12.1217
23-02-2011,12.1269
22-02-2011,12.1318
21-02-2011,12.1221
18-02-2011,12.0975
17-02-2011,12.0997
15-02-2011,12.0884
14-02-2011,12.0844
11-02-2011,12.0633
10-02-2011,12.0654
09-02-2011,12.0542
08-02-2011,12.0441
07-02-2011,12.0345
04-02-2011,12.0333
03-02-2011,12.0496
02-02-2011,12.0533
01-02-2011,12.0472
31-01-2011,12.0494
28-01-2011,12.0512
27-01-2011,12.0475
25-01-2011,12.038
24-01-2011,12.0128
21-01-2011,12.0137
20-01-2011,12.0219
19-01-2011,12.0119
18-01-2011,12.008
17-01-2011,12.0086
14-01-2011,12.014
13-01-2011,12.034
12-01-2011,12.0144
11-01-2011,11.9982
10-01-2011,12.0018
07-01-2011,12.0171
06-01-2011,12.0357
05-01-2011,12.0627
04-01-2011,12.0579
03-01-2011,12.0757
31-12-2010,12.0877
30-12-2010,12.0823
29-12-2010,12.0901
28-12-2010,12.0888
27-12-2010,12.085
24-12-2010,12.0716
23-12-2010,12.0595
22-12-2010,12.0607
21-12-2010,12.0565
20-12-2010,12.0585
16-12-2010,12.0603
15-12-2010,11.9943
14-12-2010,11.9825
13-12-2010,11.9545
10-12-2010,11.9555
09-12-2010,11.9249
08-12-2010,11.92
07-12-2010,11.9283
06-12-2010,11.9015
03-12-2010,11.9223
02-12-2010,11.9592
01-12-2010,11.9461
30-11-2010,11.965
29-11-2010,11.9763
26-11-2010,11.9929
25-11-2010,11.975
24-11-2010,11.9638
23-11-2010,11.9764
22-11-2010,11.9652
19-11-2010,11.9525
18-11-2010,11.9555
16-11-2010,11.942
15-11-2010,11.9513
12-11-2010,11.9417
11-11-2010,11.9479
10-11-2010,11.9601
09-11-2010,11.9713
08-11-2010,11.9683
04-11-2010,11.9683
03-11-2010,11.9867
02-11-2010,11.9705
01-11-2010,11.9077
29-10-2010,11.8962
28-10-2010,11.8757
27-10-2010,11.872
26-10-2010,11.8592
25-10-2010,11.8767
22-10-2010,11.8747
21-10-2010,11.8896
20-10-2010,11.8692
19-10-2010,11.8834
18-10-2010,11.8651
15-10-2010,11.8801
14-10-2010,11.9012
13-10-2010,11.8957
12-10-2010,11.9078
11-10-2010,11.8926
08-10-2010,11.8804
07-10-2010,11.9047
06-10-2010,11.9135
05-10-2010,11.8897
04-10-2010,11.8947
01-10-2010,11.9098
29-09-2010,11.9409
28-09-2010,11.9384
27-09-2010,11.9315
24-09-2010,11.9204
23-09-2010,11.9035
22-09-2010,11.8778
21-09-2010,11.8649
20-09-2010,11.8437
17-09-2010,11.8272
16-09-2010,11.8386
15-09-2010,11.8433
14-09-2010,11.8433
13-09-2010,11.8314
09-09-2010,11.8468
08-09-2010,11.8433
07-09-2010,11.8386
06-09-2010,11.8224
03-09-2010,11.8251
02-09-2010,11.8293
01-09-2010,11.8344
31-08-2010,11.8486
30-08-2010,11.8442
27-08-2010,11.8343
26-08-2010,11.8169
25-08-2010,11.814
24-08-2010,11.817
23-08-2010,11.7944
20-08-2010,11.7956
18-08-2010,11.8013
17-08-2010,11.8268
16-08-2010,11.8516
13-08-2010,11.8492
12-08-2010,11.8316
11-08-2010,11.8403
10-08-2010,11.8174
09-08-2010,11.8237
06-08-2010,11.8145
05-08-2010,11.7845
04-08-2010,11.8169
03-08-2010,11.833
02-08-2010,11.8021
30-07-2010,11.8287
29-07-2010,11.8507
28-07-2010,11.8624
27-07-2010,11.8772
26-07-2010,11.9048
23-07-2010,11.8929
22-07-2010,11.8902
21-07-2010,11.8824
20-07-2010,11.8894
19-07-2010,11.9115
16-07-2010,11.8988
15-07-2010,11.8984
14-07-2010,11.8997
13-07-2010,11.9026
12-07-2010,11.9058
09-07-2010,11.8834
08-07-2010,11.8962
07-07-2010,11.9066
06-07-2010,11.8815
05-07-2010,11.8861
02-07-2010,11.914
30-06-2010,11.9144
29-06-2010,11.9126
28-06-2010,11.9034
25-06-2010,11.8727
24-06-2010,11.9037
23-06-2010,11.8958
22-06-2010,11.9066
21-06-2010,11.9084
18-06-2010,11.904
17-06-2010,11.8821
16-06-2010,11.8878
15-06-2010,11.8669
14-06-2010,11.8521
11-06-2010,11.8758
10-06-2010,11.8952
09-06-2010,11.9003
08-06-2010,11.923
07-06-2010,11.9353
04-06-2010,11.928
03-06-2010,11.9149
02-06-2010,11.938
01-06-2010,11.9374
31-05-2010,11.9296
28-05-2010,11.9249
26-05-2010,11.8985
25-05-2010,11.955
24-05-2010,11.9545
21-05-2010,11.9654
20-05-2010,11.9693
19-05-2010,11.9533
18-05-2010,11.9327
17-05-2010,11.9501
14-05-2010,11.9352
13-05-2010,11.9285
12-05-2010,11.9183
11-05-2010,11.9112
10-05-2010,11.9031
07-05-2010,11.9127
06-05-2010,11.9138
05-05-2010,11.9258
04-05-2010,11.9
03-05-2010,11.8716
30-04-2010,11.8669
29-04-2010,11.848
28-04-2010,11.8419
27-04-2010,11.835
26-04-2010,11.8122
23-04-2010,11.8125
22-04-2010,11.8321
21-04-2010,11.8061
20-04-2010,11.8116
19-04-2010,11.7856
16-04-2010,11.7834
15-04-2010,11.7852
13-04-2010,11.786
12-04-2010,11.7908
09-04-2010,11.7907
08-04-2010,11.7919
07-04-2010,11.794
06-04-2010,11.789
05-04-2010,11.7867
31-03-2010,11.7742
30-03-2010,11.779
29-03-2010,11.782
26-03-2010,11.762
25-03-2010,11.7598
23-03-2010,11.7584
22-03-2010,11.7558
19-03-2010,11.7534
18-03-2010,11.7536
17-03-2010,11.7492
15-03-2010,11.7383
12-03-2010,11.7334
11-03-2010,11.7365
10-03-2010,11.7359
09-03-2010,11.738
08-03-2010,11.7283
05-03-2010,11.7284
04-03-2010,11.7301
03-03-2010,11.7245
02-03-2010,11.7221
26-02-2010,11.7313
25-02-2010,11.7424
24-02-2010,11.744
23-02-2010,11.7484
22-02-2010,11.7288
19-02-2010,11.7076
18-02-2010,11.7148
17-02-2010,11.705
16-02-2010,11.7097
15-02-2010,11.7027
11-02-2010,11.702
10-02-2010,11.7326
09-02-2010,11.7527
08-02-2010,11.7539
05-02-2010,11.753
04-02-2010,11.7446
03-02-2010,11.7511
02-02-2010,11.7523
01-02-2010,11.77
29-01-2010,11.7781
28-01-2010,11.7917
27-01-2010,11.7917
25-01-2010,11.7759
22-01-2010,11.7865
21-01-2010,11.7848
20-01-2010,11.7584
19-01-2010,11.744
18-01-2010,11.7549
15-01-2010,11.7369
14-01-2010,11.7485
13-01-2010,11.7154
12-01-2010,11.7092
11-01-2010,11.7229
08-01-2010,11.7098
07-01-2010,11.7071
06-01-2010,11.7242
05-01-2010,11.7255
04-01-2010,11.7219
01-01-2010,11.7294
31-12-2009,11.7182
30-12-2009,11.7202
29-12-2009,11.699
24-12-2009,11.7062
23-12-2009,11.7015
22-12-2009,11.6882
21-12-2009,11.6758
18-12-2009,11.6693
17-12-2009,11.7096
16-12-2009,11.6648
15-12-2009,11.6828
14-12-2009,11.6911
11-12-2009,11.6746
10-12-2009,11.669
09-12-2009,11.685
08-12-2009,11.697
07-12-2009,11.6768
04-12-2009,11.6476
03-12-2009,11.6735
02-12-2009,11.6892
01-12-2009,11.6777
30-11-2009,11.7115
27-11-2009,11.7325
26-11-2009,11.7457
25-11-2009,11.7222
24-11-2009,11.6985
23-11-2009,11.6898
20-11-2009,11.7123
19-11-2009,11.6542
18-11-2009,11.6332
17-11-2009,11.624
16-11-2009,11.6098
13-11-2009,11.6097
12-11-2009,11.606
11-11-2009,11.6081
10-11-2009,11.6194
09-11-2009,11.6129
06-11-2009,11.6049
05-11-2009,11.5975
04-11-2009,11.5955
03-11-2009,11.6119
30-10-2009,11.5865
29-10-2009,11.5975
28-10-2009,11.5891
27-10-2009,11.5763
26-10-2009,11.5452
23-10-2009,11.5295
22-10-2009,11.5481
21-10-2009,11.5651
20-10-2009,11.5486
16-10-2009,11.5426
15-10-2009,11.5523
14-10-2009,11.549
12-10-2009,11.5508
09-10-2009,11.5731
08-10-2009,11.6264
07-10-2009,11.6094
06-10-2009,11.6137
05-10-2009,11.6668
01-10-2009,11.6239
29-09-2009,11.6319
25-09-2009,11.6695
24-09-2009,11.6863
23-09-2009,11.6932
22-09-2009,11.6699
18-09-2009,11.6873
17-09-2009,11.663
16-09-2009,11.6879
15-09-2009,11.68
14-09-2009,11.6347
11-09-2009,11.5502
10-09-2009,11.5217
09-09-2009,11.5502
08-09-2009,11.5513
07-09-2009,11.5885
04-09-2009,11.5382
03-09-2009,11.5288
02-09-2009,11.5519
01-09-2009,11.5492
31-08-2009,11.5325
28-08-2009,11.5627
27-08-2009,11.5768
26-08-2009,11.6198
25-08-2009,11.5593
24-08-2009,11.5509
21-08-2009,11.5832
20-08-2009,11.6108
18-08-2009,11.622
17-08-2009,11.6363
14-08-2009,11.6296
13-08-2009,11.6435
12-08-2009,11.6372
11-08-2009,11.6357
10-08-2009,11.6168
07-08-2009,11.6274
06-08-2009,11.6318
05-08-2009,11.6337
04-08-2009,11.668
03-08-2009,11.6679
31-07-2009,11.6815
30-07-2009,11.695
29-07-2009,11.7107
28-07-2009,11.7206
27-07-2009,11.7016
24-07-2009,11.7025
23-07-2009,11.7104
22-07-2009,11.706
21-07-2009,11.6859
20-07-2009,11.6868
17-07-2009,11.7198
16-07-2009,11.6837
15-07-2009,11.6499
14-07-2009,11.6632
13-07-2009,11.6928
10-07-2009,11.6367
09-07-2009,11.6548
08-07-2009,11.6635
07-07-2009,11.6443
06-07-2009,11.6685
03-07-2009,11.8186
02-07-2009,11.77
30-06-2009,11.682
29-06-2009,11.6898
26-06-2009,11.6762
25-06-2009,11.6777
24-06-2009,11.6865
23-06-2009,11.6676
22-06-2009,11.6611
19-06-2009,11.6671
18-06-2009,11.6772
17-06-2009,11.6691
16-06-2009,11.6514
15-06-2009,11.6629
12-06-2009,11.6495
11-06-2009,11.653
10-06-2009,11.6726
09-06-2009,11.6974
08-06-2009,11.6989
05-06-2009,11.6951
04-06-2009,11.7165
03-06-2009,11.7167
02-06-2009,11.686
01-06-2009,11.6861
29-05-2009,11.7014
28-05-2009,11.6789
27-05-2009,11.7184
26-05-2009,11.7514
25-05-2009,11.7393
22-05-2009,11.7689
21-05-2009,11.7834
20-05-2009,11.8057
19-05-2009,11.7958
18-05-2009,11.8626
15-05-2009,11.8101
14-05-2009,11.8128
13-05-2009,11.8189
12-05-2009,11.7956
11-05-2009,11.8394
08-05-2009,11.8447
07-05-2009,11.9079
06-05-2009,11.9733
05-05-2009,11.8625
04-05-2009,11.8421
29-04-2009,11.9244
28-04-2009,11.9433
27-04-2009,11.9908
24-04-2009,12.0175
23-04-2009,11.8919
22-04-2009,11.9588
21-04-2009,11.9315
20-04-2009,11.7428
17-04-2009,11.7387
16-04-2009,11.7038
15-04-2009,11.6224
13-04-2009,11.5221
09-04-2009,11.6091
08-04-2009,11.5168
06-04-2009,11.4354
02-04-2009,11.3927
31-03-2009,11.3616
30-03-2009,11.3099
26-03-2009,11.3008
25-03-2009,11.4192
24-03-2009,11.4638
23-03-2009,11.4674
20-03-2009,11.5205
19-03-2009,11.5206
18-03-2009,11.4992
17-03-2009,11.4737
16-03-2009,11.5159
13-03-2009,11.3863
12-03-2009,11.2514
09-03-2009,11.3582
06-03-2009,11.4718
05-03-2009,11.6077
04-03-2009,11.6284
03-03-2009,11.6703
02-03-2009,11.7038
27-02-2009,11.6414
26-02-2009,11.517
25-02-2009,11.4451
24-02-2009,11.5387
19-02-2009,11.6409
18-02-2009,11.7008
17-02-2009,11.6342
16-02-2009,11.7061
13-02-2009,11.863
12-02-2009,11.8803
11-02-2009,11.7759
10-02-2009,11.6821
09-02-2009,11.8079
06-02-2009,11.923
05-02-2009,11.8004
04-02-2009,11.8367
03-02-2009,11.9029
02-02-2009,11.9396
30-01-2009,11.9512
29-01-2009,12.0301
28-01-2009,12.0034
27-01-2009,12.0423
23-01-2009,12.2457
22-01-2009,12.1863
21-01-2009,12.0988
20-01-2009,12.2455
19-01-2009,12.3237
16-01-2009,12.3271
15-01-2009,12.3853
14-01-2009,12.3142
13-01-2009,12.1873
12-01-2009,12.1363
09-01-2009,11.8198
07-01-2009,12.1478
06-01-2009,12.8773
05-01-2009,13.0742
02-01-2009,13.2404
01-01-2009,12.9899
31-12-2008,12.9732
30-12-2008,12.9367
29-12-2008,12.6397
26-12-2008,12.5175
24-12-2008,12.5524
23-12-2008,12.4451
22-12-2008,12.4645
19-12-2008,12.6557
18-12-2008,12.7043
17-12-2008,12.4899
16-12-2008,12.3143
15-12-2008,12.1493
12-12-2008,12.1245
11-12-2008,11.8916
10-12-2008,11.7599
08-12-2008,11.698
05-12-2008,11.6738
04-12-2008,11.5744
03-12-2008,11.6447
02-12-2008,11.3971
01-12-2008,11.3249
28-11-2008,11.2768
26-11-2008,11.2383
25-11-2008,11.1525
24-11-2008,11.1781
21-11-2008,11.1764
20-11-2008,11.1088
19-11-2008,11.0137
18-11-2008,10.9779
17-11-2008,10.925
14-11-2008,10.9224
12-11-2008,10.8526
11-11-2008,10.8179
10-11-2008,10.7969
07-11-2008,10.8064
06-11-2008,10.8005
05-11-2008,10.7718
04-11-2008,10.8414
03-11-2008,10.8891
31-10-2008,10.9351
29-10-2008,10.9402
27-10-2008,10.8909
24-10-2008,10.7606
23-10-2008,10.8463
22-10-2008,10.8295
20-10-2008,10.9001
17-10-2008,10.7581
16-10-2008,10.7474
15-10-2008,10.6603
14-10-2008,10.6538
13-10-2008,10.7574
10-10-2008,10.7377
08-10-2008,10.4978
07-10-2008,10.3855
06-10-2008,10.4194
03-10-2008,10.2424
01-10-2008,10.107
29-09-2008,10.0389
26-09-2008,10.0397
25-09-2008,10.1237
24-09-2008,10.1332
23-09-2008,10.27
22-09-2008,10.2231
19-09-2008,10.2715
18-09-2008,10.2954
17-09-2008,10.4845
16-09-2008,10.5867
15-09-2008,10.5572
12-09-2008,10.4476
11-09-2008,10.477
10-09-2008,10.4424
09-09-2008,10.4374
08-09-2008,10.4036
05-09-2008,10.3976
04-09-2008,10.4097
02-09-2008,10.2784
01-09-2008,10.2219
29-08-2008,10.1553
28-08-2008,10.154
27-08-2008,10.0926
26-08-2008,10.1085
25-08-2008,10.0583
22-08-2008,10.0379
21-08-2008,12.2831
20-08-2008,12.2807
18-08-2008,12.275
14-08-2008,12.265
13-08-2008,12.2626
12-08-2008,12.2601
11-08-2008,12.2577
08-08-2008,12.2504
07-08-2008,12.2479
06-08-2008,12.2455
05-08-2008,12.243
04-08-2008,12.2406
01-08-2008,12.2351
31-07-2008,12.2335
30-07-2008,12.2315
29-07-2008,12.2292
28-07-2008,12.2269
25-07-2008,12.2198
24-07-2008,12.2174
23-07-2008,12.2151
22-07-2008,12.2127
21-07-2008,12.2104
18-07-2008,12.2034
17-07-2008,12.2011
16-07-2008,12.1988
15-07-2008,12.1965
14-07-2008,12.1941
11-07-2008,12.1873
10-07-2008,12.185
09-07-2008,12.1827
08-07-2008,12.1805
07-07-2008,12.1783
04-07-2008,12.172
03-07-2008,12.1703
02-07-2008,12.1684
30-06-2008,12.1627
27-06-2008,12.1558
26-06-2008,12.1622
25-06-2008,12.1602
24-06-2008,12.1582
23-06-2008,12.1562
20-06-2008,12.1501
19-06-2008,12.1481
18-06-2008,12.1461
17-06-2008,12.1441
16-06-2008,12.1421
13-06-2008,12.1364
12-06-2008,12.1344
11-06-2008,12.1325
10-06-2008,12.1306
09-06-2008,12.1287
06-06-2008,12.1239
05-06-2008,12.1225
04-06-2008,12.1211
03-06-2008,12.1197
02-06-2008,12.1182
30-05-2008,12.1123
29-05-2008,12.1102
28-05-2008,12.1082
27-05-2008,12.1062
26-05-2008,12.1043
23-05-2008,12.1006
22-05-2008,12.0995
21-05-2008,12.0987
20-05-2008,12.0979
16-05-2008,12.0916
15-05-2008,12.0899
14-05-2008,12.0883
13-05-2008,12.0869
12-05-2008,12.0854
09-05-2008,12.0816
08-05-2008,12.0803
07-05-2008,12.0792
06-05-2008,12.0782
05-05-2008,12.0771
02-05-2008,12.0732
30-04-2008,12.069
29-04-2008,12.0675
28-04-2008,12.0661
25-04-2008,12.0622
24-04-2008,12.0609
23-04-2008,12.0594
22-04-2008,12.058
21-04-2008,12.0567
17-04-2008,12.0507
16-04-2008,12.0492
15-04-2008,12.0874
11-04-2008,12.0807
10-04-2008,12.1126
09-04-2008,12.1301
08-04-2008,12.1146
07-04-2008,12.1111
04-04-2008,12.1095
03-04-2008,12.1338
02-04-2008,12.1241
31-03-2008,12.1231
28-03-2008,12.1348
27-03-2008,12.1958
26-03-2008,12.1694
25-03-2008,12.1914
24-03-2008,12.1782
19-03-2008,12.2025
18-03-2008,12.2076
17-03-2008,12.1858
14-03-2008,12.2049
13-03-2008,12.2088
12-03-2008,12.2042
11-03-2008,12.191
10-03-2008,12.1871
07-03-2008,12.1838
05-03-2008,12.1985
04-03-2008,12.2023
03-03-2008,12.2045
29-02-2008,12.1753
28-02-2008,12.1637
27-02-2008,12.1664
26-02-2008,12.1693
25-02-2008,12.1571
22-02-2008,12.1256
21-02-2008,12.1686
20-02-2008,12.1414
19-02-2008,12.1603
18-02-2008,12.1673
15-02-2008,12.161
14-02-2008,12.1924
13-02-2008,12.1835
12-02-2008,12.1863
11-02-2008,12.1882
08-02-2008,12.1752
07-02-2008,12.1802
06-02-2008,12.1681
05-02-2008,12.1557
04-02-2008,12.1473
01-02-2008,12.1519
31-01-2008,12.1363
30-01-2008,12.1171
29-01-2008,12.1242
28-01-2008,12.172
25-01-2008,12.1895
24-01-2008,12.1889
23-01-2008,12.1879
22-01-2008,12.1859
21-01-2008,12.184
18-01-2008,12.1796
17-01-2008,12.1781
16-01-2008,12.1766
15-01-2008,12.1758
14-01-2008,12.175
11-01-2008,12.1704
10-01-2008,12.1689
09-01-2008,12.1674
08-01-2008,12.1658
07-01-2008,12.1642
04-01-2008,12.1612
03-01-2008,12.1604
02-01-2008,12.159
01-01-2008,12.1574
31-12-2007,12.1554
28-12-2007,12.1491
27-12-2007,12.1469
26-12-2007,12.1448
24-12-2007,12.1404
20-12-2007,12.1334
19-12-2007,12.1317
18-12-2007,12.1297
17-12-2007,12.1278
14-12-2007,12.1218
13-12-2007,12.1196
12-12-2007,12.1175
11-12-2007,12.1154
10-12-2007,12.1134
07-12-2007,12.1089
06-12-2007,12.1076
05-12-2007,12.106
04-12-2007,12.104
03-12-2007,12.102
30-11-2007,12.0958
29-11-2007,12.0937
28-11-2007,12.0915
27-11-2007,12.0888
26-11-2007,12.0866
23-11-2007,12.0813
22-11-2007,12.0796
21-11-2007,12.0779
20-11-2007,12.0759
19-11-2007,12.0738
16-11-2007,12.0673
15-11-2007,12.0652
14-11-2007,12.063
13-11-2007,12.06
12-11-2007,12.0573
08-11-2007,12.0453
07-11-2007,12.0424
06-11-2007,12.0393
05-11-2007,12.0367
02-11-2007,12.0308
01-11-2007,12.0285
31-10-2007,12.0262
30-10-2007,12.0239
29-10-2007,12.0217
26-10-2007,12.0145
25-10-2007,12.0121
24-10-2007,12.0097
23-10-2007,12.0074
22-10-2007,12.0046
19-10-2007,11.9992
18-10-2007,11.9972
17-10-2007,11.9952
16-10-2007,11.993
15-10-2007,11.991
12-10-2007,11.989
11-10-2007,11.989
10-10-2007,11.9874
09-10-2007,11.9863
08-10-2007,11.9845
05-10-2007,11.9796
04-10-2007,11.9776
03-10-2007,11.9762
01-10-2007,11.9736
28-09-2007,11.9686
27-09-2007,11.9668
26-09-2007,11.9653
25-09-2007,11.9644
24-09-2007,11.9703
21-09-2007,11.9773
20-09-2007,11.9792
19-09-2007,11.9719
18-09-2007,11.9595
17-09-2007,11.9536
14-09-2007,11.9558
13-09-2007,11.9397
12-09-2007,11.9379
11-09-2007,11.9353
10-09-2007,11.9599
07-09-2007,11.9335
06-09-2007,11.909
05-09-2007,11.905
04-09-2007,11.9076
03-09-2007,11.9154
31-08-2007,11.8909
30-08-2007,11.8613
29-08-2007,11.874
28-08-2007,11.8854
27-08-2007,11.8883
24-08-2007,11.8791
23-08-2007,11.8751
22-08-2007,11.8864
21-08-2007,11.8509
17-08-2007,11.8203
16-08-2007,11.7832
14-08-2007,11.8129
13-08-2007,11.8125
10-08-2007,11.8047
09-08-2007,11.7989
08-08-2007,11.8468
07-08-2007,11.9
06-08-2007,11.8809
03-08-2007,11.8805
02-08-2007,11.8808
01-08-2007,11.8812
31-07-2007,11.8816
30-07-2007,11.882
27-07-2007,11.8001
26-07-2007,11.7988
25-07-2007,11.7975
24-07-2007,11.7961
23-07-2007,11.7948
20-07-2007,11.7899
19-07-2007,11.7883
18-07-2007,11.7866
17-07-2007,11.785
16-07-2007,11.7834
13-07-2007,11.7785
12-07-2007,11.7769
11-07-2007,11.7753
10-07-2007,11.7737
09-07-2007,11.7721
06-07-2007,11.7671
05-07-2007,11.7654
04-07-2007,11.7117
03-07-2007,11.7098
29-06-2007,11.7023
28-06-2007,11.7004
27-06-2007,11.6985
26-06-2007,11.6966
25-06-2007,11.6993
22-06-2007,11.6937
21-06-2007,11.6989
20-06-2007,11.6603
19-06-2007,11.6584
18-06-2007,11.6564
15-06-2007,11.6506
14-06-2007,11.6485
13-06-2007,11.6467
12-06-2007,11.6448
11-06-2007,11.6431
08-06-2007,11.6379
07-06-2007,11.6362
06-06-2007,11.6345
05-06-2007,11.6327
04-06-2007,11.631
01-06-2007,11.6259
31-05-2007,11.6242
30-05-2007,11.6225
29-05-2007,11.6208
28-05-2007,11.619
25-05-2007,11.6133
24-05-2007,11.6113
23-05-2007,11.6094
22-05-2007,11.6076
21-05-2007,11.6057
18-05-2007,11.5999
17-05-2007,11.5979
16-05-2007,11.596
15-05-2007,11.594
14-05-2007,11.5921
11-05-2007,11.5868
10-05-2007,11.5851
09-05-2007,11.5835
08-05-2007,11.5817
07-05-2007,11.5799
04-05-2007,11.5742
03-05-2007,11.5723
30-04-2007,11.5665
27-04-2007,11.5607
26-04-2007,11.5588
25-04-2007,11.5569
24-04-2007,11.5551
23-04-2007,11.5531
20-04-2007,11.5474
19-04-2007,11.5454
18-04-2007,11.5435
17-04-2007,11.5417
16-04-2007,11.5398
13-04-2007,11.5342
12-04-2007,11.5325
11-04-2007,11.5309
10-04-2007,11.5291
09-04-2007,11.5278
05-04-2007,11.521
04-04-2007,11.5193
03-04-2007,11.5175
30-03-2007,11.5121
29-03-2007,11.5084
28-03-2007,11.5062
26-03-2007,11.5023
23-03-2007,11.4965
22-03-2007,11.4945
21-03-2007,11.4926
20-03-2007,11.4904
16-03-2007,11.4824
15-03-2007,11.4804
14-03-2007,11.4787
13-03-2007,11.4775
12-03-2007,11.4763
09-03-2007,11.4725
08-03-2007,11.4713
07-03-2007,11.4701
06-03-2007,11.4687
05-03-2007,11.4675
02-03-2007,11.4627
01-03-2007,11.4612
28-02-2007,11.4597
27-02-2007,11.4583
26-02-2007,11.4568
23-02-2007,11.4523
22-02-2007,11.4507
21-02-2007,11.4492
20-02-2007,11.4475
19-02-2007,11.4455
15-02-2007,11.4374
14-02-2007,11.4354
13-02-2007,11.4335
12-02-2007,11.4319
09-02-2007,11.427
08-02-2007,11.4254
07-02-2007,11.4238
06-02-2007,11.4219
05-02-2007,11.4199
02-02-2007,11.4139
31-01-2007,11.41
29-01-2007,11.4062
25-01-2007,11.3986
24-01-2007,11.3967
23-01-2007,11.3948
22-01-2007,11.3929
19-01-2007,11.3872
18-01-2007,11.3853
17-01-2007,11.3834
16-01-2007,11.3815
15-01-2007,11.3796
12-01-2007,11.3739
11-01-2007,11.372
10-01-2007,11.3702
09-01-2007,11.3683
08-01-2007,11.3664
05-01-2007,11.3605
04-01-2007,11.3585
03-01-2007,11.357
02-01-2007,11.3554
29-12-2006,11.3442
28-12-2006,11.341
27-12-2006,11.3386
26-12-2006,11.3362
22-12-2006,11.3261
21-12-2006,11.3237
20-12-2006,11.3218
19-12-2006,11.3199
18-12-2006,11.3181
15-12-2006,11.3125
14-12-2006,11.3107
13-12-2006,11.3088
12-12-2006,11.3071
11-12-2006,11.3051
08-12-2006,11.3006
07-12-2006,11.2991
06-12-2006,11.2977
05-12-2006,11.2962
04-12-2006,11.2948
01-12-2006,11.2907
30-11-2006,11.2893
29-11-2006,11.2879
28-11-2006,11.2865
27-11-2006,11.2851
24-11-2006,11.2807
23-11-2006,11.2793
22-11-2006,11.2779
21-11-2006,11.277
20-11-2006,11.2761
17-11-2006,11.271
16-11-2006,11.2694
15-11-2006,11.2678
14-11-2006,11.2662
13-11-2006,11.2647
10-11-2006,11.2603
09-11-2006,11.259
08-11-2006,11.2585
07-11-2006,11.2571
06-11-2006,11.2563
03-11-2006,11.2519
02-11-2006,11.2506
01-11-2006,11.2491
31-10-2006,11.2476
30-10-2006,11.2462
27-10-2006,11.2421
26-10-2006,11.2407
23-10-2006,11.236
20-10-2006,11.2311
19-10-2006,11.2295
18-10-2006,11.228
17-10-2006,11.2265
16-10-2006,11.225
13-10-2006,11.2205
12-10-2006,11.2191
11-10-2006,11.2177
10-10-2006,11.2162
09-10-2006,11.2148
06-10-2006,11.2106
05-10-2006,11.2092
04-10-2006,11.2078
03-10-2006,11.2064
29-09-2006,11.1906
28-09-2006,11.189
27-09-2006,11.1875
26-09-2006,11.186
25-09-2006,11.1844
22-09-2006,11.1798
21-09-2006,11.1782
20-09-2006,11.1766
19-09-2006,11.1751
18-09-2006,11.173
15-09-2006,11.1684
14-09-2006,11.1669
13-09-2006,11.1655
12-09-2006,11.164
11-09-2006,11.1625
08-09-2006,11.1581
07-09-2006,11.1567
06-09-2006,11.1552
05-09-2006,11.1538
04-09-2006,11.1523
01-09-2006,11.1481
31-08-2006,11.1467
30-08-2006,11.1453
29-08-2006,11.1438
28-08-2006,11.1424
25-08-2006,11.1382
24-08-2006,11.1368
23-08-2006,11.1294
22-08-2006,11.1321
21-08-2006,11.1305
18-08-2006,11.1258
17-08-2006,11.1277
16-08-2006,11.1261
14-08-2006,11.123
11-08-2006,11.1182
10-08-2006,11.1148
09-08-2006,11.1132
08-08-2006,11.1116
07-08-2006,11.1101
04-08-2006,11.1035
03-08-2006,11.1019
02-08-2006,11.1003
01-08-2006,11.0987
31-07-2006,11.0972
28-07-2006,11.0924
27-07-2006,11.0909
26-07-2006,11.0893
25-07-2006,11.0892
24-07-2006,11.0955
21-07-2006,11.0868
20-07-2006,11.0729
19-07-2006,11.0592
18-07-2006,11.0581
17-07-2006,11.0559
14-07-2006,11.0555
13-07-2006,11.0556
12-07-2006,11.0454
10-07-2006,11.0592
09-07-2006,11.0838
08-07-2006,11.0822
07-07-2006,11.0806
06-07-2006,11.0842
05-07-2006,11.0968
04-07-2006,11.0952
03-07-2006,11.0936
02-07-2006,11.0891
01-07-2006,11.0874
30-06-2006,11.0858
29-06-2006,11.0909
28-06-2006,11.0963
27-06-2006,11.091
26-06-2006,11.0792
23-06-2006,11.0873
22-06-2006,11.1145
21-06-2006,11.1369
20-06-2006,11.135
19-06-2006,11.1338
18-06-2006,11.1563
17-06-2006,11.1545
16-06-2006,11.1528
15-06-2006,11.1549
14-06-2006,11.1551
13-06-2006,11.1492
12-06-2006,11.1474
11-06-2006,11.149
10-06-2006,11.1494
09-06-2006,11.1498
08-06-2006,11.1504
07-06-2006,11.1561
06-06-2006,11.1547
05-06-2006,11.1533
02-06-2006,11.1463
01-06-2006,11.1449
31-05-2006,11.1435
30-05-2006,11.1421
29-05-2006,11.1407
26-05-2006,11.1365
25-05-2006,11.1351
24-05-2006,11.1337
23-05-2006,11.1323
22-05-2006,11.1309
21-05-2006,11.1377
20-05-2006,11.1362
19-05-2006,11.1347
18-05-2006,11.1333
17-05-2006,11.1312
16-05-2006,11.1308
15-05-2006,11.1297
13-05-2006,11.1361
12-05-2006,11.1348
11-05-2006,11.1335
10-05-2006,11.1321
09-05-2006,11.1341
08-05-2006,11.1346
06-05-2006,11.1321
05-05-2006,11.1308
04-05-2006,11.1296
03-05-2006,11.1284
02-05-2006,11.1272
28-04-2006,11.1224
27-04-2006,11.1213
26-04-2006,11.1201
25-04-2006,11.1189
24-04-2006,11.1177
23-04-2006,11.1166
22-04-2006,11.1154
21-04-2006,11.1143
20-04-2006,11.1131
19-04-2006,11.112
18-04-2006,11.1109
17-04-2006,11.1097
13-04-2006,11.1079
12-04-2006,11.1077
10-04-2006,11.1072
07-04-2006,11.1065
06-04-2006,11.1063
05-04-2006,11.1061
04-04-2006,11.1057
03-04-2006,11.1055
31-03-2006,11.1045
30-03-2006,11.1035
29-03-2006,11.1032
28-03-2006,11.1019
27-03-2006,11.1027
26-03-2006,11.1015
25-03-2006,11.1004
24-03-2006,11.0992
23-03-2006,11.098
22-03-2006,11.0968
21-03-2006,11.0954
20-03-2006,11.0939
19-03-2006,11.0924
18-03-2006,11.0909
17-03-2006,11.0894
16-03-2006,11.0842
15-03-2006,11.0826
14-03-2006,11.081
13-03-2006,11.0794
12-03-2006,11.0778
11-03-2006,11.0761
10-03-2006,11.0745
09-03-2006,11.0729
08-03-2006,11.0713
07-03-2006,11.0697
06-03-2006,11.068
03-03-2006,11.0632
02-03-2006,11.0612
01-03-2006,11.0596
28-02-2006,11.058
27-02-2006,11.0564
26-02-2006,11.0542
25-02-2006,11.0526
24-02-2006,11.051
23-02-2006,11.054
22-02-2006,11.0525
21-02-2006,11.0509
20-02-2006,11.0493
19-02-2006,11.0474
18-02-2006,11.0459
17-02-2006,11.0443
16-02-2006,11.0427
15-02-2006,11.0419
14-02-2006,11.0403
13-02-2006,11.0387
12-02-2006,11.0371
11-02-2006,11.0355
10-02-2006,11.034
08-02-2006,11.0308
07-02-2006,11.0292
06-02-2006,11.0275
05-02-2006,11.0261
04-02-2006,11.0245
03-02-2006,11.0229
02-02-2006,11.0212
01-02-2006,11.0191
31-01-2006,11.0175
30-01-2006,11.0158
29-01-2006,11.0142
28-01-2006,11.0125
27-01-2006,11.0108
26-01-2006,11.014
25-01-2006,11.0124
24-01-2006,11.0108
23-01-2006,11.0093
22-01-2006,11.0077
21-01-2006,11.0061
20-01-2006,11.0044
19-01-2006,11.0028
18-01-2006,11.0012
17-01-2006,10.9996
16-01-2006,10.998
15-01-2006,10.9981
14-01-2006,10.9964
13-01-2006,10.9946
12-01-2006,10.9928
11-01-2006,10.9979
10-01-2006,10.9963
09-01-2006,10.9946
08-01-2006,10.993
07-01-2006,10.9916
06-01-2006,10.9901
05-01-2006,10.9886
04-01-2006,10.9872
03-01-2006,10.9857
02-01-2006,10.9842
01-01-2006,10.9823
31-12-2005,10.9806
30-12-2005,10.979
29-12-2005,10.9774
28-12-2005,10.9757
27-12-2005,10.9741
26-12-2005,10.9725
25-12-2005,10.9709
24-12-2005,10.9693
23-12-2005,10.9678
22-12-2005,10.9662
21-12-2005,10.9646
20-12-2005,10.963
19-12-2005,10.9613
18-12-2005,10.9598
17-12-2005,10.9582
16-12-2005,10.9566
15-12-2005,10.955
14-12-2005,10.9535
13-12-2005,10.9518
12-12-2005,10.9502
11-12-2005,10.9487
10-12-2005,10.9472
09-12-2005,10.9457
08-12-2005,10.9443
07-12-2005,10.9428
06-12-2005,10.9414
05-12-2005,10.9399
04-12-2005,10.9385
03-12-2005,10.937
02-12-2005,10.9356
01-12-2005,10.9341
30-11-2005,10.9327
29-11-2005,10.9312
28-11-2005,10.9298
27-11-2005,10.9283
26-11-2005,10.9269
25-11-2005,10.9254
24-11-2005,10.924
23-11-2005,10.9226
22-11-2005,10.9214
21-11-2005,10.9202
20-11-2005,10.9189
19-11-2005,10.9176
18-11-2005,10.9164
17-11-2005,10.9151
16-11-2005,10.9138
15-11-2005,10.9126
14-11-2005,10.9113
13-11-2005,10.9101
12-11-2005,10.9088
11-11-2005,10.9075
10-11-2005,10.9063
09-11-2005,10.905
08-11-2005,10.9037
07-11-2005,10.9025
04-11-2005,10.8987
03-11-2005,10.8974
02-11-2005,10.8962
31-10-2005,10.8937
30-10-2005,10.8926
29-10-2005,10.8915
28-10-2005,10.8904
27-10-2005,10.8893
26-10-2005,10.8882
25-10-2005,10.8871
24-10-2005,10.886
23-10-2005,10.885
22-10-2005,10.8839
21-10-2005,10.8828
20-10-2005,10.8816
19-10-2005,10.8805
18-10-2005,10.8794
17-10-2005,10.8783
16-10-2005,10.8772
15-10-2005,10.8762
14-10-2005,10.8751
13-10-2005,10.8739
12-10-2005,10.8728
11-10-2005,10.8717
10-10-2005,10.8706
09-10-2005,10.8694
08-10-2005,10.8682
07-10-2005,10.8671
06-10-2005,10.8658
05-10-2005,10.8631
04-10-2005,10.8604
03-10-2005,10.8579
02-10-2005,10.8571
01-10-2005,10.8563
29-09-2005,10.8547
28-09-2005,10.8538
27-09-2005,10.8528
26-09-2005,10.8519
25-09-2005,10.851
24-09-2005,10.8501
23-09-2005,10.8492
22-09-2005,10.8483
21-09-2005,10.8474
20-09-2005,10.8465
19-09-2005,10.8456
18-09-2005,10.8447
17-09-2005,10.8435
16-09-2005,10.8423
15-09-2005,10.8414
14-09-2005,10.8405
13-09-2005,10.8396
12-09-2005,10.8387
11-09-2005,10.8381
10-09-2005,10.8374
09-09-2005,10.8367
08-09-2005,10.836
07-09-2005,10.8354
06-09-2005,10.8347
05-09-2005,10.8341
04-09-2005,10.8334
03-09-2005,10.8327
02-09-2005,10.832
01-09-2005,10.8313
31-08-2005,10.8306
30-08-2005,10.8299
29-08-2005,10.8292
28-08-2005,10.8285
27-08-2005,10.8278
26-08-2005,10.8271
25-08-2005,10.8264
24-08-2005,10.8257
23-08-2005,10.825
22-08-2005,10.8243
21-08-2005,10.8236
20-08-2005,10.8228
19-08-2005,10.8221
18-08-2005,10.821
17-08-2005,10.8203
16-08-2005,10.8198
15-08-2005,10.8191
14-08-2005,10.8141
13-08-2005,10.809
12-08-2005,10.8038
11-08-2005,10.8028
10-08-2005,10.8015
09-08-2005,10.8005
08-08-2005,10.7991
07-08-2005,10.7981
06-08-2005,10.7972
05-08-2005,10.7962
04-08-2005,10.7943
03-08-2005,10.7896
02-08-2005,10.7865
01-08-2005,10.7854
31-07-2005,10.7844
30-07-2005,10.7833
29-07-2005,10.7822
26-07-2005,10.7788
25-07-2005,10.7776
24-07-2005,10.7765
23-07-2005,10.7754
22-07-2005,10.7743
21-07-2005,10.7732
20-07-2005,10.772
19-07-2005,10.7709
18-07-2005,10.772
17-07-2005,10.7709
16-07-2005,10.7698
15-07-2005,10.7687
14-07-2005,10.7675
13-07-2005,10.7664
12-07-2005,10.7653
11-07-2005,10.7641
10-07-2005,10.763
09-07-2005,10.7618
08-07-2005,10.7607
07-07-2005,10.7596
06-07-2005,10.7584
05-07-2005,10.7582
04-07-2005,10.757
03-07-2005,10.757
02-07-2005,10.7558
01-07-2005,10.7546
30-06-2005,10.7534
29-06-2005,10.7523
28-06-2005,10.7528
27-06-2005,10.7521
26-06-2005,10.7516
25-06-2005,10.7505
24-06-2005,10.7493
23-06-2005,10.7479
22-06-2005,10.7468
21-06-2005,10.745
20-06-2005,10.744
19-06-2005,10.7428
18-06-2005,10.7417
17-06-2005,10.7405
16-06-2005,10.7394
15-06-2005,10.7383
14-06-2005,10.7371
13-06-2005,10.736
12-06-2005,10.7349
11-06-2005,10.7338
10-06-2005,10.7327
09-06-2005,10.7318
08-06-2005,10.7307
07-06-2005,10.7309
06-06-2005,10.7298
05-06-2005,10.7287
04-06-2005,10.7275
03-06-2005,10.7263
02-06-2005,10.7252
01-06-2005,10.7239
31-05-2005,10.7228
30-05-2005,10.721
29-05-2005,10.7191
27-05-2005,10.7169
26-05-2005,10.7152
25-05-2005,10.7153
24-05-2005,10.7134
23-05-2005,10.7128
22-05-2005,10.7117
20-05-2005,10.7108
19-05-2005,10.7086
18-05-2005,10.707
17-05-2005,10.7059
16-05-2005,10.7049
15-05-2005,10.7037
13-05-2005,10.7011
12-05-2005,10.7001
11-05-2005,10.7027
10-05-2005,10.6998
09-05-2005,10.6983
08-05-2005,10.6954
06-05-2005,10.6924
05-05-2005,10.6903
04-05-2005,10.6871
03-05-2005,10.6853
02-05-2005,10.6842
01-05-2005,10.682
30-04-2005,10.681
29-04-2005,10.68
28-04-2005,10.6789
27-04-2005,10.6789
26-04-2005,10.6779
25-04-2005,10.6769
24-04-2005,10.6758
23-04-2005,10.6748
22-04-2005,10.6736
21-04-2005,10.6726
20-04-2005,10.6703
19-04-2005,10.6694
18-04-2005,10.6684
17-04-2005,10.6674
16-04-2005,10.6664
15-04-2005,10.6654
14-04-2005,10.6645
13-04-2005,10.6635
12-04-2005,10.6625
11-04-2005,10.6615
09-04-2005,10.6594
08-04-2005,10.6584
07-04-2005,10.6572
06-04-2005,10.6561
05-04-2005,10.6552
04-04-2005,10.6543
03-04-2005,10.6534
02-04-2005,10.6525
01-04-2005,10.6516
31-03-2005,10.6506
30-03-2005,10.6497
29-03-2005,10.649
28-03-2005,10.6484
27-03-2005,10.6475
24-03-2005,10.6446
23-03-2005,10.6437
22-03-2005,10.6427
21-03-2005,10.6418
20-03-2005,10.6409
19-03-2005,10.6401
18-03-2005,10.6392
17-03-2005,10.6383
16-03-2005,10.6374
15-03-2005,10.6365
14-03-2005,10.6359
13-03-2005,10.635
12-03-2005,10.6342
11-03-2005,10.6333
10-03-2005,10.6324
09-03-2005,10.6316
08-03-2005,10.6307
07-03-2005,10.6298
06-03-2005,10.6289
05-03-2005,10.628
04-03-2005,10.6271
03-03-2005,10.6263
02-03-2005,10.6257
01-03-2005,10.6249
28-02-2005,10.6242
27-02-2005,10.6235
26-02-2005,10.6227
25-02-2005,10.6219
24-02-2005,10.621
23-02-2005,10.6202
22-02-2005,10.6193
21-02-2005,10.6185
20-02-2005,10.6176
19-02-2005,10.6167
18-02-2005,10.6158
17-02-2005,10.615
16-02-2005,10.6141
15-02-2005,10.6132
14-02-2005,10.6123
13-02-2005,10.6114
12-02-2005,10.6105
11-02-2005,10.6096
10-02-2005,10.6087
09-02-2005,10.6078
08-02-2005,10.6069
07-02-2005,10.606
06-02-2005,10.6051
05-02-2005,10.6043
04-02-2005,10.6034
03-02-2005,10.6026
02-02-2005,10.6017
01-02-2005,10.6009
31-01-2005,10.5998
30-01-2005,10.5988
29-01-2005,10.5978
28-01-2005,10.5968
27-01-2005,10.5958
26-01-2005,10.5948
25-01-2005,10.5936
24-01-2005,10.5924
23-01-2005,10.5912
22-01-2005,10.5905
21-01-2005,10.5898
20-01-2005,10.5892
19-01-2005,10.5886
18-01-2005,10.5875
17-01-2005,10.5865
16-01-2005,10.5855
15-01-2005,10.5845
14-01-2005,10.5835
13-01-2005,10.5825
12-01-2005,10.5815
11-01-2005,10.5804
10-01-2005,10.579
09-01-2005,10.5781
08-01-2005,10.5772
07-01-2005,10.5763
06-01-2005,10.5754
05-01-2005,10.5745
04-01-2005,10.5737
03-01-2005,10.573
02-01-2005,10.5719
01-01-2005,10.5672
31-12-2004,10.5662
30-12-2004,10.5652
29-12-2004,10.564
28-12-2004,10.5628
27-12-2004,10.5616
26-12-2004,10.5608
25-12-2004,10.5589
24-12-2004,10.5585
23-12-2004,10.5824
22-12-2004,10.5729
21-12-2004,10.5697
20-12-2004,10.5577
19-12-2004,10.558
18-12-2004,10.5563
17-12-2004,10.5613
16-12-2004,10.5582
15-12-2004,10.5576
14-12-2004,10.5614
13-12-2004,10.5676
12-12-2004,10.5835
11-12-2004,10.5818
10-12-2004,10.5802
09-12-2004,10.5638
08-12-2004,10.5613
07-12-2004,10.5557
06-12-2004,10.5585
05-12-2004,10.5625
03-12-2004,10.5518
02-12-2004,10.5572
01-12-2004,10.5481
30-11-2004,10.5141
29-11-2004,10.5094
28-11-2004,10.5144
27-11-2004,10.5127
26-11-2004,10.5124
25-11-2004,10.5112
24-11-2004,10.5099
23-11-2004,10.5104
22-11-2004,10.5171
21-11-2004,10.5154
19-11-2004,10.5083
18-11-2004,10.5043
17-11-2004,10.498
16-11-2004,10.4967
15-11-2004,10.4903
14-11-2004,10.4885
13-11-2004,10.4872
12-11-2004,10.4814
11-11-2004,10.48
10-11-2004,10.4846
09-11-2004,10.4847
08-11-2004,10.4964
07-11-2004,10.4953
06-11-2004,10.4931
05-11-2004,10.4918
04-11-2004,10.4937
03-11-2004,10.4929
02-11-2004,10.4921
01-11-2004,10.4913
31-10-2004,10.4902
30-10-2004,10.4889
29-10-2004,10.488
28-10-2004,10.4832
27-10-2004,10.4825
26-10-2004,10.4835
25-10-2004,10.4847
24-10-2004,10.4856
22-10-2004,10.4797
21-10-2004,10.4785
20-10-2004,10.4746
19-10-2004,10.4744
18-10-2004,10.4737
17-10-2004,10.4704
16-10-2004,10.4691
15-10-2004,10.4674
14-10-2004,10.466
13-10-2004,10.4635
12-10-2004,10.4623
11-10-2004,10.4594
10-10-2004,10.4581
09-10-2004,10.4569
08-10-2004,10.4562
07-10-2004,10.4564
06-10-2004,10.457
05-10-2004,10.4554
04-10-2004,10.4544
03-10-2004,10.4529
01-10-2004,10.4508
30-09-2004,10.4537
29-09-2004,10.4529
28-09-2004,10.4548
27-09-2004,10.457
26-09-2004,10.4585
25-09-2004,10.4573
24-09-2004,10.4566
23-09-2004,10.4534
22-09-2004,10.4459
21-09-2004,10.4462
20-09-2004,10.446
19-09-2004,10.4444
18-09-2004,10.4431
17-09-2004,10.4418
16-09-2004,10.4378
15-09-2004,10.4363
14-09-2004,10.4364
13-09-2004,10.4392
12-09-2004,10.4559
11-09-2004,10.4541
10-09-2004,10.4666
09-09-2004,10.464
08-09-2004,10.4642
07-09-2004,10.4614
06-09-2004,10.4625
05-09-2004,10.4628
04-09-2004,10.4617
03-09-2004,10.4598
02-09-2004,10.436
01-09-2004,10.4387
31-08-2004,10.4334
30-08-2004,10.4252
29-08-2004,10.429
28-08-2004,10.4277
27-08-2004,10.4245
26-08-2004,10.4128
25-08-2004,10.4161
24-08-2004,10.4125
23-08-2004,10.4094
22-08-2004,10.3947
21-08-2004,10.3934
20-08-2004,10.3989
19-08-2004,10.3977
18-08-2004,10.3855
17-08-2004,10.395
16-08-2004,10.3879
15-08-2004,10.3787
14-08-2004,10.3772
13-08-2004,10.3859
12-08-2004,10.3778
11-08-2004,10.3844
10-08-2004,10.3857
09-08-2004,10.3868
08-08-2004,10.41
07-08-2004,10.4086
06-08-2004,10.4056
05-08-2004,10.4347
04-08-2004,10.4281
03-08-2004,10.4194
02-08-2004,10.4256
01-08-2004,10.4405
31-07-2004,10.439
30-07-2004,10.4345
29-07-2004,10.417
28-07-2004,10.4321
27-07-2004,10.4456
26-07-2004,10.4481
25-07-2004,10.4501
24-07-2004,10.4488
23-07-2004,10.4413
22-07-2004,10.4418
21-07-2004,10.4614
20-07-2004,10.4589
19-07-2004,10.4645
18-07-2004,10.4644
17-07-2004,10.4632
16-07-2004,10.4472
15-07-2004,10.4468
14-07-2004,10.4536
13-07-2004,10.4597
12-07-2004,10.4461
11-07-2004,10.4642
10-07-2004,10.463
09-07-2004,10.4445
08-07-2004,10.443
07-07-2004,10.4746
06-07-2004,10.4804
05-07-2004,10.4788
04-07-2004,10.4759
03-07-2004,10.4745
02-07-2004,10.4663
01-07-2004,10.4616
30-06-2004,10.465
29-06-2004,10.4641
28-06-2004,10.4673
27-06-2004,10.4577
26-06-2004,10.4565
25-06-2004,10.4606
24-06-2004,10.4718
23-06-2004,10.4848
22-06-2004,10.4814
21-06-2004,10.5115
20-06-2004,10.5392
19-06-2004,10.5375
18-06-2004,10.5354
17-06-2004,10.5557
16-06-2004,10.5589
15-06-2004,10.543
14-06-2004,10.5506
13-06-2004,10.5733
12-06-2004,10.572
11-06-2004,10.5721
10-06-2004,10.5717
09-06-2004,10.5879
08-06-2004,10.593
07-06-2004,10.5911
06-06-2004,10.5959
05-06-2004,10.5991
04-06-2004,10.5852
03-06-2004,10.5811
02-06-2004,10.5756
01-06-2004,10.582
31-05-2004,10.5794
30-05-2004,10.5927
29-05-2004,10.5922
28-05-2004,10.5948
27-05-2004,10.6054
26-05-2004,10.6137
25-05-2004,10.6157
24-05-2004,10.6158
23-05-2004,10.6158
22-05-2004,10.6145
21-05-2004,10.6117
20-05-2004,10.6121
19-05-2004,10.6097
18-05-2004,10.6086
17-05-2004,10.5926
16-05-2004,10.598
15-05-2004,10.5954
14-05-2004,10.5966
13-05-2004,10.6007
12-05-2004,10.6009
11-05-2004,10.5977
10-05-2004,10.5967
09-05-2004,10.6012
08-05-2004,10.5999
07-05-2004,10.6062
06-05-2004,10.6084
05-05-2004,10.6083
04-05-2004,10.6073
03-05-2004,10.606
02-05-2004,10.6061
01-05-2004,10.6048
30-04-2004,10.6036
29-04-2004,10.5973
28-04-2004,10.6018
27-04-2004,10.6031
26-04-2004,10.6088
25-04-2004,10.6075
24-04-2004,10.6062
23-04-2004,10.6078
22-04-2004,10.6074
21-04-2004,10.6054
20-04-2004,10.6053
19-04-2004,10.6032
18-04-2004,10.6036
17-04-2004,10.6024
16-04-2004,10.6004
15-04-2004,10.5983
14-04-2004,10.5967
13-04-2004,10.5951
12-04-2004,10.596
11-04-2004,10.5894
10-04-2004,10.5875
09-04-2004,10.5836
08-04-2004,10.5817
07-04-2004,10.5786
06-04-2004,10.5495
05-04-2004,10.5509
04-04-2004,10.5522
03-04-2004,10.5504
02-04-2004,10.5486
01-04-2004,10.5468
31-03-2004,10.5432
30-03-2004,10.542
29-03-2004,10.5421
28-03-2004,10.5407
27-03-2004,10.5387
26-03-2004,10.5374
25-03-2004,10.5347
24-03-2004,10.5327
23-03-2004,10.5301
22-03-2004,10.5293
21-03-2004,10.5246
20-03-2004,10.5224
19-03-2004,10.5194
18-03-2004,10.5075
17-03-2004,10.5071
16-03-2004,10.4929
15-03-2004,10.4907
14-03-2004,10.4953
13-03-2004,10.4938
12-03-2004,10.4976
11-03-2004,10.4749
10-03-2004,10.4737
09-03-2004,10.4661
08-03-2004,10.4599
07-03-2004,10.4718
06-03-2004,10.4706
05-03-2004,10.4465
04-03-2004,10.4499
03-03-2004,10.4432
02-03-2004,10.4395
01-03-2004,10.4374
29-02-2004,10.4344
28-02-2004,10.4337
27-02-2004,10.4322
26-02-2004,10.4321
25-02-2004,10.434
24-02-2004,10.4288
23-02-2004,10.4226
22-02-2004,10.4225
21-02-2004,10.4215
20-02-2004,10.4171
19-02-2004,10.4162
18-02-2004,10.4166
17-02-2004,10.4157
16-02-2004,10.4142
15-02-2004,10.4186
14-02-2004,10.4176
13-02-2004,10.4173
12-02-2004,10.4163
11-02-2004,10.4154
10-02-2004,10.4179
09-02-2004,10.4188
08-02-2004,10.4174
07-02-2004,10.4164
06-02-2004,10.4155
05-02-2004,10.4154
04-02-2004,10.4186
03-02-2004,10.4132
02-02-2004,10.4098
01-02-2004,10.4088
31-01-2004,10.4078
30-01-2004,10.4096
29-01-2004,10.4112
28-01-2004,10.4193
27-01-2004,10.4205
26-01-2004,10.4206
25-01-2004,10.4194
24-01-2004,10.4181
23-01-2004,10.4167
22-01-2004,10.4146
21-01-2004,10.4131
20-01-2004,10.4028
19-01-2004,10.4033
18-01-2004,10.4035
17-01-2004,10.4023
16-01-2004,10.4007
15-01-2004,10.4008
14-01-2004,10.403
13-01-2004,10.4004
12-01-2004,10.3981
11-01-2004,10.3992
10-01-2004,10.398
09-01-2004,10.3983
08-01-2004,10.3979
07-01-2004,10.3973
06-01-2004,10.3959
05-01-2004,10.397
04-01-2004,10.397
03-01-2004,10.396
02-01-2004,10.3949
01-01-2004,10.3914
31-12-2003,10.3905
30-12-2003,10.3955
29-12-2003,10.3905
28-12-2003,10.3925
27-12-2003,10.3913
26-12-2003,10.3912
25-12-2003,10.3747
24-12-2003,10.3734
23-12-2003,10.3726
22-12-2003,10.3676
21-12-2003,10.3644
20-12-2003,10.363
19-12-2003,10.3627
18-12-2003,10.3621
17-12-2003,10.378
16-12-2003,10.3433
15-12-2003,10.3433
14-12-2003,10.3451
13-12-2003,10.3429
12-12-2003,10.3427
11-12-2003,10.3338
10-12-2003,10.3282
09-12-2003,10.3336
08-12-2003,10.3329
07-12-2003,10.3255
06-12-2003,10.3255
05-12-2003,10.3253
04-12-2003,10.3205
03-12-2003,10.3212
02-12-2003,10.3162
01-12-2003,10.3146
30-11-2003,10.3166
29-11-2003,10.3155
28-11-2003,10.3202
27-11-2003,10.3191
26-11-2003,10.3155
25-11-2003,10.3143
24-11-2003,10.3138
23-11-2003,10.3131
22-11-2003,10.3119
21-11-2003,10.3096
20-11-2003,10.3083
19-11-2003,10.3079
18-11-2003,10.3046
17-11-2003,10.3043
16-11-2003,10.3105
15-11-2003,10.3093
14-11-2003,10.3082
13-11-2003,10.3127
12-11-2003,10.3171
11-11-2003,10.3211
10-11-2003,10.3224
09-11-2003,10.3142
08-11-2003,10.313
07-11-2003,10.3118
06-11-2003,10.3158
05-11-2003,10.3192
04-11-2003,10.3101
03-11-2003,10.2995
02-11-2003,10.3042
01-11-2003,10.302
31-10-2003,10.2967
30-10-2003,10.2935
29-10-2003,10.2788
28-10-2003,10.265
27-10-2003,10.2893
26-10-2003,10.2941
25-10-2003,10.2918
24-10-2003,10.2896
23-10-2003,10.2806
22-10-2003,10.304
21-10-2003,10.32
20-10-2003,10.3287
19-10-2003,10.3419
18-10-2003,10.3396
17-10-2003,10.3407
16-10-2003,10.3422
15-10-2003,10.3257
14-10-2003,10.3158
13-10-2003,10.3114
12-10-2003,10.313
11-10-2003,10.3107
10-10-2003,10.3027
09-10-2003,10.3005
08-10-2003,10.2955
07-10-2003,10.2896
06-10-2003,10.2757
05-10-2003,10.2681
04-10-2003,10.2658
03-10-2003,10.2635
02-10-2003,10.2646
01-10-2003,10.2624
30-09-2003,10.2592
29-09-2003,10.2372
28-09-2003,10.2298
27-09-2003,10.2275
26-09-2003,10.2268
25-09-2003,10.2252
24-09-2003,10.2118
23-09-2003,10.2006
22-09-2003,10.2012
21-09-2003,10.1993
20-09-2003,10.1971
19-09-2003,10.1963
18-09-2003,10.1964
17-09-2003,10.2
16-09-2003,10.1942
15-09-2003,10.1879
14-09-2003,10.1905
13-09-2003,10.1883
12-09-2003,10.1855
11-09-2003,10.1808
10-09-2003,10.1881
09-09-2003,10.1949
08-09-2003,10.1973
07-09-2003,10.1982
06-09-2003,10.1959
05-09-2003,10.1948
04-09-2003,10.1954
03-09-2003,10.196
02-09-2003,10.1898
01-09-2003,10.1885
31-08-2003,10.1887
30-08-2003,10.1868
29-08-2003,10.1822
28-08-2003,10.1835
27-08-2003,10.1842
26-08-2003,10.1863
25-08-2003,10.1744
24-08-2003,10.121
23-08-2003,10.1191
22-08-2003,10.0768
21-08-2003,10.0842
20-08-2003,10.0846
19-08-2003,10.0837
18-08-2003,10.0834
17-08-2003,10.0796
16-08-2003,10.0774
15-08-2003,10.0774
14-08-2003,10.0752
13-08-2003,10.0794
12-08-2003,10.0779
11-08-2003,10.0763
10-08-2003,10.0765
09-08-2003,10.0742
08-08-2003,10.0694
07-08-2003,10.068
06-08-2003,10.0659
05-08-2003,10.0639
04-08-2003,10.0652
03-08-2003,10.0673
02-08-2003,10.0648
01-08-2003,10.0571
31-07-2003,10.053
30-07-2003,10.0511
29-07-2003,10.0513
28-07-2003,10.0489
27-07-2003,10.0499
25-07-2003,10.0458
24-07-2003,10.0428
23-07-2003,10.0385
22-07-2003,10.0347
21-07-2003,10.0353
20-07-2003,10.0311
19-07-2003,10.0285
18-07-2003,10.0243
17-07-2003,10.0216
16-07-2003,10.0198
15-07-2003,10.0163
14-07-2003,10.0151
13-07-2003,10.0121
12-07-2003,10.0095
11-07-2003,10.0099
10-07-2003,10.0067
04-07-2003,10
