Historical Mutual Fund NAV of Nippon India Dynamic Bond Fund-Growth Plan-Growth Option,
scheme:- Nippon India Dynamic Bond Fund-Growth Plan-Growth Option,
Start Date:- 15-11-2004,
End Date:- 13-11-2020,
NAV Date,NAV (Rs)
13-11-2020,28.8139
12-11-2020,28.7688
11-11-2020,28.7645
10-11-2020,28.798
09-11-2020,28.9258
06-11-2020,28.9078
05-11-2020,28.9006
04-11-2020,28.8882
03-11-2020,28.8807
02-11-2020,28.936
29-10-2020,28.8961
28-10-2020,28.908
27-10-2020,28.9381
26-10-2020,28.8777
23-10-2020,28.7537
22-10-2020,28.6915
21-10-2020,28.6692
20-10-2020,28.5917
19-10-2020,28.5707
16-10-2020,28.5497
15-10-2020,28.4824
14-10-2020,28.4871
13-10-2020,28.4481
12-10-2020,28.4119
09-10-2020,28.3434
08-10-2020,28.0493
07-10-2020,28.015
06-10-2020,27.9888
05-10-2020,28.1038
01-10-2020,28.1085
30-09-2020,28.0156
29-09-2020,27.9916
28-09-2020,28.2208
25-09-2020,28.178
24-09-2020,28.1927
23-09-2020,28.2119
22-09-2020,28.2103
21-09-2020,28.3209
18-09-2020,28.3437
17-09-2020,28.3279
16-09-2020,28.3249
15-09-2020,28.2389
14-09-2020,28.3074
11-09-2020,28.311
10-09-2020,28.3177
09-09-2020,28.3135
08-09-2020,28.3086
07-09-2020,28.5957
04-09-2020,28.6019
03-09-2020,28.6013
02-09-2020,28.5607
01-09-2020,28.5798
31-08-2020,28.1561
28-08-2020,28.1499
27-08-2020,28.194
26-08-2020,28.1738
25-08-2020,28.1998
24-08-2020,28.0821
21-08-2020,28.1874
20-08-2020,28.3647
19-08-2020,28.3843
18-08-2020,28.4223
17-08-2020,28.4392
14-08-2020,28.4169
13-08-2020,28.4634
12-08-2020,28.4839
11-08-2020,28.4713
10-08-2020,28.5035
07-08-2020,28.4876
06-08-2020,28.5522
05-08-2020,28.5597
04-08-2020,28.5435
03-08-2020,28.5491
31-07-2020,28.5198
30-07-2020,28.5172
29-07-2020,28.5118
28-07-2020,28.5221
27-07-2020,28.5575
24-07-2020,28.5328
23-07-2020,28.5458
22-07-2020,28.4658
21-07-2020,28.4682
20-07-2020,28.4314
17-07-2020,28.3892
16-07-2020,28.4564
15-07-2020,28.4341
14-07-2020,28.431
13-07-2020,28.4085
10-07-2020,28.3209
09-07-2020,28.3413
08-07-2020,28.277
07-07-2020,28.2367
06-07-2020,28.231
03-07-2020,28.1468
02-07-2020,28.1634
01-07-2020,28.1608
30-06-2020,28.1299
29-06-2020,28.0867
26-06-2020,28.0767
25-06-2020,28.0677
24-06-2020,28.0783
23-06-2020,28.0425
22-06-2020,28.0209
19-06-2020,27.9921
18-06-2020,27.9742
17-06-2020,27.9256
16-06-2020,27.9304
15-06-2020,27.9463
12-06-2020,27.914
11-06-2020,27.9582
10-06-2020,27.9253
09-06-2020,27.8879
08-06-2020,27.8724
05-06-2020,27.8782
04-06-2020,27.8951
03-06-2020,27.8606
02-06-2020,27.855
01-06-2020,27.8291
29-05-2020,27.8901
28-05-2020,27.8916
27-05-2020,27.893
26-05-2020,27.8947
22-05-2020,27.8719
21-05-2020,27.7791
20-05-2020,27.7591
19-05-2020,27.7638
18-05-2020,27.7326
15-05-2020,27.7132
14-05-2020,27.7303
13-05-2020,27.7082
12-05-2020,27.7001
11-05-2020,27.684
08-05-2020,27.8682
06-05-2020,27.783
05-05-2020,27.6918
04-05-2020,27.607
30-04-2020,27.5178
29-04-2020,27.4597
28-04-2020,27.4777
27-04-2020,27.4747
24-04-2020,27.454
23-04-2020,27.5918
22-04-2020,27.4545
21-04-2020,27.4175
20-04-2020,27.3487
17-04-2020,27.113
16-04-2020,26.9275
15-04-2020,26.8246
13-04-2020,26.6338
09-04-2020,26.5551
08-04-2020,26.5211
07-04-2020,26.5598
03-04-2020,26.7084
31-03-2020,26.8153
30-03-2020,26.7349
27-03-2020,26.8256
26-03-2020,26.497
24-03-2020,26.3838
23-03-2020,26.3112
20-03-2020,26.5388
19-03-2020,26.3143
18-03-2020,26.5812
17-03-2020,26.592
16-03-2020,26.6906
13-03-2020,26.582
12-03-2020,26.7958
11-03-2020,26.9553
09-03-2020,27.0567
06-03-2020,26.9588
05-03-2020,26.8931
04-03-2020,26.8936
03-03-2020,26.749
02-03-2020,26.7488
28-02-2020,26.6933
27-02-2020,26.6998
26-02-2020,26.7324
25-02-2020,26.6935
24-02-2020,26.6996
20-02-2020,26.6347
18-02-2020,26.6613
17-02-2020,26.6638
14-02-2020,26.6828
13-02-2020,26.6331
12-02-2020,26.5531
11-02-2020,26.5505
10-02-2020,26.5633
07-02-2020,26.5374
06-02-2020,26.4838
05-02-2020,26.3489
04-02-2020,26.3442
03-02-2020,26.3313
31-01-2020,26.1474
30-01-2020,26.178
29-01-2020,26.17
28-01-2020,26.1651
27-01-2020,26.1957
24-01-2020,26.1585
23-01-2020,26.1285
22-01-2020,26.0795
21-01-2020,26.0828
20-01-2020,26.0653
17-01-2020,26.0683
16-01-2020,26.0352
15-01-2020,26.012
14-01-2020,25.9802
13-01-2020,26.073
10-01-2020,26.0848
09-01-2020,26.1755
08-01-2020,26.1223
07-01-2020,26.1214
06-01-2020,26.0998
03-01-2020,26.2016
02-01-2020,26.2041
01-01-2020,26.192
31-12-2019,26.1147
30-12-2019,26.1211
27-12-2019,26.1399
26-12-2019,26.1189
24-12-2019,26.1104
23-12-2019,26.1128
20-12-2019,26.0767
19-12-2019,25.9582
18-12-2019,25.9675
17-12-2019,25.9274
16-12-2019,25.8821
13-12-2019,25.8771
12-12-2019,25.8968
11-12-2019,25.8984
10-12-2019,25.9451
09-12-2019,25.9804
06-12-2019,25.9618
05-12-2019,26.0098
04-12-2019,26.2181
03-12-2019,26.1917
02-12-2019,26.1722
29-11-2019,26.1867
28-11-2019,26.1928
27-11-2019,26.1685
26-11-2019,26.1668
25-11-2019,26.172
22-11-2019,26.1366
21-11-2019,26.1268
20-11-2019,26.1692
19-11-2019,26.1383
18-11-2019,26.1197
15-11-2019,26.091
14-11-2019,26.0767
13-11-2019,26.0588
11-11-2019,26.0137
08-11-2019,26.027
07-11-2019,26.0658
06-11-2019,26.0914
05-11-2019,26.0513
04-11-2019,26.0902
01-11-2019,26.1087
31-10-2019,26.1056
30-10-2019,26.0729
29-10-2019,26.0523
25-10-2019,26.0456
24-10-2019,26.0368
23-10-2019,26.0349
22-10-2019,26.0024
18-10-2019,25.9934
17-10-2019,25.9773
16-10-2019,26.0389
15-10-2019,26.0068
14-10-2019,26.0114
11-10-2019,25.9527
10-10-2019,26.0005
09-10-2019,26.0249
07-10-2019,26.0022
04-10-2019,25.9702
03-10-2019,26.035
01-10-2019,25.9515
30-09-2019,25.8699
27-09-2019,25.8113
26-09-2019,25.8159
25-09-2019,25.7783
24-09-2019,25.7741
23-09-2019,25.8129
20-09-2019,25.7523
19-09-2019,25.937
18-09-2019,25.9456
17-09-2019,25.8733
16-09-2019,25.8783
13-09-2019,25.9578
12-09-2019,25.9465
11-09-2019,25.9499
09-09-2019,26.0579
06-09-2019,26.0082
05-09-2019,26.0261
04-09-2019,26.0422
03-09-2019,26.0513
30-08-2019,25.975
29-08-2019,25.9745
28-08-2019,25.9686
27-08-2019,25.986
26-08-2019,26.0302
23-08-2019,25.9528
22-08-2019,25.9479
21-08-2019,25.9269
20-08-2019,25.9103
19-08-2019,25.8758
16-08-2019,25.8901
14-08-2019,25.8214
13-08-2019,25.8926
09-08-2019,25.9202
08-08-2019,26.0016
07-08-2019,26.0142
06-08-2019,25.984
05-08-2019,25.9226
02-08-2019,25.9604
01-08-2019,25.8847
31-07-2019,25.9223
30-07-2019,25.8924
29-07-2019,25.8676
26-07-2019,25.75
25-07-2019,25.7454
24-07-2019,25.8255
23-07-2019,25.7994
22-07-2019,25.8566
19-07-2019,25.9286
18-07-2019,25.9016
17-07-2019,25.911
16-07-2019,25.95
15-07-2019,25.8829
12-07-2019,25.8229
11-07-2019,25.8125
10-07-2019,25.7653
09-07-2019,25.7261
08-07-2019,25.7423
05-07-2019,25.581
04-07-2019,25.5097
03-07-2019,25.4242
02-07-2019,25.4
01-07-2019,25.3697
28-06-2019,25.3674
27-06-2019,25.3445
26-06-2019,25.3209
25-06-2019,25.3679
24-06-2019,25.4083
21-06-2019,25.407
20-06-2019,25.486
19-06-2019,25.423
18-06-2019,25.4359
17-06-2019,25.306
14-06-2019,25.314
13-06-2019,25.2175
12-06-2019,25.2113
11-06-2019,25.1743
10-06-2019,25.1405
07-06-2019,25.2392
06-06-2019,25.2894
04-06-2019,25.1659
03-06-2019,25.2054
31-05-2019,25.1484
30-05-2019,25.0253
29-05-2019,25.0392
28-05-2019,25.0175
27-05-2019,24.9834
24-05-2019,24.8593
23-05-2019,24.8008
22-05-2019,24.7454
21-05-2019,24.7141
20-05-2019,24.7238
17-05-2019,24.6276
16-05-2019,24.6123
15-05-2019,24.6042
14-05-2019,24.6106
13-05-2019,24.5749
10-05-2019,24.531
09-05-2019,24.5367
08-05-2019,24.5443
07-05-2019,24.5305
06-05-2019,24.5292
03-05-2019,24.5129
02-05-2019,24.5106
30-04-2019,24.4996
26-04-2019,24.4755
25-04-2019,24.429
24-04-2019,24.447
23-04-2019,24.3722
22-04-2019,24.3631
18-04-2019,24.4562
16-04-2019,24.4618
15-04-2019,24.4443
12-04-2019,24.4415
11-04-2019,24.4696
10-04-2019,24.4849
09-04-2019,24.4699
08-04-2019,24.4585
05-04-2019,24.5362
04-04-2019,24.5412
03-04-2019,24.638
02-04-2019,24.6458
31-03-2019,24.5769
29-03-2019,24.5712
28-03-2019,24.57
27-03-2019,24.5075
26-03-2019,24.5202
25-03-2019,24.5224
22-03-2019,24.4177
20-03-2019,24.3615
19-03-2019,24.3152
18-03-2019,24.3407
15-03-2019,24.2994
14-03-2019,24.2713
13-03-2019,24.2374
12-03-2019,24.2286
11-03-2019,24.2135
08-03-2019,24.1822
07-03-2019,24.1327
06-03-2019,24.1076
05-03-2019,24.0927
01-03-2019,24.0735
28-02-2019,24.0331
27-02-2019,24.0115
26-02-2019,24.0518
25-02-2019,24.0685
22-02-2019,24.0606
21-02-2019,24.0699
20-02-2019,24.0787
18-02-2019,24.0618
15-02-2019,24.0643
14-02-2019,24.097
13-02-2019,24.1338
12-02-2019,24.0465
11-02-2019,24.0661
08-02-2019,24.0716
07-02-2019,24.0465
06-02-2019,23.9861
05-02-2019,23.9625
04-02-2019,23.9544
01-02-2019,23.9781
31-01-2019,24.0612
30-01-2019,24.0104
29-01-2019,24.0264
28-01-2019,24.0195
25-01-2019,24.0046
24-01-2019,23.9949
23-01-2019,23.997
22-01-2019,24.0077
21-01-2019,23.9659
18-01-2019,23.9603
17-01-2019,23.9903
16-01-2019,23.9845
15-01-2019,24.0597
14-01-2019,24.0864
11-01-2019,24.0091
10-01-2019,23.9996
09-01-2019,23.9957
08-01-2019,23.9914
07-01-2019,23.9429
04-01-2019,23.9875
03-01-2019,23.9992
02-01-2019,24.0506
01-01-2019,24.001
31-12-2018,24.0831
28-12-2018,24.0541
27-12-2018,24.1447
26-12-2018,24.1548
24-12-2018,24.1098
21-12-2018,24.1178
20-12-2018,24.1066
19-12-2018,24.1429
18-12-2018,24.0102
17-12-2018,23.9152
14-12-2018,23.921
13-12-2018,23.9392
12-12-2018,23.9169
11-12-2018,23.8052
10-12-2018,23.7804
07-12-2018,23.8909
06-12-2018,23.9313
05-12-2018,23.8673
04-12-2018,23.754
03-12-2018,23.7087
30-11-2018,23.6981
29-11-2018,23.6919
28-11-2018,23.6463
27-11-2018,23.5985
26-11-2018,23.6191
22-11-2018,23.5945
20-11-2018,23.5561
19-11-2018,23.5432
16-11-2018,23.5238
15-11-2018,23.546
14-11-2018,23.5566
13-11-2018,23.5112
12-11-2018,23.487
09-11-2018,23.4949
06-11-2018,23.4591
05-11-2018,23.4415
02-11-2018,23.4431
01-11-2018,23.3966
31-10-2018,23.3722
30-10-2018,23.3823
29-10-2018,23.3883
26-10-2018,23.339
25-10-2018,23.3445
24-10-2018,23.3366
23-10-2018,23.3253
22-10-2018,23.3112
19-10-2018,23.3011
17-10-2018,23.2978
16-10-2018,23.3019
15-10-2018,23.2827
12-10-2018,23.2497
11-10-2018,23.24
10-10-2018,23.2282
09-10-2018,23.2128
08-10-2018,23.2598
05-10-2018,23.2481
04-10-2018,23.1615
03-10-2018,23.2015
01-10-2018,23.2416
28-09-2018,23.2247
27-09-2018,23.2085
26-09-2018,23.1863
25-09-2018,23.1695
24-09-2018,23.1813
21-09-2018,23.2074
19-09-2018,23.2031
18-09-2018,23.1883
17-09-2018,23.1769
14-09-2018,23.156
12-09-2018,23.1352
11-09-2018,23.1262
10-09-2018,23.1325
07-09-2018,23.1855
06-09-2018,23.1669
05-09-2018,23.1681
04-09-2018,23.1845
03-09-2018,23.223
31-08-2018,23.2248
30-08-2018,23.231
29-08-2018,23.2425
28-08-2018,23.2439
27-08-2018,23.2436
24-08-2018,23.2352
23-08-2018,23.2337
21-08-2018,23.2348
20-08-2018,23.2264
16-08-2018,23.2042
14-08-2018,23.2191
13-08-2018,23.2124
10-08-2018,23.2307
09-08-2018,23.2264
08-08-2018,23.2062
07-08-2018,23.1988
06-08-2018,23.2016
03-08-2018,23.193
02-08-2018,23.2122
01-08-2018,23.2166
31-07-2018,23.1653
30-07-2018,23.1492
27-07-2018,23.1425
26-07-2018,23.1426
25-07-2018,23.1236
24-07-2018,23.1177
23-07-2018,23.1086
20-07-2018,23.1119
19-07-2018,23.1058
18-07-2018,23.1151
17-07-2018,23.1148
16-07-2018,23.0758
13-07-2018,23.0722
12-07-2018,23.0714
11-07-2018,23.0242
10-07-2018,23.01
09-07-2018,23.0052
06-07-2018,22.9976
05-07-2018,22.9945
04-07-2018,23.0203
03-07-2018,23.0059
02-07-2018,22.9915
29-06-2018,22.9823
28-06-2018,22.9518
27-06-2018,23.0005
26-06-2018,23.0282
25-06-2018,23.0214
22-06-2018,23.0215
21-06-2018,23.0564
20-06-2018,22.9958
19-06-2018,22.9626
18-06-2018,22.9453
15-06-2018,22.9371
14-06-2018,22.9026
13-06-2018,22.904
12-06-2018,22.8578
11-06-2018,22.8643
08-06-2018,22.8637
07-06-2018,22.8448
06-06-2018,22.9034
05-06-2018,22.9551
04-06-2018,22.934
01-06-2018,22.943
31-05-2018,22.9686
30-05-2018,22.9985
29-05-2018,23.0025
28-05-2018,23.018
25-05-2018,22.9722
24-05-2018,22.9189
23-05-2018,22.9425
22-05-2018,22.965
21-05-2018,22.9593
18-05-2018,22.9424
17-05-2018,22.8941
16-05-2018,22.8778
15-05-2018,22.8819
14-05-2018,22.9323
11-05-2018,22.9807
10-05-2018,22.9883
09-05-2018,22.9957
08-05-2018,23.0945
07-05-2018,23.0518
04-05-2018,22.9985
03-05-2018,22.9991
02-05-2018,22.9942
27-04-2018,22.9613
26-04-2018,22.9698
25-04-2018,22.9763
24-04-2018,23.0307
23-04-2018,23.0247
20-04-2018,23.0378
19-04-2018,23.0854
18-04-2018,23.1629
17-04-2018,23.196
16-04-2018,23.2061
13-04-2018,23.2186
12-04-2018,23.2029
11-04-2018,23.1725
10-04-2018,23.278
09-04-2018,23.3834
06-04-2018,23.4187
05-04-2018,23.4569
04-04-2018,23.2925
03-04-2018,23.2491
28-03-2018,23.172
27-03-2018,23.2081
26-03-2018,22.9083
23-03-2018,22.94
22-03-2018,22.9264
21-03-2018,22.9055
20-03-2018,22.8916
19-03-2018,22.8881
16-03-2018,22.9143
15-03-2018,22.8588
14-03-2018,22.8202
13-03-2018,22.8214
12-03-2018,22.83
09-03-2018,22.7729
08-03-2018,22.7905
07-03-2018,22.7635
06-03-2018,22.6831
05-03-2018,22.6891
01-03-2018,22.6851
28-02-2018,22.6992
27-02-2018,22.7276
26-02-2018,22.7196
23-02-2018,22.7426
22-02-2018,22.6889
21-02-2018,22.7389
20-02-2018,22.7695
16-02-2018,22.8427
15-02-2018,22.8425
14-02-2018,22.9063
12-02-2018,22.8952
09-02-2018,22.8949
08-02-2018,22.9185
07-02-2018,22.8575
06-02-2018,22.7972
05-02-2018,22.7701
02-02-2018,22.7938
01-02-2018,22.7618
31-01-2018,22.9202
30-01-2018,22.9171
29-01-2018,22.9087
25-01-2018,22.9985
24-01-2018,23.0155
23-01-2018,23.0349
22-01-2018,22.9911
19-01-2018,22.9771
18-01-2018,22.9761
17-01-2018,23.0195
16-01-2018,22.9164
15-01-2018,23.0001
12-01-2018,22.989
11-01-2018,22.9913
10-01-2018,22.9921
09-01-2018,23.0584
08-01-2018,23.0809
05-01-2018,23.0738
04-01-2018,22.9946
03-01-2018,23.004
02-01-2018,22.9913
01-01-2018,23.0093
29-12-2017,22.9938
28-12-2017,22.9364
27-12-2017,23.1005
26-12-2017,23.0682
22-12-2017,23.0784
21-12-2017,23.1117
20-12-2017,23.1297
19-12-2017,23.1517
18-12-2017,23.1477
15-12-2017,23.1627
14-12-2017,23.157
13-12-2017,23.1313
12-12-2017,23.1363
11-12-2017,23.1669
08-12-2017,23.2239
07-12-2017,23.2427
06-12-2017,23.2542
05-12-2017,23.2351
04-12-2017,23.2173
30-11-2017,23.2193
29-11-2017,23.2445
28-11-2017,23.2266
27-11-2017,23.2086
24-11-2017,23.2204
23-11-2017,23.2222
22-11-2017,23.2374
21-11-2017,23.3047
20-11-2017,23.3163
17-11-2017,23.1593
16-11-2017,23.1363
15-11-2017,23.1838
14-11-2017,23.1489
13-11-2017,23.2279
10-11-2017,23.2344
09-11-2017,23.244
08-11-2017,23.2413
07-11-2017,23.248
06-11-2017,23.2694
03-11-2017,23.2771
02-11-2017,23.2697
01-11-2017,23.2521
31-10-2017,23.2592
30-10-2017,23.2419
27-10-2017,23.2805
26-10-2017,23.2812
25-10-2017,23.2709
24-10-2017,23.2846
23-10-2017,23.2721
18-10-2017,23.2906
17-10-2017,23.2863
16-10-2017,23.2965
13-10-2017,23.2839
12-10-2017,23.249
11-10-2017,23.2545
10-10-2017,23.2459
09-10-2017,23.2287
06-10-2017,23.2289
05-10-2017,23.2425
04-10-2017,23.2779
03-10-2017,23.3203
29-09-2017,23.2838
28-09-2017,23.2857
27-09-2017,23.264
26-09-2017,23.272
25-09-2017,23.2996
22-09-2017,23.2618
21-09-2017,23.2518
20-09-2017,23.3397
19-09-2017,23.3249
18-09-2017,23.3189
15-09-2017,23.3244
14-09-2017,23.3439
13-09-2017,23.3485
12-09-2017,23.3718
11-09-2017,23.3735
08-09-2017,23.3786
07-09-2017,23.3939
06-09-2017,23.3999
05-09-2017,23.3858
04-09-2017,23.391
01-09-2017,23.3923
31-08-2017,23.3421
30-08-2017,23.3323
29-08-2017,23.3328
28-08-2017,23.303
24-08-2017,23.3047
23-08-2017,23.3061
22-08-2017,23.2991
21-08-2017,23.3072
18-08-2017,23.3131
16-08-2017,23.285
14-08-2017,23.2975
11-08-2017,23.2976
10-08-2017,23.3095
09-08-2017,23.3399
08-08-2017,23.3428
07-08-2017,23.3489
04-08-2017,23.3591
03-08-2017,23.3628
02-08-2017,23.2709
01-08-2017,23.2662
31-07-2017,23.2447
28-07-2017,23.2561
27-07-2017,23.2813
26-07-2017,23.2723
25-07-2017,23.2854
24-07-2017,23.3037
21-07-2017,23.2594
20-07-2017,23.2094
19-07-2017,23.2084
18-07-2017,23.183
17-07-2017,23.1721
14-07-2017,23.1529
13-07-2017,23.1626
12-07-2017,23.1406
11-07-2017,23.125
10-07-2017,23.1261
07-07-2017,23.049
06-07-2017,23.0404
05-07-2017,23.0169
04-07-2017,22.9933
03-07-2017,22.997
30-06-2017,23.0894
29-06-2017,23.0917
28-06-2017,23.086
27-06-2017,23.148
23-06-2017,23.1451
22-06-2017,23.1417
21-06-2017,23.1607
20-06-2017,23.1343
19-06-2017,23.1222
16-06-2017,23.099
15-06-2017,23.1166
14-06-2017,23.1112
13-06-2017,23.105
12-06-2017,23.0699
09-06-2017,23.0753
08-06-2017,23.0425
07-06-2017,22.9099
06-06-2017,22.7703
05-06-2017,22.7526
02-06-2017,22.7482
01-06-2017,22.7511
31-05-2017,22.6742
30-05-2017,22.6581
29-05-2017,22.6512
26-05-2017,22.6627
25-05-2017,22.6341
24-05-2017,22.6038
23-05-2017,22.6036
22-05-2017,22.5862
19-05-2017,22.5326
18-05-2017,22.5425
17-05-2017,22.5284
16-05-2017,22.519
15-05-2017,22.5418
12-05-2017,22.441
11-05-2017,22.4156
09-05-2017,22.4057
08-05-2017,22.4047
05-05-2017,22.3767
04-05-2017,22.3532
03-05-2017,22.354
02-05-2017,22.3422
28-04-2017,22.3542
27-04-2017,22.358
26-04-2017,22.3617
25-04-2017,22.3871
24-04-2017,22.3548
21-04-2017,22.3425
20-04-2017,22.3928
19-04-2017,22.3949
18-04-2017,22.3673
17-04-2017,22.3548
13-04-2017,22.3496
12-04-2017,22.311
11-04-2017,22.2795
10-04-2017,22.2293
07-04-2017,22.2082
06-04-2017,22.2419
05-04-2017,22.354
03-04-2017,22.3553
31-03-2017,22.3602
30-03-2017,22.3517
29-03-2017,22.3315
27-03-2017,22.3308
24-03-2017,22.221
23-03-2017,22.1924
22-03-2017,22.1689
21-03-2017,22.0864
20-03-2017,22.053
17-03-2017,22.0437
16-03-2017,22.0571
15-03-2017,21.9976
14-03-2017,21.9489
10-03-2017,21.941
09-03-2017,21.9877
08-03-2017,22.0129
07-03-2017,22.0153
06-03-2017,22.033
03-03-2017,22.0585
02-03-2017,22.0386
01-03-2017,22.043
28-02-2017,22.0867
27-02-2017,22.0838
23-02-2017,22.065
22-02-2017,22.0671
20-02-2017,22.0816
17-02-2017,22.0973
16-02-2017,22.0849
15-02-2017,22.0778
14-02-2017,22.0665
13-02-2017,22.0877
10-02-2017,22.0857
09-02-2017,22.0303
08-02-2017,22.1857
07-02-2017,22.5672
06-02-2017,22.5783
03-02-2017,22.5861
02-02-2017,22.5933
01-02-2017,22.5624
31-01-2017,22.5592
30-01-2017,22.5598
27-01-2017,22.5612
25-01-2017,22.549
24-01-2017,22.531
23-01-2017,22.5222
20-01-2017,22.5015
19-01-2017,22.495
18-01-2017,22.5189
17-01-2017,22.5426
16-01-2017,22.5232
13-01-2017,22.5397
12-01-2017,22.5644
11-01-2017,22.5284
10-01-2017,22.5288
09-01-2017,22.5309
06-01-2017,22.5427
05-01-2017,22.5546
04-01-2017,22.565
03-01-2017,22.4923
02-01-2017,22.5264
30-12-2016,22.2984
29-12-2016,22.2416
28-12-2016,22.1406
27-12-2016,22.153
26-12-2016,22.2022
23-12-2016,22.2564
22-12-2016,22.2986
21-12-2016,22.3467
20-12-2016,22.3369
19-12-2016,22.3183
16-12-2016,22.3178
15-12-2016,22.3202
14-12-2016,22.4508
13-12-2016,22.4638
09-12-2016,22.4593
08-12-2016,22.4883
07-12-2016,22.544
06-12-2016,22.8507
05-12-2016,22.8479
02-12-2016,22.8391
01-12-2016,22.8766
30-11-2016,22.844
29-11-2016,22.7547
28-11-2016,22.7784
25-11-2016,22.9167
24-11-2016,22.9612
23-11-2016,22.7816
22-11-2016,22.6763
21-11-2016,22.6295
18-11-2016,22.4148
17-11-2016,22.4338
16-11-2016,22.4233
15-11-2016,22.2919
11-11-2016,22.054
10-11-2016,22.11
09-11-2016,22.0571
08-11-2016,21.9075
07-11-2016,21.8824
04-11-2016,21.872
03-11-2016,21.9001
02-11-2016,21.8997
01-11-2016,21.9111
28-10-2016,21.9197
27-10-2016,21.921
26-10-2016,21.937
25-10-2016,21.9286
24-10-2016,21.9518
21-10-2016,21.9489
20-10-2016,21.9436
19-10-2016,21.958
18-10-2016,21.9559
17-10-2016,21.927
14-10-2016,21.9349
13-10-2016,21.9676
10-10-2016,21.995
07-10-2016,21.9619
06-10-2016,21.9948
05-10-2016,22.0186
04-10-2016,21.9393
03-10-2016,21.8907
30-09-2016,21.8074
29-09-2016,21.7552
28-09-2016,21.8684
27-09-2016,21.8519
26-09-2016,21.8221
23-09-2016,21.7506
22-09-2016,21.7153
21-09-2016,21.6195
20-09-2016,21.603
19-09-2016,21.6212
16-09-2016,21.6236
15-09-2016,21.608
14-09-2016,21.5959
12-09-2016,21.6076
09-09-2016,21.6338
08-09-2016,21.6339
07-09-2016,21.6188
06-09-2016,21.5397
02-09-2016,21.5076
01-09-2016,21.5102
31-08-2016,21.5187
30-08-2016,21.5061
29-08-2016,21.4675
26-08-2016,21.4582
25-08-2016,21.4417
24-08-2016,21.4102
23-08-2016,21.3807
22-08-2016,21.3829
19-08-2016,21.4357
18-08-2016,21.4151
16-08-2016,21.4616
12-08-2016,21.4629
11-08-2016,21.4701
10-08-2016,21.4118
09-08-2016,21.3404
08-08-2016,21.2533
05-08-2016,21.2467
04-08-2016,21.2201
03-08-2016,21.1992
02-08-2016,21.2328
01-08-2016,21.2638
29-07-2016,21.2089
28-07-2016,21.1747
27-07-2016,21.0515
26-07-2016,21.0422
25-07-2016,21.0254
22-07-2016,20.9963
21-07-2016,20.9677
20-07-2016,20.9434
19-07-2016,20.9061
18-07-2016,20.8763
15-07-2016,20.8864
14-07-2016,20.8677
13-07-2016,20.8624
12-07-2016,20.7989
11-07-2016,20.731
08-07-2016,20.711
07-07-2016,20.6968
05-07-2016,20.6667
04-07-2016,20.6209
01-07-2016,20.6057
30-06-2016,20.5716
29-06-2016,20.5684
28-06-2016,20.5439
27-06-2016,20.5245
24-06-2016,20.4841
23-06-2016,20.4793
22-06-2016,20.4655
21-06-2016,20.4556
20-06-2016,20.4474
17-06-2016,20.4448
16-06-2016,20.4419
15-06-2016,20.4283
14-06-2016,20.4204
13-06-2016,20.411
10-06-2016,20.4239
09-06-2016,20.4177
08-06-2016,20.4108
07-06-2016,20.413
06-06-2016,20.4168
03-06-2016,20.395
02-06-2016,20.3922
01-06-2016,20.3822
31-05-2016,20.3933
30-05-2016,20.3944
27-05-2016,20.381
26-05-2016,20.3786
25-05-2016,20.3837
24-05-2016,20.3803
23-05-2016,20.3795
20-05-2016,20.3585
19-05-2016,20.3625
18-05-2016,20.3544
17-05-2016,20.3677
16-05-2016,20.3644
13-05-2016,20.3595
12-05-2016,20.3652
11-05-2016,20.3522
10-05-2016,20.3479
09-05-2016,20.344
06-05-2016,20.326
05-05-2016,20.3224
04-05-2016,20.3201
03-05-2016,20.3092
02-05-2016,20.316
29-04-2016,20.3083
28-04-2016,20.2908
27-04-2016,20.2825
26-04-2016,20.2733
25-04-2016,20.2747
22-04-2016,20.2842
21-04-2016,20.2612
20-04-2016,20.3007
18-04-2016,20.303
13-04-2016,20.2771
12-04-2016,20.3127
11-04-2016,20.2916
07-04-2016,20.2298
06-04-2016,20.1634
05-04-2016,20.1447
04-04-2016,20.1338
31-03-2016,20.0638
30-03-2016,20.0173
29-03-2016,20.0113
28-03-2016,20.0325
23-03-2016,19.9857
22-03-2016,19.9822
21-03-2016,19.987
18-03-2016,19.8875
17-03-2016,19.8692
16-03-2016,19.7953
15-03-2016,19.7542
14-03-2016,19.7298
11-03-2016,19.6878
10-03-2016,19.6808
09-03-2016,19.6724
08-03-2016,19.677
04-03-2016,19.6599
03-03-2016,19.6394
02-03-2016,19.6553
01-03-2016,19.6475
29-02-2016,19.6122
26-02-2016,19.3648
25-02-2016,19.3005
24-02-2016,19.3761
23-02-2016,19.3957
22-02-2016,19.457
18-02-2016,19.495
17-02-2016,19.4785
16-02-2016,19.5043
15-02-2016,19.5407
12-02-2016,19.5639
11-02-2016,19.5715
10-02-2016,19.5674
09-02-2016,19.5664
08-02-2016,19.5727
05-02-2016,19.5736
04-02-2016,19.5557
03-02-2016,19.5413
02-02-2016,19.5532
01-02-2016,19.6053
29-01-2016,19.607
28-01-2016,19.5904
27-01-2016,19.6174
25-01-2016,19.6054
22-01-2016,19.6286
21-01-2016,19.6491
20-01-2016,19.6046
19-01-2016,19.5725
18-01-2016,19.5482
15-01-2016,19.5545
14-01-2016,19.5935
13-01-2016,19.621
12-01-2016,19.6365
11-01-2016,19.6469
08-01-2016,19.6483
07-01-2016,19.6434
06-01-2016,19.6328
05-01-2016,19.6288
04-01-2016,19.6177
01-01-2016,19.6042
31-12-2015,19.5715
30-12-2015,19.5762
29-12-2015,19.5704
28-12-2015,19.5789
23-12-2015,19.5746
22-12-2015,19.5405
21-12-2015,19.5329
18-12-2015,19.5696
17-12-2015,19.6033
16-12-2015,19.5899
15-12-2015,19.5346
14-12-2015,19.5237
11-12-2015,19.5537
10-12-2015,19.5398
09-12-2015,19.5433
08-12-2015,19.5352
07-12-2015,19.5634
04-12-2015,19.5539
03-12-2015,19.6138
02-12-2015,19.5724
01-12-2015,19.5798
30-11-2015,19.5292
27-11-2015,19.541
26-11-2015,19.5868
24-11-2015,19.5991
23-11-2015,19.5746
20-11-2015,19.5925
19-11-2015,19.6309
18-11-2015,19.6208
17-11-2015,19.6273
16-11-2015,19.6414
13-11-2015,19.6442
10-11-2015,19.5938
09-11-2015,19.5618
06-11-2015,19.6136
05-11-2015,19.6173
04-11-2015,19.648
03-11-2015,19.6642
02-11-2015,19.669
30-10-2015,19.6384
29-10-2015,19.6438
28-10-2015,19.672
27-10-2015,19.6575
26-10-2015,19.6488
23-10-2015,19.668
21-10-2015,19.6685
20-10-2015,19.6738
19-10-2015,19.67
16-10-2015,19.6696
15-10-2015,19.6726
14-10-2015,19.6636
13-10-2015,19.6491
12-10-2015,19.6379
09-10-2015,19.6734
08-10-2015,19.6647
07-10-2015,19.6439
06-10-2015,19.6602
05-10-2015,19.676
01-10-2015,19.6078
30-09-2015,19.6216
29-09-2015,19.518
28-09-2015,19.3664
24-09-2015,19.3671
23-09-2015,19.3656
22-09-2015,19.3637
21-09-2015,19.379
18-09-2015,19.3711
16-09-2015,19.2898
15-09-2015,19.2762
14-09-2015,19.2717
11-09-2015,19.2438
10-09-2015,19.2356
09-09-2015,19.251
08-09-2015,19.2361
07-09-2015,19.203
04-09-2015,19.2393
03-09-2015,19.2554
02-09-2015,19.2534
01-09-2015,19.2422
31-08-2015,19.2038
28-08-2015,19.2043
27-08-2015,19.2102
26-08-2015,19.1718
25-08-2015,19.1349
24-08-2015,19.0678
21-08-2015,19.1694
20-08-2015,19.2133
19-08-2015,19.2085
17-08-2015,19.1904
14-08-2015,19.18
13-08-2015,19.1531
12-08-2015,19.0898
11-08-2015,19.0859
10-08-2015,19.087
07-08-2015,19.0618
06-08-2015,19.0633
05-08-2015,19.0297
04-08-2015,19.0248
03-08-2015,19.0576
31-07-2015,19.0464
30-07-2015,19.0132
29-07-2015,19.0143
28-07-2015,19.0123
27-07-2015,18.9511
24-07-2015,18.9379
23-07-2015,18.9489
22-07-2015,18.9241
21-07-2015,18.9075
20-07-2015,18.8991
17-07-2015,18.9002
16-07-2015,18.8853
15-07-2015,18.879
14-07-2015,18.8871
13-07-2015,18.8551
10-07-2015,18.9388
09-07-2015,18.9421
08-07-2015,18.9489
07-07-2015,18.9389
06-07-2015,18.9478
03-07-2015,18.8785
02-07-2015,18.8595
01-07-2015,18.8346
30-06-2015,18.7874
29-06-2015,18.7442
26-06-2015,18.7912
25-06-2015,18.8008
24-06-2015,18.8628
23-06-2015,18.9037
22-06-2015,18.9182
19-06-2015,18.9299
18-06-2015,18.8446
17-06-2015,18.7322
16-06-2015,18.6729
15-06-2015,18.7065
12-06-2015,18.6609
11-06-2015,18.6917
10-06-2015,18.7403
09-06-2015,18.7836
08-06-2015,18.7508
05-06-2015,18.7666
04-06-2015,18.7551
03-06-2015,18.8274
02-06-2015,18.8774
01-06-2015,19.0077
29-05-2015,19.0123
28-05-2015,18.987
27-05-2015,18.9641
26-05-2015,18.9566
25-05-2015,18.9802
22-05-2015,18.9782
21-05-2015,18.9583
20-05-2015,18.965
19-05-2015,18.9422
18-05-2015,18.8752
15-05-2015,18.8377
14-05-2015,18.8389
13-05-2015,18.8216
12-05-2015,18.8452
11-05-2015,18.8865
08-05-2015,18.7912
07-05-2015,18.8399
06-05-2015,18.9172
05-05-2015,18.9794
30-04-2015,18.9505
29-04-2015,18.9912
28-04-2015,19.0251
27-04-2015,19.0121
24-04-2015,19.0003
23-04-2015,19.0293
22-04-2015,19.0299
21-04-2015,19.0098
20-04-2015,18.9915
17-04-2015,18.9847
16-04-2015,18.9772
15-04-2015,18.9808
13-04-2015,18.9654
10-04-2015,18.9669
09-04-2015,18.9812
08-04-2015,18.9632
07-04-2015,18.9768
06-04-2015,19.0494
31-03-2015,19.0052
30-03-2015,18.9644
27-03-2015,18.9207
26-03-2015,18.9074
25-03-2015,18.9264
24-03-2015,18.9532
23-03-2015,18.9612
20-03-2015,18.9561
19-03-2015,18.9533
18-03-2015,18.9158
17-03-2015,18.935
16-03-2015,18.9157
13-03-2015,18.9033
12-03-2015,18.9686
11-03-2015,18.9398
10-03-2015,18.9516
09-03-2015,18.9704
05-03-2015,19.0119
04-03-2015,19.0469
03-03-2015,18.9666
02-03-2015,18.9887
27-02-2015,18.9971
26-02-2015,18.9763
25-02-2015,18.9904
24-02-2015,18.9704
23-02-2015,18.9784
20-02-2015,18.9759
18-02-2015,18.9576
16-02-2015,18.9598
13-02-2015,18.9662
12-02-2015,18.9126
11-02-2015,18.9313
10-02-2015,18.9387
09-02-2015,18.9396
06-02-2015,18.9615
05-02-2015,18.9643
04-02-2015,18.9478
03-02-2015,18.9654
02-02-2015,19.0142
30-01-2015,18.9458
29-01-2015,18.924
28-01-2015,18.9305
27-01-2015,18.9116
23-01-2015,18.8992
22-01-2015,18.8881
21-01-2015,18.892
20-01-2015,18.8246
19-01-2015,18.809
16-01-2015,18.8249
15-01-2015,18.7736
14-01-2015,18.612
13-01-2015,18.6128
12-01-2015,18.576
09-01-2015,18.5082
08-01-2015,18.4978
07-01-2015,18.4831
06-01-2015,18.438
05-01-2015,18.4506
02-01-2015,18.4617
01-01-2015,18.496
31-12-2014,18.511
30-12-2014,18.4942
29-12-2014,18.4311
26-12-2014,18.386
24-12-2014,18.4034
23-12-2014,18.4199
22-12-2014,18.3862
19-12-2014,18.3935
18-12-2014,18.433
17-12-2014,18.391
16-12-2014,18.3823
15-12-2014,18.5753
12-12-2014,18.5724
11-12-2014,18.5248
10-12-2014,18.4534
09-12-2014,18.4543
08-12-2014,18.4076
05-12-2014,18.3768
04-12-2014,18.3386
03-12-2014,18.3301
02-12-2014,18.3202
01-12-2014,18.2
28-11-2014,18.1347
27-11-2014,18.0519
26-11-2014,18.045
25-11-2014,18.0375
24-11-2014,18.0218
21-11-2014,18.0016
20-11-2014,17.998
19-11-2014,17.9933
18-11-2014,17.9954
17-11-2014,17.9579
14-11-2014,17.9101
13-11-2014,17.9228
12-11-2014,17.9729
11-11-2014,17.9451
10-11-2014,17.9581
07-11-2014,17.9231
05-11-2014,17.9323
03-11-2014,17.8416
31-10-2014,17.7918
30-10-2014,17.7356
29-10-2014,17.6866
28-10-2014,17.6743
27-10-2014,17.652
22-10-2014,17.5846
21-10-2014,17.5679
20-10-2014,17.5496
17-10-2014,17.509
16-10-2014,17.5173
14-10-2014,17.4741
13-10-2014,17.4371
10-10-2014,17.3993
09-10-2014,17.3801
08-10-2014,17.4219
07-10-2014,17.3811
01-10-2014,17.3258
30-09-2014,17.2993
29-09-2014,17.322
26-09-2014,17.3478
25-09-2014,17.3029
24-09-2014,17.3063
23-09-2014,17.3078
22-09-2014,17.3223
19-09-2014,17.2989
18-09-2014,17.2955
17-09-2014,17.2351
16-09-2014,17.2211
15-09-2014,17.2135
12-09-2014,17.1944
11-09-2014,17.1894
10-09-2014,17.1597
09-09-2014,17.1727
08-09-2014,17.188
05-09-2014,17.1592
04-09-2014,17.1449
03-09-2014,17.1468
02-09-2014,17.1395
01-09-2014,17.122
28-08-2014,17.1104
27-08-2014,17.112
26-08-2014,17.0926
25-08-2014,17.0947
22-08-2014,17.1238
21-08-2014,17.1223
20-08-2014,17.1367
19-08-2014,17.0709
14-08-2014,17.0545
13-08-2014,17.0139
12-08-2014,16.9637
11-08-2014,16.9824
08-08-2014,16.9514
07-08-2014,16.954
06-08-2014,16.9443
05-08-2014,16.9888
04-08-2014,17.0886
01-08-2014,17.0755
31-07-2014,17.094
30-07-2014,17.0804
28-07-2014,17.1107
25-07-2014,17.1279
24-07-2014,17.1554
23-07-2014,17.137
22-07-2014,17.103
21-07-2014,17.0767
18-07-2014,17.0171
17-07-2014,17.0308
16-07-2014,17.0189
15-07-2014,17.0038
14-07-2014,16.9636
11-07-2014,16.9739
10-07-2014,17.0139
09-07-2014,17.0405
08-07-2014,17.0351
07-07-2014,17.0625
04-07-2014,17.0677
03-07-2014,17.0537
02-07-2014,17.0456
30-06-2014,16.983
27-06-2014,16.9674
26-06-2014,16.9766
25-06-2014,16.9869
24-06-2014,16.9786
23-06-2014,16.9428
20-06-2014,16.9708
19-06-2014,17.0029
18-06-2014,17.0114
17-06-2014,17.0637
16-06-2014,17.0298
13-06-2014,17.0522
12-06-2014,17.0838
11-06-2014,17.0962
10-06-2014,17.0812
09-06-2014,17.0912
06-06-2014,17.1032
05-06-2014,17.0613
04-06-2014,17.0011
03-06-2014,16.9696
02-06-2014,16.9096
30-05-2014,16.9077
29-05-2014,16.8795
28-05-2014,16.8537
27-05-2014,16.8607
26-05-2014,16.8401
23-05-2014,16.8579
22-05-2014,16.8005
21-05-2014,16.7626
20-05-2014,16.711
19-05-2014,16.6983
16-05-2014,16.6959
15-05-2014,16.7051
13-05-2014,16.693
12-05-2014,16.7147
09-05-2014,16.6926
08-05-2014,16.6749
07-05-2014,16.6524
06-05-2014,16.6655
05-05-2014,16.6866
02-05-2014,16.6352
30-04-2014,16.6174
29-04-2014,16.6066
28-04-2014,16.5745
25-04-2014,16.5583
23-04-2014,16.5595
22-04-2014,16.5594
21-04-2014,16.5206
17-04-2014,16.4953
16-04-2014,16.4421
15-04-2014,16.4271
11-04-2014,16.408
10-04-2014,16.378
09-04-2014,16.3605
07-04-2014,16.3442
04-04-2014,16.3398
03-04-2014,16.3676
02-04-2014,16.3806
28-03-2014,16.4323
27-03-2014,16.4146
26-03-2014,16.4177
25-03-2014,16.4111
24-03-2014,16.4026
21-03-2014,16.3723
20-03-2014,16.3497
19-03-2014,16.3493
18-03-2014,16.338
14-03-2014,16.3249
13-03-2014,16.3308
12-03-2014,16.3259
11-03-2014,16.3105
10-03-2014,16.2837
07-03-2014,16.2499
06-03-2014,16.247
05-03-2014,16.2252
04-03-2014,16.2195
03-03-2014,16.206
28-02-2014,16.2083
26-02-2014,16.1711
25-02-2014,16.1837
24-02-2014,16.186
21-02-2014,16.2139
20-02-2014,16.207
18-02-2014,16.1994
17-02-2014,16.1824
14-02-2014,16.176
13-02-2014,16.1567
12-02-2014,16.1827
11-02-2014,16.2262
10-02-2014,16.2637
07-02-2014,16.2399
06-02-2014,16.2426
05-02-2014,16.2373
04-02-2014,16.2382
03-02-2014,16.199
31-01-2014,16.1858
30-01-2014,16.1743
29-01-2014,16.2045
28-01-2014,16.2192
27-01-2014,16.2381
24-01-2014,16.2513
23-01-2014,16.3045
22-01-2014,16.3295
21-01-2014,16.3624
20-01-2014,16.3837
17-01-2014,16.3007
16-01-2014,16.3107
15-01-2014,16.2801
13-01-2014,16.2121
10-01-2014,16.1625
09-01-2014,16.1336
08-01-2014,16.1053
07-01-2014,16.1132
06-01-2014,16.1128
03-01-2014,16.0625
02-01-2014,16.0517
01-01-2014,16.045
31-12-2013,16.0568
30-12-2013,16.0291
27-12-2013,15.9772
26-12-2013,16.0021
24-12-2013,15.9969
23-12-2013,16.0132
20-12-2013,16.0295
19-12-2013,16.0507
18-12-2013,15.9967
17-12-2013,15.9246
16-12-2013,15.9399
13-12-2013,15.9194
12-12-2013,15.9768
11-12-2013,15.9764
10-12-2013,15.9746
09-12-2013,15.9571
06-12-2013,15.9978
05-12-2013,16.0364
04-12-2013,16.0343
03-12-2013,16.046
02-12-2013,16.0509
29-11-2013,16.0322
28-11-2013,16.0464
27-11-2013,16.0471
26-11-2013,16.0086
25-11-2013,15.9868
22-11-2013,15.965
21-11-2013,15.978
20-11-2013,15.993
19-11-2013,16.0025
18-11-2013,15.9473
14-11-2013,15.8978
13-11-2013,15.943
12-11-2013,15.8499
11-11-2013,15.9068
08-11-2013,15.8951
07-11-2013,15.9788
06-11-2013,16.0161
05-11-2013,16.0559
01-11-2013,16.0521
31-10-2013,16.0789
30-10-2013,16.0986
29-10-2013,16.0891
28-10-2013,16.0202
25-10-2013,16.0474
24-10-2013,16.0459
23-10-2013,16.0261
22-10-2013,16.0297
21-10-2013,16.0294
18-10-2013,16.0527
17-10-2013,16.0066
15-10-2013,15.9577
14-10-2013,16.0295
11-10-2013,16.0854
10-10-2013,16.1114
09-10-2013,16.1077
08-10-2013,16.0907
07-10-2013,15.9248
04-10-2013,15.9275
03-10-2013,15.8748
01-10-2013,15.8047
30-09-2013,15.7766
27-09-2013,15.7749
26-09-2013,15.7505
25-09-2013,15.7117
24-09-2013,15.6952
23-09-2013,15.708
20-09-2013,15.8638
19-09-2013,16.0768
18-09-2013,15.9133
17-09-2013,15.8635
16-09-2013,15.8439
13-09-2013,15.8011
12-09-2013,15.7938
11-09-2013,15.8223
10-09-2013,15.8131
06-09-2013,15.7534
05-09-2013,15.8215
04-09-2013,15.7779
03-09-2013,15.6717
02-09-2013,15.7034
30-08-2013,15.5833
29-08-2013,15.5513
28-08-2013,15.4666
27-08-2013,15.5968
26-08-2013,15.7934
23-08-2013,15.7892
22-08-2013,15.8236
21-08-2013,15.748
20-08-2013,15.3611
19-08-2013,15.1704
16-08-2013,15.3854
14-08-2013,15.5679
13-08-2013,15.6318
12-08-2013,15.7194
08-08-2013,15.8197
07-08-2013,15.7922
06-08-2013,15.7702
05-08-2013,15.8006
02-08-2013,15.7465
01-08-2013,15.8125
31-07-2013,15.736
30-07-2013,15.7477
29-07-2013,15.8294
26-07-2013,15.8295
25-07-2013,15.7815
24-07-2013,15.6895
23-07-2013,15.8198
22-07-2013,15.9098
19-07-2013,15.9998
18-07-2013,15.9731
17-07-2013,15.892
16-07-2013,15.8744
15-07-2013,16.3273
12-07-2013,16.3407
11-07-2013,16.3696
10-07-2013,16.3346
09-07-2013,16.3192
08-07-2013,16.2968
05-07-2013,16.3431
04-07-2013,16.3698
03-07-2013,16.3062
02-07-2013,16.3593
28-06-2013,16.3643
27-06-2013,16.2684
26-06-2013,16.2688
25-06-2013,16.3323
24-06-2013,16.343
21-06-2013,16.4042
20-06-2013,16.4084
19-06-2013,16.5437
18-06-2013,16.5387
17-06-2013,16.5483
14-06-2013,16.4811
13-06-2013,16.4657
12-06-2013,16.4801
11-06-2013,16.4855
10-06-2013,16.5273
07-06-2013,16.5685
06-06-2013,16.5914
05-06-2013,16.5923
04-06-2013,16.5962
03-06-2013,16.5473
31-05-2013,16.5341
30-05-2013,16.5606
29-05-2013,16.5691
28-05-2013,16.6092
27-05-2013,16.6094
24-05-2013,16.5984
23-05-2013,16.5672
22-05-2013,16.5768
21-05-2013,16.5863
20-05-2013,16.5729
17-05-2013,16.5368
16-05-2013,16.5248
15-05-2013,16.4815
14-05-2013,16.4193
13-05-2013,16.3167
10-05-2013,16.2966
09-05-2013,16.2779
08-05-2013,16.1873
07-05-2013,16.1393
06-05-2013,16.1126
03-05-2013,16.0893
02-05-2013,16.1076
30-04-2013,16.0875
29-04-2013,16.0607
26-04-2013,16.0592
25-04-2013,16.038
23-04-2013,16.05
22-04-2013,16.0211
18-04-2013,15.9908
17-04-2013,15.9522
16-04-2013,15.9233
15-04-2013,15.9023
12-04-2013,15.8591
10-04-2013,15.8242
09-04-2013,15.8233
08-04-2013,15.7992
05-04-2013,15.7627
04-04-2013,15.7413
03-04-2013,15.7253
02-04-2013,15.6939
28-03-2013,15.694
26-03-2013,15.6741
25-03-2013,15.6909
22-03-2013,15.6757
21-03-2013,15.6918
20-03-2013,15.692
19-03-2013,15.7082
18-03-2013,15.727
15-03-2013,15.7337
14-03-2013,15.7252
13-03-2013,15.6904
12-03-2013,15.6966
11-03-2013,15.7233
08-03-2013,15.7177
07-03-2013,15.6973
06-03-2013,15.6934
05-03-2013,15.6739
04-03-2013,15.662
01-03-2013,15.6406
28-02-2013,15.6541
27-02-2013,15.7062
26-02-2013,15.6995
25-02-2013,15.7112
22-02-2013,15.7059
21-02-2013,15.6978
20-02-2013,15.7056
18-02-2013,15.6742
15-02-2013,15.6684
14-02-2013,15.6775
13-02-2013,15.6558
12-02-2013,15.6324
11-02-2013,15.6397
08-02-2013,15.6411
07-02-2013,15.6165
06-02-2013,15.5777
05-02-2013,15.5615
04-02-2013,15.5518
01-02-2013,15.5686
31-01-2013,15.5671
30-01-2013,15.5856
29-01-2013,15.6168
28-01-2013,15.6073
24-01-2013,15.5815
23-01-2013,15.5938
22-01-2013,15.6103
21-01-2013,15.6058
18-01-2013,15.6087
17-01-2013,15.6143
16-01-2013,15.5866
15-01-2013,15.6392
14-01-2013,15.6611
11-01-2013,15.5829
10-01-2013,15.5631
09-01-2013,15.5362
08-01-2013,15.5219
07-01-2013,15.5118
04-01-2013,15.4725
03-01-2013,15.4361
02-01-2013,15.3985
01-01-2013,15.3913
31-12-2012,15.3182
28-12-2012,15.2742
27-12-2012,15.2617
26-12-2012,15.249
24-12-2012,15.2309
21-12-2012,15.2152
20-12-2012,15.2105
19-12-2012,15.2086
18-12-2012,15.211
17-12-2012,15.2112
14-12-2012,15.1993
13-12-2012,15.1833
12-12-2012,15.1695
11-12-2012,15.1708
10-12-2012,15.1744
07-12-2012,15.1651
06-12-2012,15.1565
05-12-2012,15.1566
04-12-2012,15.1465
03-12-2012,15.134
30-11-2012,15.1225
29-11-2012,15.094
27-11-2012,15.0953
26-11-2012,15.0824
23-11-2012,15.063
22-11-2012,15.0722
21-11-2012,15.0858
20-11-2012,15.0871
19-11-2012,15.0911
16-11-2012,15.083
15-11-2012,15.0798
12-11-2012,15.0625
09-11-2012,15.0527
08-11-2012,15.0594
07-11-2012,15.0547
06-11-2012,15.0519
05-11-2012,15.0402
02-11-2012,15.0318
01-11-2012,15.0344
31-10-2012,15.0244
30-10-2012,15.0559
29-10-2012,15.0808
25-10-2012,15.0736
23-10-2012,15.0651
22-10-2012,15.0729
19-10-2012,15.0732
18-10-2012,15.0667
17-10-2012,15.0579
16-10-2012,15.0432
15-10-2012,15.0246
12-10-2012,15.011
11-10-2012,15.0065
10-10-2012,15.005
09-10-2012,15.0063
08-10-2012,14.9976
05-10-2012,14.9818
04-10-2012,14.9878
03-10-2012,14.9749
01-10-2012,14.9628
28-09-2012,14.9485
27-09-2012,14.9125
26-09-2012,14.8972
25-09-2012,14.8939
24-09-2012,14.8917
21-09-2012,14.8701
20-09-2012,14.8626
18-09-2012,14.8497
17-09-2012,14.8344
14-09-2012,14.8212
13-09-2012,14.8114
12-09-2012,14.7988
11-09-2012,14.8016
10-09-2012,14.7943
07-09-2012,14.7723
06-09-2012,14.7854
05-09-2012,14.7727
04-09-2012,14.7572
03-09-2012,14.7499
31-08-2012,14.7325
30-08-2012,14.7413
29-08-2012,14.7405
28-08-2012,14.7389
27-08-2012,14.7305
24-08-2012,14.7164
23-08-2012,14.708
22-08-2012,14.704
21-08-2012,14.6988
17-08-2012,14.6846
16-08-2012,14.6753
14-08-2012,14.6778
13-08-2012,14.6727
10-08-2012,14.6752
09-08-2012,14.683
08-08-2012,14.6832
07-08-2012,14.677
06-08-2012,14.6478
03-08-2012,14.6394
02-08-2012,14.6388
01-08-2012,14.6248
31-07-2012,14.6203
30-07-2012,14.646
27-07-2012,14.6463
26-07-2012,14.6453
25-07-2012,14.642
24-07-2012,14.6415
23-07-2012,14.6462
20-07-2012,14.6194
19-07-2012,14.6072
18-07-2012,14.6096
17-07-2012,14.5889
16-07-2012,14.592
13-07-2012,14.56
12-07-2012,14.5549
11-07-2012,14.5412
10-07-2012,14.5343
09-07-2012,14.537
06-07-2012,14.5222
05-07-2012,14.5099
04-07-2012,14.513
03-07-2012,14.4966
29-06-2012,14.484
28-06-2012,14.4858
27-06-2012,14.484
26-06-2012,14.4859
25-06-2012,14.4891
22-06-2012,14.4757
21-06-2012,14.4715
20-06-2012,14.4444
19-06-2012,14.4409
18-06-2012,14.4411
15-06-2012,14.482
14-06-2012,14.4855
13-06-2012,14.5012
12-06-2012,14.4865
11-06-2012,14.4651
08-06-2012,14.4552
07-06-2012,14.4518
06-06-2012,14.4403
05-06-2012,14.4318
04-06-2012,14.4055
01-06-2012,14.3739
31-05-2012,14.3579
30-05-2012,14.3106
29-05-2012,14.3012
28-05-2012,14.2989
25-05-2012,14.285
24-05-2012,14.284
23-05-2012,14.2781
22-05-2012,14.2757
21-05-2012,14.2731
18-05-2012,14.2662
17-05-2012,14.2667
16-05-2012,14.2613
15-05-2012,14.2568
14-05-2012,14.2465
11-05-2012,14.2361
10-05-2012,14.2435
09-05-2012,14.2479
08-05-2012,14.2465
07-05-2012,14.2409
04-05-2012,14.2313
03-05-2012,14.2253
02-05-2012,14.2184
30-04-2012,14.2178
27-04-2012,14.2098
26-04-2012,14.204
25-04-2012,14.2045
24-04-2012,14.2106
23-04-2012,14.2233
20-04-2012,14.2252
19-04-2012,14.228
18-04-2012,14.236
17-04-2012,14.216
16-04-2012,14.1885
13-04-2012,14.1816
12-04-2012,14.1744
11-04-2012,14.1392
10-04-2012,14.1338
09-04-2012,14.1213
04-04-2012,14.0903
03-04-2012,14.0813
30-03-2012,14.0762
29-03-2012,14.0771
28-03-2012,14.0766
27-03-2012,14.0819
26-03-2012,14.0745
22-03-2012,14.0445
21-03-2012,14.0439
20-03-2012,14.0433
19-03-2012,14.0351
16-03-2012,14.0256
15-03-2012,14.0474
14-03-2012,14.0675
13-03-2012,14.0455
12-03-2012,14.0508
09-03-2012,14.056
07-03-2012,14.0687
06-03-2012,14.0817
05-03-2012,14.0796
02-03-2012,14.0706
01-03-2012,14.0703
29-02-2012,14.0846
28-02-2012,14.0815
27-02-2012,14.0785
24-02-2012,14.0669
23-02-2012,14.0743
22-02-2012,14.062
21-02-2012,14.0739
17-02-2012,14.0648
15-02-2012,14.0625
14-02-2012,14.0581
13-02-2012,14.0337
10-02-2012,14.0345
09-02-2012,14.0209
08-02-2012,14.0297
07-02-2012,14.0415
06-02-2012,14.0445
03-02-2012,14.0384
02-02-2012,14.047
01-02-2012,14.0372
31-01-2012,13.9517
30-01-2012,13.9366
27-01-2012,13.9124
25-01-2012,13.9201
24-01-2012,13.9057
23-01-2012,13.9936
20-01-2012,13.9829
19-01-2012,13.9799
18-01-2012,13.9675
17-01-2012,13.9471
16-01-2012,13.9411
13-01-2012,13.9467
12-01-2012,13.9193
11-01-2012,13.9254
10-01-2012,13.938
09-01-2012,13.9386
06-01-2012,13.8977
05-01-2012,13.8444
04-01-2012,13.8114
03-01-2012,13.8141
02-01-2012,13.7501
30-12-2011,13.6497
29-12-2011,13.6661
28-12-2011,13.6964
27-12-2011,13.6745
26-12-2011,13.7003
23-12-2011,13.7347
22-12-2011,13.7444
21-12-2011,13.7601
20-12-2011,13.7722
19-12-2011,13.7447
16-12-2011,13.6851
15-12-2011,13.6135
14-12-2011,13.6072
13-12-2011,13.6453
12-12-2011,13.6151
09-12-2011,13.5699
08-12-2011,13.5733
07-12-2011,13.5139
05-12-2011,13.5016
02-12-2011,13.4278
01-12-2011,13.408
30-11-2011,13.3725
29-11-2011,13.3028
28-11-2011,13.2926
25-11-2011,13.2893
24-11-2011,13.2966
23-11-2011,13.2738
22-11-2011,13.2562
21-11-2011,13.2611
18-11-2011,13.2499
17-11-2011,13.2654
16-11-2011,13.2127
15-11-2011,13.2045
14-11-2011,13.1671
11-11-2011,13.1633
09-11-2011,13.161
08-11-2011,13.1957
04-11-2011,13.2043
03-11-2011,13.2181
02-11-2011,13.2059
01-11-2011,13.1919
31-10-2011,13.1998
28-10-2011,13.2143
25-10-2011,13.2598
24-10-2011,13.1961
21-10-2011,13.1898
20-10-2011,13.1997
19-10-2011,13.1863
18-10-2011,13.2024
17-10-2011,13.1918
14-10-2011,13.1758
13-10-2011,13.1958
12-10-2011,13.1894
11-10-2011,13.1769
10-10-2011,13.1606
07-10-2011,13.2127
05-10-2011,13.2592
04-10-2011,13.2681
03-10-2011,13.2711
29-09-2011,13.3123
28-09-2011,13.3597
27-09-2011,13.3647
26-09-2011,13.3656
23-09-2011,13.3602
22-09-2011,13.3558
21-09-2011,13.3376
20-09-2011,13.3344
19-09-2011,13.3338
16-09-2011,13.3135
15-09-2011,13.3243
14-09-2011,13.3217
13-09-2011,13.3294
12-09-2011,13.3337
09-09-2011,13.3169
08-09-2011,13.3203
07-09-2011,13.3158
06-09-2011,13.3175
05-09-2011,13.3294
02-09-2011,13.2907
30-08-2011,13.2992
29-08-2011,13.3027
26-08-2011,13.3014
25-08-2011,13.3225
24-08-2011,13.3296
23-08-2011,13.3124
22-08-2011,13.3058
18-08-2011,13.282
17-08-2011,13.2607
16-08-2011,13.2612
12-08-2011,13.2593
11-08-2011,13.2955
10-08-2011,13.2819
09-08-2011,13.2729
08-08-2011,13.2269
05-08-2011,13.1717
04-08-2011,13.1238
03-08-2011,13.135
02-08-2011,13.1232
01-08-2011,13.1213
29-07-2011,13.1075
28-07-2011,13.1051
27-07-2011,13.0856
26-07-2011,13.1209
25-07-2011,13.1835
22-07-2011,13.1585
21-07-2011,13.1732
20-07-2011,13.167
19-07-2011,13.1797
18-07-2011,13.1742
15-07-2011,13.1578
14-07-2011,13.1473
13-07-2011,13.1138
12-07-2011,13.1214
11-07-2011,13.0862
08-07-2011,13.0469
07-07-2011,13.0466
06-07-2011,13.0335
05-07-2011,13.0291
04-07-2011,13.0139
30-06-2011,13.0112
29-06-2011,13.0034
28-06-2011,13.0035
27-06-2011,13.0066
24-06-2011,13.0015
23-06-2011,12.9918
22-06-2011,12.9921
21-06-2011,12.9931
20-06-2011,12.9908
17-06-2011,12.9654
16-06-2011,12.9622
15-06-2011,12.9372
14-06-2011,12.9445
13-06-2011,12.9693
10-06-2011,12.9677
09-06-2011,12.9509
08-06-2011,12.9491
07-06-2011,12.9423
06-06-2011,12.9449
03-06-2011,12.9245
02-06-2011,12.9146
01-06-2011,12.8993
31-05-2011,12.8868
30-05-2011,12.8764
27-05-2011,12.8681
26-05-2011,12.8675
25-05-2011,12.8674
24-05-2011,12.8686
23-05-2011,12.8687
20-05-2011,12.8592
19-05-2011,12.8613
18-05-2011,12.8612
16-05-2011,12.8582
13-05-2011,12.8524
12-05-2011,12.8643
11-05-2011,12.8515
10-05-2011,12.8494
09-05-2011,12.8456
06-05-2011,12.837
05-05-2011,12.834
04-05-2011,12.8395
03-05-2011,12.8371
02-05-2011,12.8515
29-04-2011,12.844
28-04-2011,12.8411
27-04-2011,12.8385
26-04-2011,12.8369
25-04-2011,12.8367
21-04-2011,12.8288
20-04-2011,12.8279
19-04-2011,12.8272
18-04-2011,12.8265
15-04-2011,12.8261
13-04-2011,12.8206
11-04-2011,12.8171
08-04-2011,12.8092
07-04-2011,12.8163
06-04-2011,12.8107
05-04-2011,12.7906
31-03-2011,12.7776
30-03-2011,12.7559
29-03-2011,12.7567
28-03-2011,12.7508
25-03-2011,12.7307
24-03-2011,12.7149
23-03-2011,12.7048
22-03-2011,12.7008
21-03-2011,12.7025
18-03-2011,12.7052
17-03-2011,12.7084
16-03-2011,12.7084
15-03-2011,12.7075
14-03-2011,12.7013
11-03-2011,12.7071
10-03-2011,12.7004
09-03-2011,12.6899
08-03-2011,12.6872
07-03-2011,12.6656
04-03-2011,12.6622
03-03-2011,12.6663
01-03-2011,12.6416
28-02-2011,12.6359
25-02-2011,12.6193
24-02-2011,12.6185
23-02-2011,12.6204
22-02-2011,12.6248
21-02-2011,12.6153
18-02-2011,12.59
17-02-2011,12.595
15-02-2011,12.5829
14-02-2011,12.5821
11-02-2011,12.5665
10-02-2011,12.5672
09-02-2011,12.5606
08-02-2011,12.5554
07-02-2011,12.5482
04-02-2011,12.5474
03-02-2011,12.5638
02-02-2011,12.5682
01-02-2011,12.5635
31-01-2011,12.5682
28-01-2011,12.5676
27-01-2011,12.566
25-01-2011,12.5559
24-01-2011,12.5356
21-01-2011,12.5333
20-01-2011,12.5418
19-01-2011,12.5374
18-01-2011,12.5386
17-01-2011,12.5389
14-01-2011,12.5365
13-01-2011,12.549
12-01-2011,12.5408
11-01-2011,12.529
10-01-2011,12.5325
07-01-2011,12.5473
06-01-2011,12.5616
05-01-2011,12.5857
04-01-2011,12.5826
03-01-2011,12.5936
31-12-2010,12.6018
30-12-2010,12.5954
29-12-2010,12.6006
28-12-2010,12.5989
27-12-2010,12.5952
24-12-2010,12.5798
23-12-2010,12.5683
22-12-2010,12.568
21-12-2010,12.5664
20-12-2010,12.5707
16-12-2010,12.5684
15-12-2010,12.516
14-12-2010,12.5053
13-12-2010,12.4793
10-12-2010,12.4778
09-12-2010,12.4528
08-12-2010,12.4501
07-12-2010,12.4583
06-12-2010,12.4462
03-12-2010,12.466
02-12-2010,12.4922
01-12-2010,12.4822
30-11-2010,12.4948
29-11-2010,12.5021
26-11-2010,12.5135
25-11-2010,12.501
24-11-2010,12.4943
23-11-2010,12.5029
22-11-2010,12.4944
19-11-2010,12.4826
18-11-2010,12.4828
16-11-2010,12.4702
15-11-2010,12.4756
12-11-2010,12.4655
11-11-2010,12.471
10-11-2010,12.482
09-11-2010,12.4897
08-11-2010,12.4905
04-11-2010,12.4878
03-11-2010,12.4982
02-11-2010,12.4829
01-11-2010,12.437
29-10-2010,12.4257
28-10-2010,12.4103
27-10-2010,12.4075
26-10-2010,12.3976
25-10-2010,12.4109
22-10-2010,12.4055
21-10-2010,12.4141
20-10-2010,12.3987
19-10-2010,12.4111
18-10-2010,12.3978
15-10-2010,12.4091
14-10-2010,12.4267
13-10-2010,12.4244
12-10-2010,12.4343
11-10-2010,12.4226
08-10-2010,12.4097
07-10-2010,12.4264
06-10-2010,12.4348
05-10-2010,12.4155
04-10-2010,12.4201
01-10-2010,12.4306
29-09-2010,12.4539
28-09-2010,12.4512
27-09-2010,12.4455
24-09-2010,12.4355
23-09-2010,12.4183
22-09-2010,12.3998
21-09-2010,12.3916
20-09-2010,12.378
17-09-2010,12.3643
16-09-2010,12.3708
15-09-2010,12.3743
14-09-2010,12.3776
13-09-2010,12.3709
09-09-2010,12.3762
08-09-2010,12.3714
07-09-2010,12.3704
06-09-2010,12.363
03-09-2010,12.3616
02-09-2010,12.3616
01-09-2010,12.3629
31-08-2010,12.3676
30-08-2010,12.3582
27-08-2010,12.3516
26-08-2010,12.3382
25-08-2010,12.3364
24-08-2010,12.332
23-08-2010,12.3141
20-08-2010,12.3131
18-08-2010,12.3149
17-08-2010,12.33
16-08-2010,12.3438
13-08-2010,12.336
12-08-2010,12.3242
11-08-2010,12.3244
10-08-2010,12.3071
09-08-2010,12.3119
06-08-2010,12.3035
05-08-2010,12.2892
04-08-2010,12.3022
03-08-2010,12.2991
02-08-2010,12.2915
30-07-2010,12.3048
29-07-2010,12.3044
28-07-2010,12.3059
27-07-2010,12.3116
26-07-2010,12.3193
23-07-2010,12.3123
22-07-2010,12.308
21-07-2010,12.303
20-07-2010,12.3054
19-07-2010,12.3116
16-07-2010,12.3037
15-07-2010,12.3021
14-07-2010,12.3003
13-07-2010,12.2989
12-07-2010,12.2998
09-07-2010,12.2922
08-07-2010,12.2973
07-07-2010,12.3
06-07-2010,12.2885
05-07-2010,12.2874
02-07-2010,12.2951
30-06-2010,12.2909
29-06-2010,12.2836
28-06-2010,12.269
25-06-2010,12.2637
24-06-2010,12.2622
23-06-2010,12.2607
22-06-2010,12.2592
21-06-2010,12.2577
18-06-2010,12.2437
17-06-2010,12.2392
16-06-2010,12.2312
15-06-2010,12.2093
14-06-2010,12.2008
11-06-2010,12.1966
10-06-2010,12.1952
09-06-2010,12.1937
08-06-2010,12.1917
07-06-2010,12.1903
04-06-2010,12.1843
03-06-2010,12.1582
02-06-2010,12.1568
01-06-2010,12.1482
31-05-2010,12.1437
28-05-2010,12.1399
26-05-2010,12.1379
25-05-2010,12.1369
24-05-2010,12.136
21-05-2010,12.1336
20-05-2010,12.1327
19-05-2010,12.1323
18-05-2010,12.1314
17-05-2010,12.1306
14-05-2010,12.1282
13-05-2010,12.1274
12-05-2010,12.1266
11-05-2010,12.1257
10-05-2010,12.1249
07-05-2010,12.1227
06-05-2010,12.1221
05-05-2010,12.1213
04-05-2010,12.1205
03-05-2010,12.1199
30-04-2010,12.1174
29-04-2010,12.1165
28-04-2010,12.1157
27-04-2010,12.1148
26-04-2010,12.114
23-04-2010,12.112
22-04-2010,12.1114
21-04-2010,12.1108
20-04-2010,12.1105
19-04-2010,12.1098
16-04-2010,12.1075
15-04-2010,12.1068
13-04-2010,12.1054
12-04-2010,12.1046
09-04-2010,12.1034
08-04-2010,12.103
07-04-2010,12.1025
06-04-2010,12.102
05-04-2010,12.1022
31-03-2010,12.0971
30-03-2010,12.0245
29-03-2010,11.9461
26-03-2010,11.9441
25-03-2010,11.9434
23-03-2010,11.9421
22-03-2010,11.9413
19-03-2010,11.9397
18-03-2010,11.9392
17-03-2010,11.9385
15-03-2010,11.9378
12-03-2010,11.9359
11-03-2010,11.9352
10-03-2010,11.9346
09-03-2010,11.9339
08-03-2010,11.9334
05-03-2010,11.9315
04-03-2010,11.9308
03-03-2010,11.9302
02-03-2010,11.9296
26-02-2010,11.9277
25-02-2010,11.9272
24-02-2010,11.9265
23-02-2010,11.9259
22-02-2010,11.9252
19-02-2010,11.9232
18-02-2010,11.9225
17-02-2010,11.9218
16-02-2010,11.9211
15-02-2010,11.9204
11-02-2010,11.9187
10-02-2010,11.9183
09-02-2010,11.9176
08-02-2010,11.917
05-02-2010,11.9151
04-02-2010,11.9144
03-02-2010,11.9138
02-02-2010,11.9132
01-02-2010,11.9129
29-01-2010,11.9116
28-01-2010,11.9111
27-01-2010,11.9104
25-01-2010,11.909
22-01-2010,11.9069
21-01-2010,11.9062
20-01-2010,11.9054
19-01-2010,11.9047
18-01-2010,11.904
15-01-2010,11.9025
14-01-2010,11.902
13-01-2010,11.9013
12-01-2010,11.9007
11-01-2010,11.9
08-01-2010,11.8979
07-01-2010,11.8972
06-01-2010,11.8965
05-01-2010,11.8959
04-01-2010,11.8953
01-01-2010,11.8936
31-12-2009,11.8931
30-12-2009,11.8923
29-12-2009,11.8916
24-12-2009,11.8882
23-12-2009,11.8874
22-12-2009,11.8866
21-12-2009,11.8859
18-12-2009,11.8838
17-12-2009,11.8831
16-12-2009,11.8824
15-12-2009,11.8817
14-12-2009,11.8809
11-12-2009,11.8788
10-12-2009,11.878
09-12-2009,11.8773
08-12-2009,11.8766
07-12-2009,11.8759
04-12-2009,11.8746
03-12-2009,11.8741
02-12-2009,11.8735
01-12-2009,11.8729
30-11-2009,11.8723
27-11-2009,11.8705
26-11-2009,11.8698
25-11-2009,11.869
24-11-2009,11.8683
23-11-2009,11.8675
20-11-2009,11.8658
19-11-2009,11.8652
18-11-2009,11.8645
17-11-2009,11.8637
16-11-2009,11.863
13-11-2009,11.8607
12-11-2009,11.8608
11-11-2009,11.8609
10-11-2009,11.861
09-11-2009,11.8612
06-11-2009,11.8621
05-11-2009,11.8625
04-11-2009,11.8627
03-11-2009,11.8629
30-10-2009,11.8635
29-10-2009,11.8637
28-10-2009,11.8638
27-10-2009,11.8639
26-10-2009,11.8641
23-10-2009,11.8649
22-10-2009,11.8652
21-10-2009,11.8657
20-10-2009,11.8658
16-10-2009,11.8671
15-10-2009,11.8674
14-10-2009,11.8675
12-10-2009,11.8676
09-10-2009,11.8685
08-10-2009,11.869
07-10-2009,11.8697
06-10-2009,11.8698
05-10-2009,11.8701
01-10-2009,11.8728
29-09-2009,11.8738
25-09-2009,11.8745
24-09-2009,11.8746
23-09-2009,11.8749
22-09-2009,11.875
18-09-2009,11.8756
17-09-2009,11.8757
16-09-2009,11.8758
15-09-2009,11.8759
14-09-2009,11.876
11-09-2009,11.8772
10-09-2009,11.8778
09-09-2009,11.8779
08-09-2009,11.878
07-09-2009,11.8781
04-09-2009,11.8787
03-09-2009,11.8789
02-09-2009,11.8791
01-09-2009,11.8793
31-08-2009,11.8794
28-08-2009,11.8807
27-08-2009,11.8812
26-08-2009,11.8819
25-08-2009,11.8826
24-08-2009,11.8827
21-08-2009,11.883
20-08-2009,11.883
18-08-2009,11.8832
17-08-2009,11.8833
14-08-2009,11.8844
13-08-2009,11.8849
12-08-2009,11.8851
11-08-2009,11.8852
10-08-2009,11.8853
07-08-2009,11.886
06-08-2009,11.8863
05-08-2009,11.8867
04-08-2009,11.8872
03-08-2009,11.8872
31-07-2009,11.8878
30-07-2009,11.888
29-07-2009,11.8881
28-07-2009,11.8882
27-07-2009,11.8882
24-07-2009,11.8884
23-07-2009,11.8885
22-07-2009,11.8885
21-07-2009,11.8886
20-07-2009,11.8887
17-07-2009,11.8893
16-07-2009,11.8896
15-07-2009,11.8897
14-07-2009,11.8897
13-07-2009,11.8898
10-07-2009,11.89
09-07-2009,11.8901
08-07-2009,11.8902
07-07-2009,11.8903
06-07-2009,11.8904
03-07-2009,11.8916
02-07-2009,11.8921
30-06-2009,11.8487
29-06-2009,11.8485
26-06-2009,11.8479
25-06-2009,11.8063
24-06-2009,11.8059
23-06-2009,11.8053
22-06-2009,11.8048
19-06-2009,11.8038
18-06-2009,11.8035
17-06-2009,11.8032
16-06-2009,11.8029
15-06-2009,11.8024
12-06-2009,11.8009
11-06-2009,11.8005
10-06-2009,11.7999
09-06-2009,11.7994
08-06-2009,11.7989
05-06-2009,11.7979
04-06-2009,11.7976
03-06-2009,11.7972
02-06-2009,11.7967
01-06-2009,11.7961
29-05-2009,11.7946
28-05-2009,11.7941
27-05-2009,11.7936
26-05-2009,11.7931
25-05-2009,11.7927
22-05-2009,11.7919
21-05-2009,11.7917
20-05-2009,11.7917
19-05-2009,11.7925
18-05-2009,11.7932
15-05-2009,11.7953
14-05-2009,11.796
13-05-2009,11.7967
12-05-2009,11.7974
11-05-2009,11.7981
08-05-2009,11.8013
07-05-2009,11.8025
06-05-2009,11.8035
05-05-2009,11.8046
04-05-2009,11.8054
29-04-2009,11.8086
28-04-2009,11.8093
27-04-2009,11.81
24-04-2009,11.8129
23-04-2009,11.814
22-04-2009,11.8146
21-04-2009,11.8153
20-04-2009,11.816
17-04-2009,11.8181
16-04-2009,11.8188
15-04-2009,11.8195
13-04-2009,11.8214
09-04-2009,11.8267
08-04-2009,11.8281
06-04-2009,11.8307
02-04-2009,11.8343
31-03-2009,11.835
30-03-2009,11.8351
26-03-2009,11.8372
25-03-2009,11.8377
24-03-2009,11.8381
23-03-2009,11.8385
20-03-2009,11.8394
19-03-2009,11.8396
18-03-2009,11.8399
17-03-2009,11.84
16-03-2009,11.8402
13-03-2009,11.8417
12-03-2009,11.8424
09-03-2009,11.8436
06-03-2009,11.8449
05-03-2009,11.8453
04-03-2009,11.8457
03-03-2009,11.846
02-03-2009,11.8463
27-02-2009,11.8476
26-02-2009,11.8481
25-02-2009,11.8484
24-02-2009,11.8487
19-02-2009,11.8499
18-02-2009,11.8501
17-02-2009,11.8503
16-02-2009,11.8505
13-02-2009,11.8511
12-02-2009,11.8514
11-02-2009,11.8516
10-02-2009,11.8518
09-02-2009,11.8521
06-02-2009,11.853
05-02-2009,11.8533
04-02-2009,11.8536
03-02-2009,11.8539
02-02-2009,11.8542
30-01-2009,11.8555
29-01-2009,11.8561
28-01-2009,11.8564
27-01-2009,11.8567
23-01-2009,11.8576
22-01-2009,11.8578
21-01-2009,11.8581
20-01-2009,11.8583
19-01-2009,11.8585
16-01-2009,11.8596
15-01-2009,11.8601
14-01-2009,11.8603
13-01-2009,11.8605
12-01-2009,11.8607
09-01-2009,11.8614
07-01-2009,11.8619
06-01-2009,11.8622
05-01-2009,11.8624
02-01-2009,11.8639
01-01-2009,11.8645
31-12-2008,11.8646
30-12-2008,11.8646
29-12-2008,11.8645
26-12-2008,11.8644
24-12-2008,11.8642
23-12-2008,11.8641
22-12-2008,11.8639
19-12-2008,11.8633
18-12-2008,11.8631
17-12-2008,11.8629
16-12-2008,11.8628
15-12-2008,11.8626
12-12-2008,11.8623
11-12-2008,11.8622
10-12-2008,11.8622
08-12-2008,11.8624
05-12-2008,11.8633
04-12-2008,11.8636
03-12-2008,11.8634
02-12-2008,11.8633
01-12-2008,11.8631
28-11-2008,11.8624
26-11-2008,11.8618
25-11-2008,11.8615
24-11-2008,11.8611
21-11-2008,11.8608
20-11-2008,11.8608
19-11-2008,11.8605
18-11-2008,11.8602
17-11-2008,11.8598
14-11-2008,11.858
12-11-2008,11.8567
11-11-2008,11.8561
10-11-2008,11.8554
07-11-2008,11.8548
06-11-2008,11.8548
05-11-2008,11.8545
04-11-2008,11.8544
03-11-2008,11.8536
31-10-2008,11.8513
29-10-2008,11.8494
27-10-2008,11.8475
24-10-2008,11.8475
23-10-2008,11.848
22-10-2008,11.8479
20-10-2008,11.8494
17-10-2008,11.8505
16-10-2008,11.8504
15-10-2008,11.85
14-10-2008,11.8487
13-10-2008,11.8474
10-10-2008,11.8432
08-10-2008,11.8402
07-10-2008,11.8388
06-10-2008,11.8375
03-10-2008,11.8335
01-10-2008,11.8303
29-09-2008,11.8256
26-09-2008,11.8202
25-09-2008,11.8189
24-09-2008,11.8177
23-09-2008,11.8164
22-09-2008,11.815
19-09-2008,11.8104
18-09-2008,11.8088
17-09-2008,11.8075
16-09-2008,11.8062
15-09-2008,11.8046
12-09-2008,11.802
11-09-2008,11.8014
10-09-2008,11.8001
09-09-2008,11.7988
08-09-2008,11.7976
05-09-2008,11.794
04-09-2008,11.7927
02-09-2008,11.7901
01-09-2008,11.7888
29-08-2008,11.7866
28-08-2008,11.7862
27-08-2008,11.7852
26-08-2008,11.784
25-08-2008,11.7827
22-08-2008,11.7788
21-08-2008,11.7775
20-08-2008,11.7761
18-08-2008,11.7735
14-08-2008,11.7682
13-08-2008,11.7669
12-08-2008,11.7656
11-08-2008,11.7643
08-08-2008,11.7604
07-08-2008,11.7591
06-08-2008,11.7578
05-08-2008,11.7565
04-08-2008,11.7553
01-08-2008,11.7532
31-07-2008,11.7528
30-07-2008,11.752
29-07-2008,11.7507
28-07-2008,11.7496
25-07-2008,11.7462
24-07-2008,11.745
23-07-2008,11.7438
22-07-2008,11.7426
21-07-2008,11.7415
18-07-2008,11.738
17-07-2008,11.7369
16-07-2008,11.7357
15-07-2008,11.7346
14-07-2008,11.7335
11-07-2008,11.7301
10-07-2008,11.7289
09-07-2008,11.7278
08-07-2008,11.7267
07-07-2008,11.7256
04-07-2008,11.7246
03-07-2008,11.7246
02-07-2008,11.7242
30-06-2008,11.7224
27-06-2008,11.7181
26-06-2008,11.7166
25-06-2008,11.7153
24-06-2008,11.7141
23-06-2008,11.713
20-06-2008,11.71
19-06-2008,11.709
18-06-2008,11.708
17-06-2008,11.7069
16-06-2008,11.7058
13-06-2008,11.7026
12-06-2008,11.7015
11-06-2008,11.7004
10-06-2008,11.6993
09-06-2008,11.6982
06-06-2008,11.6963
05-06-2008,11.6958
04-06-2008,11.6953
03-06-2008,11.6948
02-06-2008,11.6944
30-05-2008,11.6913
29-05-2008,11.6902
28-05-2008,11.6892
27-05-2008,11.6883
26-05-2008,11.6875
23-05-2008,11.6858
22-05-2008,11.685
21-05-2008,11.6846
20-05-2008,11.6841
16-05-2008,11.6806
15-05-2008,11.6796
14-05-2008,11.6791
13-05-2008,11.6785
12-05-2008,11.6779
09-05-2008,11.6764
08-05-2008,11.676
07-05-2008,11.6757
06-05-2008,11.6754
05-05-2008,11.6751
02-05-2008,11.6736
30-04-2008,11.6726
29-04-2008,11.672
28-04-2008,11.6714
25-04-2008,11.6702
24-04-2008,11.6699
23-04-2008,11.6694
22-04-2008,11.6689
21-04-2008,11.6685
17-04-2008,11.6663
16-04-2008,11.6657
15-04-2008,11.6652
11-04-2008,11.6639
10-04-2008,11.6636
09-04-2008,11.6634
08-04-2008,11.664
07-04-2008,11.6645
04-04-2008,11.664
03-04-2008,11.6637
02-04-2008,11.6632
31-03-2008,11.6615
28-03-2008,11.6591
27-03-2008,11.6584
26-03-2008,11.6575
25-03-2008,11.6565
24-03-2008,11.6556
19-03-2008,11.6501
18-03-2008,11.649
17-03-2008,11.6473
14-03-2008,11.6445
13-03-2008,11.6437
12-03-2008,11.643
11-03-2008,11.6423
10-03-2008,11.6416
07-03-2008,11.6393
05-03-2008,11.6377
04-03-2008,11.6369
03-03-2008,11.636
29-02-2008,11.6333
28-02-2008,11.6325
27-02-2008,11.6313
26-02-2008,11.63
25-02-2008,11.6288
22-02-2008,11.625
21-02-2008,11.6238
20-02-2008,11.6225
19-02-2008,11.6209
18-02-2008,11.6198
15-02-2008,11.6172
14-02-2008,11.6164
13-02-2008,11.6157
12-02-2008,11.6151
11-02-2008,11.6145
08-02-2008,11.6128
07-02-2008,11.6123
06-02-2008,11.6116
05-02-2008,11.6111
04-02-2008,11.6104
01-02-2008,11.6113
31-01-2008,11.6121
30-01-2008,11.611
29-01-2008,11.6103
28-01-2008,11.6096
25-01-2008,11.6104
24-01-2008,11.6112
23-01-2008,11.6114
22-01-2008,11.6106
21-01-2008,11.61
18-01-2008,11.6088
17-01-2008,11.6082
16-01-2008,11.6077
15-01-2008,11.6071
14-01-2008,11.6065
11-01-2008,11.6048
10-01-2008,11.6042
09-01-2008,11.6039
08-01-2008,11.6033
07-01-2008,11.6027
04-01-2008,11.6034
03-01-2008,11.6041
02-01-2008,11.604
01-01-2008,11.6043
31-12-2007,11.6036
28-12-2007,11.6011
27-12-2007,11.6002
26-12-2007,11.5993
24-12-2007,11.5974
20-12-2007,11.5972
19-12-2007,11.5975
18-12-2007,11.5966
17-12-2007,11.5958
14-12-2007,11.5932
13-12-2007,11.5923
12-12-2007,11.5912
11-12-2007,11.5901
10-12-2007,11.589
07-12-2007,11.5886
06-12-2007,11.5889
05-12-2007,11.5882
04-12-2007,11.5874
03-12-2007,11.5863
30-11-2007,11.583
29-11-2007,11.5819
28-11-2007,11.5807
27-11-2007,11.5796
26-11-2007,11.5773
23-11-2007,11.5758
22-11-2007,11.5757
21-11-2007,11.5759
20-11-2007,11.5744
19-11-2007,11.5729
16-11-2007,11.5683
15-11-2007,11.5668
14-11-2007,11.5653
13-11-2007,11.5638
12-11-2007,11.5627
08-11-2007,11.5569
07-11-2007,11.5555
06-11-2007,11.5545
05-11-2007,11.5535
02-11-2007,11.5506
01-11-2007,11.5496
31-10-2007,11.5487
30-10-2007,11.5476
29-10-2007,11.5466
26-10-2007,11.5426
25-10-2007,11.5416
24-10-2007,11.5406
23-10-2007,11.5397
22-10-2007,11.5389
19-10-2007,11.5364
18-10-2007,11.5356
17-10-2007,11.5349
16-10-2007,11.534
15-10-2007,11.533
12-10-2007,11.5331
11-10-2007,11.5337
10-10-2007,11.5337
09-10-2007,11.5329
08-10-2007,11.5322
05-10-2007,11.5299
04-10-2007,11.5291
03-10-2007,11.5284
01-10-2007,11.5269
28-09-2007,11.5251
27-09-2007,11.5246
26-09-2007,11.5236
25-09-2007,11.5226
24-09-2007,11.5217
21-09-2007,11.5183
20-09-2007,11.5171
19-09-2007,11.5161
18-09-2007,11.5151
17-09-2007,11.5142
14-09-2007,11.5135
13-09-2007,11.5137
12-09-2007,11.5128
11-09-2007,11.5118
10-09-2007,11.5109
07-09-2007,11.5081
06-09-2007,11.5072
05-09-2007,11.5063
04-09-2007,11.5054
03-09-2007,11.5045
31-08-2007,11.5017
30-08-2007,11.5007
29-08-2007,11.4998
28-08-2007,11.4989
27-08-2007,11.498
24-08-2007,11.4951
23-08-2007,11.4941
22-08-2007,11.4931
21-08-2007,11.4922
17-08-2007,11.4888
16-08-2007,11.488
14-08-2007,11.4862
13-08-2007,11.4853
10-08-2007,11.4825
09-08-2007,11.4815
08-08-2007,11.4806
07-08-2007,11.4796
06-08-2007,11.4788
03-08-2007,11.4797
02-08-2007,11.4804
01-08-2007,11.4812
31-07-2007,11.4819
30-07-2007,11.4827
27-07-2007,11.4834
26-07-2007,11.4833
25-07-2007,11.4833
24-07-2007,11.4833
23-07-2007,11.4832
20-07-2007,11.4832
19-07-2007,11.4832
18-07-2007,11.4832
17-07-2007,11.4831
16-07-2007,11.4831
13-07-2007,11.483
12-07-2007,11.483
11-07-2007,11.483
10-07-2007,11.483
09-07-2007,11.483
06-07-2007,11.4828
05-07-2007,11.4828
04-07-2007,11.4827
03-07-2007,11.4826
29-06-2007,11.4792
28-06-2007,11.4779
27-06-2007,11.4763
26-06-2007,11.4749
25-06-2007,11.4743
22-06-2007,11.474
21-06-2007,11.474
20-06-2007,11.4739
19-06-2007,11.4738
18-06-2007,11.4738
15-06-2007,11.4735
14-06-2007,11.4734
13-06-2007,11.4734
12-06-2007,11.4733
11-06-2007,11.4732
08-06-2007,11.4728
07-06-2007,11.4727
06-06-2007,11.4726
05-06-2007,11.4726
04-06-2007,11.4725
01-06-2007,11.4723
31-05-2007,11.4722
30-05-2007,11.4721
29-05-2007,11.4721
28-05-2007,11.4715
25-05-2007,11.4679
24-05-2007,11.4667
23-05-2007,11.4652
22-05-2007,11.4637
21-05-2007,11.4622
18-05-2007,11.4575
17-05-2007,11.456
16-05-2007,11.4544
15-05-2007,11.4528
14-05-2007,11.4513
11-05-2007,11.4494
10-05-2007,11.4492
09-05-2007,11.4491
08-05-2007,11.4485
07-05-2007,11.4476
04-05-2007,11.4436
03-05-2007,11.4422
30-04-2007,11.4376
27-04-2007,11.4336
26-04-2007,11.4325
25-04-2007,11.431
24-04-2007,11.43
23-04-2007,11.4285
20-04-2007,11.4239
19-04-2007,11.4224
18-04-2007,11.4208
17-04-2007,11.4193
16-04-2007,11.4178
13-04-2007,11.4145
12-04-2007,11.4137
11-04-2007,11.4133
10-04-2007,11.4125
09-04-2007,11.4114
05-04-2007,11.4062
04-04-2007,11.4048
03-04-2007,11.4035
30-03-2007,11.3927
29-03-2007,11.3905
28-03-2007,11.3876
26-03-2007,11.3822
23-03-2007,11.3742
22-03-2007,11.3715
21-03-2007,11.3688
20-03-2007,11.3661
16-03-2007,11.3553
15-03-2007,11.3527
14-03-2007,11.3501
13-03-2007,11.3475
12-03-2007,11.3449
09-03-2007,11.3372
08-03-2007,11.3346
07-03-2007,11.3321
06-03-2007,11.3295
05-03-2007,11.3269
02-03-2007,11.3192
01-03-2007,11.3166
28-02-2007,11.314
27-02-2007,11.3114
26-02-2007,11.3088
23-02-2007,11.3008
22-02-2007,11.2983
21-02-2007,11.2957
20-02-2007,11.2931
19-02-2007,11.2905
15-02-2007,11.28
14-02-2007,11.2774
13-02-2007,11.2748
12-02-2007,11.2722
09-02-2007,11.2645
08-02-2007,11.2619
07-02-2007,11.2593
06-02-2007,11.2567
05-02-2007,11.2541
02-02-2007,11.2457
31-01-2007,11.2398
29-01-2007,11.2327
25-01-2007,11.2231
24-01-2007,11.2191
23-01-2007,11.2167
22-01-2007,11.2143
19-01-2007,11.2071
18-01-2007,11.2047
17-01-2007,11.2023
16-01-2007,11.1999
15-01-2007,11.1975
12-01-2007,11.1904
11-01-2007,11.188
10-01-2007,11.1856
09-01-2007,11.1833
08-01-2007,11.1809
05-01-2007,11.1733
04-01-2007,11.1707
03-01-2007,11.1684
02-01-2007,11.1661
29-12-2006,11.1552
28-12-2006,11.1529
27-12-2006,11.1505
26-12-2006,11.1481
22-12-2006,11.1387
21-12-2006,11.1364
20-12-2006,11.1341
19-12-2006,11.1318
18-12-2006,11.1295
15-12-2006,11.1226
14-12-2006,11.1203
13-12-2006,11.1181
12-12-2006,11.1157
11-12-2006,11.1134
08-12-2006,11.1071
07-12-2006,11.105
06-12-2006,11.1032
05-12-2006,11.1013
04-12-2006,11.0992
01-12-2006,11.0927
30-11-2006,11.0905
29-11-2006,11.0883
28-11-2006,11.0862
27-11-2006,11.084
24-11-2006,11.0775
23-11-2006,11.0753
22-11-2006,11.0732
21-11-2006,11.071
20-11-2006,11.0689
17-11-2006,11.062
16-11-2006,11.0597
15-11-2006,11.0574
14-11-2006,11.0551
13-11-2006,11.0528
10-11-2006,11.0463
09-11-2006,11.0441
08-11-2006,11.0419
07-11-2006,11.0397
06-11-2006,11.0376
03-11-2006,11.031
02-11-2006,11.0289
01-11-2006,11.0267
31-10-2006,11.0246
30-10-2006,11.0224
27-10-2006,11.016
26-10-2006,11.0139
23-10-2006,11.0073
20-10-2006,11.0006
19-10-2006,10.9984
18-10-2006,10.9962
17-10-2006,10.994
16-10-2006,10.9919
13-10-2006,10.9856
12-10-2006,10.9835
11-10-2006,10.9814
10-10-2006,10.9794
09-10-2006,10.9773
06-10-2006,10.9712
05-10-2006,10.9691
04-10-2006,10.967
03-10-2006,10.9649
29-09-2006,10.955
28-09-2006,10.9527
27-09-2006,10.9506
26-09-2006,10.9485
25-09-2006,10.9464
22-09-2006,10.9399
21-09-2006,10.9378
20-09-2006,10.9357
19-09-2006,10.9335
18-09-2006,10.9314
15-09-2006,10.9251
14-09-2006,10.923
13-09-2006,10.921
12-09-2006,10.9189
11-09-2006,10.9168
08-09-2006,10.9106
07-09-2006,10.9085
06-09-2006,10.9064
05-09-2006,10.9043
04-09-2006,10.9022
01-09-2006,10.8961
31-08-2006,10.894
30-08-2006,10.892
29-08-2006,10.8899
28-08-2006,10.8878
25-08-2006,10.8816
24-08-2006,10.8796
23-08-2006,10.8776
22-08-2006,10.8755
21-08-2006,10.8734
18-08-2006,10.8672
17-08-2006,10.8651
16-08-2006,10.8631
14-08-2006,10.8571
11-08-2006,10.8514
10-08-2006,10.8495
09-08-2006,10.8446
08-08-2006,10.8427
07-08-2006,10.8407
04-08-2006,10.8348
03-08-2006,10.8328
02-08-2006,10.8178
01-08-2006,10.8157
31-07-2006,10.8137
28-07-2006,10.8076
27-07-2006,10.8055
26-07-2006,10.8035
25-07-2006,10.8015
24-07-2006,10.7994
21-07-2006,10.7934
20-07-2006,10.7914
19-07-2006,10.7894
18-07-2006,10.7874
17-07-2006,10.7853
14-07-2006,10.7793
13-07-2006,10.7773
12-07-2006,10.7753
11-07-2006,10.7733
10-07-2006,10.7713
07-07-2006,10.7654
06-07-2006,10.7634
05-07-2006,10.7614
04-07-2006,10.7601
03-07-2006,10.7586
30-06-2006,10.7531
29-06-2006,10.7515
28-06-2006,10.7499
27-06-2006,10.7483
26-06-2006,10.7467
23-06-2006,10.7419
22-06-2006,10.7403
21-06-2006,10.7387
20-06-2006,10.7371
19-06-2006,10.7356
16-06-2006,10.7308
15-06-2006,10.7293
14-06-2006,10.7271
13-06-2006,10.7255
12-06-2006,10.7239
09-06-2006,10.7192
08-06-2006,10.7176
07-06-2006,10.7162
06-06-2006,10.7147
05-06-2006,10.7133
02-06-2006,10.709
01-06-2006,10.7076
31-05-2006,10.7062
30-05-2006,10.7048
29-05-2006,10.7034
26-05-2006,10.6992
25-05-2006,10.6978
24-05-2006,10.6964
23-05-2006,10.695
22-05-2006,10.6935
19-05-2006,10.6893
18-05-2006,10.6879
17-05-2006,10.6864
16-05-2006,10.6849
15-05-2006,10.6807
12-05-2006,10.6764
11-05-2006,10.6749
10-05-2006,10.6734
09-05-2006,10.672
08-05-2006,10.6706
05-05-2006,10.666
04-05-2006,10.6645
03-05-2006,10.6631
02-05-2006,10.6617
28-04-2006,10.6558
27-04-2006,10.6543
26-04-2006,10.6528
25-04-2006,10.6478
24-04-2006,10.6463
21-04-2006,10.6418
20-04-2006,10.6403
19-04-2006,10.6389
18-04-2006,10.6374
17-04-2006,10.6359
13-04-2006,10.6302
12-04-2006,10.6288
10-04-2006,10.6259
07-04-2006,10.6214
06-04-2006,10.6199
05-04-2006,10.6184
04-04-2006,10.6263
03-04-2006,10.6248
31-03-2006,10.6196
30-03-2006,10.6181
29-03-2006,10.6167
28-03-2006,10.6152
27-03-2006,10.6137
26-03-2006,10.6122
25-03-2006,10.6107
24-03-2006,10.6093
23-03-2006,10.6078
22-03-2006,10.6063
21-03-2006,10.6048
20-03-2006,10.6033
19-03-2006,10.6018
18-03-2006,10.6004
17-03-2006,10.5989
16-03-2006,10.5974
15-03-2006,10.5959
14-03-2006,10.5945
13-03-2006,10.593
12-03-2006,10.5915
11-03-2006,10.59
10-03-2006,10.5886
09-03-2006,10.5871
08-03-2006,10.5793
07-03-2006,10.5779
06-03-2006,10.5764
03-03-2006,10.5719
02-03-2006,10.5704
01-03-2006,10.5689
28-02-2006,10.5674
27-02-2006,10.5659
26-02-2006,10.5645
25-02-2006,10.563
24-02-2006,10.5615
23-02-2006,10.5602
22-02-2006,10.5587
21-02-2006,10.5573
20-02-2006,10.5558
19-02-2006,10.5543
18-02-2006,10.5528
17-02-2006,10.5514
16-02-2006,10.5499
15-02-2006,10.5484
14-02-2006,10.547
13-02-2006,10.5456
12-02-2006,10.544
11-02-2006,10.5424
10-02-2006,10.5409
08-02-2006,10.5377
07-02-2006,10.5358
06-02-2006,10.5343
05-02-2006,10.5328
04-02-2006,10.5313
03-02-2006,10.5298
02-02-2006,10.5283
01-02-2006,10.5268
31-01-2006,10.5252
30-01-2006,10.5237
29-01-2006,10.5222
28-01-2006,10.5207
27-01-2006,10.5192
26-01-2006,10.5183
25-01-2006,10.5168
24-01-2006,10.5153
23-01-2006,10.5142
22-01-2006,10.5127
21-01-2006,10.5112
20-01-2006,10.5097
19-01-2006,10.5082
18-01-2006,10.5067
17-01-2006,10.5052
16-01-2006,10.5036
15-01-2006,10.5056
14-01-2006,10.5039
13-01-2006,10.5021
12-01-2006,10.5004
11-01-2006,10.5124
10-01-2006,10.511
09-01-2006,10.5095
08-01-2006,10.508
07-01-2006,10.5066
06-01-2006,10.5051
05-01-2006,10.5038
04-01-2006,10.5024
03-01-2006,10.501
02-01-2006,10.4996
01-01-2006,10.4977
31-12-2005,10.4963
30-12-2005,10.4948
29-12-2005,10.4934
28-12-2005,10.4919
27-12-2005,10.4905
26-12-2005,10.4891
25-12-2005,10.4876
24-12-2005,10.4862
23-12-2005,10.4848
22-12-2005,10.4834
21-12-2005,10.482
20-12-2005,10.4806
19-12-2005,10.4791
18-12-2005,10.4777
17-12-2005,10.4763
16-12-2005,10.4748
15-12-2005,10.4734
14-12-2005,10.472
13-12-2005,10.4704
12-12-2005,10.4688
11-12-2005,10.4674
10-12-2005,10.466
09-12-2005,10.4646
08-12-2005,10.4632
07-12-2005,10.4618
06-12-2005,10.4605
05-12-2005,10.4591
04-12-2005,10.4577
03-12-2005,10.4564
02-12-2005,10.455
01-12-2005,10.4536
30-11-2005,10.4523
29-11-2005,10.4509
28-11-2005,10.4495
27-11-2005,10.4482
26-11-2005,10.4466
25-11-2005,10.4449
24-11-2005,10.4433
23-11-2005,10.4419
22-11-2005,10.4405
21-11-2005,10.439
20-11-2005,10.4376
19-11-2005,10.4362
18-11-2005,10.4347
17-11-2005,10.4333
16-11-2005,10.4319
15-11-2005,10.4304
14-11-2005,10.429
13-11-2005,10.4276
12-11-2005,10.4261
11-11-2005,10.4247
10-11-2005,10.4232
09-11-2005,10.4218
08-11-2005,10.4203
07-11-2005,10.4189
04-11-2005,10.4146
03-11-2005,10.4132
02-11-2005,10.4117
31-10-2005,10.409
30-10-2005,10.4078
29-10-2005,10.4065
28-10-2005,10.4053
27-10-2005,10.4041
26-10-2005,10.4029
25-10-2005,10.4019
24-10-2005,10.4007
23-10-2005,10.3995
22-10-2005,10.3983
21-10-2005,10.3972
20-10-2005,10.396
19-10-2005,10.3949
18-10-2005,10.3937
17-10-2005,10.3926
16-10-2005,10.3914
15-10-2005,10.3902
14-10-2005,10.3891
13-10-2005,10.3879
12-10-2005,10.3868
11-10-2005,10.3857
10-10-2005,10.3846
09-10-2005,10.3835
08-10-2005,10.3823
07-10-2005,10.3812
06-10-2005,10.38
05-10-2005,10.3789
04-10-2005,10.3778
03-10-2005,10.3766
02-10-2005,10.3754
01-10-2005,10.3742
29-09-2005,10.3718
28-09-2005,10.3707
27-09-2005,10.3695
26-09-2005,10.3683
25-09-2005,10.3672
24-09-2005,10.366
23-09-2005,10.3648
22-09-2005,10.3635
21-09-2005,10.3624
20-09-2005,10.3612
19-09-2005,10.3601
18-09-2005,10.3589
17-09-2005,10.3578
16-09-2005,10.3567
15-09-2005,10.3555
14-09-2005,10.3544
13-09-2005,10.3533
12-09-2005,10.3522
11-09-2005,10.3512
10-09-2005,10.3501
09-09-2005,10.349
08-09-2005,10.3479
07-09-2005,10.3468
06-09-2005,10.3457
05-09-2005,10.3447
04-09-2005,10.3436
03-09-2005,10.3425
02-09-2005,10.3414
01-09-2005,10.3403
31-08-2005,10.3391
30-08-2005,10.3381
29-08-2005,10.3369
28-08-2005,10.3358
27-08-2005,10.3347
26-08-2005,10.3336
25-08-2005,10.3325
24-08-2005,10.3313
23-08-2005,10.3302
22-08-2005,10.3292
21-08-2005,10.3281
20-08-2005,10.327
19-08-2005,10.3258
18-08-2005,10.3247
17-08-2005,10.3236
16-08-2005,10.3226
15-08-2005,10.3216
14-08-2005,10.3206
13-08-2005,10.3196
12-08-2005,10.3185
11-08-2005,10.3175
10-08-2005,10.3167
09-08-2005,10.3159
08-08-2005,10.3152
07-08-2005,10.3145
06-08-2005,10.3147
05-08-2005,10.3149
04-08-2005,10.3151
03-08-2005,10.3141
02-08-2005,10.313
01-08-2005,10.3121
31-07-2005,10.311
30-07-2005,10.31
29-07-2005,10.309
26-07-2005,10.3056
25-07-2005,10.3044
24-07-2005,10.3032
23-07-2005,10.3021
22-07-2005,10.301
21-07-2005,10.3
20-07-2005,10.2988
19-07-2005,10.297
18-07-2005,10.2957
17-07-2005,10.2945
16-07-2005,10.2933
15-07-2005,10.2921
14-07-2005,10.2908
13-07-2005,10.2898
12-07-2005,10.2886
11-07-2005,10.2885
10-07-2005,10.2873
09-07-2005,10.2862
08-07-2005,10.285
07-07-2005,10.2838
06-07-2005,10.2826
05-07-2005,10.2815
04-07-2005,10.2803
03-07-2005,10.2791
02-07-2005,10.2779
01-07-2005,10.2767
30-06-2005,10.2755
29-06-2005,10.2743
28-06-2005,10.2731
27-06-2005,10.2718
26-06-2005,10.2706
25-06-2005,10.2695
24-06-2005,10.2684
23-06-2005,10.2673
22-06-2005,10.2659
21-06-2005,10.2646
20-06-2005,10.2632
19-06-2005,10.2626
18-06-2005,10.2614
17-06-2005,10.2597
16-06-2005,10.2595
15-06-2005,10.2584
14-06-2005,10.2572
13-06-2005,10.2561
12-06-2005,10.255
11-06-2005,10.2538
10-06-2005,10.2527
09-06-2005,10.2516
08-06-2005,10.2504
07-06-2005,10.2493
06-06-2005,10.2483
05-06-2005,10.2472
04-06-2005,10.2461
03-06-2005,10.245
02-06-2005,10.2439
01-06-2005,10.2427
31-05-2005,10.2416
30-05-2005,10.2405
29-05-2005,10.2394
27-05-2005,10.2375
26-05-2005,10.2364
25-05-2005,10.2353
24-05-2005,10.234
23-05-2005,10.2329
22-05-2005,10.2317
20-05-2005,10.2293
19-05-2005,10.228
18-05-2005,10.2269
17-05-2005,10.2258
16-05-2005,10.2242
15-05-2005,10.223
13-05-2005,10.2208
12-05-2005,10.2203
11-05-2005,10.2192
10-05-2005,10.2181
09-05-2005,10.217
08-05-2005,10.2159
06-05-2005,10.2137
05-05-2005,10.2126
04-05-2005,10.2121
03-05-2005,10.211
02-05-2005,10.2099
01-05-2005,10.2088
30-04-2005,10.2077
29-04-2005,10.2066
28-04-2005,10.2056
27-04-2005,10.2045
26-04-2005,10.2035
25-04-2005,10.2024
24-04-2005,10.2013
23-04-2005,10.2003
22-04-2005,10.1992
21-04-2005,10.1982
20-04-2005,10.1971
19-04-2005,10.196
18-04-2005,10.1922
17-04-2005,10.1911
16-04-2005,10.19
15-04-2005,10.1889
14-04-2005,10.1878
13-04-2005,10.1867
12-04-2005,10.1857
11-04-2005,10.1846
10-04-2005,10.1824
09-04-2005,10.1813
08-04-2005,10.1803
07-04-2005,10.1792
06-04-2005,10.1781
05-04-2005,10.177
04-04-2005,10.1757
03-04-2005,10.1734
02-04-2005,10.1723
01-04-2005,10.1712
31-03-2005,10.1701
30-03-2005,10.1685
29-03-2005,10.1671
28-03-2005,10.1637
27-03-2005,10.1626
24-03-2005,10.1591
23-03-2005,10.1583
22-03-2005,10.1572
21-03-2005,10.1608
20-03-2005,10.1597
19-03-2005,10.1586
18-03-2005,10.1576
17-03-2005,10.1552
16-03-2005,10.1541
15-03-2005,10.1546
14-03-2005,10.1536
13-03-2005,10.1525
12-03-2005,10.1515
11-03-2005,10.1508
10-03-2005,10.1497
09-03-2005,10.1487
08-03-2005,10.1462
07-03-2005,10.1451
06-03-2005,10.144
05-03-2005,10.1429
04-03-2005,10.1419
03-03-2005,10.1408
02-03-2005,10.1319
01-03-2005,10.139
28-02-2005,10.1368
27-02-2005,10.1359
26-02-2005,10.1338
25-02-2005,10.134
24-02-2005,10.1331
23-02-2005,10.1321
22-02-2005,10.1312
21-02-2005,10.1278
20-02-2005,10.1268
19-02-2005,10.1247
18-02-2005,10.1249
17-02-2005,10.1239
16-02-2005,10.123
15-02-2005,10.122
14-02-2005,10.1211
13-02-2005,10.1201
12-02-2005,10.1193
11-02-2005,10.1195
10-02-2005,10.1186
09-02-2005,10.1177
08-02-2005,10.1167
07-02-2005,10.1158
06-02-2005,10.1149
05-02-2005,10.1128
04-02-2005,10.113
03-02-2005,10.1037
02-02-2005,10.1027
01-02-2005,10.1017
31-01-2005,10.1001
30-01-2005,10.0992
29-01-2005,10.0981
28-01-2005,10.0971
27-01-2005,10.0962
26-01-2005,10.0952
25-01-2005,10.0942
24-01-2005,10.0929
23-01-2005,10.0919
22-01-2005,10.0898
20-01-2005,10.0891
19-01-2005,10.0882
18-01-2005,10.0871
17-01-2005,10.0882
16-01-2005,10.0871
15-01-2005,10.0849
14-01-2005,10.085
13-01-2005,10.0839
12-01-2005,10.0815
11-01-2005,10.0804
10-01-2005,10.0794
09-01-2005,10.0783
08-01-2005,10.0761
07-01-2005,10.0764
06-01-2005,10.0756
05-01-2005,10.0786
04-01-2005,10.0707
03-01-2005,10.0697
02-01-2005,10.0686
01-01-2005,10.068
31-12-2004,10.0675
30-12-2004,10.0669
29-12-2004,10.0663
28-12-2004,10.0657
27-12-2004,10.0648
26-12-2004,10.0639
25-12-2004,10.063
24-12-2004,10.0622
23-12-2004,10.0613
22-12-2004,10.0604
21-12-2004,10.0595
20-12-2004,10.0585
19-12-2004,10.0574
18-12-2004,10.0563
17-12-2004,10.0553
16-12-2004,10.0543
15-12-2004,10.0534
14-12-2004,10.0526
13-12-2004,10.0516
12-12-2004,10.0508
11-12-2004,10.0502
10-12-2004,10.0495
09-12-2004,10.0489
08-12-2004,10.0482
07-12-2004,10.0469
06-12-2004,10.0462
05-12-2004,10.0454
04-12-2004,10.0448
03-12-2004,10.0441
02-12-2004,10.0435
01-12-2004,10.0427
30-11-2004,10.0419
29-11-2004,10.0413
28-11-2004,10.0405
27-11-2004,10.0397
26-11-2004,10.039
25-11-2004,10.0382
24-11-2004,10.0342
23-11-2004,10.0286
22-11-2004,10.028
21-11-2004,10.0273
19-11-2004,10.0257
18-11-2004,10.025
17-11-2004,10.0243
16-11-2004,10.0497
15-11-2004,10
