Historical Mutual Fund NAV of SBI MAGNUM GILT FUND - REGULAR PLAN - GROWTH,
scheme:- SBI MAGNUM GILT FUND - REGULAR PLAN - GROWTH,
Start Date:- 30-12-2000,
End Date:- 24-11-2020,
NAV Date,NAV (Rs)
24-11-2020,50.2543
23-11-2020,50.1655
20-11-2020,50.1884
19-11-2020,50.1941
18-11-2020,50.1732
17-11-2020,50.1511
13-11-2020,50.1146
12-11-2020,50.014
11-11-2020,50.0108
10-11-2020,49.9928
09-11-2020,50.1128
06-11-2020,50.1676
05-11-2020,50.1224
04-11-2020,49.9975
03-11-2020,49.9361
02-11-2020,49.9902
29-10-2020,50.0069
28-10-2020,50.1345
27-10-2020,50.1637
26-10-2020,50.1673
23-10-2020,49.9496
22-10-2020,49.7469
21-10-2020,49.7361
20-10-2020,49.6863
19-10-2020,49.6555
16-10-2020,49.6065
15-10-2020,49.7592
14-10-2020,49.7231
13-10-2020,49.738
12-10-2020,49.7623
09-10-2020,49.5629
08-10-2020,49.1119
07-10-2020,49.1065
06-10-2020,49.074
05-10-2020,49.1302
01-10-2020,49.0959
30-09-2020,49.0459
29-09-2020,48.9392
28-09-2020,48.9015
25-09-2020,48.9923
24-09-2020,49.0802
23-09-2020,49.0636
22-09-2020,49.0595
21-09-2020,49.049
18-09-2020,49.0277
17-09-2020,49.0844
16-09-2020,49.1835
15-09-2020,49.1177
14-09-2020,49.1098
11-09-2020,49.0618
10-09-2020,49.1063
09-09-2020,49.184
08-09-2020,49.0472
07-09-2020,49.277
04-09-2020,49.4503
03-09-2020,49.5298
02-09-2020,49.4419
01-09-2020,49.3825
31-08-2020,48.5875
28-08-2020,48.436
27-08-2020,48.4426
26-08-2020,48.4117
25-08-2020,48.5126
24-08-2020,48.4015
21-08-2020,48.7536
20-08-2020,49.1525
19-08-2020,49.1426
18-08-2020,49.1737
17-08-2020,49.1921
14-08-2020,49.2095
13-08-2020,49.3537
12-08-2020,49.3387
11-08-2020,49.277
10-08-2020,49.2644
07-08-2020,49.2597
06-08-2020,49.3603
05-08-2020,49.5065
04-08-2020,49.4833
03-08-2020,49.4357
31-07-2020,49.4352
30-07-2020,49.4547
29-07-2020,49.4458
28-07-2020,49.4003
27-07-2020,49.406
24-07-2020,49.4843
23-07-2020,49.4779
22-07-2020,49.4495
21-07-2020,49.4018
20-07-2020,49.4525
17-07-2020,49.4438
16-07-2020,49.4319
15-07-2020,49.3861
14-07-2020,49.3459
13-07-2020,49.4492
10-07-2020,49.4627
09-07-2020,49.3604
08-07-2020,49.3412
07-07-2020,49.2666
06-07-2020,49.1176
03-07-2020,49.0565
02-07-2020,49.0837
01-07-2020,49.091
30-06-2020,48.9391
29-06-2020,48.8474
26-06-2020,48.8031
25-06-2020,48.8075
24-06-2020,48.742
23-06-2020,48.8051
22-06-2020,48.8615
19-06-2020,48.8661
18-06-2020,48.8654
17-06-2020,48.7577
16-06-2020,48.7166
15-06-2020,48.8834
12-06-2020,48.8747
11-06-2020,48.9249
10-06-2020,48.9049
09-06-2020,48.8929
08-06-2020,48.824
05-06-2020,48.7314
04-06-2020,48.7666
03-06-2020,48.7355
02-06-2020,48.7429
01-06-2020,48.7246
29-05-2020,48.8413
28-05-2020,48.8862
27-05-2020,48.8662
26-05-2020,48.8554
22-05-2020,48.8113
21-05-2020,48.4994
20-05-2020,48.4268
19-05-2020,48.4327
18-05-2020,48.3062
15-05-2020,48.199
14-05-2020,48.1967
13-05-2020,48.1447
12-05-2020,47.9981
11-05-2020,48.0138
08-05-2020,48.5486
06-05-2020,48.3404
05-05-2020,48.132
04-05-2020,47.8839
30-04-2020,47.731
29-04-2020,47.6643
28-04-2020,47.6715
27-04-2020,47.6796
24-04-2020,47.6945
23-04-2020,48.0884
22-04-2020,47.4393
21-04-2020,47.4643
20-04-2020,47.4159
17-04-2020,46.881
16-04-2020,46.6408
15-04-2020,46.5487
13-04-2020,46.3272
09-04-2020,46.1768
08-04-2020,46.1656
07-04-2020,46.3072
03-04-2020,46.6086
31-03-2020,46.9486
30-03-2020,46.7161
27-03-2020,46.931
26-03-2020,46.5295
24-03-2020,46.2407
23-03-2020,46.1247
20-03-2020,46.5325
19-03-2020,45.9616
18-03-2020,46.445
17-03-2020,46.5295
16-03-2020,46.6634
13-03-2020,46.3651
12-03-2020,46.7579
11-03-2020,47.0774
09-03-2020,47.3188
06-03-2020,47.008
05-03-2020,46.8293
04-03-2020,46.8347
03-03-2020,46.4939
02-03-2020,46.5231
28-02-2020,46.4223
27-02-2020,46.4119
26-02-2020,46.5018
25-02-2020,46.4223
24-02-2020,46.4434
20-02-2020,46.2922
18-02-2020,46.3841
17-02-2020,46.4062
14-02-2020,46.4286
13-02-2020,46.2293
12-02-2020,46.0482
11-02-2020,46.0417
10-02-2020,46.0567
07-02-2020,46.0041
06-02-2020,45.9126
05-02-2020,45.6405
04-02-2020,45.6323
03-02-2020,45.6209
31-01-2020,45.3364
30-01-2020,45.3882
29-01-2020,45.3717
28-01-2020,45.3594
27-01-2020,45.4051
24-01-2020,45.3496
23-01-2020,45.3087
22-01-2020,45.2407
21-01-2020,45.2431
20-01-2020,45.213
17-01-2020,45.2087
16-01-2020,45.1481
15-01-2020,45.1164
14-01-2020,45.0684
13-01-2020,45.1363
10-01-2020,45.1344
09-01-2020,45.217
08-01-2020,45.1533
07-01-2020,45.1547
06-01-2020,45.129
03-01-2020,45.2769
02-01-2020,45.315
01-01-2020,45.2961
31-12-2019,45.1849
30-12-2019,45.1864
27-12-2019,45.2243
26-12-2019,45.1432
24-12-2019,45.1144
23-12-2019,45.1337
20-12-2019,45.0261
19-12-2019,44.6105
18-12-2019,44.6517
17-12-2019,44.5484
16-12-2019,44.4302
13-12-2019,44.4309
12-12-2019,44.4263
11-12-2019,44.4457
10-12-2019,44.5031
09-12-2019,44.5714
06-12-2019,44.5196
05-12-2019,44.5967
04-12-2019,44.9171
03-12-2019,44.8997
02-12-2019,44.8417
29-11-2019,44.87
28-11-2019,44.9114
27-11-2019,44.8688
26-11-2019,44.8564
25-11-2019,44.8879
22-11-2019,44.8134
21-11-2019,44.7852
20-11-2019,44.8646
19-11-2019,44.8132
18-11-2019,44.7648
15-11-2019,44.6583
14-11-2019,44.6265
13-11-2019,44.5852
11-11-2019,44.4769
08-11-2019,44.4994
07-11-2019,44.5532
06-11-2019,44.5997
05-11-2019,44.5583
04-11-2019,44.6024
01-11-2019,44.6167
31-10-2019,44.6101
30-10-2019,44.5623
29-10-2019,44.524
25-10-2019,44.5163
24-10-2019,44.5077
23-10-2019,44.5018
22-10-2019,44.4618
18-10-2019,44.4505
17-10-2019,44.4356
16-10-2019,44.5021
15-10-2019,44.4857
14-10-2019,44.4671
11-10-2019,44.3591
10-10-2019,44.43
09-10-2019,44.4693
07-10-2019,44.4333
04-10-2019,44.4231
03-10-2019,44.5303
01-10-2019,44.3948
30-09-2019,44.2681
27-09-2019,44.1888
26-09-2019,44.1814
25-09-2019,44.1269
24-09-2019,44.1173
23-09-2019,44.1797
20-09-2019,44.0796
19-09-2019,44.5052
18-09-2019,44.5377
17-09-2019,44.2422
16-09-2019,44.2786
13-09-2019,44.4388
12-09-2019,44.3719
11-09-2019,44.332
09-09-2019,44.5594
06-09-2019,44.4802
05-09-2019,44.5151
04-09-2019,44.5459
03-09-2019,44.5637
30-08-2019,44.4309
29-08-2019,44.4664
28-08-2019,44.4499
27-08-2019,44.5151
26-08-2019,44.5746
23-08-2019,44.3041
22-08-2019,44.3136
21-08-2019,44.2588
20-08-2019,44.1865
19-08-2019,44.1256
16-08-2019,44.2057
14-08-2019,43.9647
13-08-2019,44.2515
09-08-2019,44.3056
08-08-2019,44.5288
07-08-2019,44.5091
06-08-2019,44.4596
05-08-2019,44.342
02-08-2019,44.4011
01-08-2019,44.2973
31-07-2019,44.3719
30-07-2019,44.296
29-07-2019,44.2558
26-07-2019,44.1151
25-07-2019,44.0983
24-07-2019,44.2144
23-07-2019,44.1912
22-07-2019,44.2665
19-07-2019,44.3407
18-07-2019,44.3635
17-07-2019,44.3997
16-07-2019,44.464
15-07-2019,44.2322
12-07-2019,44.1154
11-07-2019,44.0838
10-07-2019,43.9387
09-07-2019,43.759
08-07-2019,43.7328
05-07-2019,43.4167
04-07-2019,43.2616
03-07-2019,43.167
02-07-2019,43.1264
01-07-2019,43.0263
28-06-2019,43.0222
27-06-2019,42.9913
26-06-2019,42.9075
25-06-2019,42.9688
24-06-2019,43.001
21-06-2019,42.9425
20-06-2019,43.0946
19-06-2019,42.9652
18-06-2019,42.9652
17-06-2019,42.6508
14-06-2019,42.5644
13-06-2019,42.4029
12-06-2019,42.3666
11-06-2019,42.2818
10-06-2019,42.2202
07-06-2019,42.2689
06-06-2019,42.294
04-06-2019,42.0478
03-06-2019,42.1231
31-05-2019,41.9286
30-05-2019,41.7341
29-05-2019,41.7406
28-05-2019,41.6826
27-05-2019,41.5768
24-05-2019,41.4439
23-05-2019,41.4295
22-05-2019,41.3392
21-05-2019,41.2978
20-05-2019,41.2642
17-05-2019,41.0741
16-05-2019,41.0979
15-05-2019,41.0651
14-05-2019,41.0326
13-05-2019,40.9707
10-05-2019,40.9411
09-05-2019,40.9475
08-05-2019,40.9679
07-05-2019,40.9391
06-05-2019,40.8939
03-05-2019,40.8419
02-05-2019,40.8048
30-04-2019,40.747
26-04-2019,40.683
25-04-2019,40.6495
24-04-2019,40.6513
23-04-2019,40.5922
22-04-2019,40.5325
18-04-2019,40.603
16-04-2019,40.6242
15-04-2019,40.6094
12-04-2019,40.5764
11-04-2019,40.6318
10-04-2019,40.6276
09-04-2019,40.601
08-04-2019,40.5416
05-04-2019,40.6488
04-04-2019,40.6502
03-04-2019,40.8315
02-04-2019,40.8172
31-03-2019,40.6703
29-03-2019,40.6638
28-03-2019,40.6781
27-03-2019,40.6269
26-03-2019,40.5988
25-03-2019,40.6305
22-03-2019,40.5066
20-03-2019,40.3878
19-03-2019,40.298
18-03-2019,40.4168
15-03-2019,40.3103
14-03-2019,40.2002
13-03-2019,40.1819
12-03-2019,40.1969
11-03-2019,40.1856
08-03-2019,40.1476
07-03-2019,40.0985
06-03-2019,40.0919
05-03-2019,40.0969
01-03-2019,40.0695
28-02-2019,40.0242
27-02-2019,39.9482
26-02-2019,40.013
25-02-2019,40.0098
22-02-2019,39.9809
21-02-2019,40.0028
20-02-2019,39.9955
18-02-2019,39.9713
15-02-2019,39.9538
14-02-2019,39.9799
13-02-2019,39.9817
12-02-2019,39.9464
11-02-2019,39.9422
08-02-2019,39.9302
07-02-2019,39.9358
06-02-2019,39.8567
05-02-2019,39.8207
04-02-2019,39.7753
01-02-2019,39.7855
31-01-2019,39.8708
30-01-2019,39.7824
29-01-2019,39.8013
28-01-2019,39.7793
25-01-2019,39.7521
24-01-2019,39.7304
23-01-2019,39.7025
22-01-2019,39.7473
21-01-2019,39.6871
18-01-2019,39.6292
17-01-2019,39.7142
16-01-2019,39.6808
15-01-2019,39.8832
14-01-2019,39.9701
11-01-2019,39.7999
10-01-2019,39.8218
09-01-2019,39.8245
08-01-2019,39.8565
07-01-2019,39.7021
04-01-2019,39.8035
03-01-2019,39.8465
02-01-2019,39.9651
01-01-2019,39.8607
31-12-2018,39.9342
28-12-2018,39.916
27-12-2018,40.0837
26-12-2018,40.086
24-12-2018,40.0298
21-12-2018,40.0262
20-12-2018,40.0436
19-12-2018,40.1326
18-12-2018,39.8887
17-12-2018,39.7312
14-12-2018,39.7284
13-12-2018,39.774
12-12-2018,39.7421
11-12-2018,39.5823
10-12-2018,39.533
07-12-2018,39.7217
06-12-2018,39.7536
05-12-2018,39.6907
04-12-2018,39.3938
03-12-2018,39.2978
30-11-2018,39.3011
29-11-2018,39.2961
28-11-2018,39.225
27-11-2018,39.0965
26-11-2018,39.0915
22-11-2018,39.0788
20-11-2018,38.9776
19-11-2018,38.9638
16-11-2018,38.9123
15-11-2018,38.953
14-11-2018,38.9806
13-11-2018,38.9291
12-11-2018,38.8815
09-11-2018,38.9036
06-11-2018,38.8582
05-11-2018,38.8383
02-11-2018,38.841
01-11-2018,38.7899
31-10-2018,38.7585
30-10-2018,38.7568
29-10-2018,38.7693
26-10-2018,38.6825
25-10-2018,38.6638
24-10-2018,38.65
23-10-2018,38.6304
22-10-2018,38.5992
19-10-2018,38.5847
17-10-2018,38.5797
16-10-2018,38.5975
15-10-2018,38.5573
12-10-2018,38.4971
11-10-2018,38.4878
10-10-2018,38.447
09-10-2018,38.4089
08-10-2018,38.483
05-10-2018,38.4193
04-10-2018,38.3011
03-10-2018,38.3262
01-10-2018,38.3974
28-09-2018,38.3444
27-09-2018,38.3324
26-09-2018,38.2882
25-09-2018,38.237
24-09-2018,38.231
21-09-2018,38.2467
19-09-2018,38.2327
18-09-2018,38.1586
17-09-2018,38.1915
14-09-2018,38.1359
12-09-2018,38.1087
11-09-2018,38.0533
10-09-2018,38.0802
07-09-2018,38.2208
06-09-2018,38.1814
05-09-2018,38.1801
04-09-2018,38.1574
03-09-2018,38.2327
31-08-2018,38.2737
30-08-2018,38.2957
29-08-2018,38.3181
28-08-2018,38.34
27-08-2018,38.3392
24-08-2018,38.3525
23-08-2018,38.3348
21-08-2018,38.395
20-08-2018,38.3684
16-08-2018,38.3086
14-08-2018,38.3726
13-08-2018,38.3597
10-08-2018,38.4432
09-08-2018,38.446
08-08-2018,38.3797
07-08-2018,38.3661
06-08-2018,38.3855
03-08-2018,38.3694
02-08-2018,38.4228
01-08-2018,38.4391
31-07-2018,38.3304
30-07-2018,38.2945
27-07-2018,38.2954
26-07-2018,38.3136
25-07-2018,38.2694
24-07-2018,38.2671
23-07-2018,38.2227
20-07-2018,38.2376
19-07-2018,38.2307
18-07-2018,38.2607
17-07-2018,38.2618
16-07-2018,38.1844
13-07-2018,38.1775
12-07-2018,38.1871
11-07-2018,38.0702
10-07-2018,38.0308
09-07-2018,38.0323
06-07-2018,38.0328
05-07-2018,37.9993
04-07-2018,38.0438
03-07-2018,38.008
02-07-2018,37.974
29-06-2018,37.9653
28-06-2018,37.9214
27-06-2018,38.0057
26-06-2018,38.0482
25-06-2018,38.0435
22-06-2018,38.032
21-06-2018,38.0837
20-06-2018,38.0029
19-06-2018,37.9503
18-06-2018,37.9297
15-06-2018,37.8984
14-06-2018,37.8243
13-06-2018,37.8385
12-06-2018,37.7719
11-06-2018,37.7721
08-06-2018,37.7719
07-06-2018,37.7051
06-06-2018,37.823
05-06-2018,37.9379
04-06-2018,37.8712
01-06-2018,37.8933
31-05-2018,37.9302
30-05-2018,37.9956
29-05-2018,38.0277
28-05-2018,38.0603
25-05-2018,37.9634
24-05-2018,37.834
23-05-2018,37.8695
22-05-2018,37.9181
21-05-2018,37.9191
18-05-2018,37.8573
17-05-2018,37.7597
16-05-2018,37.7052
15-05-2018,37.7021
14-05-2018,37.824
11-05-2018,37.9419
10-05-2018,37.9495
09-05-2018,37.9608
08-05-2018,38.1347
07-05-2018,38.0681
04-05-2018,37.9426
03-05-2018,37.9343
02-05-2018,37.9295
27-04-2018,37.8669
26-04-2018,37.8744
25-04-2018,37.8885
24-04-2018,37.9476
23-04-2018,37.8889
20-04-2018,37.9267
19-04-2018,38.0593
18-04-2018,38.2061
17-04-2018,38.2699
16-04-2018,38.2827
13-04-2018,38.3351
12-04-2018,38.2803
11-04-2018,38.2109
10-04-2018,38.3766
09-04-2018,38.5622
06-04-2018,38.6299
05-04-2018,38.7267
04-04-2018,38.3776
03-04-2018,38.2702
28-03-2018,38.111
27-03-2018,38.2335
26-03-2018,37.7142
23-03-2018,37.788
22-03-2018,37.7732
21-03-2018,37.7299
20-03-2018,37.6808
19-03-2018,37.6829
16-03-2018,37.7449
15-03-2018,37.615
14-03-2018,37.5279
13-03-2018,37.5386
12-03-2018,37.5731
09-03-2018,37.5004
08-03-2018,37.515
07-03-2018,37.4719
06-03-2018,37.301
05-03-2018,37.3222
01-03-2018,37.3302
28-02-2018,37.3563
27-02-2018,37.4321
26-02-2018,37.3852
23-02-2018,37.383
22-02-2018,37.2526
21-02-2018,37.3178
20-02-2018,37.382
16-02-2018,37.5104
15-02-2018,37.5082
14-02-2018,37.6218
12-02-2018,37.5947
09-02-2018,37.5884
08-02-2018,37.646
07-02-2018,37.5076
06-02-2018,37.4218
05-02-2018,37.3514
02-02-2018,37.4069
01-02-2018,37.341
31-01-2018,37.6994
30-01-2018,37.6969
29-01-2018,37.6657
25-01-2018,37.9415
24-01-2018,38.0071
23-01-2018,38.0843
22-01-2018,37.9765
19-01-2018,37.9314
18-01-2018,37.9386
17-01-2018,38.0505
16-01-2018,37.7654
15-01-2018,37.9353
12-01-2018,37.914
11-01-2018,37.9229
10-01-2018,37.9245
09-01-2018,38.0606
08-01-2018,38.1102
05-01-2018,38.1542
04-01-2018,37.9907
03-01-2018,38.0092
02-01-2018,37.9451
01-01-2018,38.0079
29-12-2017,37.9909
28-12-2017,37.871
27-12-2017,38.2048
26-12-2017,38.1195
22-12-2017,38.1214
21-12-2017,38.1917
20-12-2017,38.1899
19-12-2017,38.2385
18-12-2017,38.231
15-12-2017,38.2853
14-12-2017,38.2742
13-12-2017,38.1853
12-12-2017,38.1835
11-12-2017,38.2223
08-12-2017,38.3439
07-12-2017,38.409
06-12-2017,38.4505
05-12-2017,38.3744
04-12-2017,38.3171
30-11-2017,38.3465
29-11-2017,38.4193
28-11-2017,38.3929
27-11-2017,38.3373
24-11-2017,38.3859
23-11-2017,38.3673
22-11-2017,38.4096
21-11-2017,38.5461
20-11-2017,38.5696
17-11-2017,38.1825
16-11-2017,38.2418
15-11-2017,38.3073
14-11-2017,38.2396
13-11-2017,38.3594
10-11-2017,38.3696
09-11-2017,38.4135
08-11-2017,38.3819
07-11-2017,38.3965
06-11-2017,38.4187
03-11-2017,38.4496
02-11-2017,38.4375
01-11-2017,38.383
31-10-2017,38.4151
30-10-2017,38.3647
27-10-2017,38.4775
26-10-2017,38.4645
25-10-2017,38.4392
24-10-2017,38.4801
23-10-2017,38.4417
18-10-2017,38.4831
17-10-2017,38.4651
16-10-2017,38.4933
13-10-2017,38.4695
12-10-2017,38.4104
11-10-2017,38.4209
10-10-2017,38.4139
09-10-2017,38.3799
06-10-2017,38.3924
05-10-2017,38.4234
04-10-2017,38.4813
03-10-2017,38.5716
29-09-2017,38.5278
28-09-2017,38.5486
27-09-2017,38.5103
26-09-2017,38.5145
25-09-2017,38.5706
22-09-2017,38.4977
21-09-2017,38.4733
20-09-2017,38.6287
19-09-2017,38.5933
18-09-2017,38.5766
15-09-2017,38.588
14-09-2017,38.6328
13-09-2017,38.6324
12-09-2017,38.6804
11-09-2017,38.6683
08-09-2017,38.6861
07-09-2017,38.7114
06-09-2017,38.7251
05-09-2017,38.7057
04-09-2017,38.7058
01-09-2017,38.7109
31-08-2017,38.6175
30-08-2017,38.6068
29-08-2017,38.6227
28-08-2017,38.5352
24-08-2017,38.5574
23-08-2017,38.5582
22-08-2017,38.5453
21-08-2017,38.5737
18-08-2017,38.575
16-08-2017,38.5382
14-08-2017,38.5558
11-08-2017,38.5599
10-08-2017,38.5749
09-08-2017,38.63
08-08-2017,38.6388
07-08-2017,38.6413
04-08-2017,38.6775
03-08-2017,38.6866
02-08-2017,38.5564
01-08-2017,38.5845
31-07-2017,38.5228
28-07-2017,38.5376
27-07-2017,38.603
26-07-2017,38.6023
25-07-2017,38.6287
24-07-2017,38.7004
21-07-2017,38.6337
20-07-2017,38.5377
19-07-2017,38.5526
18-07-2017,38.4838
17-07-2017,38.4519
14-07-2017,38.4354
13-07-2017,38.4602
12-07-2017,38.4288
11-07-2017,38.4024
10-07-2017,38.4165
07-07-2017,38.2595
06-07-2017,38.2282
05-07-2017,38.1979
04-07-2017,38.1661
03-07-2017,38.1825
30-06-2017,38.3608
29-06-2017,38.3632
28-06-2017,38.3582
27-06-2017,38.4891
23-06-2017,38.4964
22-06-2017,38.4939
21-06-2017,38.5379
20-06-2017,38.4917
19-06-2017,38.4622
16-06-2017,38.4033
15-06-2017,38.4309
14-06-2017,38.4485
13-06-2017,38.442
12-06-2017,38.3327
09-06-2017,38.343
08-06-2017,38.2812
07-06-2017,38.0122
06-06-2017,37.7422
05-06-2017,37.693
02-06-2017,37.6839
01-06-2017,37.6819
31-05-2017,37.5359
30-05-2017,37.5223
29-05-2017,37.5047
26-05-2017,37.5124
25-05-2017,37.4544
24-05-2017,37.3861
23-05-2017,37.3866
22-05-2017,37.3561
19-05-2017,37.2329
18-05-2017,37.2635
17-05-2017,37.2357
16-05-2017,37.2345
15-05-2017,37.2812
12-05-2017,37.0681
11-05-2017,37.0138
09-05-2017,36.9986
08-05-2017,36.9776
05-05-2017,36.9279
04-05-2017,36.8878
03-05-2017,36.8915
02-05-2017,36.8732
28-04-2017,36.9001
27-04-2017,36.908
26-04-2017,36.892
25-04-2017,36.9378
24-04-2017,36.8809
21-04-2017,36.8489
20-04-2017,36.9472
19-04-2017,36.9532
18-04-2017,36.8899
17-04-2017,36.865
13-04-2017,36.8578
12-04-2017,36.8082
11-04-2017,36.7408
10-04-2017,36.6113
07-04-2017,36.6044
06-04-2017,36.6923
05-04-2017,36.9004
03-04-2017,36.9066
31-03-2017,36.8972
30-03-2017,36.8967
29-03-2017,36.8919
27-03-2017,36.9252
24-03-2017,36.7075
23-03-2017,36.6461
22-03-2017,36.5519
21-03-2017,36.3846
20-03-2017,36.3485
17-03-2017,36.3432
16-03-2017,36.3419
15-03-2017,36.3197
14-03-2017,36.2536
10-03-2017,36.2214
09-03-2017,36.2395
08-03-2017,36.2364
07-03-2017,36.2306
06-03-2017,36.2376
03-03-2017,36.272
02-03-2017,36.2629
01-03-2017,36.2166
28-02-2017,36.275
27-02-2017,36.256
23-02-2017,36.1922
22-02-2017,36.1544
20-02-2017,36.1865
17-02-2017,36.2367
16-02-2017,36.2397
15-02-2017,36.2066
14-02-2017,36.1823
13-02-2017,36.2353
10-02-2017,36.2501
09-02-2017,36.1765
08-02-2017,36.3635
07-02-2017,36.952
06-02-2017,36.9809
03-02-2017,36.9842
02-02-2017,36.9914
01-02-2017,36.9431
31-01-2017,36.9537
30-01-2017,36.946
27-01-2017,36.9516
25-01-2017,36.889
24-01-2017,36.8565
23-01-2017,36.8215
20-01-2017,36.782
19-01-2017,36.7549
18-01-2017,36.7928
17-01-2017,36.8458
16-01-2017,36.7953
13-01-2017,36.8226
12-01-2017,36.9156
11-01-2017,36.8508
10-01-2017,36.8371
09-01-2017,36.8374
06-01-2017,36.8307
05-01-2017,36.8312
04-01-2017,36.8576
03-01-2017,36.743
02-01-2017,36.8358
30-12-2016,36.574
29-12-2016,36.5336
28-12-2016,36.3891
27-12-2016,36.3667
26-12-2016,36.3773
23-12-2016,36.4471
22-12-2016,36.5018
21-12-2016,36.6131
20-12-2016,36.5831
19-12-2016,36.5511
16-12-2016,36.5399
15-12-2016,36.5299
14-12-2016,36.7869
13-12-2016,36.7521
09-12-2016,36.6927
08-12-2016,36.7826
07-12-2016,36.8146
06-12-2016,37.3082
05-12-2016,37.2805
02-12-2016,37.2212
01-12-2016,37.2718
30-11-2016,37.2088
29-11-2016,37.0275
28-11-2016,37.0735
25-11-2016,37.2887
24-11-2016,37.4088
23-11-2016,37.096
22-11-2016,36.8953
21-11-2016,36.7971
18-11-2016,36.3362
17-11-2016,36.3768
16-11-2016,36.3147
15-11-2016,36.0606
11-11-2016,35.5498
10-11-2016,35.6959
09-11-2016,35.6157
08-11-2016,35.3247
07-11-2016,35.239
04-11-2016,35.2158
03-11-2016,35.258
02-11-2016,35.267
01-11-2016,35.2503
28-10-2016,35.2926
27-10-2016,35.2855
26-10-2016,35.325
25-10-2016,35.3147
24-10-2016,35.3358
21-10-2016,35.3249
20-10-2016,35.3155
19-10-2016,35.3541
18-10-2016,35.3738
17-10-2016,35.3005
14-10-2016,35.2718
13-10-2016,35.3276
10-10-2016,35.3558
07-10-2016,35.2752
06-10-2016,35.354
05-10-2016,35.4104
04-10-2016,35.2765
03-10-2016,35.1866
30-09-2016,35.0333
29-09-2016,34.9173
28-09-2016,35.1643
27-09-2016,35.1086
26-09-2016,35.0525
23-09-2016,34.9183
22-09-2016,34.8772
21-09-2016,34.7165
20-09-2016,34.6512
19-09-2016,34.6868
16-09-2016,34.6755
15-09-2016,34.6372
14-09-2016,34.6127
12-09-2016,34.6084
09-09-2016,34.6645
08-09-2016,34.6852
07-09-2016,34.6703
06-09-2016,34.5623
02-09-2016,34.4995
01-09-2016,34.5112
31-08-2016,34.5268
30-08-2016,34.5271
29-08-2016,34.4976
26-08-2016,34.4386
25-08-2016,34.4296
24-08-2016,34.3823
23-08-2016,34.3149
22-08-2016,34.292
19-08-2016,34.4246
18-08-2016,34.3179
16-08-2016,34.4266
12-08-2016,34.4284
11-08-2016,34.4532
10-08-2016,34.3766
09-08-2016,34.2789
08-08-2016,34.1308
05-08-2016,34.1
04-08-2016,34.0782
03-08-2016,34.0077
02-08-2016,34.0742
01-08-2016,34.1518
29-07-2016,34.0433
28-07-2016,33.9691
27-07-2016,33.7287
26-07-2016,33.7226
25-07-2016,33.7117
22-07-2016,33.6759
21-07-2016,33.6545
20-07-2016,33.5921
19-07-2016,33.5249
18-07-2016,33.4366
15-07-2016,33.4563
14-07-2016,33.42
13-07-2016,33.4116
12-07-2016,33.2959
11-07-2016,33.1897
08-07-2016,33.1603
07-07-2016,33.1225
05-07-2016,33.0816
04-07-2016,32.9948
01-07-2016,32.9811
30-06-2016,32.9153
29-06-2016,32.9131
28-06-2016,32.8754
27-06-2016,32.8461
24-06-2016,32.7752
23-06-2016,32.77
22-06-2016,32.7564
21-06-2016,32.7278
20-06-2016,32.7143
17-06-2016,32.7004
16-06-2016,32.6881
15-06-2016,32.6643
14-06-2016,32.651
13-06-2016,32.6208
10-06-2016,32.6553
09-06-2016,32.6566
08-06-2016,32.6404
07-06-2016,32.6432
06-06-2016,32.6528
03-06-2016,32.6091
02-06-2016,32.6035
01-06-2016,32.585
31-05-2016,32.6089
30-05-2016,32.6132
27-05-2016,32.5847
26-05-2016,32.5791
25-05-2016,32.5833
24-05-2016,32.581
23-05-2016,32.585
20-05-2016,32.5467
19-05-2016,32.5528
18-05-2016,32.5366
17-05-2016,32.573
16-05-2016,32.5721
13-05-2016,32.5635
12-05-2016,32.5841
11-05-2016,32.5607
10-05-2016,32.5566
09-05-2016,32.5508
06-05-2016,32.5049
05-05-2016,32.4866
04-05-2016,32.4889
03-05-2016,32.4638
02-05-2016,32.4815
29-04-2016,32.4728
28-04-2016,32.435
27-04-2016,32.4062
26-04-2016,32.3938
25-04-2016,32.3867
22-04-2016,32.4014
21-04-2016,32.3462
20-04-2016,32.4308
18-04-2016,32.4484
13-04-2016,32.3752
12-04-2016,32.4457
11-04-2016,32.4275
07-04-2016,32.3134
06-04-2016,32.2816
05-04-2016,32.2185
04-04-2016,32.25
31-03-2016,32.1573
30-03-2016,32.0901
29-03-2016,32.0558
28-03-2016,32.067
23-03-2016,32.0066
22-03-2016,31.971
21-03-2016,31.9372
18-03-2016,31.8592
17-03-2016,31.838
16-03-2016,31.7475
15-03-2016,31.7058
14-03-2016,31.6908
11-03-2016,31.6121
10-03-2016,31.6056
09-03-2016,31.5867
08-03-2016,31.5811
04-03-2016,31.5935
03-03-2016,31.6125
02-03-2016,31.6386
01-03-2016,31.6495
29-02-2016,31.59
26-02-2016,31.2151
25-02-2016,31.0901
24-02-2016,31.2243
23-02-2016,31.2508
22-02-2016,31.3445
18-02-2016,31.4046
17-02-2016,31.3672
16-02-2016,31.4011
15-02-2016,31.4659
12-02-2016,31.5089
11-02-2016,31.5184
10-02-2016,31.5192
09-02-2016,31.5038
08-02-2016,31.5153
05-02-2016,31.523
04-02-2016,31.502
03-02-2016,31.4733
02-02-2016,31.4818
01-02-2016,31.5842
29-01-2016,31.5861
28-01-2016,31.5346
27-01-2016,31.5598
25-01-2016,31.5284
22-01-2016,31.5566
21-01-2016,31.5848
20-01-2016,31.5263
19-01-2016,31.4585
18-01-2016,31.4073
15-01-2016,31.4184
14-01-2016,31.4752
13-01-2016,31.5166
12-01-2016,31.5434
11-01-2016,31.5534
08-01-2016,31.5537
07-01-2016,31.5482
06-01-2016,31.528
05-01-2016,31.5191
04-01-2016,31.5128
01-01-2016,31.4961
31-12-2015,31.4539
30-12-2015,31.4673
29-12-2015,31.4582
28-12-2015,31.4713
23-12-2015,31.4628
22-12-2015,31.4081
21-12-2015,31.3944
18-12-2015,31.4357
17-12-2015,31.4856
16-12-2015,31.4646
15-12-2015,31.3626
14-12-2015,31.3283
11-12-2015,31.4042
10-12-2015,31.3729
09-12-2015,31.3811
08-12-2015,31.3601
07-12-2015,31.4195
04-12-2015,31.4104
03-12-2015,31.5089
02-12-2015,31.428
01-12-2015,31.4726
30-11-2015,31.3638
27-11-2015,31.3947
26-11-2015,31.495
24-11-2015,31.5097
23-11-2015,31.4607
20-11-2015,31.4788
19-11-2015,31.5479
18-11-2015,31.5419
17-11-2015,31.5578
16-11-2015,31.588
13-11-2015,31.6068
10-11-2015,31.5208
09-11-2015,31.4414
06-11-2015,31.5385
05-11-2015,31.5483
04-11-2015,31.6
03-11-2015,31.6296
02-11-2015,31.6402
30-10-2015,31.5803
29-10-2015,31.5828
28-10-2015,31.6402
27-10-2015,31.6078
26-10-2015,31.5866
23-10-2015,31.6364
21-10-2015,31.6523
20-10-2015,31.6594
19-10-2015,31.6515
16-10-2015,31.6597
15-10-2015,31.6547
14-10-2015,31.6239
13-10-2015,31.6058
12-10-2015,31.5834
09-10-2015,31.6758
08-10-2015,31.665
07-10-2015,31.6348
06-10-2015,31.6667
05-10-2015,31.6922
01-10-2015,31.5544
30-09-2015,31.5945
29-09-2015,31.3992
28-09-2015,31.1542
24-09-2015,31.1599
23-09-2015,31.1581
22-09-2015,31.1633
21-09-2015,31.2019
18-09-2015,31.1835
16-09-2015,31.0099
15-09-2015,30.9774
14-09-2015,30.9732
11-09-2015,30.9188
10-09-2015,30.9019
09-09-2015,30.9323
08-09-2015,30.9039
07-09-2015,30.8342
04-09-2015,30.8908
03-09-2015,30.9293
02-09-2015,30.9231
01-09-2015,30.903
31-08-2015,30.8196
28-08-2015,30.8249
27-08-2015,30.8417
26-08-2015,30.7809
25-08-2015,30.7224
24-08-2015,30.5719
21-08-2015,30.7559
20-08-2015,30.8418
19-08-2015,30.842
17-08-2015,30.8049
14-08-2015,30.7936
13-08-2015,30.7341
12-08-2015,30.6135
11-08-2015,30.606
10-08-2015,30.6188
07-08-2015,30.5731
06-08-2015,30.5797
05-08-2015,30.5245
04-08-2015,30.5109
03-08-2015,30.5719
31-07-2015,30.5379
30-07-2015,30.4916
29-07-2015,30.5088
28-07-2015,30.5021
27-07-2015,30.3922
24-07-2015,30.3628
23-07-2015,30.3728
22-07-2015,30.3274
21-07-2015,30.3047
20-07-2015,30.3026
17-07-2015,30.2987
16-07-2015,30.2791
15-07-2015,30.2946
14-07-2015,30.2955
13-07-2015,30.2243
10-07-2015,30.3701
09-07-2015,30.3877
08-07-2015,30.4024
07-07-2015,30.3841
06-07-2015,30.4057
03-07-2015,30.2603
02-07-2015,30.2253
01-07-2015,30.1734
30-06-2015,30.0772
29-06-2015,29.9855
26-06-2015,30.0557
25-06-2015,30.0945
24-06-2015,30.2185
23-06-2015,30.2631
22-06-2015,30.2912
19-06-2015,30.3083
18-06-2015,30.1477
17-06-2015,29.9402
16-06-2015,29.8512
15-06-2015,29.8759
12-06-2015,29.8266
11-06-2015,29.8646
10-06-2015,29.9665
09-06-2015,30.0265
08-06-2015,29.9842
05-06-2015,30.0088
04-06-2015,30.0072
03-06-2015,30.1301
02-06-2015,30.1985
01-06-2015,30.4089
29-05-2015,30.4201
28-05-2015,30.3762
27-05-2015,30.3346
26-05-2015,30.3233
25-05-2015,30.3496
22-05-2015,30.3514
21-05-2015,30.3214
20-05-2015,30.3221
19-05-2015,30.2777
18-05-2015,30.1279
15-05-2015,30.0703
14-05-2015,30.0991
13-05-2015,30.0786
12-05-2015,30.1132
11-05-2015,30.1995
08-05-2015,30.084
07-05-2015,30.1433
06-05-2015,30.265
05-05-2015,30.3792
30-04-2015,30.2938
29-04-2015,30.344
28-04-2015,30.4059
27-04-2015,30.385
24-04-2015,30.3648
23-04-2015,30.4143
22-04-2015,30.4246
21-04-2015,30.3763
20-04-2015,30.3488
17-04-2015,30.3326
16-04-2015,30.3239
15-04-2015,30.3318
13-04-2015,30.3007
10-04-2015,30.3051
09-04-2015,30.329
08-04-2015,30.3033
07-04-2015,30.3106
06-04-2015,30.4542
31-03-2015,30.3645
30-03-2015,30.2732
27-03-2015,30.1992
26-03-2015,30.1667
25-03-2015,30.2189
24-03-2015,30.2699
23-03-2015,30.2851
20-03-2015,30.2897
19-03-2015,30.2771
18-03-2015,30.2103
17-03-2015,30.2455
16-03-2015,30.2017
13-03-2015,30.1849
12-03-2015,30.3102
11-03-2015,30.2481
10-03-2015,30.2486
09-03-2015,30.2971
05-03-2015,30.3721
04-03-2015,30.4554
03-03-2015,30.32
02-03-2015,30.3606
27-02-2015,30.3803
26-02-2015,30.3371
25-02-2015,30.3773
24-02-2015,30.3608
23-02-2015,30.3852
20-02-2015,30.3817
18-02-2015,30.3396
16-02-2015,30.3367
13-02-2015,30.3583
12-02-2015,30.233
11-02-2015,30.2674
10-02-2015,30.2864
09-02-2015,30.2825
06-02-2015,30.3103
05-02-2015,30.2944
04-02-2015,30.2577
03-02-2015,30.269
02-02-2015,30.3745
30-01-2015,30.205
29-01-2015,30.1472
28-01-2015,30.1491
27-01-2015,30.1104
23-01-2015,30.0858
22-01-2015,30.0587
21-01-2015,30.0635
20-01-2015,29.9238
19-01-2015,29.8734
16-01-2015,29.9039
15-01-2015,29.8104
14-01-2015,29.5374
13-01-2015,29.5381
12-01-2015,29.4309
09-01-2015,29.3223
08-01-2015,29.293
07-01-2015,29.2784
06-01-2015,29.1852
05-01-2015,29.1934
02-01-2015,29.2191
01-01-2015,29.2557
31-12-2014,29.3009
30-12-2014,29.267
29-12-2014,29.1447
26-12-2014,29.024
24-12-2014,29.0744
23-12-2014,29.1214
22-12-2014,29.0608
19-12-2014,29.0621
18-12-2014,29.1308
17-12-2014,29.0363
16-12-2014,29.0058
15-12-2014,29.3431
12-12-2014,29.339
11-12-2014,29.2255
10-12-2014,29.0797
09-12-2014,29.0813
08-12-2014,28.9846
05-12-2014,28.9177
04-12-2014,28.8111
03-12-2014,28.8002
02-12-2014,28.7785
01-12-2014,28.5223
28-11-2014,28.4024
27-11-2014,28.2406
26-11-2014,28.2318
25-11-2014,28.22
24-11-2014,28.192
21-11-2014,28.1418
20-11-2014,28.1321
19-11-2014,28.1242
18-11-2014,28.1313
17-11-2014,28.0579
14-11-2014,27.973
13-11-2014,27.9839
12-11-2014,28.0822
11-11-2014,28.0407
10-11-2014,28.0528
07-11-2014,27.9772
05-11-2014,28.005
03-11-2014,27.8166
31-10-2014,27.7396
30-10-2014,27.6359
29-10-2014,27.5359
28-10-2014,27.5125
27-10-2014,27.4738
22-10-2014,27.3514
21-10-2014,27.3026
20-10-2014,27.2792
17-10-2014,27.1924
16-10-2014,27.2085
14-10-2014,27.1334
13-10-2014,27.0782
10-10-2014,27.0005
09-10-2014,26.9822
08-10-2014,27.0306
07-10-2014,26.9491
01-10-2014,26.8762
30-09-2014,26.8181
29-09-2014,26.8352
26-09-2014,26.9057
25-09-2014,26.8046
24-09-2014,26.8087
23-09-2014,26.8257
22-09-2014,26.876
19-09-2014,26.829
18-09-2014,26.8293
17-09-2014,26.7311
16-09-2014,26.7241
15-09-2014,26.7064
12-09-2014,26.6906
11-09-2014,26.6745
10-09-2014,26.6151
09-09-2014,26.6396
08-09-2014,26.6652
05-09-2014,26.6151
04-09-2014,26.6054
03-09-2014,26.5995
02-09-2014,26.5992
01-09-2014,26.5503
28-08-2014,26.5276
27-08-2014,26.533
26-08-2014,26.5088
25-08-2014,26.5014
22-08-2014,26.5527
21-08-2014,26.524
20-08-2014,26.5468
19-08-2014,26.4107
14-08-2014,26.3906
13-08-2014,26.3124
12-08-2014,26.2027
11-08-2014,26.2447
08-08-2014,26.1955
07-08-2014,26.1513
06-08-2014,26.1426
05-08-2014,26.1939
04-08-2014,26.3876
01-08-2014,26.3778
31-07-2014,26.3841
30-07-2014,26.3723
28-07-2014,26.4206
25-07-2014,26.4669
24-07-2014,26.5311
23-07-2014,26.5178
22-07-2014,26.4598
21-07-2014,26.4094
18-07-2014,26.2866
17-07-2014,26.3174
16-07-2014,26.2769
15-07-2014,26.2427
14-07-2014,26.1522
11-07-2014,26.1731
10-07-2014,26.1769
09-07-2014,26.2118
08-07-2014,26.2032
07-07-2014,26.2553
04-07-2014,26.2761
03-07-2014,26.2547
02-07-2014,26.2313
01-07-2014,26.1138
30-06-2014,26.1077
27-06-2014,26.0773
26-06-2014,26.1034
25-06-2014,26.1215
24-06-2014,26.1029
23-06-2014,26.012
20-06-2014,26.0736
19-06-2014,26.1063
18-06-2014,26.115
17-06-2014,26.2021
16-06-2014,26.1027
13-06-2014,26.1396
12-06-2014,26.1887
11-06-2014,26.2183
10-06-2014,26.1793
09-06-2014,26.1942
06-06-2014,26.2452
05-06-2014,26.1497
04-06-2014,26.0151
03-06-2014,25.9636
02-06-2014,25.796
30-05-2014,25.8062
29-05-2014,25.7184
28-05-2014,25.6667
27-05-2014,25.6909
26-05-2014,25.6719
23-05-2014,25.7055
22-05-2014,25.5857
21-05-2014,25.4985
20-05-2014,25.3907
19-05-2014,25.3634
16-05-2014,25.3549
15-05-2014,25.3998
13-05-2014,25.3832
12-05-2014,25.4221
09-05-2014,25.376
08-05-2014,25.3464
07-05-2014,25.3041
06-05-2014,25.3214
05-05-2014,25.369
02-05-2014,25.2965
30-04-2014,25.2755
29-04-2014,25.2654
28-04-2014,25.2166
25-04-2014,25.184
23-04-2014,25.2045
22-04-2014,25.1907
21-04-2014,25.1711
17-04-2014,25.1438
16-04-2014,25.0415
15-04-2014,25.0433
11-04-2014,25.041
10-04-2014,25.0431
09-04-2014,25.0282
07-04-2014,24.9812
04-04-2014,24.9653
03-04-2014,24.9563
02-04-2014,24.9748
31-03-2014,25.0246
28-03-2014,25.0097
27-03-2014,25.0106
26-03-2014,25.0005
25-03-2014,24.9987
24-03-2014,24.9612
21-03-2014,24.9061
20-03-2014,24.9124
19-03-2014,24.9051
18-03-2014,24.8741
14-03-2014,24.8458
13-03-2014,24.872
12-03-2014,24.8754
11-03-2014,24.8268
10-03-2014,24.8027
07-03-2014,24.736
06-03-2014,24.7504
05-03-2014,24.6993
04-03-2014,24.6991
03-03-2014,24.6392
28-02-2014,24.6746
26-02-2014,24.5729
25-02-2014,24.6043
24-02-2014,24.5906
21-02-2014,24.6836
20-02-2014,24.6843
18-02-2014,24.695
17-02-2014,24.6554
14-02-2014,24.6421
13-02-2014,24.5799
12-02-2014,24.6328
11-02-2014,24.7212
10-02-2014,24.7913
07-02-2014,24.7588
06-02-2014,24.7624
05-02-2014,24.7684
04-02-2014,24.7853
03-02-2014,24.7173
31-01-2014,24.6716
30-01-2014,24.5953
29-01-2014,24.6495
28-01-2014,24.6779
27-01-2014,24.6747
24-01-2014,24.7133
23-01-2014,24.8307
22-01-2014,24.8869
21-01-2014,24.9608
20-01-2014,25.0147
17-01-2014,24.8341
16-01-2014,24.8276
15-01-2014,24.7848
13-01-2014,24.6688
10-01-2014,24.586
09-01-2014,24.5402
08-01-2014,24.4856
07-01-2014,24.5056
06-01-2014,24.5126
03-01-2014,24.4292
02-01-2014,24.4147
01-01-2014,24.4078
31-12-2013,24.4374
30-12-2013,24.3837
27-12-2013,24.2633
26-12-2013,24.3413
24-12-2013,24.3242
23-12-2013,24.3702
20-12-2013,24.4155
19-12-2013,24.4623
18-12-2013,24.3592
17-12-2013,24.1949
16-12-2013,24.2442
13-12-2013,24.1956
12-12-2013,24.2728
11-12-2013,24.2723
10-12-2013,24.2714
09-12-2013,24.2108
06-12-2013,24.2853
05-12-2013,24.355
04-12-2013,24.3477
03-12-2013,24.3542
02-12-2013,24.3685
29-11-2013,24.3353
28-11-2013,24.3664
27-11-2013,24.3774
26-11-2013,24.2973
25-11-2013,24.2598
22-11-2013,24.2328
21-11-2013,24.2522
20-11-2013,24.3017
19-11-2013,24.3251
18-11-2013,24.3505
14-11-2013,24.2406
13-11-2013,24.3667
12-11-2013,24.1461
11-11-2013,24.2725
08-11-2013,24.22
07-11-2013,24.3877
06-11-2013,24.4268
05-11-2013,24.5397
01-11-2013,24.558
31-10-2013,24.6318
30-10-2013,24.6837
29-10-2013,24.6933
28-10-2013,24.4984
25-10-2013,24.5959
24-10-2013,24.5981
23-10-2013,24.533
22-10-2013,24.5666
21-10-2013,24.5826
18-10-2013,24.6344
17-10-2013,24.5415
15-10-2013,24.4247
14-10-2013,24.5634
11-10-2013,24.6584
10-10-2013,24.706
09-10-2013,24.6695
08-10-2013,24.6055
07-10-2013,24.2941
04-10-2013,24.3287
03-10-2013,24.2703
01-10-2013,24.1151
30-09-2013,24.0315
27-09-2013,24.0563
26-09-2013,24.0191
25-09-2013,23.9576
24-09-2013,23.9651
23-09-2013,23.9767
20-09-2013,24.2209
19-09-2013,24.7511
18-09-2013,24.3821
17-09-2013,24.2496
16-09-2013,24.246
13-09-2013,24.1745
12-09-2013,24.155
11-09-2013,24.192
10-09-2013,24.1736
06-09-2013,23.9969
05-09-2013,24.2576
04-09-2013,24.2841
03-09-2013,24.0539
02-09-2013,24.2483
30-08-2013,23.9245
29-08-2013,23.7871
28-08-2013,23.5074
27-08-2013,23.7603
26-08-2013,24.3915
23-08-2013,24.4548
22-08-2013,24.5137
21-08-2013,24.2342
20-08-2013,23.4562
19-08-2013,22.9591
16-08-2013,23.4334
14-08-2013,23.9992
13-08-2013,24.1192
12-08-2013,24.2862
08-08-2013,24.5629
07-08-2013,24.5231
06-08-2013,24.4451
05-08-2013,24.4347
02-08-2013,24.3293
01-08-2013,24.5862
31-07-2013,24.4475
30-07-2013,24.3595
29-07-2013,24.5162
26-07-2013,24.4857
25-07-2013,24.4632
24-07-2013,24.1833
23-07-2013,24.4599
22-07-2013,24.5563
19-07-2013,24.7504
18-07-2013,24.717
17-07-2013,24.6272
16-07-2013,24.5992
15-07-2013,25.1951
12-07-2013,25.1818
11-07-2013,25.2297
10-07-2013,25.1445
09-07-2013,25.1152
08-07-2013,25.0787
05-07-2013,25.1271
04-07-2013,25.1692
03-07-2013,25.0582
02-07-2013,25.0963
28-06-2013,25.108
27-06-2013,24.9902
26-06-2013,24.9477
25-06-2013,25.0235
24-06-2013,25.0159
21-06-2013,25.1079
20-06-2013,25.067
19-06-2013,25.2685
18-06-2013,25.253
17-06-2013,25.289
14-06-2013,25.1749
13-06-2013,25.1535
12-06-2013,25.197
11-06-2013,25.1741
10-06-2013,25.2298
07-06-2013,25.3137
06-06-2013,25.3491
05-06-2013,25.3392
04-06-2013,25.3651
03-06-2013,25.2512
31-05-2013,25.2493
30-05-2013,25.2699
29-05-2013,25.3437
28-05-2013,25.3872
27-05-2013,25.3898
24-05-2013,25.3598
23-05-2013,25.3009
22-05-2013,25.3032
21-05-2013,25.3171
20-05-2013,25.2888
17-05-2013,25.2022
16-05-2013,25.1572
15-05-2013,25.0165
14-05-2013,24.906
13-05-2013,24.7148
10-05-2013,24.6757
09-05-2013,24.6198
08-05-2013,24.4294
07-05-2013,24.3368
06-05-2013,24.2724
03-05-2013,24.2716
02-05-2013,24.2897
30-04-2013,24.2612
29-04-2013,24.238
26-04-2013,24.2379
25-04-2013,24.206
23-04-2013,24.2337
22-04-2013,24.1619
18-04-2013,24.095
17-04-2013,24.0228
16-04-2013,23.9661
15-04-2013,23.9379
12-04-2013,23.8497
10-04-2013,23.8256
09-04-2013,23.8124
08-04-2013,23.8034
05-04-2013,23.7811
04-04-2013,23.7706
03-04-2013,23.758
02-04-2013,23.745
31-03-2013,23.7607
28-03-2013,23.7463
26-03-2013,23.7188
25-03-2013,23.7017
22-03-2013,23.694
21-03-2013,23.7043
20-03-2013,23.7091
19-03-2013,23.7257
18-03-2013,23.7393
15-03-2013,23.7483
14-03-2013,23.7384
13-03-2013,23.7084
12-03-2013,23.7088
11-03-2013,23.7307
08-03-2013,23.7195
07-03-2013,23.6987
06-03-2013,23.689
05-03-2013,23.6689
04-03-2013,23.653
01-03-2013,23.627
28-02-2013,23.6238
27-02-2013,23.7069
26-02-2013,23.6916
25-02-2013,23.7066
22-02-2013,23.6991
21-02-2013,23.6809
20-02-2013,23.696
18-02-2013,23.6449
15-02-2013,23.6325
14-02-2013,23.649
13-02-2013,23.6073
12-02-2013,23.5529
11-02-2013,23.5754
08-02-2013,23.5828
07-02-2013,23.5314
06-02-2013,23.4527
05-02-2013,23.4131
04-02-2013,23.3797
01-02-2013,23.4101
31-01-2013,23.3886
30-01-2013,23.4256
29-01-2013,23.4832
28-01-2013,23.4751
24-01-2013,23.4292
23-01-2013,23.4585
22-01-2013,23.4986
21-01-2013,23.4957
18-01-2013,23.5056
17-01-2013,23.5172
16-01-2013,23.4463
15-01-2013,23.5646
14-01-2013,23.6218
11-01-2013,23.4693
10-01-2013,23.4303
09-01-2013,23.3917
08-01-2013,23.3686
07-01-2013,23.3557
04-01-2013,23.2659
03-01-2013,23.1967
02-01-2013,23.1228
01-01-2013,23.1123
31-12-2012,22.9611
28-12-2012,22.8872
27-12-2012,22.8572
26-12-2012,22.828
24-12-2012,22.7901
21-12-2012,22.7616
20-12-2012,22.7491
19-12-2012,22.7473
18-12-2012,22.7564
17-12-2012,22.7563
14-12-2012,22.7378
13-12-2012,22.7079
12-12-2012,22.6784
11-12-2012,22.6818
10-12-2012,22.6908
07-12-2012,22.6902
06-12-2012,22.6579
05-12-2012,22.6545
04-12-2012,22.626
03-12-2012,22.5812
30-11-2012,22.5668
29-11-2012,22.4881
27-11-2012,22.5017
26-11-2012,22.4649
23-11-2012,22.4336
22-11-2012,22.4641
21-11-2012,22.5066
20-11-2012,22.5097
19-11-2012,22.5181
16-11-2012,22.5105
15-11-2012,22.5048
12-11-2012,22.4601
09-11-2012,22.4427
08-11-2012,22.4781
07-11-2012,22.4686
06-11-2012,22.4742
05-11-2012,22.4368
02-11-2012,22.3997
01-11-2012,22.4128
31-10-2012,22.3834
30-10-2012,22.4776
29-10-2012,22.5184
25-10-2012,22.5119
23-10-2012,22.4904
22-10-2012,22.4976
19-10-2012,22.4919
18-10-2012,22.4704
17-10-2012,22.4407
16-10-2012,22.4178
15-10-2012,22.3696
12-10-2012,22.3542
11-10-2012,22.3439
10-10-2012,22.3544
09-10-2012,22.363
08-10-2012,22.351
05-10-2012,22.3022
04-10-2012,22.3082
03-10-2012,22.3085
01-10-2012,22.2912
30-09-2012,22.2917
28-09-2012,22.2831
27-09-2012,22.238
26-09-2012,22.2122
25-09-2012,22.2088
24-09-2012,22.2369
21-09-2012,22.1829
20-09-2012,22.174
18-09-2012,22.1393
17-09-2012,22.092
14-09-2012,22.085
13-09-2012,22.0929
12-09-2012,22.0372
11-09-2012,22.0663
10-09-2012,22.0449
07-09-2012,21.9685
06-09-2012,22.0334
05-09-2012,22.0066
04-09-2012,21.9476
03-09-2012,21.936
31-08-2012,21.8765
30-08-2012,21.9514
29-08-2012,21.9784
28-08-2012,21.9727
27-08-2012,21.9395
24-08-2012,21.8931
23-08-2012,21.8609
22-08-2012,21.8723
21-08-2012,21.8354
17-08-2012,21.8311
16-08-2012,21.7723
14-08-2012,21.8235
13-08-2012,21.8412
10-08-2012,21.8948
09-08-2012,21.9275
08-08-2012,21.9201
07-08-2012,21.8986
06-08-2012,21.7982
03-08-2012,21.763
02-08-2012,21.783
01-08-2012,21.7737
31-07-2012,21.7587
30-07-2012,21.8669
27-07-2012,21.8848
26-07-2012,21.8852
25-07-2012,21.8806
24-07-2012,21.9055
23-07-2012,21.9194
20-07-2012,21.8755
19-07-2012,21.854
18-07-2012,21.8717
17-07-2012,21.8308
16-07-2012,21.8558
13-07-2012,21.7803
12-07-2012,21.7791
11-07-2012,21.7573
10-07-2012,21.7294
09-07-2012,21.7361
06-07-2012,21.7084
05-07-2012,21.6812
04-07-2012,21.6863
03-07-2012,21.6647
29-06-2012,21.6574
28-06-2012,21.671
27-06-2012,21.6726
26-06-2012,21.6844
25-06-2012,21.6908
22-06-2012,21.6664
21-06-2012,21.6667
20-06-2012,21.6389
19-06-2012,21.6338
18-06-2012,21.6339
15-06-2012,21.6904
14-06-2012,21.7068
13-06-2012,21.7599
12-06-2012,21.7687
11-06-2012,21.6703
08-06-2012,21.6442
07-06-2012,21.6536
06-06-2012,21.5976
05-06-2012,21.6435
04-06-2012,21.6286
01-06-2012,21.5649
31-05-2012,21.5398
30-05-2012,21.4093
29-05-2012,21.4048
28-05-2012,21.4045
25-05-2012,21.3947
24-05-2012,21.4007
23-05-2012,21.3927
22-05-2012,21.3808
21-05-2012,21.3754
18-05-2012,21.3733
17-05-2012,21.3631
16-05-2012,21.3529
15-05-2012,21.3566
14-05-2012,21.3313
11-05-2012,21.2833
10-05-2012,21.2873
09-05-2012,21.2858
08-05-2012,21.2762
07-05-2012,21.1536
04-05-2012,21.1543
03-05-2012,21.1671
02-05-2012,21.1444
30-04-2012,21.0983
27-04-2012,21.0965
26-04-2012,21.083
25-04-2012,21.1236
24-04-2012,21.1985
23-04-2012,21.1708
20-04-2012,21.1711
19-04-2012,21.2405
18-04-2012,21.2609
17-04-2012,21.2668
16-04-2012,21.2348
13-04-2012,21.2149
12-04-2012,21.2102
11-04-2012,21.1957
10-04-2012,21.1916
09-04-2012,21.1897
04-04-2012,21.1702
03-04-2012,21.1536
31-03-2012,21.1709
30-03-2012,21.1654
29-03-2012,21.1663
28-03-2012,21.1567
27-03-2012,21.1861
26-03-2012,21.2007
22-03-2012,21.2128
21-03-2012,21.1955
20-03-2012,21.1851
19-03-2012,21.1793
16-03-2012,21.163
15-03-2012,21.1893
14-03-2012,21.2657
13-03-2012,21.2257
12-03-2012,21.2396
09-03-2012,21.2354
07-03-2012,21.2642
06-03-2012,21.2666
05-03-2012,21.2653
02-03-2012,21.2594
01-03-2012,21.2332
29-02-2012,21.2797
28-02-2012,21.2554
27-02-2012,21.2314
24-02-2012,21.2183
23-02-2012,21.2484
22-02-2012,21.218
21-02-2012,21.2627
17-02-2012,21.2371
15-02-2012,21.243
14-02-2012,21.2418
13-02-2012,21.2079
10-02-2012,21.2054
09-02-2012,21.1018
08-02-2012,21.1388
07-02-2012,21.1811
06-02-2012,21.1844
03-02-2012,21.203
02-02-2012,21.2217
01-02-2012,21.2102
31-01-2012,21.0911
30-01-2012,21.0663
27-01-2012,21.0013
25-01-2012,21.0227
24-01-2012,20.9704
23-01-2012,21.2144
20-01-2012,21.1845
19-01-2012,21.2047
18-01-2012,21.1764
17-01-2012,21.1425
16-01-2012,21.1315
13-01-2012,21.1508
12-01-2012,21.046
11-01-2012,21.073
10-01-2012,21.0707
09-01-2012,21.1155
06-01-2012,21.0909
05-01-2012,20.9646
04-01-2012,20.9284
03-01-2012,20.934
02-01-2012,20.8828
30-12-2011,20.6914
29-12-2011,20.7184
28-12-2011,20.7472
27-12-2011,20.7362
26-12-2011,20.7611
23-12-2011,20.894
22-12-2011,20.9375
21-12-2011,20.9374
20-12-2011,21.011
19-12-2011,20.9148
16-12-2011,20.8114
15-12-2011,20.6876
14-12-2011,20.684
13-12-2011,20.7576
12-12-2011,20.7155
09-12-2011,20.6094
08-12-2011,20.6212
07-12-2011,20.5784
05-12-2011,20.5543
02-12-2011,20.4545
01-12-2011,20.3879
30-11-2011,20.331
29-11-2011,20.2043
28-11-2011,20.1921
25-11-2011,20.1916
24-11-2011,20.194
23-11-2011,20.1654
22-11-2011,20.1218
21-11-2011,20.1255
18-11-2011,20.103
17-11-2011,20.1254
16-11-2011,20.0276
15-11-2011,20.0294
14-11-2011,19.9586
11-11-2011,19.9487
09-11-2011,19.9565
08-11-2011,19.9796
04-11-2011,20.0059
03-11-2011,20.0511
02-11-2011,20.0505
01-11-2011,20.0333
31-10-2011,20.078
28-10-2011,20.0964
25-10-2011,20.15
24-10-2011,20.1171
21-10-2011,20.1027
20-10-2011,20.1109
19-10-2011,20.1093
18-10-2011,20.1265
17-10-2011,20.1194
14-10-2011,20.0873
13-10-2011,20.1086
12-10-2011,20.097
11-10-2011,20.1358
10-10-2011,20.079
07-10-2011,20.1253
05-10-2011,20.1406
04-10-2011,20.1469
03-10-2011,20.1464
30-09-2011,20.1828
29-09-2011,20.1791
28-09-2011,20.2878
27-09-2011,20.306
26-09-2011,20.3173
23-09-2011,20.3184
22-09-2011,20.3173
21-09-2011,20.2788
20-09-2011,20.2622
19-09-2011,20.2721
16-09-2011,20.2167
15-09-2011,20.2547
14-09-2011,20.2301
13-09-2011,20.2476
12-09-2011,20.283
09-09-2011,20.2466
08-09-2011,20.2607
07-09-2011,20.2394
06-09-2011,20.2458
05-09-2011,20.2626
02-09-2011,20.1803
30-08-2011,20.2018
29-08-2011,20.1912
26-08-2011,20.209
25-08-2011,20.2752
24-08-2011,20.3019
23-08-2011,20.2471
22-08-2011,20.2406
18-08-2011,20.2371
17-08-2011,20.1561
16-08-2011,20.1857
12-08-2011,20.1587
11-08-2011,20.2592
10-08-2011,20.2762
09-08-2011,20.2308
08-08-2011,20.1995
05-08-2011,20.1221
04-08-2011,20.0212
03-08-2011,19.9987
02-08-2011,19.987
01-08-2011,19.9581
29-07-2011,19.9558
28-07-2011,19.9538
27-07-2011,19.9536
26-07-2011,19.9532
25-07-2011,20.0816
22-07-2011,20.0493
21-07-2011,20.0934
20-07-2011,20.0865
19-07-2011,20.0988
18-07-2011,20.1043
15-07-2011,20.077
14-07-2011,20.0897
13-07-2011,20.0346
12-07-2011,20.0485
11-07-2011,20.0096
08-07-2011,19.9792
07-07-2011,19.9657
06-07-2011,19.9781
05-07-2011,19.9667
04-07-2011,19.9654
30-06-2011,19.9955
29-06-2011,19.9991
28-06-2011,20.0199
27-06-2011,20.0362
24-06-2011,20.0423
23-06-2011,20.0259
22-06-2011,20.0275
21-06-2011,20.0412
20-06-2011,20.0526
17-06-2011,20.0061
16-06-2011,19.9778
15-06-2011,19.9345
14-06-2011,19.9616
13-06-2011,20.0444
10-06-2011,20.0413
09-06-2011,20.0077
08-06-2011,20.0163
07-06-2011,19.9854
06-06-2011,20.0135
03-06-2011,19.9882
02-06-2011,19.9547
01-06-2011,19.9112
31-05-2011,19.8585
30-05-2011,19.8367
27-05-2011,19.8133
26-05-2011,19.8381
25-05-2011,19.8438
24-05-2011,19.8313
23-05-2011,19.846
20-05-2011,19.8305
19-05-2011,19.846
18-05-2011,19.8636
16-05-2011,19.8623
13-05-2011,19.8679
12-05-2011,19.8747
11-05-2011,19.856
10-05-2011,19.8555
09-05-2011,19.8536
06-05-2011,19.8521
05-05-2011,19.8425
04-05-2011,19.8363
03-05-2011,19.8514
02-05-2011,19.8666
29-04-2011,19.858
28-04-2011,19.86
27-04-2011,19.8592
26-04-2011,19.8566
25-04-2011,19.8492
21-04-2011,19.8545
20-04-2011,19.8496
19-04-2011,19.8485
18-04-2011,19.8442
15-04-2011,19.8372
13-04-2011,19.8436
11-04-2011,19.8429
08-04-2011,19.847
07-04-2011,19.8672
06-04-2011,19.8623
05-04-2011,19.8589
31-03-2011,19.8238
30-03-2011,19.8093
29-03-2011,19.8274
28-03-2011,19.8386
25-03-2011,19.8266
24-03-2011,19.8047
23-03-2011,19.793
22-03-2011,19.776
21-03-2011,19.7701
18-03-2011,19.7762
17-03-2011,19.7832
16-03-2011,19.7894
15-03-2011,19.79
14-03-2011,19.7792
11-03-2011,19.7833
10-03-2011,19.7862
09-03-2011,19.7685
08-03-2011,19.7706
07-03-2011,19.7444
04-03-2011,19.746
03-03-2011,19.7513
01-03-2011,19.715
28-02-2011,19.7008
25-02-2011,19.6621
24-02-2011,19.6603
23-02-2011,19.6687
22-02-2011,19.668
21-02-2011,19.6535
18-02-2011,19.6288
17-02-2011,19.6381
15-02-2011,19.6223
14-02-2011,19.6233
11-02-2011,19.5816
10-02-2011,19.581
09-02-2011,19.5649
08-02-2011,19.5499
07-02-2011,19.5323
04-02-2011,19.5229
03-02-2011,19.5246
02-02-2011,19.5298
01-02-2011,19.5256
31-01-2011,19.5316
28-01-2011,19.5414
27-01-2011,19.531
25-01-2011,19.5198
24-01-2011,19.48
21-01-2011,19.4804
20-01-2011,19.4923
19-01-2011,19.4769
18-01-2011,19.4756
17-01-2011,19.467
14-01-2011,19.4664
13-01-2011,19.491
12-01-2011,19.4657
11-01-2011,19.4402
10-01-2011,19.4424
07-01-2011,19.452
06-01-2011,19.4635
05-01-2011,19.5073
04-01-2011,19.4925
03-01-2011,19.5405
31-12-2010,19.5625
30-12-2010,19.5552
29-12-2010,19.5672
28-12-2010,19.5618
27-12-2010,19.558
24-12-2010,19.5359
23-12-2010,19.5194
22-12-2010,19.524
21-12-2010,19.5071
20-12-2010,19.4961
16-12-2010,19.5026
15-12-2010,19.3817
14-12-2010,19.3576
13-12-2010,19.3079
10-12-2010,19.3085
09-12-2010,19.2465
08-12-2010,19.2366
07-12-2010,19.2464
06-12-2010,19.1904
03-12-2010,19.2395
02-12-2010,19.3162
01-12-2010,19.2868
30-11-2010,19.317
29-11-2010,19.3436
26-11-2010,19.3738
25-11-2010,19.3388
24-11-2010,19.3173
23-11-2010,19.3483
22-11-2010,19.3224
19-11-2010,19.3081
18-11-2010,19.3133
16-11-2010,19.2629
15-11-2010,19.2631
12-11-2010,19.2523
11-11-2010,19.2416
10-11-2010,19.2636
09-11-2010,19.3065
08-11-2010,19.3365
04-11-2010,19.3376
03-11-2010,19.3469
02-11-2010,19.2925
01-11-2010,19.2357
29-10-2010,19.2275
28-10-2010,19.1914
27-10-2010,19.1986
26-10-2010,19.1582
25-10-2010,19.2195
22-10-2010,19.2111
21-10-2010,19.2333
20-10-2010,19.1925
19-10-2010,19.2112
18-10-2010,19.1801
15-10-2010,19.1984
14-10-2010,19.208
13-10-2010,19.2121
12-10-2010,19.2185
11-10-2010,19.2077
08-10-2010,19.193
07-10-2010,19.211
06-10-2010,19.2145
05-10-2010,19.197
04-10-2010,19.2056
01-10-2010,19.2243
30-09-2010,19.2765
29-09-2010,19.2731
28-09-2010,19.2635
27-09-2010,19.2618
24-09-2010,19.2409
23-09-2010,19.242
22-09-2010,19.2329
21-09-2010,19.2248
20-09-2010,19.2068
17-09-2010,19.1854
16-09-2010,19.1887
15-09-2010,19.1917
14-09-2010,19.1898
13-09-2010,19.1814
09-09-2010,19.1944
08-09-2010,19.1958
07-09-2010,19.1964
06-09-2010,19.1772
03-09-2010,19.1808
02-09-2010,19.1723
01-09-2010,19.1871
31-08-2010,19.2046
30-08-2010,19.1735
27-08-2010,19.1546
26-08-2010,19.147
25-08-2010,19.1352
24-08-2010,19.1329
23-08-2010,19.1203
20-08-2010,19.1139
18-08-2010,19.1194
17-08-2010,19.1272
16-08-2010,19.1352
13-08-2010,19.133
12-08-2010,19.1074
11-08-2010,19.0944
10-08-2010,19.0602
09-08-2010,19.0569
06-08-2010,19.064
05-08-2010,19.0322
04-08-2010,19.05
03-08-2010,19.0549
02-08-2010,19.029
30-07-2010,19.032
29-07-2010,19.0919
28-07-2010,19.1035
27-07-2010,19.1167
26-07-2010,19.1369
23-07-2010,19.1355
22-07-2010,19.1345
21-07-2010,19.1228
20-07-2010,19.1298
19-07-2010,19.1488
16-07-2010,19.1337
15-07-2010,19.1349
14-07-2010,19.1376
13-07-2010,19.1364
12-07-2010,19.1345
09-07-2010,19.1242
08-07-2010,19.1276
07-07-2010,19.126
06-07-2010,19.1227
05-07-2010,19.1254
02-07-2010,19.1217
30-06-2010,19.1159
29-06-2010,19.1117
28-06-2010,19.0951
25-06-2010,19.078
24-06-2010,19.0749
23-06-2010,19.0716
22-06-2010,19.0695
21-06-2010,19.0674
18-06-2010,19.0617
17-06-2010,19.0599
16-06-2010,19.0578
15-06-2010,19.0558
14-06-2010,19.0536
11-06-2010,19.0473
10-06-2010,19.045
09-06-2010,19.0458
08-06-2010,19.0438
07-06-2010,19.0418
04-06-2010,19.0358
03-06-2010,19.0334
02-06-2010,19.0332
01-06-2010,19.0324
31-05-2010,19.0322
28-05-2010,19.0244
26-05-2010,19.0211
25-05-2010,19.0196
24-05-2010,19.0185
21-05-2010,19.0147
20-05-2010,19.0135
19-05-2010,19.0124
18-05-2010,19.0111
17-05-2010,19.01
14-05-2010,19.0062
13-05-2010,19.0049
12-05-2010,19.0036
11-05-2010,19.0023
10-05-2010,19.001
07-05-2010,18.9975
06-05-2010,18.9964
05-05-2010,18.9952
04-05-2010,18.9941
03-05-2010,18.982
30-04-2010,18.9767
29-04-2010,18.9731
28-04-2010,18.9711
27-04-2010,18.9579
26-04-2010,18.9545
23-04-2010,18.9479
22-04-2010,18.9464
21-04-2010,18.9428
20-04-2010,18.9406
19-04-2010,18.9378
16-04-2010,18.9344
15-04-2010,18.9333
13-04-2010,18.9315
12-04-2010,18.9305
09-04-2010,18.9295
08-04-2010,18.9295
07-04-2010,18.9287
06-04-2010,18.9276
05-04-2010,18.9193
31-03-2010,18.9091
30-03-2010,18.9085
29-03-2010,18.8961
26-03-2010,18.8191
25-03-2010,18.7975
23-03-2010,18.8272
22-03-2010,18.816
19-03-2010,18.8391
18-03-2010,18.7609
17-03-2010,18.7103
15-03-2010,18.6464
12-03-2010,18.6186
11-03-2010,18.6501
10-03-2010,18.6559
09-03-2010,18.674
08-03-2010,18.606
05-03-2010,18.6126
04-03-2010,18.6292
03-03-2010,18.6047
02-03-2010,18.5818
26-02-2010,18.6212
25-02-2010,18.653
24-02-2010,18.6667
23-02-2010,18.6718
22-02-2010,18.6373
19-02-2010,18.5906
18-02-2010,18.6105
17-02-2010,18.5893
16-02-2010,18.596
15-02-2010,18.5827
11-02-2010,18.5858
10-02-2010,18.6467
09-02-2010,18.714
08-02-2010,18.7249
05-02-2010,18.7202
04-02-2010,18.7002
03-02-2010,18.6989
02-02-2010,18.6901
01-02-2010,18.7475
29-01-2010,18.7822
28-01-2010,18.8215
27-01-2010,18.8157
25-01-2010,18.7904
22-01-2010,18.807
21-01-2010,18.8083
20-01-2010,18.7423
19-01-2010,18.7238
18-01-2010,18.7475
15-01-2010,18.7075
14-01-2010,18.7261
13-01-2010,18.6377
12-01-2010,18.6192
11-01-2010,18.6625
08-01-2010,18.6485
07-01-2010,18.6144
06-01-2010,18.6607
05-01-2010,18.6698
04-01-2010,18.6872
01-01-2010,18.699
31-12-2009,18.6887
30-12-2009,18.682
29-12-2009,18.6493
24-12-2009,18.6895
23-12-2009,18.6735
22-12-2009,18.6561
21-12-2009,18.6201
18-12-2009,18.613
17-12-2009,18.6948
16-12-2009,18.6166
15-12-2009,18.6704
14-12-2009,18.7006
11-12-2009,18.6739
10-12-2009,18.6774
09-12-2009,18.7227
08-12-2009,18.7602
07-12-2009,18.7214
04-12-2009,18.6884
03-12-2009,18.7653
02-12-2009,18.8085
01-12-2009,18.7833
30-11-2009,18.8635
27-11-2009,18.9184
26-11-2009,18.9421
25-11-2009,18.9063
24-11-2009,18.8667
23-11-2009,18.847
20-11-2009,18.8792
19-11-2009,18.8074
18-11-2009,18.777
17-11-2009,18.7731
16-11-2009,18.7718
13-11-2009,18.7655
12-11-2009,18.7406
11-11-2009,18.7668
10-11-2009,18.7914
09-11-2009,18.7728
06-11-2009,18.7481
05-11-2009,18.74
04-11-2009,18.7376
03-11-2009,18.7715
30-10-2009,18.6957
29-10-2009,18.7238
28-10-2009,18.7098
27-10-2009,18.6558
26-10-2009,18.599
23-10-2009,18.5779
22-10-2009,18.6136
21-10-2009,18.6499
20-10-2009,18.6239
16-10-2009,18.6159
15-10-2009,18.6413
14-10-2009,18.6362
12-10-2009,18.6514
09-10-2009,18.6947
08-10-2009,18.7624
07-10-2009,18.7351
06-10-2009,18.7402
05-10-2009,18.8217
01-10-2009,18.744
30-09-2009,18.7376
29-09-2009,18.7348
25-09-2009,18.7811
24-09-2009,18.8342
23-09-2009,18.8349
22-09-2009,18.8079
18-09-2009,18.8365
17-09-2009,18.78
16-09-2009,18.84
15-09-2009,18.8453
14-09-2009,18.7531
11-09-2009,18.5827
10-09-2009,18.5225
09-09-2009,18.6021
08-09-2009,18.5717
07-09-2009,18.6529
04-09-2009,18.4938
03-09-2009,18.4908
02-09-2009,18.5372
01-09-2009,18.5248
31-08-2009,18.521
28-08-2009,18.5924
27-08-2009,18.6711
26-08-2009,18.8308
25-08-2009,18.645
24-08-2009,18.6394
21-08-2009,18.6767
20-08-2009,18.7573
18-08-2009,18.7775
17-08-2009,18.8393
14-08-2009,18.8071
13-08-2009,18.864
12-08-2009,18.8794
11-08-2009,18.8691
10-08-2009,18.8133
07-08-2009,18.876
06-08-2009,18.8405
05-08-2009,18.8404
04-08-2009,18.9115
03-08-2009,18.902
31-07-2009,18.918
30-07-2009,18.9719
29-07-2009,19.0336
28-07-2009,19.0517
27-07-2009,18.9894
24-07-2009,19.0042
23-07-2009,19.048
22-07-2009,19.0464
21-07-2009,18.9908
20-07-2009,18.9807
17-07-2009,19.0494
16-07-2009,19.0333
15-07-2009,18.9835
14-07-2009,19.0112
13-07-2009,19.0566
10-07-2009,18.9707
09-07-2009,18.9821
08-07-2009,19.0079
07-07-2009,18.968
06-07-2009,19.0236
03-07-2009,19.2821
02-07-2009,19.1957
30-06-2009,19.0332
29-06-2009,19.0425
26-06-2009,18.9926
25-06-2009,18.9717
24-06-2009,18.996
23-06-2009,18.9826
22-06-2009,18.9765
19-06-2009,18.9724
18-06-2009,19.0006
17-06-2009,18.9845
16-06-2009,18.9671
15-06-2009,18.9868
12-06-2009,18.9632
11-06-2009,18.939
10-06-2009,18.9722
09-06-2009,19.027
08-06-2009,19.0486
05-06-2009,19.0656
04-06-2009,19.0996
03-06-2009,19.0799
02-06-2009,19.0311
01-06-2009,19.0202
29-05-2009,19.0115
28-05-2009,18.9912
27-05-2009,19.0485
26-05-2009,19.0975
25-05-2009,19.0938
22-05-2009,19.1677
21-05-2009,19.2252
20-05-2009,19.2965
19-05-2009,19.2583
18-05-2009,19.3476
15-05-2009,19.252
14-05-2009,19.2732
13-05-2009,19.3086
12-05-2009,19.2305
11-05-2009,19.3247
08-05-2009,19.2948
07-05-2009,19.4681
06-05-2009,19.5681
05-05-2009,19.3965
04-05-2009,19.3163
29-04-2009,19.4746
28-04-2009,19.4814
27-04-2009,19.5025
24-04-2009,19.6239
23-04-2009,19.5238
22-04-2009,19.58
21-04-2009,19.5866
20-04-2009,19.4461
17-04-2009,19.4196
16-04-2009,19.3878
15-04-2009,19.2678
13-04-2009,19.1487
09-04-2009,19.1867
08-04-2009,19.0833
06-04-2009,19.0216
02-04-2009,19.0334
01-04-2009,19.0122
31-03-2009,19.0102
30-03-2009,18.9793
27-03-2009,18.9998
26-03-2009,18.9976
25-03-2009,19.115
24-03-2009,19.1483
23-03-2009,19.0549
20-03-2009,19.121
19-03-2009,19.1524
18-03-2009,19.2093
17-03-2009,19.1735
16-03-2009,19.2339
13-03-2009,19.1132
12-03-2009,18.8746
09-03-2009,19.0901
06-03-2009,19.1637
05-03-2009,19.3319
04-03-2009,19.3692
03-03-2009,19.422
02-03-2009,19.475
27-02-2009,19.4205
26-02-2009,19.2605
25-02-2009,19.1685
24-02-2009,19.2851
20-02-2009,19.388
19-02-2009,19.3855
18-02-2009,19.4511
17-02-2009,19.3707
16-02-2009,19.4267
13-02-2009,19.5842
12-02-2009,19.6108
11-02-2009,19.4898
10-02-2009,19.4117
09-02-2009,19.5113
06-02-2009,19.6454
05-02-2009,19.4779
04-02-2009,19.5016
03-02-2009,19.6064
02-02-2009,19.7239
30-01-2009,19.7681
29-01-2009,19.8474
28-01-2009,19.8727
27-01-2009,19.9643
23-01-2009,20.2634
22-01-2009,20.1603
21-01-2009,20.0356
20-01-2009,20.2832
19-01-2009,20.4095
16-01-2009,20.4152
15-01-2009,20.5234
14-01-2009,20.4574
13-01-2009,20.3476
12-01-2009,20.3025
09-01-2009,19.9739
07-01-2009,20.2574
06-01-2009,21.5326
05-01-2009,21.8161
02-01-2009,22.094
01-01-2009,21.6438
31-12-2008,21.6327
30-12-2008,21.5924
29-12-2008,21.1235
26-12-2008,20.9245
24-12-2008,20.9754
23-12-2008,20.7995
22-12-2008,20.8126
19-12-2008,21.1431
18-12-2008,21.2182
17-12-2008,20.9121
16-12-2008,20.6459
15-12-2008,20.4137
12-12-2008,20.3926
11-12-2008,20.0469
10-12-2008,19.9158
08-12-2008,19.8365
05-12-2008,19.7886
04-12-2008,19.6591
03-12-2008,19.7433
02-12-2008,19.4462
01-12-2008,19.3531
28-11-2008,19.2692
26-11-2008,19.2147
25-11-2008,19.0695
24-11-2008,19.109
21-11-2008,19.1018
20-11-2008,18.9956
19-11-2008,18.8414
18-11-2008,18.7822
17-11-2008,18.6911
14-11-2008,18.6893
12-11-2008,18.5449
11-11-2008,18.4675
10-11-2008,18.444
07-11-2008,18.4685
06-11-2008,18.4964
05-11-2008,18.4582
04-11-2008,18.6004
03-11-2008,18.6731
31-10-2008,18.7555
29-10-2008,18.7762
27-10-2008,18.7219
24-10-2008,18.5071
23-10-2008,18.6633
22-10-2008,18.6428
21-10-2008,18.6831
20-10-2008,18.6811
17-10-2008,18.6261
16-10-2008,18.6293
15-10-2008,18.6326
14-10-2008,18.6291
13-10-2008,18.6332
10-10-2008,18.6198
08-10-2008,18.5652
07-10-2008,18.5401
06-10-2008,18.5522
03-10-2008,18.539
01-10-2008,18.5535
30-09-2008,18.5386
29-09-2008,18.5348
26-09-2008,18.5268
25-09-2008,18.524
24-09-2008,18.5115
23-09-2008,18.5495
22-09-2008,18.5413
19-09-2008,18.5401
18-09-2008,18.5352
17-09-2008,18.5498
16-09-2008,18.5765
15-09-2008,18.5681
12-09-2008,18.5315
11-09-2008,18.5478
10-09-2008,18.5214
09-09-2008,18.5222
08-09-2008,18.4993
05-09-2008,18.4886
04-09-2008,18.4873
02-09-2008,18.447
01-09-2008,18.452
29-08-2008,18.4238
28-08-2008,18.4307
27-08-2008,18.4463
26-08-2008,18.4425
25-08-2008,18.4388
22-08-2008,18.4277
21-08-2008,18.4213
20-08-2008,18.4258
19-08-2008,18.429
18-08-2008,18.4256
14-08-2008,18.4013
13-08-2008,18.407
12-08-2008,18.4267
11-08-2008,18.4458
08-08-2008,18.4361
07-08-2008,18.43
06-08-2008,18.4329
05-08-2008,18.4357
04-08-2008,18.4268
01-08-2008,18.4104
31-07-2008,18.4074
30-07-2008,18.4064
29-07-2008,18.3883
28-07-2008,18.4801
25-07-2008,18.4583
24-07-2008,18.4725
23-07-2008,18.475
22-07-2008,18.4659
21-07-2008,18.4643
18-07-2008,18.4541
17-07-2008,18.4492
16-07-2008,18.4434
15-07-2008,18.4392
14-07-2008,18.4378
11-07-2008,18.4271
10-07-2008,18.4246
09-07-2008,18.4213
08-07-2008,18.4177
07-07-2008,18.4151
04-07-2008,18.4082
03-07-2008,18.407
02-07-2008,18.4057
01-07-2008,18.4042
30-06-2008,18.4019
27-06-2008,18.3933
26-06-2008,18.3911
25-06-2008,18.3893
24-06-2008,18.3867
23-06-2008,18.3831
20-06-2008,18.3754
19-06-2008,18.3766
18-06-2008,18.3754
17-06-2008,18.3731
16-06-2008,18.3695
13-06-2008,18.3594
12-06-2008,18.3568
11-06-2008,18.3544
10-06-2008,18.351
09-06-2008,18.3482
06-06-2008,18.3417
05-06-2008,18.34
04-06-2008,18.3388
03-06-2008,18.3369
02-06-2008,18.3348
30-05-2008,18.3244
29-05-2008,18.3172
28-05-2008,18.3227
27-05-2008,18.308
26-05-2008,18.32
23-05-2008,18.3104
22-05-2008,18.3094
21-05-2008,18.3072
20-05-2008,18.3053
16-05-2008,18.2946
15-05-2008,18.2921
14-05-2008,18.2894
13-05-2008,18.2872
12-05-2008,18.2848
09-05-2008,18.2769
08-05-2008,18.2743
07-05-2008,18.2767
06-05-2008,18.2819
05-05-2008,18.2845
02-05-2008,18.2628
30-04-2008,18.2604
29-04-2008,18.2578
28-04-2008,18.2445
25-04-2008,18.2361
24-04-2008,18.2342
23-04-2008,18.2327
22-04-2008,18.2303
21-04-2008,18.2281
17-04-2008,18.2191
16-04-2008,18.2168
15-04-2008,18.2148
11-04-2008,18.2065
10-04-2008,18.2074
09-04-2008,18.2107
08-04-2008,18.2019
07-04-2008,18.1984
04-04-2008,18.2027
03-04-2008,18.2156
02-04-2008,18.2108
01-04-2008,18.2124
31-03-2008,18.2104
28-03-2008,18.2149
27-03-2008,18.2338
26-03-2008,18.2301
25-03-2008,18.233
24-03-2008,18.2378
19-03-2008,18.3181
18-03-2008,18.347
17-03-2008,18.316
14-03-2008,18.3065
13-03-2008,18.3629
12-03-2008,18.4087
11-03-2008,18.3228
10-03-2008,18.3145
07-03-2008,18.3641
05-03-2008,18.4248
04-03-2008,18.3847
03-03-2008,18.4849
29-02-2008,18.4314
28-02-2008,18.3668
27-02-2008,18.3751
26-02-2008,18.3649
25-02-2008,18.4508
22-02-2008,18.3755
21-02-2008,18.5189
20-02-2008,18.43
19-02-2008,18.557
18-02-2008,18.5812
15-02-2008,18.674
14-02-2008,18.8013
13-02-2008,18.8247
12-02-2008,18.8116
11-02-2008,18.8114
08-02-2008,18.7473
07-02-2008,18.7309
06-02-2008,18.6592
05-02-2008,18.5761
04-02-2008,18.5899
01-02-2008,18.6271
31-01-2008,18.6279
30-01-2008,18.5234
29-01-2008,18.5823
28-01-2008,18.6354
25-01-2008,18.6435
24-01-2008,18.6593
23-01-2008,18.6587
22-01-2008,18.5634
21-01-2008,18.5037
18-01-2008,18.4904
17-01-2008,18.4835
16-01-2008,18.4655
15-01-2008,18.5046
14-01-2008,18.5106
11-01-2008,18.426
10-01-2008,18.4636
09-01-2008,18.3825
08-01-2008,18.3679
07-01-2008,18.3689
04-01-2008,18.3102
03-01-2008,18.2969
02-01-2008,18.2969
01-01-2008,18.295
31-12-2007,18.2465
28-12-2007,18.2099
27-12-2007,18.1658
26-12-2007,18.1399
24-12-2007,18.1454
20-12-2007,18.132
19-12-2007,18.1222
18-12-2007,18.1187
17-12-2007,18.1114
14-12-2007,18.0929
13-12-2007,18.0702
12-12-2007,18.0888
11-12-2007,18.073
10-12-2007,18.0686
07-12-2007,18.0561
06-12-2007,18.0653
05-12-2007,18.068
04-12-2007,18.0355
03-12-2007,18.0092
30-11-2007,17.9762
29-11-2007,17.9545
28-11-2007,17.9501
27-11-2007,17.9626
26-11-2007,17.9589
23-11-2007,17.9478
22-11-2007,17.9425
21-11-2007,17.9393
20-11-2007,17.9364
19-11-2007,17.9334
16-11-2007,17.9233
15-11-2007,17.9198
14-11-2007,17.9171
13-11-2007,17.9136
12-11-2007,17.8976
09-11-2007,17.8826
08-11-2007,17.8801
07-11-2007,17.8854
06-11-2007,17.8845
05-11-2007,17.8904
02-11-2007,17.8878
01-11-2007,17.8854
31-10-2007,17.887
30-10-2007,17.8797
29-10-2007,17.8931
26-10-2007,17.8855
25-10-2007,17.8832
24-10-2007,17.8805
23-10-2007,17.8784
22-10-2007,17.8755
19-10-2007,17.8673
18-10-2007,17.8633
17-10-2007,17.8568
16-10-2007,17.8564
15-10-2007,17.8593
12-10-2007,17.8528
11-10-2007,17.8523
10-10-2007,17.8497
09-10-2007,17.847
08-10-2007,17.8433
05-10-2007,17.8367
04-10-2007,17.8401
03-10-2007,17.8491
01-10-2007,17.837
28-09-2007,17.8351
27-09-2007,17.8342
26-09-2007,17.8374
25-09-2007,17.8421
24-09-2007,17.859
21-09-2007,17.8647
20-09-2007,17.8743
19-09-2007,17.8617
18-09-2007,17.842
17-09-2007,17.8428
14-09-2007,17.8473
13-09-2007,17.8258
12-09-2007,17.8373
11-09-2007,17.8268
10-09-2007,17.8514
07-09-2007,17.8352
06-09-2007,17.8128
05-09-2007,17.8169
04-09-2007,17.8186
03-09-2007,17.8284
31-08-2007,17.8172
30-08-2007,17.8038
29-08-2007,17.805
28-08-2007,17.8049
27-08-2007,17.8019
24-08-2007,17.7859
23-08-2007,17.7755
22-08-2007,17.7642
21-08-2007,17.7277
20-08-2007,17.6923
17-08-2007,17.683
16-08-2007,17.6061
14-08-2007,17.6436
13-08-2007,17.6633
10-08-2007,17.6623
09-08-2007,17.6599
08-08-2007,17.7286
07-08-2007,17.8197
06-08-2007,17.7872
03-08-2007,17.7672
02-08-2007,17.7595
01-08-2007,17.7479
31-07-2007,17.7827
30-07-2007,17.8589
27-07-2007,17.7918
26-07-2007,17.8371
25-07-2007,17.8158
24-07-2007,17.861
23-07-2007,17.8877
20-07-2007,17.7855
19-07-2007,17.7604
18-07-2007,17.8179
17-07-2007,17.7453
16-07-2007,17.7256
13-07-2007,17.7127
12-07-2007,17.7157
11-07-2007,17.7085
10-07-2007,17.7129
09-07-2007,17.723
06-07-2007,17.6706
05-07-2007,17.6834
04-07-2007,17.6579
03-07-2007,17.6172
02-07-2007,17.6022
29-06-2007,17.5608
28-06-2007,17.5586
27-06-2007,17.5295
26-06-2007,17.5444
25-06-2007,17.5523
22-06-2007,17.5443
21-06-2007,17.5421
20-06-2007,17.5344
19-06-2007,17.5402
18-06-2007,17.5485
15-06-2007,17.5202
14-06-2007,17.4995
13-06-2007,17.4621
12-06-2007,17.4673
11-06-2007,17.4613
08-06-2007,17.5242
07-06-2007,17.5504
06-06-2007,17.5329
05-06-2007,17.5485
04-06-2007,17.5489
01-06-2007,17.5437
31-05-2007,17.5379
30-05-2007,17.5255
29-05-2007,17.5257
28-05-2007,17.5359
25-05-2007,17.4826
24-05-2007,17.4699
23-05-2007,17.4691
22-05-2007,17.4694
21-05-2007,17.4709
18-05-2007,17.4351
17-05-2007,17.4451
16-05-2007,17.4466
15-05-2007,17.4301
14-05-2007,17.4043
11-05-2007,17.3894
10-05-2007,17.3866
09-05-2007,17.4028
08-05-2007,17.3906
07-05-2007,17.3709
04-05-2007,17.3595
03-05-2007,17.3628
30-04-2007,17.3451
27-04-2007,17.3525
26-04-2007,17.3578
25-04-2007,17.3621
24-04-2007,17.3585
23-04-2007,17.3241
20-04-2007,17.3158
19-04-2007,17.3114
18-04-2007,17.2933
17-04-2007,17.2571
16-04-2007,17.2517
13-04-2007,17.2537
12-04-2007,17.2583
11-04-2007,17.2724
10-04-2007,17.279
09-04-2007,17.2532
05-04-2007,17.2206
04-04-2007,17.2363
03-04-2007,17.2359
02-04-2007,17.2639
30-03-2007,17.2527
29-03-2007,17.2558
28-03-2007,17.2486
26-03-2007,17.2393
23-03-2007,17.2369
22-03-2007,17.2298
21-03-2007,17.1926
20-03-2007,17.1795
19-03-2007,17.1885
16-03-2007,17.1767
15-03-2007,17.18
14-03-2007,17.188
13-03-2007,17.183
12-03-2007,17.1937
09-03-2007,17.1394
08-03-2007,17.1438
07-03-2007,17.1761
06-03-2007,17.1743
05-03-2007,17.1599
02-03-2007,17.1589
01-03-2007,17.164
28-02-2007,17.146
27-02-2007,17.1644
26-02-2007,17.1652
23-02-2007,17.1456
22-02-2007,17.1323
21-02-2007,17.1418
20-02-2007,17.1067
19-02-2007,17.0892
15-02-2007,17.082
14-02-2007,17.0525
13-02-2007,17.1042
12-02-2007,17.1383
09-02-2007,17.136
08-02-2007,17.1378
07-02-2007,17.1459
06-02-2007,17.1364
05-02-2007,17.1452
02-02-2007,17.1375
01-02-2007,17.1228
31-01-2007,17.1196
29-01-2007,17.0776
25-01-2007,17.0689
24-01-2007,17.0712
23-01-2007,17.0646
22-01-2007,17.0535
19-01-2007,17.0695
18-01-2007,17.0601
17-01-2007,17.0587
16-01-2007,17.0716
15-01-2007,17.0636
12-01-2007,17.0383
11-01-2007,17.1103
10-01-2007,17.1072
09-01-2007,17.1125
08-01-2007,17.1131
05-01-2007,17.0929
04-01-2007,17.0842
03-01-2007,17.0877
02-01-2007,17.0854
29-12-2006,17.0585
28-12-2006,17.054
27-12-2006,17.0528
26-12-2006,17.0486
22-12-2006,17.0527
21-12-2006,17.0453
20-12-2006,17.0477
19-12-2006,17.045
18-12-2006,17.033
15-12-2006,17.0008
14-12-2006,16.9704
13-12-2006,16.9905
12-12-2006,16.996
11-12-2006,17.074
08-12-2006,17.162
07-12-2006,17.1541
06-12-2006,17.1625
05-12-2006,17.1617
04-12-2006,17.158
01-12-2006,17.1347
30-11-2006,17.1339
29-11-2006,17.1484
28-11-2006,17.1545
27-11-2006,17.1508
24-11-2006,17.1021
23-11-2006,17.0901
22-11-2006,17.086
21-11-2006,17.0713
20-11-2006,17.0578
17-11-2006,16.989
16-11-2006,16.9763
15-11-2006,16.9814
14-11-2006,16.9607
13-11-2006,16.9434
10-11-2006,16.9332
09-11-2006,16.9277
08-11-2006,16.9316
07-11-2006,16.919
06-11-2006,16.9055
03-11-2006,16.8946
02-11-2006,16.8961
01-11-2006,16.8923
31-10-2006,16.8865
30-10-2006,16.8902
27-10-2006,16.8862
26-10-2006,16.8805
23-10-2006,16.8675
20-10-2006,16.8608
19-10-2006,16.8525
18-10-2006,16.8485
17-10-2006,16.847
16-10-2006,16.8468
13-10-2006,16.8505
12-10-2006,16.8616
11-10-2006,16.8443
10-10-2006,16.856
09-10-2006,16.8337
06-10-2006,16.852
05-10-2006,16.8551
04-10-2006,16.8529
03-10-2006,16.8396
29-09-2006,16.8049
28-09-2006,16.8172
27-09-2006,16.8463
26-09-2006,16.858
25-09-2006,16.8398
22-09-2006,16.8286
21-09-2006,16.7984
20-09-2006,16.8285
19-09-2006,16.7934
18-09-2006,16.779
15-09-2006,16.7598
14-09-2006,16.7685
13-09-2006,16.7881
12-09-2006,16.7738
11-09-2006,16.8309
08-09-2006,16.8323
07-09-2006,16.7631
06-09-2006,16.7567
05-09-2006,16.7613
04-09-2006,16.7719
01-09-2006,16.6606
31-08-2006,16.651
30-08-2006,16.6335
29-08-2006,16.6213
28-08-2006,16.6193
25-08-2006,16.6084
24-08-2006,16.6309
23-08-2006,16.5987
22-08-2006,16.5892
21-08-2006,16.5845
18-08-2006,16.5769
17-08-2006,16.5788
16-08-2006,16.5537
14-08-2006,16.5462
11-08-2006,16.5396
10-08-2006,16.5374
09-08-2006,16.5351
08-08-2006,16.519
07-08-2006,16.5141
04-08-2006,16.5056
03-08-2006,16.5034
02-08-2006,16.5013
01-08-2006,16.4991
31-07-2006,16.4971
28-07-2006,16.4905
27-07-2006,16.4883
26-07-2006,16.4861
25-07-2006,16.4847
24-07-2006,16.486
21-07-2006,16.4789
20-07-2006,16.4711
19-07-2006,16.4696
18-07-2006,16.4672
17-07-2006,16.4646
14-07-2006,16.4592
13-07-2006,16.458
12-07-2006,16.453
11-07-2006,16.4514
10-07-2006,16.4502
07-07-2006,16.4479
06-07-2006,16.4474
05-07-2006,16.4501
04-07-2006,16.4473
03-07-2006,16.4455
30-06-2006,16.4383
29-06-2006,16.4375
28-06-2006,16.4385
27-06-2006,16.4343
26-06-2006,16.4263
23-06-2006,16.4292
22-06-2006,16.4495
21-06-2006,16.4515
20-06-2006,16.4487
19-06-2006,16.4457
16-06-2006,16.4441
15-06-2006,16.4423
14-06-2006,16.439
13-06-2006,16.4328
12-06-2006,16.4357
09-06-2006,16.429
08-06-2006,16.4403
07-06-2006,16.4371
06-06-2006,16.4362
05-06-2006,16.4374
02-06-2006,16.4289
01-06-2006,16.4268
31-05-2006,16.4268
30-05-2006,16.4257
29-05-2006,16.4251
26-05-2006,16.4194
25-05-2006,16.4166
24-05-2006,16.4141
23-05-2006,16.4119
22-05-2006,16.4111
19-05-2006,16.4033
18-05-2006,16.3966
17-05-2006,16.402
16-05-2006,16.4049
15-05-2006,16.4007
12-05-2006,16.4134
11-05-2006,16.4176
10-05-2006,16.4224
09-05-2006,16.4203
08-05-2006,16.411
05-05-2006,16.4057
04-05-2006,16.4053
03-05-2006,16.4026
02-05-2006,16.4119
28-04-2006,16.4375
27-04-2006,16.4209
26-04-2006,16.4251
25-04-2006,16.451
24-04-2006,16.4505
21-04-2006,16.4459
20-04-2006,16.441
19-04-2006,16.4504
18-04-2006,16.4097
17-04-2006,16.3884
13-04-2006,16.3843
12-04-2006,16.3828
10-04-2006,16.3777
07-04-2006,16.3707
05-04-2006,16.3666
04-04-2006,16.3568
03-04-2006,16.3535
31-03-2006,16.3465
29-03-2006,16.3515
28-03-2006,16.3621
27-03-2006,16.3585
24-03-2006,16.3566
23-03-2006,16.3527
22-03-2006,16.3437
21-03-2006,16.3431
20-03-2006,16.3387
17-03-2006,16.3296
16-03-2006,16.3261
14-03-2006,16.3176
13-03-2006,16.3145
10-03-2006,16.3081
09-03-2006,16.3122
08-03-2006,16.3056
07-03-2006,16.2999
06-03-2006,16.2881
03-03-2006,16.2921
02-03-2006,16.3008
01-03-2006,16.2985
28-02-2006,16.3037
27-02-2006,16.308
24-02-2006,16.2887
23-02-2006,16.2951
22-02-2006,16.3037
21-02-2006,16.32
20-02-2006,16.3189
17-02-2006,16.3135
16-02-2006,16.3211
15-02-2006,16.3032
14-02-2006,16.3066
13-02-2006,16.3198
10-02-2006,16.3061
08-02-2006,16.3011
07-02-2006,16.3042
06-02-2006,16.3115
03-02-2006,16.2914
02-02-2006,16.2634
01-02-2006,16.2923
31-01-2006,16.288
30-01-2006,16.2515
27-01-2006,16.2117
25-01-2006,16.2328
24-01-2006,16.3176
23-01-2006,16.3903
20-01-2006,16.3822
19-01-2006,16.3735
18-01-2006,16.3779
17-01-2006,16.3834
16-01-2006,16.3772
13-01-2006,16.366
12-01-2006,16.3712
10-01-2006,16.3688
09-01-2006,16.3669
06-01-2006,16.3655
05-01-2006,16.3681
04-01-2006,16.3614
03-01-2006,16.3607
02-01-2006,16.3585
30-12-2005,16.3341
29-12-2005,16.3333
28-12-2005,16.3298
27-12-2005,16.3213
26-12-2005,16.3157
23-12-2005,16.311
22-12-2005,16.3011
21-12-2005,16.3001
20-12-2005,16.2918
19-12-2005,16.2959
16-12-2005,16.2926
15-12-2005,16.3005
14-12-2005,16.2932
13-12-2005,16.282
12-12-2005,16.2799
09-12-2005,16.2762
08-12-2005,16.282
07-12-2005,16.2781
06-12-2005,16.2759
05-12-2005,16.2743
02-12-2005,16.2616
01-12-2005,16.263
30-11-2005,16.2593
29-11-2005,16.2651
28-11-2005,16.258
25-11-2005,16.2427
24-11-2005,16.261
23-11-2005,16.2519
22-11-2005,16.2317
21-11-2005,16.2206
18-11-2005,16.2115
17-11-2005,16.2091
16-11-2005,16.2024
14-11-2005,16.2016
11-11-2005,16.1881
10-11-2005,16.1827
09-11-2005,16.1758
08-11-2005,16.1661
07-11-2005,16.1687
03-11-2005,16.1757
02-11-2005,16.1683
31-10-2005,16.1633
28-10-2005,16.1631
27-10-2005,16.1617
26-10-2005,16.1583
25-10-2005,16.1532
24-10-2005,16.1405
21-10-2005,16.1245
20-10-2005,16.0995
19-10-2005,16.0991
18-10-2005,16.1058
17-10-2005,16.1144
14-10-2005,16.1142
13-10-2005,16.1047
11-10-2005,16.1036
10-10-2005,16.091
07-10-2005,16.0861
06-10-2005,16.0638
05-10-2005,16.0724
04-10-2005,16.0746
03-10-2005,16.073
30-09-2005,16.0796
29-09-2005,16.0844
28-09-2005,16.0896
27-09-2005,16.0787
26-09-2005,16.097
23-09-2005,16.0915
22-09-2005,16.0958
21-09-2005,16.1075
20-09-2005,16.1089
19-09-2005,16.1052
16-09-2005,16.097
15-09-2005,16.1
14-09-2005,16.0917
13-09-2005,16.0841
12-09-2005,16.0825
09-09-2005,16.0701
08-09-2005,16.0786
06-09-2005,16.0751
05-09-2005,16.0681
02-09-2005,16.0498
01-09-2005,16.0329
31-08-2005,16.024
30-08-2005,16.0219
29-08-2005,16.024
26-08-2005,16.0195
25-08-2005,16.0073
24-08-2005,16.0072
23-08-2005,16.0057
22-08-2005,16.0132
19-08-2005,16.0061
18-08-2005,15.9987
17-08-2005,15.9983
16-08-2005,15.9845
12-08-2005,16.0003
11-08-2005,16.0044
10-08-2005,16.0016
09-08-2005,15.9838
08-08-2005,15.999
05-08-2005,16.0006
04-08-2005,16.0078
03-08-2005,15.9972
02-08-2005,16.0007
01-08-2005,15.9924
29-07-2005,16.0051
26-07-2005,16.0107
25-07-2005,15.8899
22-07-2005,15.8909
21-07-2005,15.8956
20-07-2005,15.8771
19-07-2005,15.8743
18-07-2005,15.8841
15-07-2005,15.8584
14-07-2005,15.8488
13-07-2005,15.8376
12-07-2005,15.8393
11-07-2005,15.8256
08-07-2005,15.8417
07-07-2005,15.848
06-07-2005,15.8686
05-07-2005,15.8626
04-07-2005,15.8664
01-07-2005,15.8909
30-06-2005,15.9078
29-06-2005,15.9142
28-06-2005,15.9027
27-06-2005,15.8815
24-06-2005,15.9069
23-06-2005,15.9116
22-06-2005,15.9071
21-06-2005,15.8765
20-06-2005,15.8628
17-06-2005,15.8416
16-06-2005,15.8244
15-06-2005,15.8442
14-06-2005,15.8357
13-06-2005,15.8469
10-06-2005,15.8532
09-06-2005,15.8681
08-06-2005,15.8888
07-06-2005,15.8467
06-06-2005,15.8077
03-06-2005,15.8036
02-06-2005,15.7842
01-06-2005,15.7744
31-05-2005,15.7558
30-05-2005,15.7494
27-05-2005,15.7499
26-05-2005,15.7493
25-05-2005,15.7629
24-05-2005,15.767
20-05-2005,15.7297
19-05-2005,15.7137
18-05-2005,15.6868
17-05-2005,15.6893
16-05-2005,15.6769
13-05-2005,15.6789
12-05-2005,15.66
11-05-2005,15.6564
10-05-2005,15.6395
09-05-2005,15.6265
06-05-2005,15.6151
05-05-2005,15.6182
04-05-2005,15.6163
03-05-2005,15.6012
02-05-2005,15.582
29-04-2005,15.6267
28-04-2005,15.6244
27-04-2005,15.6694
26-04-2005,15.6649
25-04-2005,15.6524
21-04-2005,15.6694
20-04-2005,15.6744
19-04-2005,15.6643
15-04-2005,15.6537
13-04-2005,15.6735
12-04-2005,15.6637
11-04-2005,15.6553
08-04-2005,15.6399
07-04-2005,15.6575
06-04-2005,15.7171
05-04-2005,15.7495
04-04-2005,15.7435
01-04-2005,15.7837
31-03-2005,15.7897
30-03-2005,15.7915
29-03-2005,15.7861
28-03-2005,15.7944
24-03-2005,15.774
23-03-2005,15.7443
22-03-2005,15.7484
21-03-2005,15.7464
18-03-2005,15.7628
17-03-2005,15.7381
16-03-2005,15.7714
15-03-2005,15.7687
14-03-2005,15.7913
11-03-2005,15.7911
10-03-2005,15.7763
09-03-2005,15.7879
07-03-2005,15.7995
04-03-2005,15.7451
03-03-2005,15.7408
02-03-2005,15.7222
01-03-2005,15.7122
28-02-2005,15.7645
25-02-2005,15.7893
24-02-2005,15.7891
23-02-2005,15.7844
22-02-2005,15.7846
21-02-2005,15.7794
18-02-2005,15.777
17-02-2005,15.773
16-02-2005,15.7551
15-02-2005,15.7551
14-02-2005,15.757
11-02-2005,15.7745
10-02-2005,15.7704
09-02-2005,15.7347
08-02-2005,15.7258
07-02-2005,15.7246
04-02-2005,15.6429
03-02-2005,15.6409
02-02-2005,15.6573
01-02-2005,15.6354
31-01-2005,15.6409
28-01-2005,15.6168
27-01-2005,15.6049
25-01-2005,15.5995
24-01-2005,15.601
20-01-2005,15.6028
19-01-2005,15.5899
18-01-2005,15.6037
17-01-2005,15.621
14-01-2005,15.6438
13-01-2005,15.6777
12-01-2005,15.673
11-01-2005,15.6868
10-01-2005,15.6642
07-01-2005,15.6861
06-01-2005,15.6533
05-01-2005,15.6742
04-01-2005,15.716
03-01-2005,15.6838
31-12-2004,15.6146
30-12-2004,15.6508
29-12-2004,15.6707
28-12-2004,15.6746
27-12-2004,15.6545
24-12-2004,15.6454
23-12-2004,15.6473
22-12-2004,15.6125
21-12-2004,15.5896
20-12-2004,15.5665
17-12-2004,15.5674
16-12-2004,15.5571
15-12-2004,15.5543
14-12-2004,15.5524
13-12-2004,15.5666
10-12-2004,15.599
09-12-2004,15.5643
08-12-2004,15.5576
07-12-2004,15.5436
06-12-2004,15.5529
03-12-2004,15.5374
02-12-2004,15.5498
01-12-2004,15.5024
30-11-2004,15.3767
29-11-2004,15.3614
25-11-2004,15.3552
24-11-2004,15.3562
23-11-2004,15.3604
22-11-2004,15.3868
19-11-2004,15.3785
18-11-2004,15.3653
17-11-2004,15.3375
16-11-2004,15.3446
11-11-2004,15.2984
10-11-2004,15.3239
09-11-2004,15.3162
08-11-2004,15.2609
05-11-2004,15.316
04-11-2004,15.438
03-11-2004,15.4437
02-11-2004,15.4429
01-11-2004,15.4418
29-10-2004,15.4607
28-10-2004,15.4284
27-10-2004,15.4478
26-10-2004,15.4698
25-10-2004,15.5202
21-10-2004,15.4658
20-10-2004,15.4518
19-10-2004,15.4441
18-10-2004,15.4372
15-10-2004,15.4271
14-10-2004,15.4198
12-10-2004,15.4002
11-10-2004,15.388
08-10-2004,15.4272
07-10-2004,15.435
06-10-2004,15.4597
05-10-2004,15.4596
04-10-2004,15.4813
01-10-2004,15.4889
30-09-2004,15.5273
29-09-2004,15.5289
28-09-2004,15.5433
27-09-2004,15.5823
24-09-2004,15.6017
23-09-2004,15.5975
22-09-2004,15.5515
21-09-2004,15.5511
20-09-2004,15.5489
17-09-2004,15.5457
16-09-2004,15.5427
15-09-2004,15.5346
14-09-2004,15.5401
13-09-2004,15.5309
10-09-2004,15.5927
09-09-2004,15.5873
08-09-2004,15.5936
07-09-2004,15.5895
06-09-2004,15.6022
03-09-2004,15.5578
02-09-2004,15.503
01-09-2004,15.5304
31-08-2004,15.4901
30-08-2004,15.4662
27-08-2004,15.4817
26-08-2004,15.4061
25-08-2004,15.43
24-08-2004,15.4182
23-08-2004,15.3912
19-08-2004,15.3426
18-08-2004,15.2782
17-08-2004,15.3644
16-08-2004,15.3469
13-08-2004,15.3511
12-08-2004,15.3208
11-08-2004,15.3536
10-08-2004,15.3649
09-08-2004,15.3875
06-08-2004,15.4844
05-08-2004,15.545
04-08-2004,15.5417
03-08-2004,15.521
02-08-2004,15.5219
30-07-2004,15.542
29-07-2004,15.5079
28-07-2004,15.5824
27-07-2004,15.6377
26-07-2004,15.6507
23-07-2004,15.6367
22-07-2004,15.6393
21-07-2004,15.6759
20-07-2004,15.6681
19-07-2004,15.6741
16-07-2004,15.6233
15-07-2004,15.6315
14-07-2004,15.6764
13-07-2004,15.6934
12-07-2004,15.669
09-07-2004,15.68
08-07-2004,15.6779
07-07-2004,15.7245
06-07-2004,15.7398
05-07-2004,15.739
02-07-2004,15.6987
01-07-2004,15.6771
30-06-2004,15.681
29-06-2004,15.674
28-06-2004,15.6933
25-06-2004,15.672
24-06-2004,15.6955
23-06-2004,15.7292
22-06-2004,15.7052
21-06-2004,15.8143
18-06-2004,15.8975
17-06-2004,15.9602
16-06-2004,15.9689
15-06-2004,15.9037
14-06-2004,15.9317
11-06-2004,16.0082
10-06-2004,15.9993
09-06-2004,16.0411
08-06-2004,16.0549
07-06-2004,16.0576
04-06-2004,16.0522
03-06-2004,16.0356
02-06-2004,16.0169
01-06-2004,16.0383
31-05-2004,16.0402
28-05-2004,16.0742
27-05-2004,16.1183
26-05-2004,16.1406
25-05-2004,16.149
24-05-2004,16.1531
21-05-2004,16.1385
20-05-2004,16.147
19-05-2004,16.1449
18-05-2004,16.1358
17-05-2004,16.0594
14-05-2004,16.0858
13-05-2004,16.1426
12-05-2004,16.1419
11-05-2004,16.1319
10-05-2004,16.1253
07-05-2004,16.1924
06-05-2004,16.2104
05-05-2004,16.2134
03-05-2004,16.195
30-04-2004,16.195
29-04-2004,16.1591
28-04-2004,16.1841
27-04-2004,16.19
23-04-2004,16.2364
22-04-2004,16.2397
21-04-2004,16.2311
20-04-2004,16.2396
19-04-2004,16.2336
16-04-2004,16.2312
15-04-2004,16.2203
13-04-2004,16.2117
12-04-2004,16.2153
08-04-2004,16.1736
07-04-2004,16.1568
06-04-2004,16.1451
05-04-2004,16.1464
02-04-2004,16.1597
31-03-2004,16.0967
29-03-2004,16.0824
26-03-2004,16.0757
25-03-2004,16.053
24-03-2004,16.04
23-03-2004,16.0309
22-03-2004,16.0435
19-03-2004,16.0434
18-03-2004,16.0168
17-03-2004,16.0143
16-03-2004,15.9891
15-03-2004,15.9868
12-03-2004,15.9979
11-03-2004,15.9498
10-03-2004,15.9461
09-03-2004,15.9248
08-03-2004,15.9112
05-03-2004,15.8801
04-03-2004,15.8829
03-03-2004,15.8716
01-03-2004,15.8527
27-02-2004,15.835
26-02-2004,15.8411
25-02-2004,15.8573
24-02-2004,15.8561
23-02-2004,15.8224
20-02-2004,15.7942
19-02-2004,15.7713
17-02-2004,15.8006
16-02-2004,15.769
13-02-2004,15.8126
12-02-2004,15.8279
11-02-2004,15.8246
10-02-2004,15.8501
09-02-2004,15.8717
06-02-2004,15.8608
05-02-2004,15.8714
04-02-2004,15.9036
03-02-2004,15.8726
30-01-2004,15.849
29-01-2004,15.8772
28-01-2004,15.9105
27-01-2004,15.9169
23-01-2004,15.9132
22-01-2004,15.9119
21-01-2004,15.9097
20-01-2004,15.9084
19-01-2004,15.9124
16-01-2004,15.9133
15-01-2004,15.9064
14-01-2004,15.9229
13-01-2004,15.9227
12-01-2004,15.9092
09-01-2004,15.9373
08-01-2004,15.9442
07-01-2004,15.9308
06-01-2004,15.9084
05-01-2004,15.9297
02-01-2004,15.9341
01-01-2004,15.8855
31-12-2003,15.8944
30-12-2003,15.9354
29-12-2003,15.9166
26-12-2003,15.9303
24-12-2003,15.8525
23-12-2003,15.8484
22-12-2003,15.8365
19-12-2003,15.8283
18-12-2003,15.8112
17-12-2003,15.7344
16-12-2003,15.6969
15-12-2003,15.6991
12-12-2003,15.7412
11-12-2003,15.6927
10-12-2003,15.679
09-12-2003,15.7113
08-12-2003,15.7254
05-12-2003,15.7172
04-12-2003,15.6683
03-12-2003,15.734
02-12-2003,15.6894
01-12-2003,15.6655
28-11-2003,15.7615
27-11-2003,15.7992
25-11-2003,15.766
24-11-2003,15.7926
21-11-2003,15.8029
20-11-2003,15.8223
19-11-2003,15.815
18-11-2003,15.7856
17-11-2003,15.7562
14-11-2003,15.8537
13-11-2003,15.8716
12-11-2003,15.9178
11-11-2003,15.9441
10-11-2003,15.9446
07-11-2003,15.9166
06-11-2003,15.9335
05-11-2003,15.9599
04-11-2003,15.9004
03-11-2003,15.8358
31-10-2003,15.8523
30-10-2003,15.8922
29-10-2003,15.8723
28-10-2003,15.7339
27-10-2003,15.8406
24-10-2003,15.8762
23-10-2003,15.8279
22-10-2003,15.9293
21-10-2003,16.0242
20-10-2003,16.0507
17-10-2003,16.1249
16-10-2003,16.1494
15-10-2003,16.0854
14-10-2003,16.0307
13-10-2003,16.0026
10-10-2003,15.9704
09-10-2003,15.9755
08-10-2003,15.9703
07-10-2003,15.9713
06-10-2003,15.9003
03-10-2003,15.8381
01-10-2003,15.8378
30-09-2003,15.8167
29-09-2003,15.724
26-09-2003,15.6836
25-09-2003,15.6899
24-09-2003,15.6568
23-09-2003,15.617
22-09-2003,15.6171
19-09-2003,15.6092
18-09-2003,15.6075
17-09-2003,15.6274
16-09-2003,15.6151
15-09-2003,15.5912
12-09-2003,15.5902
11-09-2003,15.5714
10-09-2003,15.5934
09-09-2003,15.625
08-09-2003,15.6314
05-09-2003,15.6326
04-09-2003,15.6389
03-09-2003,15.6347
02-09-2003,15.6351
01-09-2003,15.6446
29-08-2003,15.6494
28-08-2003,15.669
27-08-2003,15.6645
26-08-2003,15.6738
25-08-2003,15.6014
22-08-2003,15.3403
21-08-2003,15.3756
20-08-2003,15.3806
19-08-2003,15.3818
18-08-2003,15.3777
14-08-2003,15.3666
13-08-2003,15.3881
12-08-2003,15.3802
11-08-2003,15.3816
08-08-2003,15.3574
07-08-2003,15.3469
06-08-2003,15.3406
05-08-2003,15.3315
04-08-2003,15.3261
01-08-2003,15.3093
31-07-2003,15.2808
30-07-2003,15.2629
29-07-2003,15.2634
28-07-2003,15.258
25-07-2003,15.2541
24-07-2003,15.2206
23-07-2003,15.1947
22-07-2003,15.1769
21-07-2003,15.1779
18-07-2003,15.152
17-07-2003,15.1416
16-07-2003,15.1467
15-07-2003,15.1474
14-07-2003,15.1407
11-07-2003,15.13
10-07-2003,15.1271
09-07-2003,15.1277
08-07-2003,15.1068
07-07-2003,15.1088
04-07-2003,15.1085
02-07-2003,15.1123
01-07-2003,15.1058
30-06-2003,15.0969
27-06-2003,15.0968
26-06-2003,15.0882
25-06-2003,15.1172
24-06-2003,15.1057
23-06-2003,15.1017
20-06-2003,15.0855
19-06-2003,15.0699
18-06-2003,15.0664
17-06-2003,15.068
16-06-2003,15.056
13-06-2003,15.0327
12-06-2003,15.0333
11-06-2003,15.031
10-06-2003,15.0203
09-06-2003,15.0318
06-06-2003,15.0223
05-06-2003,15.0201
04-06-2003,15.0041
03-06-2003,14.9881
02-06-2003,14.9788
30-05-2003,14.9933
29-05-2003,14.9803
28-05-2003,14.9993
27-05-2003,14.9865
26-05-2003,14.9969
23-05-2003,14.9742
22-05-2003,14.9409
21-05-2003,14.9277
20-05-2003,14.892
19-05-2003,14.8854
14-05-2003,14.8447
13-05-2003,14.8417
12-05-2003,14.8277
09-05-2003,14.8254
08-05-2003,14.8202
07-05-2003,14.7945
06-05-2003,14.7895
05-05-2003,14.7903
02-05-2003,14.7575
30-04-2003,14.7938
29-04-2003,14.7537
28-04-2003,14.7925
25-04-2003,14.7906
24-04-2003,14.7559
23-04-2003,14.7827
22-04-2003,14.796
21-04-2003,14.8119
17-04-2003,14.8127
16-04-2003,14.8048
10-04-2003,14.799
09-04-2003,14.7787
08-04-2003,14.7077
07-04-2003,14.7087
04-04-2003,14.6833
03-04-2003,14.6858
01-04-2003,14.543
31-03-2003,14.4919
28-03-2003,14.3603
27-03-2003,14.3767
26-03-2003,14.3287
25-03-2003,14.3199
24-03-2003,14.3043
21-03-2003,14.3939
20-03-2003,14.2284
19-03-2003,14.2254
17-03-2003,14.2134
13-03-2003,14.2766
12-03-2003,14.2552
11-03-2003,14.1979
10-03-2003,14.145
07-03-2003,14.1912
06-03-2003,14.342
05-03-2003,14.2988
04-03-2003,14.3667
03-03-2003,14.5323
28-02-2003,14.6867
27-02-2003,14.1985
26-02-2003,14.2091
25-02-2003,14.1575
24-02-2003,14.0644
21-02-2003,14.1
20-02-2003,14.1537
19-02-2003,14.2128
18-02-2003,14.2762
17-02-2003,14.3338
14-02-2003,13.9974
12-02-2003,14.0255
11-02-2003,14.1597
10-02-2003,14.2312
07-02-2003,14.2538
06-02-2003,14.4204
05-02-2003,14.4455
04-02-2003,14.4836
03-02-2003,14.4982
31-01-2003,14.36
30-01-2003,14.4334
29-01-2003,14.6142
28-01-2003,14.5189
27-01-2003,14.6303
24-01-2003,14.7199
23-01-2003,14.7814
22-01-2003,14.807
21-01-2003,14.7967
20-01-2003,14.7881
17-01-2003,14.783
16-01-2003,14.7295
15-01-2003,14.7123
14-01-2003,14.7458
13-01-2003,14.6877
10-01-2003,14.658
09-01-2003,14.6378
08-01-2003,14.6539
07-01-2003,14.6638
06-01-2003,14.659
03-01-2003,14.6299
02-01-2003,14.6629
01-01-2003,14.6044
31-12-2002,14.5714
30-12-2002,14.5247
27-12-2002,14.4034
26-12-2002,14.3523
24-12-2002,14.3241
23-12-2002,14.2975
20-12-2002,14.2653
19-12-2002,14.2433
18-12-2002,14.2382
17-12-2002,14.2386
16-12-2002,14.2111
13-12-2002,14.1781
12-12-2002,14.1626
11-12-2002,14.1295
10-12-2002,14.1244
09-12-2002,14.1432
06-12-2002,14.1502
05-12-2002,14.1487
04-12-2002,14.1474
03-12-2002,14.1325
02-12-2002,14.1115
29-11-2002,14.0746
28-11-2002,14.1509
27-11-2002,14.141
26-11-2002,14.1045
25-11-2002,14.0894
22-11-2002,14.07
21-11-2002,13.9958
20-11-2002,13.975
18-11-2002,13.9478
15-11-2002,13.9517
14-11-2002,13.8715
13-11-2002,13.797
12-11-2002,13.7639
11-11-2002,13.7468
08-11-2002,13.7309
07-11-2002,13.7418
06-11-2002,13.7013
05-11-2002,13.693
01-11-2002,13.6429
31-10-2002,13.6396
30-10-2002,13.6386
29-10-2002,13.5916
28-10-2002,13.5319
25-10-2002,13.5255
24-10-2002,13.534
23-10-2002,13.5306
22-10-2002,13.5306
21-10-2002,13.5392
18-10-2002,13.5349
17-10-2002,13.5079
16-10-2002,13.4944
14-10-2002,13.4911
11-10-2002,13.4772
10-10-2002,13.4748
09-10-2002,13.4711
08-10-2002,13.4718
07-10-2002,13.4603
04-10-2002,13.4403
03-10-2002,13.4338
01-10-2002,13.4141
30-09-2002,13.3962
27-09-2002,13.3915
26-09-2002,13.3766
25-09-2002,13.3742
24-09-2002,13.3795
23-09-2002,13.3805
20-09-2002,13.3714
19-09-2002,13.3751
18-09-2002,13.3748
17-09-2002,13.3666
16-09-2002,13.3485
13-09-2002,13.3579
12-09-2002,13.3648
11-09-2002,13.3521
09-09-2002,13.336
06-09-2002,13.342
05-09-2002,13.3742
04-09-2002,13.3593
03-09-2002,13.3405
02-09-2002,13.3237
30-08-2002,13.3333
29-08-2002,13.32
28-08-2002,13.3
27-08-2002,13.3
26-08-2002,13.29
23-08-2002,13.28
22-08-2002,13.28
21-08-2002,13.28
20-08-2002,13.28
19-08-2002,13.27
16-08-2002,13.24
14-08-2002,13.23
13-08-2002,13.25
12-08-2002,13.25
09-08-2002,13.22
08-08-2002,13.26
07-08-2002,13.26
06-08-2002,13.23
05-08-2002,13.24
02-08-2002,13.1818
01-08-2002,13.1652
31-07-2002,13.1362
30-07-2002,13.1179
29-07-2002,13.1229
26-07-2002,13.1257
25-07-2002,13.0952
24-07-2002,13.086
23-07-2002,13.0811
22-07-2002,13.0807
19-07-2002,13.0759
18-07-2002,13.0775
17-07-2002,13.0528
16-07-2002,13.0308
15-07-2002,13.0342
12-07-2002,13.0276
11-07-2002,13.0572
10-07-2002,13.0388
09-07-2002,13.0458
08-07-2002,13.0429
05-07-2002,12.9797
04-07-2002,12.9651
03-07-2002,12.9741
02-07-2002,12.955
01-07-2002,12.9322
28-06-2002,12.908
27-06-2002,12.963
26-06-2002,12.8342
25-06-2002,12.7855
24-06-2002,12.7739
21-06-2002,12.7657
20-06-2002,12.7873
19-06-2002,12.7551
18-06-2002,12.7298
17-06-2002,12.753
14-06-2002,12.7873
13-06-2002,12.7833
12-06-2002,12.8085
11-06-2002,12.8082
10-06-2002,12.7895
07-06-2002,12.7328
06-06-2002,12.7769
05-06-2002,12.7702
04-06-2002,12.7739
03-06-2002,12.8055
31-05-2002,12.7929
30-05-2002,12.7776
29-05-2002,12.8055
28-05-2002,12.7597
27-05-2002,12.6975
24-05-2002,12.7358
23-05-2002,12.6425
22-05-2002,12.5827
21-05-2002,12.4819
20-05-2002,12.4938
17-05-2002,12.5887
16-05-2002,12.6518
15-05-2002,12.6717
14-05-2002,12.6953
13-05-2002,12.7648
10-05-2002,12.7463
09-05-2002,12.8197
08-05-2002,12.8456
07-05-2002,12.8905
06-05-2002,12.8597
03-05-2002,12.8266
02-05-2002,12.8797
30-04-2002,12.8963
29-04-2002,12.9327
26-04-2002,12.9586
25-04-2002,12.9618
24-04-2002,12.9596
23-04-2002,12.9505
22-04-2002,12.9241
19-04-2002,12.9257
18-04-2002,12.9453
17-04-2002,12.9461
16-04-2002,12.9573
15-04-2002,12.9388
12-04-2002,12.9583
11-04-2002,12.9754
10-04-2002,12.943
09-04-2002,12.9661
08-04-2002,13.015
05-04-2002,13.0437
04-04-2002,13.0481
03-04-2002,13.0031
02-04-2002,12.9908
01-04-2002,12.9848
31-03-2002,12.94
28-03-2002,12.8713
27-03-2002,12.8328
26-03-2002,12.8352
22-03-2002,12.8282
21-03-2002,12.8267
20-03-2002,12.8201
19-03-2002,12.8204
18-03-2002,12.819
15-03-2002,12.841
14-03-2002,12.7576
13-03-2002,12.7596
12-03-2002,12.7824
11-03-2002,12.7791
08-03-2002,12.7342
07-03-2002,12.8058
06-03-2002,12.8259
05-03-2002,12.9096
04-03-2002,12.9526
01-03-2002,12.7152
28-02-2002,12.7136
27-02-2002,12.9417
26-02-2002,12.9741
25-02-2002,12.8069
22-02-2002,12.8634
21-02-2002,12.8393
20-02-2002,12.9194
19-02-2002,12.9934
18-02-2002,13.0083
15-02-2002,12.9591
14-02-2002,13.0141
13-02-2002,12.9997
12-02-2002,12.9388
11-02-2002,12.8963
08-02-2002,12.8113
07-02-2002,12.736
06-02-2002,12.6679
05-02-2002,12.6575
04-02-2002,12.6493
01-02-2002,12.5747
31-01-2002,12.5653
30-01-2002,12.5561
29-01-2002,12.526
28-01-2002,12.5025
25-01-2002,12.4671
24-01-2002,12.4639
23-01-2002,12.4584
22-01-2002,12.4641
21-01-2002,12.4478
18-01-2002,12.4045
17-01-2002,12.366
16-01-2002,12.3682
15-01-2002,12.3421
14-01-2002,12.3349
11-01-2002,12.2979
10-01-2002,12.3243
09-01-2002,12.3236
08-01-2002,12.3275
07-01-2002,12.3181
04-01-2002,12.3017
03-01-2002,12.3025
02-01-2002,12.3049
01-01-2002,12.2939
31-12-2001,12.2783
28-12-2001,12.0998
27-12-2001,12.0726
26-12-2001,12.0569
24-12-2001,12.1294
21-12-2001,12.2269
20-12-2001,12.2534
19-12-2001,12.2529
18-12-2001,12.2163
14-12-2001,12.2943
13-12-2001,12.2351
12-12-2001,12.2353
11-12-2001,12.1905
10-12-2001,12.2313
07-12-2001,12.1968
06-12-2001,12.4226
05-12-2001,12.4269
04-12-2001,12.4308
03-12-2001,12.3262
29-11-2001,12.3284
28-11-2001,12.3312
27-11-2001,12.2624
26-11-2001,12.1468
23-11-2001,12.1424
22-11-2001,12.0975
21-11-2001,12.0246
20-11-2001,12.0097
19-11-2001,11.9527
15-11-2001,11.8272
13-11-2001,11.8255
12-11-2001,11.8262
09-11-2001,11.7697
08-11-2001,11.7557
07-11-2001,11.7668
06-11-2001,11.7373
05-11-2001,11.7182
02-11-2001,11.7148
01-11-2001,11.6771
31-10-2001,11.6754
30-10-2001,11.6303
29-10-2001,11.5983
25-10-2001,11.5486
24-10-2001,11.5412
23-10-2001,11.555
22-10-2001,11.5094
19-10-2001,11.4212
18-10-2001,11.4157
17-10-2001,11.4174
16-10-2001,11.3974
15-10-2001,11.383
12-10-2001,11.3724
11-10-2001,11.394
10-10-2001,11.3842
09-10-2001,11.3821
08-10-2001,11.3537
05-10-2001,11.3801
04-10-2001,11.3859
03-10-2001,11.3571
01-10-2001,11.2895
28-09-2001,11.3007
27-09-2001,11.2745
26-09-2001,11.253
25-09-2001,11.2513
24-09-2001,11.2463
21-09-2001,11.2245
20-09-2001,11.2365
19-09-2001,11.2401
18-09-2001,11.23
17-09-2001,11.2025
14-09-2001,11.2393
13-09-2001,11.229
12-09-2001,11.2494
11-09-2001,11.2549
10-09-2001,11.2478
07-09-2001,11.2514
06-09-2001,11.2639
05-09-2001,11.2619
04-09-2001,11.2821
03-09-2001,11.269
31-08-2001,11.264
30-08-2001,11.2614
29-08-2001,11.2569
28-08-2001,11.2492
27-08-2001,11.2375
24-08-2001,11.2249
23-08-2001,11.1967
21-08-2001,11.1828
20-08-2001,11.1803
17-08-2001,11.1473
16-08-2001,11.1395
14-08-2001,11.1346
13-08-2001,11.1338
10-08-2001,11.1165
09-08-2001,11.0996
08-08-2001,11.0848
07-08-2001,11.089
06-08-2001,11.0918
03-08-2001,11.0696
02-08-2001,11.0648
01-08-2001,11.0625
31-07-2001,11.0547
30-07-2001,11.0639
27-07-2001,11.0571
26-07-2001,11.0522
25-07-2001,11.0433
24-07-2001,11.0602
23-07-2001,11.0482
20-07-2001,11.0431
19-07-2001,11.0331
18-07-2001,11.0103
17-07-2001,10.9887
16-07-2001,10.995
13-07-2001,10.9772
12-07-2001,11.0202
11-07-2001,11.0717
10-07-2001,10.9971
09-07-2001,10.964
06-07-2001,10.9445
05-07-2001,10.905
04-07-2001,10.8504
03-07-2001,10.8417
02-07-2001,10.8488
29-06-2001,10.8568
28-06-2001,10.8405
27-06-2001,10.85
26-06-2001,10.8215
25-06-2001,10.7804
22-06-2001,10.7436
21-06-2001,10.7463
20-06-2001,10.7343
19-06-2001,10.6936
18-06-2001,10.6755
15-06-2001,10.6557
14-06-2001,10.6472
13-06-2001,10.6517
12-06-2001,10.6161
11-06-2001,10.6121
08-06-2001,10.5731
07-06-2001,10.5644
06-06-2001,10.5762
05-06-2001,10.5518
04-06-2001,10.5493
01-06-2001,10.6099
31-05-2001,10.6388
30-05-2001,10.6269
29-05-2001,10.6155
28-05-2001,10.5814
25-05-2001,10.5472
24-05-2001,10.5302
23-05-2001,10.5205
22-05-2001,10.5133
21-05-2001,10.5197
18-05-2001,10.5123
17-05-2001,10.5087
16-05-2001,10.4807
15-05-2001,10.4728
14-05-2001,10.4754
11-05-2001,10.468
10-05-2001,10.4592
09-05-2001,10.4486
08-05-2001,10.4409
07-05-2001,10.4437
04-05-2001,10.4352
03-05-2001,10.4232
02-05-2001,10.4205
30-04-2001,10.4171
27-04-2001,10.4107
26-04-2001,10.4072
24-04-2001,10.4078
23-04-2001,10.4001
20-04-2001,10.3897
19-04-2001,10.3918
18-04-2001,10.3805
17-04-2001,10.3584
16-04-2001,10.3532
12-04-2001,10.3463
11-04-2001,10.3635
10-04-2001,10.3537
09-04-2001,10.3475
06-04-2001,10.3325
04-04-2001,10.328
03-04-2001,10.3085
31-03-2001,10.13
30-03-2001,10.317
29-03-2001,10.3165
28-03-2001,10.3089
27-03-2001,10.307
26-03-2001,10.3227
23-03-2001,10.316
22-03-2001,10.3122
21-03-2001,10.3145
20-03-2001,10.3115
19-03-2001,10.3085
16-03-2001,10.3054
15-03-2001,10.3052
14-03-2001,10.3018
13-03-2001,10.2987
12-03-2001,10.3271
09-03-2001,10.3225
08-03-2001,10.3233
07-03-2001,10.3217
05-03-2001,10.3208
02-03-2001,10.4005
01-03-2001,10.4418
28-02-2001,10.3523
27-02-2001,10.314
26-02-2001,10.2852
23-02-2001,10.2702
22-02-2001,10.2773
21-02-2001,10.2737
20-02-2001,10.2714
16-02-2001,10.1779
15-02-2001,10.2001
14-02-2001,10.2083
13-02-2001,10.2158
12-02-2001,10.2163
09-02-2001,10.2182
08-02-2001,10.2028
07-02-2001,10.188
06-02-2001,10.1788
05-02-2001,10.1648
02-02-2001,10.1397
01-02-2001,10.1364
31-01-2001,10.1443
30-01-2001,10.1389
29-01-2001,10.1345
25-01-2001,10.1562
24-01-2001,10.154
23-01-2001,10.1508
22-01-2001,10.1367
19-01-2001,10.0897
18-01-2001,10.0815
17-01-2001,10.0677
15-01-2001,10.0601
12-01-2001,10.0515
11-01-2001,10.05
10-01-2001,10.0392
09-01-2001,10.038
08-01-2001,10.0432
05-01-2001,10.0372
04-01-2001,10.0269
03-01-2001,10.0035
02-01-2001,10.0016
01-01-2001,10.0004
30-12-2000,10
