Historical Mutual Fund NAV of Kotak Emerging Equity Scheme - Growth,
scheme:- Kotak Emerging Equity Scheme - Growth,
Start Date:- 30-03-2007,
End Date:- 23-11-2020,
NAV Date,NAV (Rs)
23-11-2020,46.092
20-11-2020,45.613
19-11-2020,45.136
18-11-2020,45.158
17-11-2020,44.751
13-11-2020,43.868
12-11-2020,43.483
11-11-2020,43.323
10-11-2020,43.104
09-11-2020,43.328
06-11-2020,42.916
05-11-2020,42.787
04-11-2020,42.227
03-11-2020,42.026
02-11-2020,41.503
30-10-2020,41.556
29-10-2020,41.608
28-10-2020,41.542
27-10-2020,41.845
26-10-2020,41.372
23-10-2020,41.902
22-10-2020,41.853
21-10-2020,41.636
20-10-2020,41.451
19-10-2020,41.222
16-10-2020,41
15-10-2020,40.489
14-10-2020,41.062
13-10-2020,40.959
12-10-2020,40.998
09-10-2020,41.244
08-10-2020,41.252
07-10-2020,41.096
06-10-2020,41.26
05-10-2020,41.172
01-10-2020,41.24
30-09-2020,40.963
29-09-2020,41.002
28-09-2020,40.912
25-09-2020,40.032
24-09-2020,39.253
23-09-2020,40.055
22-09-2020,40.037
21-09-2020,40.649
18-09-2020,41.926
17-09-2020,42.009
16-09-2020,42.139
15-09-2020,41.897
14-09-2020,41.362
11-09-2020,39.814
10-09-2020,39.745
09-09-2020,39.333
08-09-2020,39.626
07-09-2020,40.121
04-09-2020,40.321
03-09-2020,40.848
02-09-2020,40.663
01-09-2020,40.228
31-08-2020,40.004
28-08-2020,41.492
27-08-2020,41.404
26-08-2020,41.283
25-08-2020,41.166
24-08-2020,41.187
21-08-2020,40.863
20-08-2020,40.352
19-08-2020,40.111
18-08-2020,39.682
17-08-2020,39.251
14-08-2020,39.053
13-08-2020,39.197
12-08-2020,38.908
11-08-2020,38.913
10-08-2020,39.029
07-08-2020,38.683
06-08-2020,38.51
05-08-2020,38.09
04-08-2020,37.911
03-08-2020,37.673
31-07-2020,37.543
30-07-2020,37.182
29-07-2020,37.359
28-07-2020,37.298
27-07-2020,37.018
24-07-2020,37.3
23-07-2020,37.48
22-07-2020,37.183
21-07-2020,37.159
20-07-2020,37.046
17-07-2020,36.72
16-07-2020,36.296
15-07-2020,36.11
14-07-2020,36.269
13-07-2020,36.463
10-07-2020,36.498
09-07-2020,36.672
08-07-2020,36.55
07-07-2020,36.835
06-07-2020,36.653
03-07-2020,36.104
02-07-2020,35.876
01-07-2020,35.485
30-06-2020,35.422
29-06-2020,35.416
26-06-2020,35.816
25-06-2020,35.778
24-06-2020,35.569
23-06-2020,35.972
22-06-2020,35.425
19-06-2020,34.965
18-06-2020,34.622
17-06-2020,34.36
16-06-2020,34.209
15-06-2020,34.068
12-06-2020,34.469
11-06-2020,34.214
10-06-2020,34.617
09-06-2020,34.458
08-06-2020,34.634
05-06-2020,34.585
04-06-2020,33.926
03-06-2020,33.888
02-06-2020,33.763
01-06-2020,33.403
29-05-2020,32.634
28-05-2020,32.276
27-05-2020,31.86
26-05-2020,31.747
22-05-2020,31.341
21-05-2020,31.318
20-05-2020,31.158
19-05-2020,30.663
18-05-2020,30.602
15-05-2020,31.7
14-05-2020,31.7
13-05-2020,31.906
12-05-2020,31.346
11-05-2020,31.657
08-05-2020,31.574
07-05-2020,31.7
06-05-2020,31.864
05-05-2020,31.754
04-05-2020,31.951
30-04-2020,33.359
29-04-2020,32.818
28-04-2020,32.532
27-04-2020,32.294
24-04-2020,31.682
23-04-2020,32.266
22-04-2020,32.021
21-04-2020,31.54
20-04-2020,32.424
17-04-2020,32.257
16-04-2020,31.762
15-04-2020,31.228
13-04-2020,30.606
09-04-2020,30.879
08-04-2020,29.981
07-04-2020,29.51
03-04-2020,28.33
01-04-2020,28.949
31-03-2020,29.537
30-03-2020,28.889
27-03-2020,29.54
26-03-2020,29.68
25-03-2020,28.643
24-03-2020,28.039
23-03-2020,28.09
20-03-2020,31.958
19-03-2020,30.938
18-03-2020,32.18
17-03-2020,33.856
16-03-2020,34.487
13-03-2020,36.409
12-03-2020,35.749
11-03-2020,38.59
09-03-2020,38.839
06-03-2020,40.21
05-03-2020,40.939
04-03-2020,40.85
03-03-2020,41.361
02-03-2020,40.774
28-02-2020,41.15
27-02-2020,42.144
26-02-2020,42.422
25-02-2020,42.83
24-02-2020,42.937
20-02-2020,43.597
19-02-2020,43.371
18-02-2020,42.891
17-02-2020,42.985
14-02-2020,43.278
13-02-2020,43.505
12-02-2020,43.632
11-02-2020,43.614
10-02-2020,43.514
07-02-2020,43.874
06-02-2020,43.737
05-02-2020,43.602
04-02-2020,43.114
03-02-2020,42.66
31-01-2020,43.229
30-01-2020,43.349
29-01-2020,43.665
28-01-2020,43.578
27-01-2020,43.675
24-01-2020,43.718
23-01-2020,43.286
22-01-2020,42.677
21-01-2020,42.707
20-01-2020,42.607
17-01-2020,42.732
16-01-2020,42.558
15-01-2020,42.263
14-01-2020,42.006
13-01-2020,41.697
10-01-2020,41.47
09-01-2020,41.28
08-01-2020,40.748
07-01-2020,40.525
06-01-2020,40.244
03-01-2020,40.97
02-01-2020,41.038
01-01-2020,40.584
31-12-2019,40.459
30-12-2019,40.343
27-12-2019,40.193
26-12-2019,39.887
24-12-2019,39.793
23-12-2019,39.813
20-12-2019,39.896
19-12-2019,39.867
18-12-2019,39.875
17-12-2019,39.903
16-12-2019,39.769
13-12-2019,39.899
12-12-2019,39.616
11-12-2019,39.41
10-12-2019,39.35
09-12-2019,39.769
06-12-2019,39.655
05-12-2019,39.929
04-12-2019,39.972
03-12-2019,39.86
02-12-2019,40.071
29-11-2019,40.164
28-11-2019,40.118
27-11-2019,39.879
26-11-2019,39.492
25-11-2019,39.663
22-11-2019,39.301
21-11-2019,39.383
20-11-2019,39.692
19-11-2019,39.488
18-11-2019,39.336
15-11-2019,39.249
14-11-2019,39.222
13-11-2019,39.093
11-11-2019,39.243
08-11-2019,39.04
07-11-2019,39.149
06-11-2019,38.895
05-11-2019,38.945
04-11-2019,39.352
01-11-2019,39.425
31-10-2019,39.32
30-10-2019,38.919
29-10-2019,38.726
25-10-2019,38.197
24-10-2019,38.313
23-10-2019,38.228
22-10-2019,38.211
18-10-2019,38.047
17-10-2019,37.727
16-10-2019,37.235
15-10-2019,37.292
14-10-2019,37.232
11-10-2019,37.135
10-10-2019,37.033
09-10-2019,37.339
07-10-2019,36.944
04-10-2019,37.103
03-10-2019,37.455
01-10-2019,37.554
30-09-2019,38.092
27-09-2019,38.471
26-09-2019,38.634
25-09-2019,38.288
24-09-2019,38.83
23-09-2019,38.891
20-09-2019,37.932
19-09-2019,35.915
18-09-2019,36.329
17-09-2019,36.21
16-09-2019,36.736
13-09-2019,36.831
12-09-2019,36.513
11-09-2019,36.525
09-09-2019,36.105
06-09-2019,35.859
05-09-2019,35.615
04-09-2019,35.473
03-09-2019,35.391
30-08-2019,35.878
29-08-2019,35.552
28-08-2019,35.789
27-08-2019,36
26-08-2019,35.748
23-08-2019,35.247
22-08-2019,35.083
21-08-2019,35.494
20-08-2019,35.817
19-08-2019,36.091
16-08-2019,35.902
14-08-2019,35.87
13-08-2019,35.589
09-08-2019,36.195
08-08-2019,35.928
07-08-2019,35.709
06-08-2019,35.84
05-08-2019,35.199
02-08-2019,35.68
01-08-2019,35.851
31-07-2019,36.098
30-07-2019,35.756
29-07-2019,36.336
26-07-2019,36.66
25-07-2019,36.481
24-07-2019,36.33
23-07-2019,36.799
22-07-2019,36.812
19-07-2019,36.956
18-07-2019,37.642
17-07-2019,38.009
16-07-2019,38.1
15-07-2019,37.914
12-07-2019,38.095
11-07-2019,37.973
10-07-2019,37.823
09-07-2019,38.121
08-07-2019,37.955
05-07-2019,38.6
04-07-2019,39.146
03-07-2019,39.101
02-07-2019,39.165
01-07-2019,39.085
28-06-2019,39.053
27-06-2019,38.931
26-06-2019,38.691
25-06-2019,38.512
24-06-2019,38.222
21-06-2019,38.421
20-06-2019,38.488
19-06-2019,38.076
18-06-2019,38.333
17-06-2019,38.218
14-06-2019,38.699
13-06-2019,38.988
12-06-2019,39.082
11-06-2019,39.364
10-06-2019,39.145
07-06-2019,39.007
06-06-2019,38.947
04-06-2019,39.376
03-06-2019,39.41
31-05-2019,39.205
30-05-2019,39.053
29-05-2019,38.915
28-05-2019,39.027
27-05-2019,39.01
24-05-2019,38.497
23-05-2019,38.003
22-05-2019,37.844
21-05-2019,37.857
20-05-2019,38.094
17-05-2019,36.792
16-05-2019,36.579
15-05-2019,36.483
14-05-2019,36.43
13-05-2019,36.358
10-05-2019,36.757
09-05-2019,36.655
08-05-2019,36.871
07-05-2019,37.097
06-05-2019,37.444
03-05-2019,37.834
02-05-2019,37.898
30-04-2019,38.119
26-04-2019,38.421
25-04-2019,38.472
24-04-2019,38.479
23-04-2019,38.431
22-04-2019,38.427
18-04-2019,38.924
16-04-2019,39.197
15-04-2019,38.915
12-04-2019,38.641
11-04-2019,38.507
10-04-2019,38.55
09-04-2019,38.519
08-04-2019,38.594
05-04-2019,38.847
04-04-2019,38.629
03-04-2019,38.633
02-04-2019,38.934
01-04-2019,38.908
29-03-2019,38.903
28-03-2019,38.502
27-03-2019,38.273
26-03-2019,37.954
25-03-2019,37.679
22-03-2019,37.931
20-03-2019,38.024
19-03-2019,38.181
18-03-2019,38.032
15-03-2019,38.172
14-03-2019,38.072
13-03-2019,38.17
12-03-2019,38.187
11-03-2019,38.029
08-03-2019,37.359
07-03-2019,37.367
06-03-2019,37.449
05-03-2019,37.266
01-03-2019,36.369
28-02-2019,35.965
27-02-2019,35.71
26-02-2019,35.545
25-02-2019,35.532
22-02-2019,35.135
21-02-2019,35.08
20-02-2019,34.852
19-02-2019,34.565
18-02-2019,34.482
15-02-2019,34.745
14-02-2019,34.885
13-02-2019,34.804
12-02-2019,34.889
11-02-2019,34.859
08-02-2019,35.337
07-02-2019,35.764
06-02-2019,35.616
05-02-2019,35.547
04-02-2019,35.744
01-02-2019,35.852
31-01-2019,35.688
30-01-2019,35.649
29-01-2019,35.523
28-01-2019,35.38
25-01-2019,35.953
24-01-2019,36.297
23-01-2019,36.372
22-01-2019,36.407
21-01-2019,36.517
18-01-2019,36.806
17-01-2019,36.875
16-01-2019,36.953
15-01-2019,36.86
14-01-2019,36.717
11-01-2019,36.86
10-01-2019,36.888
09-01-2019,36.737
08-01-2019,36.739
07-01-2019,36.798
04-01-2019,36.823
03-01-2019,36.726
02-01-2019,36.972
01-01-2019,37.145
31-12-2018,37.167
28-12-2018,36.888
27-12-2018,36.744
26-12-2018,36.56
24-12-2018,36.665
21-12-2018,36.954
20-12-2018,37.336
19-12-2018,37.352
18-12-2018,37.003
17-12-2018,36.921
14-12-2018,36.802
13-12-2018,36.66
12-12-2018,36.324
11-12-2018,35.505
10-12-2018,35.173
07-12-2018,35.712
06-12-2018,35.723
05-12-2018,36.155
04-12-2018,36.425
03-12-2018,36.287
30-11-2018,36.093
29-11-2018,35.963
28-11-2018,35.828
27-11-2018,36.02
26-11-2018,35.816
22-11-2018,35.766
21-11-2018,35.935
20-11-2018,35.85
19-11-2018,36.122
16-11-2018,36.059
15-11-2018,35.993
14-11-2018,35.832
13-11-2018,35.732
12-11-2018,35.656
09-11-2018,35.93
06-11-2018,35.498
05-11-2018,35.642
02-11-2018,35.595
01-11-2018,35.269
31-10-2018,34.968
30-10-2018,34.565
29-10-2018,34.237
26-10-2018,33.724
25-10-2018,33.776
24-10-2018,33.932
23-10-2018,33.524
22-10-2018,33.862
19-10-2018,34.416
17-10-2018,34.874
16-10-2018,35.482
15-10-2018,34.913
12-10-2018,34.688
11-10-2018,34.03
10-10-2018,34.545
09-10-2018,33.517
08-10-2018,33.652
05-10-2018,34.072
04-10-2018,34.72
03-10-2018,35.27
01-10-2018,35.432
28-09-2018,35.589
27-09-2018,36.161
26-09-2018,36.824
25-09-2018,36.611
24-09-2018,36.69
21-09-2018,37.507
19-09-2018,38.203
18-09-2018,38.545
17-09-2018,38.974
14-09-2018,39.114
12-09-2018,38.608
11-09-2018,38.555
10-09-2018,38.895
07-09-2018,39.413
06-09-2018,39.156
05-09-2018,38.912
04-09-2018,39.32
03-09-2018,40.038
31-08-2018,40.186
30-08-2018,40.212
29-08-2018,40.198
28-08-2018,40.099
27-08-2018,40.02
24-08-2018,39.61
23-08-2018,39.612
21-08-2018,39.728
20-08-2018,39.712
17-08-2018,39.672
16-08-2018,39.419
14-08-2018,39.564
13-08-2018,39.204
10-08-2018,39.521
09-08-2018,39.647
08-08-2018,39.664
07-08-2018,39.588
06-08-2018,39.678
03-08-2018,39.603
02-08-2018,39.324
01-08-2018,39.368
31-07-2018,39.345
30-07-2018,39.036
27-07-2018,38.854
26-07-2018,38.512
25-07-2018,38.323
24-07-2018,38.315
23-07-2018,37.944
20-07-2018,37.498
19-07-2018,37.227
18-07-2018,37.593
17-07-2018,37.796
16-07-2018,37.378
13-07-2018,38.037
12-07-2018,38.324
11-07-2018,38.338
10-07-2018,38.494
09-07-2018,38.363
06-07-2018,37.985
05-07-2018,37.878
04-07-2018,38.095
03-07-2018,38.001
02-07-2018,37.82
29-06-2018,37.891
28-06-2018,37.288
27-06-2018,37.811
26-06-2018,38.303
25-06-2018,38.473
22-06-2018,38.812
21-06-2018,38.776
20-06-2018,39.045
19-06-2018,39.02
18-06-2018,39.338
15-06-2018,39.475
14-06-2018,39.604
13-06-2018,39.568
12-06-2018,39.721
11-06-2018,39.556
08-06-2018,39.532
07-06-2018,39.401
06-06-2018,39.106
05-06-2018,38.626
04-06-2018,39.048
01-06-2018,39.385
31-05-2018,39.869
30-05-2018,39.846
29-05-2018,39.835
28-05-2018,39.873
25-05-2018,39.552
24-05-2018,39.139
23-05-2018,39.154
22-05-2018,39.293
21-05-2018,39.149
18-05-2018,39.784
17-05-2018,40.184
16-05-2018,40.105
15-05-2018,40.16
14-05-2018,40.388
11-05-2018,40.55
10-05-2018,40.32
09-05-2018,40.674
08-05-2018,40.856
07-05-2018,40.81
04-05-2018,40.773
03-05-2018,40.849
02-05-2018,41.104
30-04-2018,41.519
27-04-2018,41.344
26-04-2018,41.077
25-04-2018,40.83
24-04-2018,41.117
23-04-2018,41.175
20-04-2018,41.02
19-04-2018,41.079
18-04-2018,40.922
17-04-2018,41.048
16-04-2018,41.086
13-04-2018,40.889
12-04-2018,40.849
11-04-2018,40.96
10-04-2018,40.686
09-04-2018,40.643
06-04-2018,40.533
05-04-2018,40.421
04-04-2018,39.785
03-04-2018,39.925
02-04-2018,39.588
28-03-2018,38.992
27-03-2018,39.139
26-03-2018,38.663
23-03-2018,38.264
22-03-2018,38.544
21-03-2018,38.823
20-03-2018,38.753
19-03-2018,38.735
16-03-2018,39.317
15-03-2018,39.739
14-03-2018,39.492
13-03-2018,39.54
12-03-2018,39.236
09-03-2018,39.129
08-03-2018,39.081
07-03-2018,38.902
06-03-2018,39.423
05-03-2018,39.659
01-03-2018,39.873
28-02-2018,39.962
27-02-2018,39.848
26-02-2018,39.946
23-02-2018,39.447
22-02-2018,38.911
21-02-2018,39.086
20-02-2018,39.211
19-02-2018,39.269
16-02-2018,39.604
15-02-2018,39.961
14-02-2018,40.146
12-02-2018,40.094
09-02-2018,39.608
08-02-2018,39.752
07-02-2018,39.253
06-02-2018,38.914
05-02-2018,39.356
02-02-2018,39.808
01-02-2018,40.973
31-01-2018,40.791
30-01-2018,40.937
29-01-2018,41.398
25-01-2018,41.718
24-01-2018,42.119
23-01-2018,42.338
22-01-2018,42.282
19-01-2018,42.092
18-01-2018,41.841
17-01-2018,42.195
16-01-2018,42.01
15-01-2018,42.658
12-01-2018,42.733
11-01-2018,42.735
10-01-2018,42.7
09-01-2018,42.737
08-01-2018,42.838
05-01-2018,42.611
04-01-2018,42.178
03-01-2018,41.804
02-01-2018,41.658
01-01-2018,41.958
29-12-2017,42.102
28-12-2017,41.769
27-12-2017,41.765
26-12-2017,41.809
22-12-2017,41.539
21-12-2017,41.406
20-12-2017,41.307
19-12-2017,40.977
18-12-2017,40.5
15-12-2017,40.39
14-12-2017,39.946
13-12-2017,39.911
12-12-2017,40.229
11-12-2017,40.5
08-12-2017,40.494
07-12-2017,40.214
06-12-2017,39.842
05-12-2017,40.045
04-12-2017,40.072
01-12-2017,40.23
30-11-2017,40.504
29-11-2017,40.566
28-11-2017,40.455
27-11-2017,40.355
24-11-2017,40.38
23-11-2017,40.141
22-11-2017,40.031
21-11-2017,40.055
20-11-2017,39.855
17-11-2017,39.658
16-11-2017,39.258
15-11-2017,38.899
14-11-2017,39.186
13-11-2017,39.317
10-11-2017,39.412
09-11-2017,39.502
08-11-2017,39.164
07-11-2017,39.351
06-11-2017,39.843
03-11-2017,39.871
02-11-2017,39.743
01-11-2017,39.542
31-10-2017,39.383
30-10-2017,39.291
27-10-2017,38.824
26-10-2017,38.695
25-10-2017,38.687
24-10-2017,38.802
23-10-2017,38.703
18-10-2017,38.563
17-10-2017,38.532
16-10-2017,38.444
13-10-2017,38.32
12-10-2017,38.21
11-10-2017,37.873
10-10-2017,38.148
09-10-2017,37.835
06-10-2017,37.695
05-10-2017,37.389
04-10-2017,37.269
03-10-2017,37.127
29-09-2017,37.083
28-09-2017,36.704
27-09-2017,36.574
26-09-2017,37.102
25-09-2017,36.961
22-09-2017,37.465
21-09-2017,38.244
20-09-2017,38.306
19-09-2017,38.354
18-09-2017,38.184
15-09-2017,37.895
14-09-2017,37.815
13-09-2017,37.643
12-09-2017,37.902
11-09-2017,37.668
08-09-2017,37.571
07-09-2017,37.633
06-09-2017,37.484
05-09-2017,37.46
04-09-2017,37.147
01-09-2017,37.246
31-08-2017,36.967
30-08-2017,36.561
29-08-2017,36.279
28-08-2017,36.574
24-08-2017,36.316
23-08-2017,36.227
22-08-2017,36.022
21-08-2017,36.088
18-08-2017,36.485
17-08-2017,36.581
16-08-2017,36.638
14-08-2017,36.253
11-08-2017,35.618
10-08-2017,35.621
09-08-2017,36.324
08-08-2017,36.866
07-08-2017,37.135
04-08-2017,36.944
03-08-2017,36.825
02-08-2017,37.08
01-08-2017,37.16
31-07-2017,37.139
28-07-2017,37.131
27-07-2017,37.116
26-07-2017,37.181
25-07-2017,37.139
24-07-2017,37.081
21-07-2017,37.123
20-07-2017,37.046
19-07-2017,37.222
18-07-2017,36.978
17-07-2017,37.108
14-07-2017,37.159
13-07-2017,37.254
12-07-2017,37.015
11-07-2017,36.873
10-07-2017,37.043
07-07-2017,36.953
06-07-2017,36.907
05-07-2017,36.885
04-07-2017,36.594
03-07-2017,36.542
30-06-2017,36.246
29-06-2017,35.952
28-06-2017,35.806
27-06-2017,35.897
23-06-2017,36.289
22-06-2017,36.59
21-06-2017,36.684
20-06-2017,36.699
19-06-2017,36.65
16-06-2017,36.573
15-06-2017,36.43
14-06-2017,36.47
13-06-2017,36.43
12-06-2017,36.446
09-06-2017,36.609
08-06-2017,36.547
07-06-2017,36.464
06-06-2017,36.257
05-06-2017,36.446
02-06-2017,36.386
01-06-2017,36.195
31-05-2017,36.036
30-05-2017,35.616
29-05-2017,35.484
26-05-2017,35.729
25-05-2017,35.298
24-05-2017,34.867
23-05-2017,35.218
22-05-2017,35.692
19-05-2017,35.962
18-05-2017,36.209
17-05-2017,36.696
16-05-2017,36.777
15-05-2017,36.656
12-05-2017,36.455
11-05-2017,36.744
10-05-2017,36.781
09-05-2017,36.502
08-05-2017,36.429
05-05-2017,36.302
04-05-2017,36.423
03-05-2017,36.222
02-05-2017,36.327
28-04-2017,36.376
27-04-2017,36.219
26-04-2017,36.202
25-04-2017,36.342
24-04-2017,36.121
21-04-2017,35.918
20-04-2017,35.898
19-04-2017,35.652
18-04-2017,35.602
17-04-2017,35.699
13-04-2017,35.69
12-04-2017,35.758
11-04-2017,35.805
10-04-2017,35.583
07-04-2017,35.394
06-04-2017,35.537
05-04-2017,35.577
03-04-2017,35.282
31-03-2017,35.126
30-03-2017,34.859
29-03-2017,34.473
28-03-2017,34.473
27-03-2017,34.203
24-03-2017,34.141
23-03-2017,33.95
22-03-2017,33.761
21-03-2017,34.005
20-03-2017,34.108
17-03-2017,34.012
16-03-2017,33.897
15-03-2017,33.6
14-03-2017,33.376
10-03-2017,33.085
09-03-2017,33.094
08-03-2017,33.118
07-03-2017,33.223
06-03-2017,33.282
03-03-2017,33.167
02-03-2017,33.104
01-03-2017,33.427
28-02-2017,33.193
27-02-2017,33.017
23-02-2017,32.962
22-02-2017,32.957
21-02-2017,33.094
20-02-2017,32.981
17-02-2017,32.867
16-02-2017,32.695
15-02-2017,32.363
14-02-2017,32.759
13-02-2017,32.908
10-02-2017,33.056
09-02-2017,32.932
08-02-2017,32.81
07-02-2017,32.812
06-02-2017,32.921
03-02-2017,32.713
02-02-2017,32.398
01-02-2017,32.133
31-01-2017,31.671
30-01-2017,31.731
27-01-2017,31.755
25-01-2017,31.591
24-01-2017,31.26
23-01-2017,30.952
20-01-2017,30.879
19-01-2017,31.176
18-01-2017,30.99
17-01-2017,30.693
16-01-2017,30.643
13-01-2017,30.623
12-01-2017,30.692
11-01-2017,30.847
10-01-2017,30.455
09-01-2017,30.226
06-01-2017,30.225
05-01-2017,30.271
04-01-2017,30.05
03-01-2017,29.865
02-01-2017,29.661
30-12-2016,29.441
29-12-2016,29.263
28-12-2016,29.008
27-12-2016,28.797
26-12-2016,28.476
23-12-2016,28.913
22-12-2016,29.011
21-12-2016,29.35
20-12-2016,29.319
19-12-2016,29.52
16-12-2016,29.672
15-12-2016,29.662
14-12-2016,29.695
13-12-2016,29.876
12-12-2016,29.998
09-12-2016,30.227
08-12-2016,30.028
07-12-2016,29.632
06-12-2016,29.722
05-12-2016,29.653
02-12-2016,29.632
01-12-2016,30.069
30-11-2016,30.331
29-11-2016,30.005
28-11-2016,29.878
25-11-2016,29.668
24-11-2016,29.249
23-11-2016,29.399
22-11-2016,29.072
21-11-2016,28.706
18-11-2016,29.366
17-11-2016,29.489
16-11-2016,29.65
15-11-2016,29.574
11-11-2016,30.835
10-11-2016,31.755
09-11-2016,31.331
08-11-2016,31.859
07-11-2016,31.848
04-11-2016,31.526
03-11-2016,32.027
02-11-2016,32.241
01-11-2016,32.74
28-10-2016,32.553
27-10-2016,32.377
26-10-2016,32.627
25-10-2016,32.832
24-10-2016,32.65
21-10-2016,32.457
20-10-2016,32.464
19-10-2016,32.385
18-10-2016,32.357
17-10-2016,32.045
14-10-2016,32.134
13-10-2016,31.954
10-10-2016,32.328
07-10-2016,32.197
06-10-2016,32.232
05-10-2016,32.282
04-10-2016,32.208
03-10-2016,31.979
30-09-2016,31.436
29-09-2016,31.137
28-09-2016,31.806
27-09-2016,31.644
26-09-2016,31.553
23-09-2016,31.7
22-09-2016,31.608
21-09-2016,31.315
20-09-2016,31.278
19-09-2016,31.341
16-09-2016,31.264
15-09-2016,31.223
14-09-2016,31.2
12-09-2016,30.955
09-09-2016,31.485
08-09-2016,31.679
07-09-2016,31.486
06-09-2016,31.546
02-09-2016,31.279
01-09-2016,31.254
31-08-2016,31.377
30-08-2016,31.194
29-08-2016,30.914
26-08-2016,30.904
25-08-2016,30.919
24-08-2016,30.963
23-08-2016,30.788
22-08-2016,30.804
19-08-2016,30.916
18-08-2016,30.813
17-08-2016,30.555
16-08-2016,30.418
12-08-2016,30.391
11-08-2016,30.28
10-08-2016,30.24
09-08-2016,30.573
08-08-2016,30.613
05-08-2016,30.453
04-08-2016,30.061
03-08-2016,29.942
02-08-2016,30.322
01-08-2016,30.415
29-07-2016,30.31
28-07-2016,30.268
27-07-2016,30.115
26-07-2016,30.004
25-07-2016,30.016
22-07-2016,29.751
21-07-2016,29.562
20-07-2016,29.552
19-07-2016,29.308
18-07-2016,29.28
15-07-2016,29.381
14-07-2016,29.585
13-07-2016,29.355
12-07-2016,29.49
11-07-2016,29.26
08-07-2016,29.043
07-07-2016,29.046
05-07-2016,29.103
04-07-2016,29.218
01-07-2016,29.082
30-06-2016,28.867
29-06-2016,28.563
28-06-2016,28.22
27-06-2016,28.084
24-06-2016,27.836
23-06-2016,28.125
22-06-2016,28.071
21-06-2016,28.159
20-06-2016,28.191
17-06-2016,28.227
16-06-2016,28.013
15-06-2016,28.147
14-06-2016,28.026
13-06-2016,27.955
10-06-2016,28.09
09-06-2016,28.136
08-06-2016,28.209
07-06-2016,28.01
06-06-2016,27.703
03-06-2016,27.653
02-06-2016,27.665
01-06-2016,27.573
31-05-2016,27.461
30-05-2016,27.48
27-05-2016,27.33
26-05-2016,27.138
25-05-2016,26.782
24-05-2016,26.511
23-05-2016,26.604
20-05-2016,26.682
19-05-2016,26.884
18-05-2016,27.103
17-05-2016,27.142
16-05-2016,26.977
13-05-2016,27.026
12-05-2016,27.156
11-05-2016,26.921
10-05-2016,26.887
09-05-2016,26.891
06-05-2016,26.637
05-05-2016,26.56
04-05-2016,26.332
03-05-2016,26.476
02-05-2016,26.505
29-04-2016,26.407
28-04-2016,26.422
27-04-2016,26.713
26-04-2016,26.716
25-04-2016,26.558
22-04-2016,26.538
21-04-2016,26.577
20-04-2016,26.661
18-04-2016,26.539
13-04-2016,26.209
12-04-2016,25.788
11-04-2016,25.605
08-04-2016,25.428
07-04-2016,25.265
06-04-2016,25.261
05-04-2016,25.062
04-04-2016,25.294
01-04-2016,25.177
31-03-2016,25.17
30-03-2016,24.93
29-03-2016,24.55
28-03-2016,24.534
23-03-2016,24.839
22-03-2016,24.815
21-03-2016,24.855
18-03-2016,24.459
17-03-2016,24.241
16-03-2016,24.115
15-03-2016,24.119
14-03-2016,24.155
11-03-2016,24.035
10-03-2016,23.976
09-03-2016,23.989
08-03-2016,23.978
04-03-2016,24.019
03-03-2016,23.895
02-03-2016,23.739
01-03-2016,23.262
29-02-2016,22.64
26-02-2016,22.604
25-02-2016,22.571
24-02-2016,22.772
23-02-2016,23.051
22-02-2016,23.341
19-02-2016,23.314
18-02-2016,23.304
17-02-2016,23.087
16-02-2016,23.01
15-02-2016,23.408
12-02-2016,22.685
11-02-2016,22.985
10-02-2016,23.751
09-02-2016,24.01
08-02-2016,24.332
05-02-2016,24.414
04-02-2016,24.109
03-02-2016,24.222
02-02-2016,24.588
01-02-2016,24.823
29-01-2016,24.664
28-01-2016,24.379
27-01-2016,24.46
25-01-2016,24.347
22-01-2016,24.177
21-01-2016,23.711
20-01-2016,23.61
19-01-2016,24.074
18-01-2016,23.825
15-01-2016,24.646
14-01-2016,25.159
13-01-2016,25.467
12-01-2016,25.726
11-01-2016,25.969
08-01-2016,26.191
07-01-2016,26.009
06-01-2016,26.585
05-01-2016,26.685
04-01-2016,26.575
01-01-2016,26.83
31-12-2015,26.678
30-12-2015,26.561
29-12-2015,26.548
28-12-2015,26.564
24-12-2015,26.427
23-12-2015,26.318
22-12-2015,26.141
21-12-2015,26.204
18-12-2015,25.907
17-12-2015,25.984
16-12-2015,25.632
15-12-2015,25.553
14-12-2015,25.45
11-12-2015,25.42
10-12-2015,25.631
09-12-2015,25.578
08-12-2015,25.899
07-12-2015,26.109
04-12-2015,26.102
03-12-2015,26.276
02-12-2015,26.383
01-12-2015,26.429
30-11-2015,26.381
27-11-2015,26.393
26-11-2015,26.246
24-11-2015,26.232
23-11-2015,26.229
20-11-2015,26.268
19-11-2015,26.098
18-11-2015,25.802
17-11-2015,26.014
16-11-2015,25.852
13-11-2015,25.814
10-11-2015,25.812
09-11-2015,25.985
06-11-2015,25.966
05-11-2015,26.073
04-11-2015,26.377
03-11-2015,26.432
02-11-2015,26.316
30-10-2015,26.276
29-10-2015,26.3
28-10-2015,26.33
27-10-2015,26.459
26-10-2015,26.538
23-10-2015,26.641
21-10-2015,26.685
20-10-2015,26.865
19-10-2015,26.813
16-10-2015,26.66
15-10-2015,26.686
14-10-2015,26.62
13-10-2015,26.536
12-10-2015,26.453
09-10-2015,26.391
08-10-2015,26.456
07-10-2015,26.544
06-10-2015,26.503
05-10-2015,26.516
01-10-2015,26.15
30-09-2015,26.028
29-09-2015,25.779
28-09-2015,25.81
24-09-2015,25.807
23-09-2015,25.697
22-09-2015,25.68
21-09-2015,26.054
18-09-2015,25.874
16-09-2015,25.594
15-09-2015,25.514
14-09-2015,25.667
11-09-2015,25.409
10-09-2015,25.318
09-09-2015,25.458
08-09-2015,25.089
07-09-2015,24.921
04-09-2015,25.331
03-09-2015,25.738
02-09-2015,25.468
01-09-2015,25.483
31-08-2015,25.947
28-08-2015,26.037
27-08-2015,25.949
26-08-2015,25.376
25-08-2015,25.477
24-08-2015,25.244
21-08-2015,27.08
20-08-2015,27.281
19-08-2015,27.63
18-08-2015,27.569
17-08-2015,27.451
14-08-2015,27.3
13-08-2015,26.772
12-08-2015,26.935
11-08-2015,27.444
10-08-2015,27.666
07-08-2015,27.768
06-08-2015,27.818
05-08-2015,27.865
04-08-2015,27.686
03-08-2015,27.562
31-07-2015,27.348
30-07-2015,27.063
29-07-2015,26.838
28-07-2015,26.59
27-07-2015,26.566
24-07-2015,26.809
23-07-2015,26.909
22-07-2015,26.823
21-07-2015,26.737
20-07-2015,27.121
17-07-2015,27.141
16-07-2015,26.961
15-07-2015,26.632
14-07-2015,26.581
13-07-2015,26.455
10-07-2015,26.246
09-07-2015,26.187
08-07-2015,26.228
07-07-2015,26.615
06-07-2015,26.58
03-07-2015,26.286
02-07-2015,26.179
01-07-2015,26.062
30-06-2015,25.788
29-06-2015,25.517
26-06-2015,25.865
25-06-2015,25.829
24-06-2015,25.871
23-06-2015,25.938
22-06-2015,25.765
19-06-2015,25.41
18-06-2015,25.409
17-06-2015,25.135
16-06-2015,24.815
15-06-2015,24.785
12-06-2015,24.755
11-06-2015,24.735
10-06-2015,25.056
09-06-2015,24.87
08-06-2015,24.898
05-06-2015,25.074
04-06-2015,24.986
03-06-2015,24.978
02-06-2015,25.38
01-06-2015,25.747
29-05-2015,25.816
28-05-2015,25.689
27-05-2015,25.776
26-05-2015,25.733
25-05-2015,25.769
22-05-2015,25.85
21-05-2015,25.86
20-05-2015,25.817
19-05-2015,25.834
18-05-2015,25.672
15-05-2015,25.552
14-05-2015,25.212
13-05-2015,25.066
12-05-2015,24.718
11-05-2015,25.078
08-05-2015,24.789
07-05-2015,24.482
06-05-2015,24.913
05-05-2015,25.554
04-05-2015,25.519
30-04-2015,25.155
29-04-2015,25.187
28-04-2015,25.03
27-04-2015,24.69
24-04-2015,25.257
23-04-2015,25.671
22-04-2015,25.604
21-04-2015,25.603
20-04-2015,25.795
17-04-2015,26.286
16-04-2015,26.644
15-04-2015,26.839
13-04-2015,27.006
10-04-2015,26.957
09-04-2015,26.874
08-04-2015,26.78
07-04-2015,26.665
06-04-2015,26.566
01-04-2015,26.234
31-03-2015,25.754
30-03-2015,25.583
27-03-2015,25.16
26-03-2015,25.192
25-03-2015,25.42
24-03-2015,25.438
23-03-2015,25.561
20-03-2015,25.71
19-03-2015,25.993
18-03-2015,26.182
17-03-2015,26.081
16-03-2015,25.854
13-03-2015,25.913
12-03-2015,26.182
11-03-2015,26.101
10-03-2015,26.062
09-03-2015,26.168
05-03-2015,26.393
04-03-2015,26.173
03-03-2015,26.409
02-03-2015,26.18
27-02-2015,25.675
26-02-2015,25.248
25-02-2015,25.445
24-02-2015,25.482
23-02-2015,25.639
20-02-2015,25.761
19-02-2015,25.728
18-02-2015,25.72
16-02-2015,25.489
13-02-2015,25.413
12-02-2015,25.14
11-02-2015,24.947
10-02-2015,24.74
09-02-2015,24.684
06-02-2015,24.95
05-02-2015,25.243
04-02-2015,25.469
03-02-2015,25.561
02-02-2015,25.665
30-01-2015,25.622
29-01-2015,25.947
28-01-2015,26.013
27-01-2015,25.906
23-01-2015,25.75
22-01-2015,25.768
21-01-2015,25.736
20-01-2015,25.688
19-01-2015,25.443
16-01-2015,25.301
15-01-2015,25.288
14-01-2015,25.089
13-01-2015,25.076
12-01-2015,25.009
09-01-2015,24.864
08-01-2015,24.693
07-01-2015,24.351
06-01-2015,24.378
05-01-2015,24.92
02-01-2015,24.944
01-01-2015,24.666
31-12-2014,24.606
30-12-2014,24.351
29-12-2014,24.192
26-12-2014,23.982
24-12-2014,23.932
23-12-2014,23.914
22-12-2014,23.993
19-12-2014,23.757
18-12-2014,23.463
17-12-2014,22.894
16-12-2014,22.975
15-12-2014,23.566
12-12-2014,23.601
11-12-2014,23.786
10-12-2014,23.787
09-12-2014,23.613
08-12-2014,23.862
05-12-2014,24.192
04-12-2014,24.155
03-12-2014,23.96
02-12-2014,23.635
01-12-2014,23.605
28-11-2014,23.566
27-11-2014,23.413
26-11-2014,23.29
25-11-2014,23.178
24-11-2014,23.412
21-11-2014,23.353
20-11-2014,23.236
19-11-2014,23.303
18-11-2014,23.36
17-11-2014,23.269
14-11-2014,22.936
13-11-2014,22.894
12-11-2014,22.924
11-11-2014,22.738
10-11-2014,22.71
07-11-2014,22.739
05-11-2014,22.576
03-11-2014,22.335
31-10-2014,22.186
30-10-2014,21.899
29-10-2014,21.729
28-10-2014,21.501
27-10-2014,21.349
22-10-2014,21.168
21-10-2014,20.961
20-10-2014,20.8
17-10-2014,20.715
16-10-2014,20.649
14-10-2014,21.017
13-10-2014,21.021
10-10-2014,21.006
09-10-2014,21.222
08-10-2014,20.927
07-10-2014,21.001
01-10-2014,21.211
30-09-2014,21.205
29-09-2014,21.194
26-09-2014,20.902
25-09-2014,20.803
24-09-2014,21.214
23-09-2014,21.375
22-09-2014,21.614
19-09-2014,21.446
18-09-2014,21.38
17-09-2014,21.025
16-09-2014,20.968
15-09-2014,21.572
12-09-2014,21.606
11-09-2014,21.408
10-09-2014,21.242
09-09-2014,21.243
08-09-2014,21.165
05-09-2014,20.823
04-09-2014,20.648
03-09-2014,20.631
02-09-2014,20.555
01-09-2014,20.385
28-08-2014,20.16
27-08-2014,20.197
26-08-2014,20.021
25-08-2014,19.997
22-08-2014,20.049
21-08-2014,19.898
20-08-2014,19.771
19-08-2014,19.749
18-08-2014,19.568
14-08-2014,19.256
13-08-2014,18.992
12-08-2014,19.134
11-08-2014,18.948
08-08-2014,18.79
07-08-2014,19.041
06-08-2014,19.078
05-08-2014,19.126
04-08-2014,18.897
01-08-2014,18.778
31-07-2014,18.87
30-07-2014,18.87
28-07-2014,18.766
25-07-2014,18.782
24-07-2014,18.969
23-07-2014,18.933
22-07-2014,18.95
21-07-2014,18.88
18-07-2014,18.817
17-07-2014,18.789
16-07-2014,18.61
15-07-2014,18.448
14-07-2014,18.106
11-07-2014,18.094
10-07-2014,18.374
09-07-2014,18.405
08-07-2014,18.546
07-07-2014,19.011
04-07-2014,19.014
03-07-2014,18.96
02-07-2014,18.841
01-07-2014,18.562
30-06-2014,18.426
27-06-2014,18.17
26-06-2014,18.102
25-06-2014,18.106
24-06-2014,18.095
23-06-2014,17.91
20-06-2014,17.884
19-06-2014,17.998
18-06-2014,18.058
17-06-2014,18.016
16-06-2014,17.73
13-06-2014,17.685
12-06-2014,17.965
11-06-2014,17.789
10-06-2014,17.822
09-06-2014,17.872
06-06-2014,17.694
05-06-2014,17.439
04-06-2014,17.355
03-06-2014,17.057
02-06-2014,16.935
30-05-2014,16.658
29-05-2014,16.562
28-05-2014,16.558
27-05-2014,16.436
26-05-2014,16.465
23-05-2014,16.653
22-05-2014,16.457
21-05-2014,16.225
20-05-2014,16.011
19-05-2014,15.628
16-05-2014,15.336
15-05-2014,15.167
14-05-2014,15.281
13-05-2014,15.204
12-05-2014,15.029
09-05-2014,14.94
08-05-2014,14.798
07-05-2014,14.718
06-05-2014,14.71
05-05-2014,14.655
02-05-2014,14.638
30-04-2014,14.608
29-04-2014,14.702
28-04-2014,14.667
25-04-2014,14.662
23-04-2014,14.7
22-04-2014,14.63
21-04-2014,14.619
17-04-2014,14.476
16-04-2014,14.327
15-04-2014,14.405
11-04-2014,14.456
10-04-2014,14.399
09-04-2014,14.407
07-04-2014,14.221
04-04-2014,14.291
03-04-2014,14.239
02-04-2014,14.227
01-04-2014,13.994
31-03-2014,14.047
28-03-2014,13.957
27-03-2014,13.76
26-03-2014,13.675
25-03-2014,13.639
24-03-2014,13.604
21-03-2014,13.509
20-03-2014,13.405
19-03-2014,13.402
18-03-2014,13.369
14-03-2014,13.293
13-03-2014,13.338
12-03-2014,13.389
11-03-2014,13.42
10-03-2014,13.415
07-03-2014,13.364
06-03-2014,13.316
05-03-2014,13.152
04-03-2014,13.052
03-03-2014,12.921
28-02-2014,12.936
26-02-2014,12.865
25-02-2014,12.861
24-02-2014,12.829
21-02-2014,12.755
20-02-2014,12.593
19-02-2014,12.618
18-02-2014,12.552
17-02-2014,12.447
14-02-2014,12.456
13-02-2014,12.419
12-02-2014,12.544
11-02-2014,12.561
10-02-2014,12.579
07-02-2014,12.546
06-02-2014,12.443
05-02-2014,12.482
04-02-2014,12.411
03-02-2014,12.397
31-01-2014,12.465
30-01-2014,12.307
29-01-2014,12.423
28-01-2014,12.481
27-01-2014,12.558
24-01-2014,12.803
23-01-2014,12.95
22-01-2014,12.977
21-01-2014,12.953
20-01-2014,12.837
17-01-2014,12.807
16-01-2014,12.991
15-01-2014,12.981
14-01-2014,12.959
13-01-2014,12.982
10-01-2014,13.016
09-01-2014,13.09
08-01-2014,13.137
07-01-2014,13.068
06-01-2014,13.125
03-01-2014,13.101
02-01-2014,13.087
01-01-2014,13.234
31-12-2013,13.136
30-12-2013,13.089
27-12-2013,13.052
26-12-2013,13.04
24-12-2013,13.031
23-12-2013,12.931
20-12-2013,12.819
19-12-2013,12.614
18-12-2013,12.671
17-12-2013,12.537
16-12-2013,12.494
13-12-2013,12.443
12-12-2013,12.543
11-12-2013,12.612
10-12-2013,12.615
09-12-2013,12.647
06-12-2013,12.554
05-12-2013,12.453
04-12-2013,12.417
03-12-2013,12.435
02-12-2013,12.411
29-11-2013,12.33
28-11-2013,12.229
27-11-2013,12.111
26-11-2013,12.127
25-11-2013,12.126
22-11-2013,12.011
21-11-2013,11.903
20-11-2013,11.931
19-11-2013,11.94
18-11-2013,11.854
14-11-2013,11.73
13-11-2013,11.649
12-11-2013,11.71
11-11-2013,11.761
08-11-2013,11.843
07-11-2013,11.859
06-11-2013,11.946
05-11-2013,11.949
01-11-2013,11.822
31-10-2013,11.709
30-10-2013,11.599
29-10-2013,11.555
28-10-2013,11.403
25-10-2013,11.507
24-10-2013,11.533
23-10-2013,11.523
22-10-2013,11.53
21-10-2013,11.501
18-10-2013,11.348
17-10-2013,11.236
15-10-2013,11.264
14-10-2013,11.365
11-10-2013,11.314
10-10-2013,11.261
09-10-2013,11.21
08-10-2013,11.07
07-10-2013,11.026
04-10-2013,10.972
03-10-2013,10.922
01-10-2013,10.753
30-09-2013,10.677
27-09-2013,10.731
26-09-2013,10.682
25-09-2013,10.654
24-09-2013,10.666
23-09-2013,10.647
20-09-2013,10.764
19-09-2013,10.873
18-09-2013,10.632
17-09-2013,10.546
16-09-2013,10.543
13-09-2013,10.585
12-09-2013,10.536
11-09-2013,10.546
10-09-2013,10.452
06-09-2013,10.271
05-09-2013,10.246
04-09-2013,10.01
03-09-2013,9.873
02-09-2013,10.035
30-08-2013,9.963
29-08-2013,9.908
28-08-2013,9.783
27-08-2013,9.916
26-08-2013,10.152
23-08-2013,10.145
22-08-2013,10.083
21-08-2013,10.044
20-08-2013,10.12
19-08-2013,10.148
16-08-2013,10.377
14-08-2013,10.687
13-08-2013,10.621
12-08-2013,10.495
08-08-2013,10.345
07-08-2013,10.192
06-08-2013,10.163
05-08-2013,10.44
02-08-2013,10.483
01-08-2013,10.575
31-07-2013,10.692
30-07-2013,10.759
29-07-2013,11.052
26-07-2013,11.118
25-07-2013,11.251
24-07-2013,11.396
23-07-2013,11.604
22-07-2013,11.609
19-07-2013,11.54
18-07-2013,11.566
17-07-2013,11.468
16-07-2013,11.566
15-07-2013,11.728
12-07-2013,11.64
11-07-2013,11.643
10-07-2013,11.569
09-07-2013,11.601
08-07-2013,11.508
05-07-2013,11.56
04-07-2013,11.551
03-07-2013,11.542
02-07-2013,11.696
01-07-2013,11.743
28-06-2013,11.596
27-06-2013,11.426
26-06-2013,11.453
25-06-2013,11.516
24-06-2013,11.51
21-06-2013,11.727
20-06-2013,11.842
19-06-2013,12.022
18-06-2013,11.946
17-06-2013,11.971
14-06-2013,11.94
13-06-2013,11.811
12-06-2013,11.965
11-06-2013,12.017
10-06-2013,12.256
07-06-2013,12.336
06-06-2013,12.411
05-06-2013,12.434
04-06-2013,12.405
03-06-2013,12.409
31-05-2013,12.318
30-05-2013,12.45
29-05-2013,12.439
28-05-2013,12.495
27-05-2013,12.441
24-05-2013,12.36
23-05-2013,12.277
22-05-2013,12.513
21-05-2013,12.643
20-05-2013,12.733
17-05-2013,12.735
16-05-2013,12.644
15-05-2013,12.609
14-05-2013,12.413
13-05-2013,12.418
10-05-2013,12.525
09-05-2013,12.502
08-05-2013,12.521
07-05-2013,12.483
06-05-2013,12.37
03-05-2013,12.269
02-05-2013,12.305
30-04-2013,12.235
29-04-2013,12.157
26-04-2013,12.106
25-04-2013,12.131
23-04-2013,12.075
22-04-2013,12.105
18-04-2013,12.03
17-04-2013,11.939
16-04-2013,11.91
15-04-2013,11.823
12-04-2013,11.801
11-04-2013,11.836
10-04-2013,11.839
09-04-2013,11.831
08-04-2013,11.942
05-04-2013,11.947
04-04-2013,11.989
03-04-2013,12.16
02-04-2013,12.229
01-04-2013,12.076
28-03-2013,11.996
26-03-2013,11.866
25-03-2013,11.834
22-03-2013,11.86
21-03-2013,11.883
20-03-2013,11.984
19-03-2013,12.178
18-03-2013,12.355
15-03-2013,12.429
14-03-2013,12.486
13-03-2013,12.477
12-03-2013,12.604
11-03-2013,12.672
08-03-2013,12.628
07-03-2013,12.569
06-03-2013,12.534
05-03-2013,12.405
04-03-2013,12.234
01-03-2013,12.445
28-02-2013,12.448
27-02-2013,12.668
26-02-2013,12.564
25-02-2013,12.771
22-02-2013,12.848
21-02-2013,12.885
20-02-2013,13.105
19-02-2013,13.121
18-02-2013,12.963
15-02-2013,12.976
14-02-2013,12.941
13-02-2013,13.113
12-02-2013,13.143
11-02-2013,13.118
08-02-2013,13.162
07-02-2013,13.25
06-02-2013,13.344
05-02-2013,13.362
04-02-2013,13.432
01-02-2013,13.613
31-01-2013,13.636
30-01-2013,13.557
29-01-2013,13.573
28-01-2013,13.626
25-01-2013,13.691
24-01-2013,13.519
23-01-2013,13.71
22-01-2013,13.8
21-01-2013,13.855
18-01-2013,13.888
17-01-2013,13.948
16-01-2013,13.969
15-01-2013,14.082
14-01-2013,14.067
11-01-2013,13.976
10-01-2013,14.12
09-01-2013,14.207
08-01-2013,14.222
07-01-2013,14.198
04-01-2013,14.176
03-01-2013,14.052
02-01-2013,13.985
01-01-2013,13.914
31-12-2012,13.837
28-12-2012,13.732
27-12-2012,13.659
26-12-2012,13.659
24-12-2012,13.576
21-12-2012,13.506
20-12-2012,13.623
19-12-2012,13.67
18-12-2012,13.579
17-12-2012,13.551
14-12-2012,13.522
13-12-2012,13.413
12-12-2012,13.547
11-12-2012,13.507
10-12-2012,13.589
07-12-2012,13.542
06-12-2012,13.547
05-12-2012,13.472
04-12-2012,13.386
03-12-2012,13.414
30-11-2012,13.253
29-11-2012,13.157
27-11-2012,13.079
26-11-2012,13.012
23-11-2012,12.826
22-11-2012,12.738
21-11-2012,12.664
20-11-2012,12.616
19-11-2012,12.69
16-11-2012,12.764
15-11-2012,12.809
12-11-2012,12.745
09-11-2012,12.737
08-11-2012,12.819
07-11-2012,12.823
06-11-2012,12.722
05-11-2012,12.716
02-11-2012,12.697
01-11-2012,12.639
31-10-2012,12.572
30-10-2012,12.492
29-10-2012,12.592
26-10-2012,12.601
25-10-2012,12.704
23-10-2012,12.616
22-10-2012,12.644
19-10-2012,12.576
18-10-2012,12.654
17-10-2012,12.531
16-10-2012,12.51
15-10-2012,12.587
12-10-2012,12.583
11-10-2012,12.548
10-10-2012,12.475
09-10-2012,12.557
08-10-2012,12.554
05-10-2012,12.591
04-10-2012,12.674
03-10-2012,12.546
01-10-2012,12.494
28-09-2012,12.399
27-09-2012,12.241
26-09-2012,12.205
25-09-2012,12.142
24-09-2012,12.07
21-09-2012,12.048
20-09-2012,11.896
18-09-2012,11.961
17-09-2012,11.862
14-09-2012,11.735
13-09-2012,11.656
12-09-2012,11.622
11-09-2012,11.553
10-09-2012,11.545
07-09-2012,11.494
06-09-2012,11.406
05-09-2012,11.36
04-09-2012,11.455
03-09-2012,11.375
31-08-2012,11.346
30-08-2012,11.353
29-08-2012,11.298
28-08-2012,11.386
27-08-2012,11.496
24-08-2012,11.566
23-08-2012,11.558
22-08-2012,11.524
21-08-2012,11.537
17-08-2012,11.464
16-08-2012,11.46
14-08-2012,11.462
13-08-2012,11.428
10-08-2012,11.379
09-08-2012,11.376
08-08-2012,11.386
07-08-2012,11.394
06-08-2012,11.285
03-08-2012,11.219
02-08-2012,11.256
01-08-2012,11.208
31-07-2012,11.114
30-07-2012,11.06
27-07-2012,10.923
26-07-2012,10.983
25-07-2012,11.091
24-07-2012,11.098
23-07-2012,11.063
20-07-2012,11.21
19-07-2012,11.251
18-07-2012,11.249
17-07-2012,11.235
16-07-2012,11.324
13-07-2012,11.324
12-07-2012,11.334
11-07-2012,11.389
10-07-2012,11.394
09-07-2012,11.298
06-07-2012,11.369
05-07-2012,11.368
04-07-2012,11.252
03-07-2012,11.172
02-07-2012,11.1
29-06-2012,11.086
28-06-2012,10.921
27-06-2012,10.923
26-06-2012,10.906
25-06-2012,10.903
22-06-2012,10.904
21-06-2012,10.904
20-06-2012,10.821
19-06-2012,10.743
18-06-2012,10.72
15-06-2012,10.826
14-06-2012,10.767
13-06-2012,10.832
12-06-2012,10.848
11-06-2012,10.836
08-06-2012,10.859
07-06-2012,10.841
06-06-2012,10.777
05-06-2012,10.681
04-06-2012,10.638
01-06-2012,10.688
31-05-2012,10.834
30-05-2012,10.796
29-05-2012,10.902
28-05-2012,10.921
25-05-2012,10.825
24-05-2012,10.843
23-05-2012,10.746
22-05-2012,10.789
21-05-2012,10.856
18-05-2012,10.812
17-05-2012,10.817
16-05-2012,10.866
15-05-2012,10.938
14-05-2012,10.909
11-05-2012,11.038
10-05-2012,11.079
09-05-2012,11.057
08-05-2012,11.125
07-05-2012,11.243
04-05-2012,11.19
03-05-2012,11.309
02-05-2012,11.406
30-04-2012,11.428
27-04-2012,11.36
26-04-2012,11.389
25-04-2012,11.43
24-04-2012,11.486
23-04-2012,11.474
20-04-2012,11.609
19-04-2012,11.677
18-04-2012,11.667
17-04-2012,11.619
16-04-2012,11.552
13-04-2012,11.446
12-04-2012,11.49
11-04-2012,11.424
10-04-2012,11.481
09-04-2012,11.495
04-04-2012,11.606
03-04-2012,11.588
02-04-2012,11.482
30-03-2012,11.403
29-03-2012,11.168
28-03-2012,11.088
27-03-2012,11.18
26-03-2012,11.193
23-03-2012,11.271
22-03-2012,11.25
21-03-2012,11.418
20-03-2012,11.237
19-03-2012,11.183
16-03-2012,11.218
15-03-2012,11.317
14-03-2012,11.418
13-03-2012,11.429
12-03-2012,11.317
09-03-2012,11.216
07-03-2012,11.019
06-03-2012,11.043
05-03-2012,11.069
02-03-2012,11.135
01-03-2012,11.102
29-02-2012,11.167
28-02-2012,11.058
27-02-2012,10.759
24-02-2012,10.99
23-02-2012,11.045
22-02-2012,11.082
21-02-2012,11.381
17-02-2012,11.362
16-02-2012,11.338
15-02-2012,11.29
14-02-2012,11.141
13-02-2012,11.06
10-02-2012,11.008
09-02-2012,10.927
08-02-2012,10.822
07-02-2012,10.755
06-02-2012,10.762
03-02-2012,10.625
02-02-2012,10.516
01-02-2012,10.457
31-01-2012,10.33
30-01-2012,10.136
27-01-2012,10.313
25-01-2012,10.267
24-01-2012,10.19
23-01-2012,10.082
20-01-2012,10.101
19-01-2012,10.059
18-01-2012,9.982
17-01-2012,9.997
16-01-2012,9.923
13-01-2012,9.915
12-01-2012,9.804
11-01-2012,9.791
10-01-2012,9.731
09-01-2012,9.55
06-01-2012,9.486
05-01-2012,9.531
04-01-2012,9.525
03-01-2012,9.505
02-01-2012,9.293
30-12-2011,9.35
29-12-2011,9.291
28-12-2011,9.344
27-12-2011,9.421
26-12-2011,9.457
23-12-2011,9.422
22-12-2011,9.434
21-12-2011,9.342
20-12-2011,9.201
19-12-2011,9.305
16-12-2011,9.548
15-12-2011,9.698
14-12-2011,9.746
13-12-2011,9.789
12-12-2011,9.844
09-12-2011,9.993
08-12-2011,10.054
07-12-2011,10.16
05-12-2011,10.179
02-12-2011,10.18
01-12-2011,10.025
30-11-2011,9.962
29-11-2011,10.036
28-11-2011,10.091
25-11-2011,9.944
24-11-2011,9.864
23-11-2011,9.787
22-11-2011,9.946
21-11-2011,9.977
18-11-2011,10.138
17-11-2011,10.21
16-11-2011,10.289
15-11-2011,10.359
14-11-2011,10.543
11-11-2011,10.657
09-11-2011,10.732
08-11-2011,10.84
04-11-2011,10.813
03-11-2011,10.755
02-11-2011,10.735
01-11-2011,10.751
31-10-2011,10.754
28-10-2011,10.72
25-10-2011,10.524
24-10-2011,10.472
21-10-2011,10.481
20-10-2011,10.567
19-10-2011,10.632
18-10-2011,10.525
17-10-2011,10.607
14-10-2011,10.626
13-10-2011,10.53
12-10-2011,10.512
11-10-2011,10.345
10-10-2011,10.3
07-10-2011,10.235
05-10-2011,10.054
04-10-2011,10.113
03-10-2011,10.209
30-09-2011,10.362
29-09-2011,10.402
28-09-2011,10.39
27-09-2011,10.433
26-09-2011,10.299
23-09-2011,10.403
22-09-2011,10.49
21-09-2011,10.704
20-09-2011,10.658
19-09-2011,10.595
16-09-2011,10.636
15-09-2011,10.614
14-09-2011,10.581
13-09-2011,10.54
12-09-2011,10.545
09-09-2011,10.685
08-09-2011,10.775
07-09-2011,10.743
06-09-2011,10.638
05-09-2011,10.583
02-09-2011,10.574
30-08-2011,10.558
29-08-2011,10.382
26-08-2011,10.214
25-08-2011,10.384
24-08-2011,10.441
23-08-2011,10.467
22-08-2011,10.396
19-08-2011,10.302
18-08-2011,10.412
17-08-2011,10.62
16-08-2011,10.714
12-08-2011,10.823
11-08-2011,10.855
10-08-2011,10.906
09-08-2011,10.671
08-08-2011,10.8
05-08-2011,10.927
04-08-2011,11.1
03-08-2011,11.156
02-08-2011,11.21
01-08-2011,11.318
29-07-2011,11.326
28-07-2011,11.388
27-07-2011,11.499
26-07-2011,11.483
25-07-2011,11.531
22-07-2011,11.489
21-07-2011,11.362
20-07-2011,11.383
19-07-2011,11.449
18-07-2011,11.429
15-07-2011,11.378
14-07-2011,11.343
13-07-2011,11.24
12-07-2011,11.089
11-07-2011,11.201
08-07-2011,11.24
07-07-2011,11.311
06-07-2011,11.212
05-07-2011,11.189
04-07-2011,11.22
01-07-2011,11.141
30-06-2011,11.081
29-06-2011,11.07
28-06-2011,10.988
27-06-2011,10.944
24-06-2011,10.823
23-06-2011,10.644
22-06-2011,10.658
21-06-2011,10.733
20-06-2011,10.793
17-06-2011,11.022
16-06-2011,11.09
15-06-2011,11.15
14-06-2011,11.191
13-06-2011,11.132
10-06-2011,11.11
09-06-2011,11.143
08-06-2011,11.137
07-06-2011,11.16
06-06-2011,11.089
03-06-2011,11.125
02-06-2011,11.153
01-06-2011,11.228
31-05-2011,11.193
30-05-2011,11.038
27-05-2011,10.924
26-05-2011,10.779
25-05-2011,10.774
24-05-2011,10.828
23-05-2011,10.8
20-05-2011,10.957
19-05-2011,10.914
18-05-2011,10.926
17-05-2011,10.926
16-05-2011,10.992
13-05-2011,11.085
12-05-2011,10.949
11-05-2011,11.057
10-05-2011,11.033
09-05-2011,11.02
06-05-2011,11.006
05-05-2011,10.903
04-05-2011,10.995
03-05-2011,11.052
02-05-2011,11.235
29-04-2011,11.324
28-04-2011,11.439
27-04-2011,11.52
26-04-2011,11.576
25-04-2011,11.539
21-04-2011,11.553
20-04-2011,11.537
19-04-2011,11.396
18-04-2011,11.35
15-04-2011,11.433
13-04-2011,11.463
11-04-2011,11.335
08-04-2011,11.391
07-04-2011,11.53
06-04-2011,11.416
05-04-2011,11.328
04-04-2011,11.252
01-04-2011,11.143
31-03-2011,11.079
30-03-2011,11.071
29-03-2011,10.885
28-03-2011,10.821
25-03-2011,10.76
24-03-2011,10.66
23-03-2011,10.61
22-03-2011,10.521
21-03-2011,10.467
18-03-2011,10.467
17-03-2011,10.5
16-03-2011,10.525
15-03-2011,10.421
14-03-2011,10.546
11-03-2011,10.475
10-03-2011,10.576
09-03-2011,10.604
08-03-2011,10.566
07-03-2011,10.473
04-03-2011,10.623
03-03-2011,10.591
01-03-2011,10.583
28-02-2011,10.221
25-02-2011,10.229
24-02-2011,10.273
23-02-2011,10.573
22-02-2011,10.693
21-02-2011,10.775
18-02-2011,10.766
17-02-2011,10.956
16-02-2011,10.868
15-02-2011,10.842
14-02-2011,10.871
11-02-2011,10.563
10-02-2011,10.327
09-02-2011,10.32
08-02-2011,10.613
07-02-2011,10.823
04-02-2011,10.935
03-02-2011,11.079
02-02-2011,10.969
01-02-2011,10.986
31-01-2011,11.165
28-01-2011,11.166
27-01-2011,11.46
25-01-2011,11.695
24-01-2011,11.762
21-01-2011,11.687
20-01-2011,11.684
19-01-2011,11.705
18-01-2011,11.704
17-01-2011,11.634
14-01-2011,11.752
13-01-2011,11.898
12-01-2011,12.031
11-01-2011,11.863
10-01-2011,11.891
07-01-2011,12.151
06-01-2011,12.437
05-01-2011,12.588
04-01-2011,12.744
03-01-2011,12.815
31-12-2010,12.746
30-12-2010,12.612
29-12-2010,12.533
28-12-2010,12.452
27-12-2010,12.47
24-12-2010,12.479
23-12-2010,12.475
22-12-2010,12.487
21-12-2010,12.461
20-12-2010,12.386
16-12-2010,12.454
15-12-2010,12.426
14-12-2010,12.62
13-12-2010,12.462
10-12-2010,12.259
09-12-2010,12.01
08-12-2010,12.482
07-12-2010,12.726
06-12-2010,12.909
03-12-2010,13.055
02-12-2010,13.297
01-12-2010,13.204
30-11-2010,12.929
29-11-2010,12.714
26-11-2010,12.611
25-11-2010,12.911
24-11-2010,13.143
23-11-2010,13.231
22-11-2010,13.381
19-11-2010,13.217
18-11-2010,13.454
16-11-2010,13.44
15-11-2010,13.752
12-11-2010,13.69
11-11-2010,13.993
10-11-2010,14.151
09-11-2010,14.047
08-11-2010,14.008
04-11-2010,13.916
03-11-2010,13.842
02-11-2010,13.77
01-11-2010,13.662
29-10-2010,13.429
28-10-2010,13.472
27-10-2010,13.615
26-10-2010,13.663
25-10-2010,13.756
22-10-2010,13.649
21-10-2010,13.604
20-10-2010,13.398
19-10-2010,13.416
18-10-2010,13.42
15-10-2010,13.487
14-10-2010,13.715
13-10-2010,13.767
12-10-2010,13.644
11-10-2010,13.746
08-10-2010,13.649
07-10-2010,13.698
06-10-2010,13.794
05-10-2010,13.681
04-10-2010,13.578
01-10-2010,13.517
30-09-2010,13.339
29-09-2010,13.354
28-09-2010,13.406
27-09-2010,13.366
24-09-2010,13.4
23-09-2010,13.265
22-09-2010,13.259
21-09-2010,13.317
20-09-2010,13.459
17-09-2010,13.38
16-09-2010,13.132
15-09-2010,13.274
14-09-2010,13.317
13-09-2010,13.384
09-09-2010,13.295
08-09-2010,13.211
07-09-2010,13.19
06-09-2010,13.106
03-09-2010,12.902
02-09-2010,12.837
01-09-2010,12.812
31-08-2010,12.601
30-08-2010,12.67
27-08-2010,12.656
26-08-2010,12.722
25-08-2010,12.743
24-08-2010,12.867
23-08-2010,12.938
20-08-2010,12.804
19-08-2010,12.778
18-08-2010,12.705
17-08-2010,12.585
16-08-2010,12.548
13-08-2010,12.54
12-08-2010,12.48
11-08-2010,12.436
10-08-2010,12.504
09-08-2010,12.566
06-08-2010,12.434
05-08-2010,12.418
04-08-2010,12.426
03-08-2010,12.443
02-08-2010,12.408
30-07-2010,12.234
29-07-2010,12.168
28-07-2010,12.184
27-07-2010,12.177
26-07-2010,12.157
23-07-2010,12.289
22-07-2010,12.297
21-07-2010,12.252
20-07-2010,12.16
19-07-2010,12.155
16-07-2010,12.116
15-07-2010,12.014
14-07-2010,12.049
13-07-2010,12.082
12-07-2010,11.988
09-07-2010,11.921
08-07-2010,11.878
07-07-2010,11.81
06-07-2010,11.783
05-07-2010,11.705
02-07-2010,11.691
01-07-2010,11.69
30-06-2010,11.755
29-06-2010,11.636
28-06-2010,11.606
25-06-2010,11.508
24-06-2010,11.607
23-06-2010,11.599
22-06-2010,11.512
21-06-2010,11.504
18-06-2010,11.395
17-06-2010,11.428
16-06-2010,11.42
15-06-2010,11.382
14-06-2010,11.292
11-06-2010,11.203
10-06-2010,11.189
09-06-2010,11.057
08-06-2010,11.014
07-06-2010,11.04
04-06-2010,11.158
03-06-2010,11.119
02-06-2010,11.027
01-06-2010,10.928
31-05-2010,11.014
28-05-2010,10.874
27-05-2010,10.729
26-05-2010,10.622
25-05-2010,10.472
24-05-2010,10.728
21-05-2010,10.737
20-05-2010,10.805
19-05-2010,10.835
18-05-2010,11.046
17-05-2010,11.023
14-05-2010,11.048
13-05-2010,11.173
12-05-2010,11.054
11-05-2010,11.011
10-05-2010,11.061
07-05-2010,10.83
06-05-2010,11.071
05-05-2010,11.149
04-05-2010,11.16
03-05-2010,11.354
30-04-2010,11.434
29-04-2010,11.402
28-04-2010,11.255
27-04-2010,11.414
26-04-2010,11.438
23-04-2010,11.363
22-04-2010,11.297
21-04-2010,11.325
20-04-2010,11.277
19-04-2010,11.113
16-04-2010,11.249
15-04-2010,11.277
13-04-2010,11.289
12-04-2010,11.314
09-04-2010,11.331
08-04-2010,11.273
07-04-2010,11.358
06-04-2010,11.304
05-04-2010,11.25
01-04-2010,11.135
31-03-2010,11.014
30-03-2010,10.978
29-03-2010,10.964
26-03-2010,10.977
25-03-2010,10.892
23-03-2010,10.892
22-03-2010,10.818
19-03-2010,10.893
18-03-2010,10.837
17-03-2010,10.775
16-03-2010,10.727
15-03-2010,10.656
12-03-2010,10.732
11-03-2010,10.689
10-03-2010,10.672
09-03-2010,10.72
08-03-2010,10.803
05-03-2010,10.721
04-03-2010,10.649
03-03-2010,10.544
02-03-2010,10.389
26-02-2010,10.17
25-02-2010,10.073
24-02-2010,10.091
23-02-2010,10.084
22-02-2010,10.14
19-02-2010,10.191
18-02-2010,10.306
17-02-2010,10.349
16-02-2010,10.283
15-02-2010,10.229
11-02-2010,10.3
10-02-2010,10.276
09-02-2010,10.279
08-02-2010,10.215
05-02-2010,10.141
04-02-2010,10.35
03-02-2010,10.497
02-02-2010,10.36
01-02-2010,10.478
29-01-2010,10.332
28-01-2010,10.277
27-01-2010,10.183
25-01-2010,10.536
22-01-2010,10.605
21-01-2010,10.723
20-01-2010,10.944
19-01-2010,10.935
18-01-2010,10.96
15-01-2010,10.928
14-01-2010,10.922
13-01-2010,10.81
12-01-2010,10.779
11-01-2010,10.876
08-01-2010,10.824
07-01-2010,10.796
06-01-2010,10.826
05-01-2010,10.727
04-01-2010,10.628
31-12-2009,10.519
30-12-2009,10.505
29-12-2009,10.511
24-12-2009,10.49
23-12-2009,10.454
22-12-2009,10.269
21-12-2009,10.195
18-12-2009,10.275
17-12-2009,10.314
16-12-2009,10.273
15-12-2009,10.279
14-12-2009,10.395
11-12-2009,10.384
10-12-2009,10.43
09-12-2009,10.414
08-12-2009,10.505
07-12-2009,10.426
04-12-2009,10.559
03-12-2009,10.576
02-12-2009,10.462
01-12-2009,10.382
30-11-2009,10.203
27-11-2009,9.98
26-11-2009,10.14
25-11-2009,10.279
24-11-2009,10.277
23-11-2009,10.241
20-11-2009,10.124
19-11-2009,10.04
18-11-2009,10.172
17-11-2009,10.121
16-11-2009,10.098
13-11-2009,9.979
12-11-2009,9.952
11-11-2009,10.036
10-11-2009,9.857
09-11-2009,9.897
06-11-2009,9.665
05-11-2009,9.483
04-11-2009,9.342
03-11-2009,9.094
30-10-2009,9.391
29-10-2009,9.438
28-10-2009,9.532
27-10-2009,9.554
26-10-2009,9.88
23-10-2009,10.032
22-10-2009,9.885
21-10-2009,10.111
20-10-2009,10.23
16-10-2009,10.138
15-10-2009,10.01
14-10-2009,9.943
12-10-2009,9.769
09-10-2009,9.579
08-10-2009,9.647
07-10-2009,9.566
06-10-2009,9.455
05-10-2009,9.441
01-10-2009,9.577
30-09-2009,9.598
29-09-2009,9.48
25-09-2009,9.453
24-09-2009,9.37
23-09-2009,9.329
22-09-2009,9.466
18-09-2009,9.374
17-09-2009,9.377
16-09-2009,9.364
15-09-2009,9.256
14-09-2009,9.01
11-09-2009,8.979
10-09-2009,8.968
09-09-2009,8.982
08-09-2009,9.011
07-09-2009,9.026
04-09-2009,8.878
03-09-2009,8.817
02-09-2009,8.782
01-09-2009,8.849
31-08-2009,8.959
28-08-2009,8.955
27-08-2009,8.863
26-08-2009,8.908
25-08-2009,8.836
24-08-2009,8.737
21-08-2009,8.502
20-08-2009,8.403
19-08-2009,8.348
18-08-2009,8.404
17-08-2009,8.257
14-08-2009,8.559
13-08-2009,8.513
12-08-2009,8.251
11-08-2009,8.259
10-08-2009,8.179
07-08-2009,8.266
06-08-2009,8.421
05-08-2009,8.579
04-08-2009,8.615
03-08-2009,8.646
31-07-2009,8.499
30-07-2009,8.417
29-07-2009,8.348
28-07-2009,8.394
27-07-2009,8.299
24-07-2009,8.171
23-07-2009,8.069
22-07-2009,7.937
21-07-2009,8.029
20-07-2009,8.023
17-07-2009,7.838
16-07-2009,7.628
15-07-2009,7.612
14-07-2009,7.348
13-07-2009,7.045
10-07-2009,7.253
09-07-2009,7.399
08-07-2009,7.346
07-07-2009,7.546
06-07-2009,7.361
03-07-2009,7.773
02-07-2009,7.735
01-07-2009,7.706
30-06-2009,7.645
29-06-2009,7.847
26-06-2009,7.768
25-06-2009,7.622
24-06-2009,7.624
23-06-2009,7.468
22-06-2009,7.46
19-06-2009,7.463
18-06-2009,7.324
17-06-2009,7.491
16-06-2009,7.762
15-06-2009,7.644
12-06-2009,7.795
11-06-2009,7.927
10-06-2009,7.97
09-06-2009,7.86
08-06-2009,7.69
05-06-2009,8.086
04-06-2009,8.112
03-06-2009,7.933
02-06-2009,7.833
01-06-2009,7.78
29-05-2009,7.633
28-05-2009,7.477
27-05-2009,7.499
26-05-2009,7.265
25-05-2009,7.509
22-05-2009,7.391
21-05-2009,7.325
20-05-2009,7.313
19-05-2009,7.032
15-05-2009,6.284
14-05-2009,6.232
13-05-2009,6.222
12-05-2009,6.237
11-05-2009,6.182
08-05-2009,6.272
07-05-2009,6.328
06-05-2009,6.202
05-05-2009,6.261
04-05-2009,6.246
29-04-2009,6.072
28-04-2009,5.957
27-04-2009,6.117
24-04-2009,6.141
23-04-2009,6.101
22-04-2009,6.032
21-04-2009,6.102
20-04-2009,6.144
17-04-2009,6.092
16-04-2009,5.992
15-04-2009,6.156
13-04-2009,5.951
09-04-2009,5.848
08-04-2009,5.759
06-04-2009,5.676
02-04-2009,5.627
01-04-2009,5.516
31-03-2009,5.486
30-03-2009,5.407
27-03-2009,5.466
26-03-2009,5.39
25-03-2009,5.317
24-03-2009,5.277
23-03-2009,5.298
20-03-2009,5.176
19-03-2009,5.208
18-03-2009,5.207
17-03-2009,5.121
16-03-2009,5.136
13-03-2009,5.031
12-03-2009,4.938
09-03-2009,4.922
06-03-2009,4.961
05-03-2009,4.958
04-03-2009,5.023
03-03-2009,5.038
02-03-2009,5.107
27-02-2009,5.208
26-02-2009,5.169
25-02-2009,5.166
24-02-2009,5.148
20-02-2009,5.224
19-02-2009,5.266
18-02-2009,5.272
17-02-2009,5.276
16-02-2009,5.341
13-02-2009,5.461
12-02-2009,5.412
11-02-2009,5.4
10-02-2009,5.417
09-02-2009,5.399
06-02-2009,5.323
05-02-2009,5.281
04-02-2009,5.321
03-02-2009,5.345
02-02-2009,5.345
30-01-2009,5.391
29-01-2009,5.348
28-01-2009,5.368
27-01-2009,5.333
23-01-2009,5.338
22-01-2009,5.394
21-01-2009,5.403
20-01-2009,5.535
19-01-2009,5.584
16-01-2009,5.559
15-01-2009,5.522
14-01-2009,5.61
13-01-2009,5.478
12-01-2009,5.531
09-01-2009,5.646
07-01-2009,5.749
06-01-2009,6.098
05-01-2009,6.128
02-01-2009,6.106
01-01-2009,6.038
31-12-2008,5.921
30-12-2008,5.907
29-12-2008,5.807
26-12-2008,5.742
24-12-2008,5.782
23-12-2008,5.822
22-12-2008,5.903
19-12-2008,5.928
18-12-2008,5.831
17-12-2008,5.734
16-12-2008,5.829
15-12-2008,5.747
12-12-2008,5.644
11-12-2008,5.595
10-12-2008,5.542
08-12-2008,5.474
05-12-2008,5.462
04-12-2008,5.514
03-12-2008,5.386
02-12-2008,5.341
01-12-2008,5.388
28-11-2008,5.444
26-11-2008,5.408
25-11-2008,5.375
24-11-2008,5.422
21-11-2008,5.424
20-11-2008,5.371
19-11-2008,5.514
18-11-2008,5.589
17-11-2008,5.699
14-11-2008,5.813
12-11-2008,5.903
11-11-2008,6.001
10-11-2008,6.183
07-11-2008,5.996
06-11-2008,5.901
05-11-2008,5.971
04-11-2008,6.024
03-11-2008,5.889
31-10-2008,5.699
29-10-2008,5.49
27-10-2008,5.291
24-10-2008,5.442
23-10-2008,5.855
22-10-2008,6.02
21-10-2008,6.179
20-10-2008,5.994
17-10-2008,6.041
16-10-2008,6.217
15-10-2008,6.289
14-10-2008,6.631
13-10-2008,6.537
10-10-2008,6.238
08-10-2008,6.691
07-10-2008,6.948
06-10-2008,7.108
03-10-2008,7.548
01-10-2008,7.766
30-09-2008,7.745
29-09-2008,7.638
26-09-2008,7.947
25-09-2008,8.148
24-09-2008,8.222
23-09-2008,8.198
22-09-2008,8.392
19-09-2008,8.446
18-09-2008,8.197
17-09-2008,8.254
16-09-2008,8.373
15-09-2008,8.458
12-09-2008,8.83
11-09-2008,8.974
10-09-2008,9.123
09-09-2008,9.213
08-09-2008,9.29
05-09-2008,9.185
04-09-2008,9.318
02-09-2008,9.349
01-09-2008,9.161
29-08-2008,9.119
28-08-2008,8.885
27-08-2008,8.999
26-08-2008,9.095
25-08-2008,9.107
22-08-2008,9.094
21-08-2008,9.077
20-08-2008,9.255
19-08-2008,9.176
18-08-2008,9.209
14-08-2008,9.287
13-08-2008,9.498
12-08-2008,9.537
11-08-2008,9.647
08-08-2008,9.468
07-08-2008,9.405
06-08-2008,9.427
05-08-2008,9.377
04-08-2008,9.199
01-08-2008,9.121
31-07-2008,8.95
30-07-2008,8.951
29-07-2008,8.747
28-07-2008,9.045
25-07-2008,8.995
24-07-2008,9.133
23-07-2008,9.216
22-07-2008,8.725
21-07-2008,8.574
18-07-2008,8.524
17-07-2008,8.352
16-07-2008,8.157
15-07-2008,8.246
14-07-2008,8.532
11-07-2008,8.621
10-07-2008,8.85
09-07-2008,8.871
08-07-2008,8.562
07-07-2008,8.611
04-07-2008,8.554
03-07-2008,8.316
02-07-2008,8.566
01-07-2008,8.241
30-06-2008,8.609
27-06-2008,8.81
26-06-2008,9.158
25-06-2008,9.139
24-06-2008,9.047
23-06-2008,9.212
20-06-2008,9.547
19-06-2008,9.932
18-06-2008,10.177
17-06-2008,10.277
16-06-2008,10.092
13-06-2008,10.002
12-06-2008,9.9
11-06-2008,9.798
10-06-2008,9.631
09-06-2008,9.763
06-06-2008,10.153
05-06-2008,10.209
04-06-2008,10.198
03-06-2008,10.463
02-06-2008,10.597
30-05-2008,10.909
29-05-2008,10.879
28-05-2008,10.867
27-05-2008,10.826
26-05-2008,10.908
23-05-2008,11.254
22-05-2008,11.422
21-05-2008,11.63
20-05-2008,11.504
16-05-2008,11.521
15-05-2008,11.404
14-05-2008,11.249
13-05-2008,11.24
12-05-2008,11.289
09-05-2008,11.346
08-05-2008,11.673
07-05-2008,11.746
06-05-2008,11.817
05-05-2008,11.982
02-05-2008,11.874
30-04-2008,11.703
29-04-2008,11.711
28-04-2008,11.577
25-04-2008,11.564
24-04-2008,11.467
23-04-2008,11.583
22-04-2008,11.572
21-04-2008,11.471
17-04-2008,11.312
16-04-2008,11.145
15-04-2008,11.03
11-04-2008,10.873
10-04-2008,10.769
09-04-2008,10.737
08-04-2008,10.645
07-04-2008,10.621
04-04-2008,10.485
03-04-2008,10.722
02-04-2008,10.741
01-04-2008,10.706
31-03-2008,10.829
28-03-2008,11.097
27-03-2008,10.569
26-03-2008,10.488
25-03-2008,10.376
24-03-2008,9.861
19-03-2008,10.071
18-03-2008,10.169
17-03-2008,10.327
14-03-2008,11.069
13-03-2008,10.963
12-03-2008,11.668
11-03-2008,11.735
10-03-2008,11.316
07-03-2008,11.268
05-03-2008,11.678
04-03-2008,11.899
03-03-2008,12.213
29-02-2008,12.858
28-02-2008,12.993
27-02-2008,13.085
26-02-2008,13.034
25-02-2008,12.87
22-02-2008,12.912
21-02-2008,13.127
20-02-2008,13.02
19-02-2008,13.211
18-02-2008,13.151
15-02-2008,13.062
14-02-2008,12.724
13-02-2008,12.139
12-02-2008,12.102
11-02-2008,12.24
08-02-2008,12.927
07-02-2008,13.223
06-02-2008,13.542
05-02-2008,13.843
04-02-2008,13.767
01-02-2008,13.534
31-01-2008,13.577
30-01-2008,13.817
29-01-2008,14.205
28-01-2008,14.105
25-01-2008,14.188
24-01-2008,13.264
23-01-2008,13.798
22-01-2008,13.099
21-01-2008,14.087
18-01-2008,15.495
17-01-2008,16.135
16-01-2008,16.108
15-01-2008,16.464
14-01-2008,16.689
11-01-2008,16.604
10-01-2008,16.629
09-01-2008,17.085
08-01-2008,17.193
07-01-2008,17.58
04-01-2008,17.552
03-01-2008,17.386
02-01-2008,17.447
01-01-2008,17.223
31-12-2007,17.023
28-12-2007,16.769
27-12-2007,16.474
26-12-2007,16.308
24-12-2007,15.788
20-12-2007,15.476
19-12-2007,15.599
18-12-2007,15.652
17-12-2007,15.669
14-12-2007,16.265
13-12-2007,16.265
12-12-2007,16.251
11-12-2007,16.11
10-12-2007,15.849
07-12-2007,15.738
06-12-2007,15.728
05-12-2007,15.636
04-12-2007,15.462
03-12-2007,15.25
30-11-2007,15.069
29-11-2007,14.664
28-11-2007,14.606
27-11-2007,14.619
26-11-2007,14.612
23-11-2007,14.415
22-11-2007,14.276
21-11-2007,14.307
20-11-2007,14.784
19-11-2007,15.014
16-11-2007,14.643
15-11-2007,14.498
14-11-2007,14.364
13-11-2007,14
12-11-2007,13.864
08-11-2007,13.96
07-11-2007,14.012
06-11-2007,14.071
05-11-2007,14.271
02-11-2007,14.288
01-11-2007,14.048
31-10-2007,14.175
30-10-2007,14.089
29-10-2007,13.922
26-10-2007,13.598
25-10-2007,13.241
24-10-2007,12.989
23-10-2007,12.844
22-10-2007,12.32
19-10-2007,12.221
18-10-2007,12.623
17-10-2007,12.98
16-10-2007,13.295
15-10-2007,13.142
12-10-2007,12.821
11-10-2007,12.958
10-10-2007,12.79
09-10-2007,12.64
08-10-2007,12.348
05-10-2007,12.737
04-10-2007,12.878
03-10-2007,12.924
01-10-2007,12.755
28-09-2007,12.432
27-09-2007,12.207
26-09-2007,12.277
25-09-2007,12.36
24-09-2007,12.423
21-09-2007,12.243
20-09-2007,12.082
19-09-2007,12.047
18-09-2007,11.869
17-09-2007,11.795
14-09-2007,11.831
13-09-2007,11.884
12-09-2007,11.798
11-09-2007,11.7
10-09-2007,11.74
07-09-2007,11.723
06-09-2007,11.726
05-09-2007,11.664
04-09-2007,11.693
03-09-2007,11.673
31-08-2007,11.441
30-08-2007,11.228
29-08-2007,11.171
28-08-2007,11.123
27-08-2007,11
24-08-2007,10.712
23-08-2007,10.574
22-08-2007,10.665
21-08-2007,10.634
20-08-2007,11.019
17-08-2007,10.909
16-08-2007,11.042
14-08-2007,11.419
13-08-2007,11.487
10-08-2007,11.42
09-08-2007,11.513
08-08-2007,11.719
07-08-2007,11.531
06-08-2007,11.509
03-08-2007,11.617
02-08-2007,11.358
01-08-2007,11.255
31-07-2007,11.793
30-07-2007,11.582
27-07-2007,11.505
26-07-2007,11.926
25-07-2007,11.764
24-07-2007,11.779
23-07-2007,11.793
20-07-2007,11.751
19-07-2007,11.78
18-07-2007,11.751
17-07-2007,11.814
16-07-2007,11.904
13-07-2007,11.94
12-07-2007,11.991
11-07-2007,11.776
10-07-2007,11.748
09-07-2007,11.763
06-07-2007,11.733
05-07-2007,11.685
04-07-2007,11.785
03-07-2007,11.923
02-07-2007,11.805
29-06-2007,11.648
28-06-2007,11.541
27-06-2007,11.514
26-06-2007,11.506
25-06-2007,11.385
22-06-2007,11.335
21-06-2007,11.341
20-06-2007,11.224
19-06-2007,10.985
18-06-2007,10.873
15-06-2007,10.857
14-06-2007,10.815
13-06-2007,10.662
12-06-2007,10.653
11-06-2007,10.753
08-06-2007,10.731
07-06-2007,10.794
06-06-2007,10.772
05-06-2007,10.889
04-06-2007,10.777
01-06-2007,10.804
31-05-2007,10.784
30-05-2007,10.73
29-05-2007,10.73
28-05-2007,10.685
25-05-2007,10.593
24-05-2007,10.541
23-05-2007,10.523
22-05-2007,10.598
21-05-2007,10.608
18-05-2007,10.516
17-05-2007,10.475
16-05-2007,10.461
15-05-2007,10.346
14-05-2007,10.301
11-05-2007,10.249
10-05-2007,10.198
09-05-2007,10.163
08-05-2007,10.151
07-05-2007,10.186
04-05-2007,10.197
03-05-2007,10.205
30-04-2007,10.16
27-04-2007,10.118
26-04-2007,10.177
25-04-2007,10.208
24-04-2007,10.18
23-04-2007,10.144
20-04-2007,10.135
19-04-2007,10.111
18-04-2007,10.126
17-04-2007,10.13
16-04-2007,10.118
13-04-2007,10.09
12-04-2007,10.079
11-04-2007,10.069
10-04-2007,10.053
09-04-2007,10.046
05-04-2007,10.026
04-04-2007,10.003
03-04-2007,9.996
02-04-2007,9.998
30-03-2007,10
