Historical Mutual Fund NAV of L&T Mid Cap Fund-Regular Plan-Growth,
scheme:- L&T Mid Cap Fund-Regular Plan-Growth,
Start Date:- 09-08-2004,
End Date:- 13-11-2020,
NAV Date,NAV (Rs)
13-11-2020,142.03
12-11-2020,141.21
11-11-2020,140.12
10-11-2020,139.92
09-11-2020,141.38
06-11-2020,140.83
05-11-2020,140.55
04-11-2020,138.75
03-11-2020,138.59
02-11-2020,137.34
30-10-2020,137.43
29-10-2020,137.02
28-10-2020,137.28
27-10-2020,138.3
26-10-2020,136.2
23-10-2020,137.78
22-10-2020,137.49
21-10-2020,136.31
20-10-2020,136.1
19-10-2020,135.71
16-10-2020,135.28
15-10-2020,134.29
14-10-2020,135.82
13-10-2020,135.9
12-10-2020,136.17
09-10-2020,136.84
08-10-2020,137.34
07-10-2020,137.11
06-10-2020,137.95
05-10-2020,137.77
01-10-2020,138.5
30-09-2020,137.46
29-09-2020,137.41
28-09-2020,137.73
25-09-2020,134.96
24-09-2020,132.87
23-09-2020,135.26
22-09-2020,134.72
21-09-2020,136.3
18-09-2020,140.12
17-09-2020,140.02
16-09-2020,140.47
15-09-2020,139.86
14-09-2020,138.19
11-09-2020,133.39
10-09-2020,132.75
09-09-2020,131.22
08-09-2020,131.62
07-09-2020,132.92
04-09-2020,133.58
03-09-2020,135.18
02-09-2020,134.54
01-09-2020,133.35
31-08-2020,132.07
28-08-2020,137.4
27-08-2020,137.4
26-08-2020,137.52
25-08-2020,137.17
24-08-2020,136.3
21-08-2020,134.47
20-08-2020,132.99
19-08-2020,132.41
18-08-2020,131.12
17-08-2020,129.95
14-08-2020,129.61
13-08-2020,130.29
12-08-2020,129.23
11-08-2020,129.79
10-08-2020,129.94
07-08-2020,128.05
06-08-2020,126.59
05-08-2020,125.88
04-08-2020,125.61
03-08-2020,124.95
31-07-2020,124.58
30-07-2020,123.43
29-07-2020,124.41
28-07-2020,124.4
27-07-2020,123.19
24-07-2020,123.92
23-07-2020,123.74
22-07-2020,122.75
21-07-2020,122.94
20-07-2020,122.93
17-07-2020,121.89
16-07-2020,121.09
15-07-2020,120.1
14-07-2020,120.3
13-07-2020,121.09
10-07-2020,120.97
09-07-2020,121.53
08-07-2020,121.16
07-07-2020,122.03
06-07-2020,121.56
03-07-2020,120.43
02-07-2020,119.88
01-07-2020,118.93
30-06-2020,119.05
29-06-2020,119.03
26-06-2020,120.39
25-06-2020,120.04
24-06-2020,119.26
23-06-2020,120.02
22-06-2020,118.44
19-06-2020,117.03
18-06-2020,115.62
17-06-2020,114.51
16-06-2020,114.03
15-06-2020,113.83
12-06-2020,114.84
11-06-2020,114.15
10-06-2020,115.39
09-06-2020,114.8
08-06-2020,115.19
05-06-2020,115.02
04-06-2020,113.48
03-06-2020,114.09
02-06-2020,113.73
01-06-2020,112.72
29-05-2020,110.7
28-05-2020,109.18
27-05-2020,108.09
26-05-2020,107.71
22-05-2020,106.09
21-05-2020,106.42
20-05-2020,105.6
19-05-2020,104.08
18-05-2020,104.02
15-05-2020,107.62
14-05-2020,107.51
13-05-2020,108.01
12-05-2020,106.76
11-05-2020,107.58
08-05-2020,107.54
07-05-2020,107.67
06-05-2020,107.77
05-05-2020,107.42
04-05-2020,107.92
30-04-2020,111.53
29-04-2020,110.13
28-04-2020,109.44
27-04-2020,108.21
24-04-2020,106.14
23-04-2020,107.86
22-04-2020,106.78
21-04-2020,105.86
20-04-2020,108.29
17-04-2020,107.86
16-04-2020,106.05
15-04-2020,104.55
13-04-2020,103.08
09-04-2020,103.88
08-04-2020,100.86
07-04-2020,98.96
03-04-2020,94.81
01-04-2020,96.46
31-03-2020,98.52
30-03-2020,95.6
27-03-2020,97.39
26-03-2020,97.78
25-03-2020,94.43
24-03-2020,91.78
23-03-2020,91.68
20-03-2020,103.68
19-03-2020,99.66
18-03-2020,104.36
17-03-2020,110.27
16-03-2020,112.59
13-03-2020,119.57
12-03-2020,117.05
11-03-2020,125.58
09-03-2020,126.67
06-03-2020,131.3
05-03-2020,133.22
04-03-2020,133.26
03-03-2020,135.58
02-03-2020,133.45
28-02-2020,134.19
27-02-2020,137.69
26-02-2020,138.68
25-02-2020,140.25
24-02-2020,140.71
20-02-2020,142.57
19-02-2020,141.55
18-02-2020,139.51
17-02-2020,139.93
14-02-2020,140.81
13-02-2020,141.39
12-02-2020,141.18
11-02-2020,140.67
10-02-2020,141.19
07-02-2020,141.77
06-02-2020,140.97
05-02-2020,140.7
04-02-2020,139.46
03-02-2020,137.62
31-01-2020,139.37
30-01-2020,139.89
29-01-2020,141.32
28-01-2020,141.06
27-01-2020,141.55
24-01-2020,141.86
23-01-2020,140.54
22-01-2020,138.83
21-01-2020,139.15
20-01-2020,139.2
17-01-2020,140.03
16-01-2020,139.13
15-01-2020,138.47
14-01-2020,137.18
13-01-2020,136.04
10-01-2020,135.31
09-01-2020,134.7
08-01-2020,133.22
07-01-2020,132.76
06-01-2020,131.6
03-01-2020,134.22
02-01-2020,134.49
01-01-2020,133.2
31-12-2019,132.93
30-12-2019,132.86
27-12-2019,132.15
26-12-2019,130.79
24-12-2019,130.63
23-12-2019,130.3
20-12-2019,130.11
19-12-2019,130.39
18-12-2019,130.15
17-12-2019,130.58
16-12-2019,129.64
13-12-2019,130.49
12-12-2019,129.75
11-12-2019,128.76
10-12-2019,128.38
09-12-2019,129.79
06-12-2019,129.85
05-12-2019,130.92
04-12-2019,131.53
03-12-2019,131.36
02-12-2019,131.99
29-11-2019,132.47
28-11-2019,132.16
27-11-2019,131.58
26-11-2019,130.69
25-11-2019,131.18
22-11-2019,130.4
21-11-2019,130.61
20-11-2019,131.14
19-11-2019,131.28
18-11-2019,130.78
15-11-2019,130.17
14-11-2019,130
13-11-2019,129.72
11-11-2019,130.07
08-11-2019,129.5
07-11-2019,130.46
06-11-2019,129.84
05-11-2019,130.39
04-11-2019,132.12
01-11-2019,132.34
31-10-2019,132.02
30-10-2019,130.8
29-10-2019,130.32
25-10-2019,128.75
24-10-2019,128.7
23-10-2019,128.49
22-10-2019,128.1
18-10-2019,128.24
17-10-2019,126.33
16-10-2019,124.76
15-10-2019,124.66
14-10-2019,124.3
11-10-2019,124.13
10-10-2019,123.78
09-10-2019,124.55
07-10-2019,123.27
04-10-2019,123.94
03-10-2019,124.82
01-10-2019,125.26
30-09-2019,127.32
27-09-2019,128.31
26-09-2019,128.74
25-09-2019,127.56
24-09-2019,129.51
23-09-2019,129.79
20-09-2019,126.01
19-09-2019,119.46
18-09-2019,120.65
17-09-2019,120.12
16-09-2019,122.08
13-09-2019,121.96
12-09-2019,121.24
11-09-2019,121.33
09-09-2019,119.83
06-09-2019,118.5
05-09-2019,117.8
04-09-2019,117.66
03-09-2019,117.73
30-08-2019,119.79
29-08-2019,119.11
28-08-2019,119.68
27-08-2019,120.25
26-08-2019,119.24
23-08-2019,117.42
22-08-2019,116.33
21-08-2019,118.16
20-08-2019,119.75
19-08-2019,120.58
16-08-2019,120.13
14-08-2019,120.18
13-08-2019,119.25
09-08-2019,121.08
08-08-2019,120.05
07-08-2019,119.58
06-08-2019,119.89
05-08-2019,118.2
02-08-2019,119.54
01-08-2019,120.18
31-07-2019,121.36
30-07-2019,120.71
29-07-2019,122.57
26-07-2019,123.46
25-07-2019,123.07
24-07-2019,122.49
23-07-2019,124.22
22-07-2019,124.29
19-07-2019,125.03
18-07-2019,127.07
17-07-2019,128.29
16-07-2019,128.22
15-07-2019,127.83
12-07-2019,128.57
11-07-2019,128.02
10-07-2019,127.53
09-07-2019,128.16
08-07-2019,127.48
05-07-2019,130.16
04-07-2019,132.21
03-07-2019,132
02-07-2019,131.93
01-07-2019,132.21
28-06-2019,131.82
27-06-2019,131.61
26-06-2019,131.17
25-06-2019,129.92
24-06-2019,128.73
21-06-2019,129.08
20-06-2019,129.49
19-06-2019,128.1
18-06-2019,128.77
17-06-2019,128.73
14-06-2019,130.06
13-06-2019,131.13
12-06-2019,131.52
11-06-2019,132.34
10-06-2019,131.7
07-06-2019,131.48
06-06-2019,131.58
04-06-2019,133.41
03-06-2019,134.25
31-05-2019,133.54
30-05-2019,133.61
29-05-2019,133.2
28-05-2019,133.86
27-05-2019,134.17
24-05-2019,131.73
23-05-2019,129.26
22-05-2019,128.89
21-05-2019,129.19
20-05-2019,130.25
17-05-2019,126.26
16-05-2019,125.39
15-05-2019,125.47
14-05-2019,125.73
13-05-2019,125.39
10-05-2019,127.65
09-05-2019,127.35
08-05-2019,127.68
07-05-2019,128.61
06-05-2019,129.73
03-05-2019,130.85
02-05-2019,130.81
30-04-2019,131.57
26-04-2019,132.56
25-04-2019,132.7
24-04-2019,133.1
23-04-2019,132.82
22-04-2019,133.08
18-04-2019,134.92
16-04-2019,135.86
15-04-2019,135.65
12-04-2019,134.97
11-04-2019,134.33
10-04-2019,134.44
09-04-2019,134.44
08-04-2019,134.42
05-04-2019,135.51
04-04-2019,134.51
03-04-2019,134.65
02-04-2019,135.64
01-04-2019,135.85
31-03-2019,135.47
29-03-2019,135.48
28-03-2019,134.31
27-03-2019,133.35
26-03-2019,132.25
25-03-2019,131.02
22-03-2019,132.09
20-03-2019,132.03
19-03-2019,132.39
18-03-2019,131.69
15-03-2019,131.67
14-03-2019,131.64
13-03-2019,131.72
12-03-2019,132.35
11-03-2019,131.53
08-03-2019,129.49
07-03-2019,129.41
06-03-2019,129.64
05-03-2019,128.81
01-03-2019,126.53
28-02-2019,125.05
27-02-2019,124.65
26-02-2019,124.3
25-02-2019,124.27
22-02-2019,123.73
21-02-2019,123.19
20-02-2019,122.21
19-02-2019,121.26
18-02-2019,120.63
15-02-2019,121.8
14-02-2019,122.54
13-02-2019,122.68
12-02-2019,122.98
11-02-2019,123.05
08-02-2019,125.3
07-02-2019,126.67
06-02-2019,126.36
05-02-2019,126.18
04-02-2019,127.11
01-02-2019,127.53
31-01-2019,127.35
30-01-2019,126.56
29-01-2019,125.71
28-01-2019,125.62
25-01-2019,127.54
24-01-2019,129.19
23-01-2019,129.4
22-01-2019,129.68
21-01-2019,130.01
18-01-2019,130.91
17-01-2019,131.63
16-01-2019,131.92
15-01-2019,132.08
14-01-2019,131.51
11-01-2019,131.99
10-01-2019,132.12
09-01-2019,131.79
08-01-2019,131.8
07-01-2019,131.64
04-01-2019,131.51
03-01-2019,131.19
02-01-2019,132.03
01-01-2019,133.07
31-12-2018,133.13
28-12-2018,132.38
27-12-2018,131.54
26-12-2018,131.22
24-12-2018,130.92
21-12-2018,131.84
20-12-2018,133.4
19-12-2018,133.72
18-12-2018,132.21
17-12-2018,131.92
14-12-2018,131.88
13-12-2018,131.59
12-12-2018,131.15
11-12-2018,128.04
10-12-2018,126.96
07-12-2018,128.57
06-12-2018,128.6
05-12-2018,130.29
04-12-2018,131.67
03-12-2018,131.73
30-11-2018,131.36
29-11-2018,130.52
28-11-2018,129.85
27-11-2018,130.18
26-11-2018,129.73
22-11-2018,129.75
21-11-2018,130.43
20-11-2018,130.11
19-11-2018,130.9
16-11-2018,130.81
15-11-2018,131.04
14-11-2018,130.09
13-11-2018,129.99
12-11-2018,129.75
09-11-2018,130.44
06-11-2018,129.04
05-11-2018,129.15
02-11-2018,129.15
01-11-2018,128.16
31-10-2018,127.23
30-10-2018,125.95
29-10-2018,125.12
26-10-2018,123.02
25-10-2018,123.03
24-10-2018,123.39
23-10-2018,122.24
22-10-2018,123.74
19-10-2018,125.29
17-10-2018,127.06
16-10-2018,129
15-10-2018,127.19
12-10-2018,126.01
11-10-2018,123.8
10-10-2018,125.4
09-10-2018,122.15
08-10-2018,122.92
05-10-2018,124.17
04-10-2018,126.67
03-10-2018,128.69
01-10-2018,129.46
28-09-2018,129.45
27-09-2018,131.12
26-09-2018,133.04
25-09-2018,132.58
24-09-2018,132.36
21-09-2018,135.11
19-09-2018,137.44
18-09-2018,138.36
17-09-2018,139.9
14-09-2018,140.43
12-09-2018,139.08
11-09-2018,139.16
10-09-2018,140.14
07-09-2018,141.94
06-09-2018,141.46
05-09-2018,141.05
04-09-2018,142.02
03-09-2018,144.46
31-08-2018,144.9
30-08-2018,144.48
29-08-2018,144.15
28-08-2018,143.81
27-08-2018,143.67
24-08-2018,142.69
23-08-2018,142.94
21-08-2018,143.27
20-08-2018,142.73
17-08-2018,142.54
16-08-2018,141.08
14-08-2018,141.71
13-08-2018,140.61
10-08-2018,141.11
09-08-2018,141.56
08-08-2018,142.02
07-08-2018,141.5
06-08-2018,141.87
03-08-2018,141.65
02-08-2018,140.67
01-08-2018,140.98
31-07-2018,141.15
30-07-2018,140.03
27-07-2018,139.72
26-07-2018,139.03
25-07-2018,138.35
24-07-2018,138.18
23-07-2018,136.96
20-07-2018,135.72
19-07-2018,135.06
18-07-2018,136.05
17-07-2018,136.95
16-07-2018,135.16
13-07-2018,137.79
12-07-2018,138.98
11-07-2018,139.08
10-07-2018,139.6
09-07-2018,138.18
06-07-2018,136.6
05-07-2018,135.97
04-07-2018,136.36
03-07-2018,135.98
02-07-2018,135.19
29-06-2018,135.4
28-06-2018,133.2
27-06-2018,135.08
26-06-2018,136.88
25-06-2018,137.05
22-06-2018,137.97
21-06-2018,137.74
20-06-2018,138.61
19-06-2018,138.42
18-06-2018,139.81
15-06-2018,140.35
14-06-2018,140.7
13-06-2018,141.15
12-06-2018,141.47
11-06-2018,140.76
08-06-2018,140.71
07-06-2018,140.4
06-06-2018,138.29
05-06-2018,136.83
04-06-2018,138.99
01-06-2018,140.63
31-05-2018,142.23
30-05-2018,142.22
29-05-2018,142.05
28-05-2018,142.4
25-05-2018,141.42
24-05-2018,140.09
23-05-2018,140.13
22-05-2018,140.89
21-05-2018,140.48
18-05-2018,142.76
17-05-2018,143.9
16-05-2018,143.35
15-05-2018,143.58
14-05-2018,144.03
11-05-2018,144.54
10-05-2018,144.12
09-05-2018,145.8
08-05-2018,146.44
07-05-2018,146.04
04-05-2018,145.36
03-05-2018,146.24
02-05-2018,147.43
30-04-2018,148.68
27-04-2018,147.68
26-04-2018,147.01
25-04-2018,146.97
24-04-2018,147.75
23-04-2018,147.6
20-04-2018,146.34
19-04-2018,146.31
18-04-2018,145.71
17-04-2018,146.29
16-04-2018,145.61
13-04-2018,145.19
12-04-2018,144.48
11-04-2018,144.68
10-04-2018,144.44
09-04-2018,143.76
06-04-2018,143.98
05-04-2018,143.31
04-04-2018,140.99
03-04-2018,141.73
02-04-2018,140.98
28-03-2018,138.99
27-03-2018,139.21
26-03-2018,137.58
23-03-2018,136.71
22-03-2018,138.21
21-03-2018,139.1
20-03-2018,138.91
19-03-2018,139.04
16-03-2018,140.52
15-03-2018,142.22
14-03-2018,141.3
13-03-2018,141.27
12-03-2018,140.22
09-03-2018,139.46
08-03-2018,140.07
07-03-2018,139.38
06-03-2018,141.41
05-03-2018,142.55
01-03-2018,143.84
28-02-2018,144.35
27-02-2018,143.7
26-02-2018,143.89
23-02-2018,142.83
22-02-2018,140.55
21-02-2018,141.15
20-02-2018,141.26
19-02-2018,141.41
16-02-2018,142.94
15-02-2018,144.43
14-02-2018,145.71
12-02-2018,145.39
09-02-2018,144.17
08-02-2018,144.63
07-02-2018,142.64
06-02-2018,141.34
05-02-2018,143.09
02-02-2018,144.36
01-02-2018,149.55
31-01-2018,148.78
30-01-2018,149.3
29-01-2018,150.92
25-01-2018,152.24
24-01-2018,153.47
23-01-2018,154.3
22-01-2018,153.72
19-01-2018,152.96
18-01-2018,151.96
17-01-2018,153.42
16-01-2018,152.98
15-01-2018,155.37
12-01-2018,155.26
11-01-2018,155.41
10-01-2018,155.31
09-01-2018,155.36
08-01-2018,155.96
05-01-2018,154.62
04-01-2018,153.04
03-01-2018,151.68
02-01-2018,150.18
01-01-2018,150.88
29-12-2017,151.34
28-12-2017,150.46
27-12-2017,150.18
26-12-2017,150.29
22-12-2017,149.93
21-12-2017,149.5
20-12-2017,148.73
19-12-2017,148.02
18-12-2017,146.98
15-12-2017,146.2
14-12-2017,144.68
13-12-2017,144.48
12-12-2017,145.31
11-12-2017,145.79
08-12-2017,145.79
07-12-2017,145.11
06-12-2017,143.38
05-12-2017,144.06
04-12-2017,144.36
01-12-2017,144.67
30-11-2017,146.11
29-11-2017,146.14
28-11-2017,146.04
27-11-2017,145.77
24-11-2017,145.47
23-11-2017,145.42
22-11-2017,145.41
21-11-2017,145.19
20-11-2017,144.57
17-11-2017,144.29
16-11-2017,143.65
15-11-2017,141.75
14-11-2017,143.21
13-11-2017,143.82
10-11-2017,144.52
09-11-2017,144.82
08-11-2017,144.06
07-11-2017,144.86
06-11-2017,145.8
03-11-2017,145.87
02-11-2017,145.87
01-11-2017,145.56
31-10-2017,144.81
30-10-2017,144.85
27-10-2017,143.29
26-10-2017,142.92
25-10-2017,142.33
24-10-2017,141.63
23-10-2017,141.17
18-10-2017,139.94
17-10-2017,140.44
16-10-2017,140.22
13-10-2017,139.8
12-10-2017,139.65
11-10-2017,138.23
10-10-2017,139.04
09-10-2017,138.57
06-10-2017,138.4
05-10-2017,137.52
04-10-2017,137.16
03-10-2017,136.3
29-09-2017,135.22
28-09-2017,133.95
27-09-2017,133.6
26-09-2017,135.61
25-09-2017,134.78
22-09-2017,136.51
21-09-2017,139.75
20-09-2017,139.9
19-09-2017,139.83
18-09-2017,139.59
15-09-2017,138.25
14-09-2017,137.71
13-09-2017,137.32
12-09-2017,138.3
11-09-2017,137.58
08-09-2017,136.11
07-09-2017,136.48
06-09-2017,135.85
05-09-2017,135.79
04-09-2017,134.61
01-09-2017,135.66
31-08-2017,134.62
30-08-2017,134
29-08-2017,132.6
28-08-2017,133.6
24-08-2017,132.64
23-08-2017,131.8
22-08-2017,130.43
21-08-2017,130.87
18-08-2017,132.11
17-08-2017,132.36
16-08-2017,132.01
14-08-2017,130.52
11-08-2017,128.08
10-08-2017,128.01
09-08-2017,131.38
08-08-2017,133.4
07-08-2017,134.62
04-08-2017,133.57
03-08-2017,133.42
02-08-2017,134.61
01-08-2017,134.57
31-07-2017,134.67
28-07-2017,134.01
27-07-2017,133.73
26-07-2017,134.54
25-07-2017,134.43
24-07-2017,134.56
21-07-2017,134.54
20-07-2017,134.74
19-07-2017,134.35
18-07-2017,133
17-07-2017,133.65
14-07-2017,133.87
13-07-2017,134.98
12-07-2017,134.11
11-07-2017,132.99
10-07-2017,132.95
07-07-2017,131.37
06-07-2017,131.73
05-07-2017,131.4
04-07-2017,130.22
03-07-2017,129.85
30-06-2017,128.43
29-06-2017,127.73
28-06-2017,126.78
27-06-2017,126.23
23-06-2017,127.83
22-06-2017,129.21
21-06-2017,129.87
20-06-2017,130.27
19-06-2017,130.34
16-06-2017,129.61
15-06-2017,129.03
14-06-2017,128.65
13-06-2017,128.47
12-06-2017,128.36
09-06-2017,129.27
08-06-2017,128.37
07-06-2017,128.04
06-06-2017,127.29
05-06-2017,128.33
02-06-2017,127.8
01-06-2017,126.62
31-05-2017,126.42
30-05-2017,124.69
29-05-2017,124.32
26-05-2017,125.23
25-05-2017,123.38
24-05-2017,121.68
23-05-2017,123.02
22-05-2017,124.68
19-05-2017,125.91
18-05-2017,126.76
17-05-2017,128.45
16-05-2017,128.54
15-05-2017,127.87
12-05-2017,126.26
11-05-2017,127.05
10-05-2017,127.24
09-05-2017,126.79
08-05-2017,126.54
05-05-2017,125.98
04-05-2017,126.77
03-05-2017,126.14
02-05-2017,125.78
28-04-2017,124.72
27-04-2017,123.76
26-04-2017,123.73
25-04-2017,124.19
24-04-2017,123.53
21-04-2017,122.48
20-04-2017,122.42
19-04-2017,121.03
18-04-2017,120.62
17-04-2017,121.34
13-04-2017,120.91
12-04-2017,120.9
11-04-2017,121.06
10-04-2017,120.09
07-04-2017,119.59
06-04-2017,119.85
05-04-2017,119.86
03-04-2017,118.06
31-03-2017,117.1
30-03-2017,115.81
29-03-2017,115.38
28-03-2017,114.83
27-03-2017,114.07
24-03-2017,114.22
23-03-2017,113.73
22-03-2017,112.76
21-03-2017,113.47
20-03-2017,113.69
17-03-2017,113.84
16-03-2017,113.93
15-03-2017,113
14-03-2017,112.49
10-03-2017,111.15
09-03-2017,111.25
08-03-2017,111.18
07-03-2017,111.65
06-03-2017,111.61
03-03-2017,111.19
02-03-2017,111.08
01-03-2017,112.22
28-02-2017,111.61
27-02-2017,111.14
23-02-2017,111.08
22-02-2017,110.69
21-02-2017,111.08
20-02-2017,110.91
17-02-2017,110.45
16-02-2017,109.95
15-02-2017,108.81
14-02-2017,110.22
13-02-2017,110.7
10-02-2017,111.12
09-02-2017,111.15
08-02-2017,111.08
07-02-2017,110.92
06-02-2017,111.17
03-02-2017,110.05
02-02-2017,108.75
01-02-2017,107.91
31-01-2017,106.06
30-01-2017,106.81
27-01-2017,107.12
25-01-2017,106.68
24-01-2017,106
23-01-2017,104.77
20-01-2017,104.34
19-01-2017,105.48
18-01-2017,104.89
17-01-2017,103.99
16-01-2017,103.69
13-01-2017,103.56
12-01-2017,103.6
11-01-2017,103.93
10-01-2017,103.11
09-01-2017,101.84
06-01-2017,101.51
05-01-2017,101.61
04-01-2017,100.99
03-01-2017,101.03
02-01-2017,100.16
30-12-2016,99.35
29-12-2016,98.78
28-12-2016,97.98
27-12-2016,96.67
26-12-2016,95.65
23-12-2016,97.44
22-12-2016,97.17
21-12-2016,98.38
20-12-2016,98.57
19-12-2016,99.12
16-12-2016,99.78
15-12-2016,99.88
14-12-2016,100.09
13-12-2016,100.84
12-12-2016,100.85
09-12-2016,101.58
08-12-2016,101.09
07-12-2016,100.11
06-12-2016,100.21
05-12-2016,99.61
02-12-2016,99.62
01-12-2016,100.68
30-11-2016,101.7
29-11-2016,100.96
28-11-2016,99.84
25-11-2016,99.36
24-11-2016,98
23-11-2016,98.08
22-11-2016,96.99
21-11-2016,95.61
18-11-2016,98.13
17-11-2016,97.4
16-11-2016,97.66
15-11-2016,97.41
11-11-2016,101.78
10-11-2016,105.13
09-11-2016,103.71
08-11-2016,105.03
07-11-2016,104.83
04-11-2016,104.01
03-11-2016,105.43
02-11-2016,106.29
01-11-2016,108.03
28-10-2016,107.57
27-10-2016,106.82
26-10-2016,107.74
25-10-2016,108.57
24-10-2016,108.46
21-10-2016,107.93
20-10-2016,107.65
19-10-2016,107.33
18-10-2016,107.07
17-10-2016,104.97
14-10-2016,105.22
13-10-2016,104.39
10-10-2016,105.71
07-10-2016,105.77
06-10-2016,105.54
05-10-2016,106.08
04-10-2016,105.69
03-10-2016,105.42
30-09-2016,103.26
29-09-2016,101.52
28-09-2016,104.62
27-09-2016,103.24
26-09-2016,102.95
23-09-2016,103.15
22-09-2016,103.42
21-09-2016,102.34
20-09-2016,102.24
19-09-2016,102.41
16-09-2016,101.57
15-09-2016,101.09
14-09-2016,100.82
12-09-2016,100
09-09-2016,102.22
08-09-2016,102.75
07-09-2016,102.26
06-09-2016,101.9
02-09-2016,100.8
01-09-2016,100.55
31-08-2016,100.9
30-08-2016,100.7
29-08-2016,99.97
26-08-2016,99.93
25-08-2016,99.59
24-08-2016,99.81
23-08-2016,98.75
22-08-2016,99.19
19-08-2016,99.34
18-08-2016,99.1
17-08-2016,98.1
16-08-2016,97.74
12-08-2016,96.96
11-08-2016,96.76
10-08-2016,96.93
09-08-2016,98.46
08-08-2016,99.03
05-08-2016,98.12
04-08-2016,96.72
03-08-2016,96.42
02-08-2016,97.72
01-08-2016,98.28
29-07-2016,98.35
28-07-2016,98.2
27-07-2016,97.44
26-07-2016,96.77
25-07-2016,97.32
22-07-2016,96.43
21-07-2016,95.89
20-07-2016,95.55
19-07-2016,94.55
18-07-2016,94.4
15-07-2016,94.91
14-07-2016,95.46
13-07-2016,94.95
12-07-2016,95.56
11-07-2016,95.55
08-07-2016,94.6
07-07-2016,94.59
05-07-2016,94.27
04-07-2016,94.55
01-07-2016,93.89
30-06-2016,93.18
29-06-2016,92.43
28-06-2016,91.58
27-06-2016,90.67
24-06-2016,89.12
23-06-2016,89.82
22-06-2016,89.74
21-06-2016,89.91
20-06-2016,89.67
17-06-2016,89.38
16-06-2016,89.4
15-06-2016,89.59
14-06-2016,88.95
13-06-2016,88.61
10-06-2016,88.96
09-06-2016,89.06
08-06-2016,89.14
07-06-2016,88.3
06-06-2016,87.61
03-06-2016,87.45
02-06-2016,87.58
01-06-2016,87.13
31-05-2016,87.11
30-05-2016,86.9
27-05-2016,86.81
26-05-2016,86.44
25-05-2016,85.69
24-05-2016,85.19
23-05-2016,85.88
20-05-2016,86.15
19-05-2016,87.15
18-05-2016,87.85
17-05-2016,87.71
16-05-2016,87.59
13-05-2016,87.65
12-05-2016,87.35
11-05-2016,86.26
10-05-2016,85.96
09-05-2016,85.91
06-05-2016,84.73
05-05-2016,84.73
04-05-2016,84.8
03-05-2016,85.14
02-05-2016,85.42
29-04-2016,85.02
28-04-2016,84.82
27-04-2016,85.91
26-04-2016,85.77
25-04-2016,85.44
22-04-2016,85.73
21-04-2016,85.77
20-04-2016,86.27
18-04-2016,85.91
13-04-2016,84.7
12-04-2016,84.18
11-04-2016,83.45
08-04-2016,83.25
07-04-2016,82.79
06-04-2016,82.72
05-04-2016,82.37
04-04-2016,83.53
01-04-2016,83.33
31-03-2016,82.73
30-03-2016,82.42
29-03-2016,80.98
28-03-2016,81
23-03-2016,82.23
22-03-2016,82.02
21-03-2016,81.97
18-03-2016,80.93
17-03-2016,80.58
16-03-2016,80.47
15-03-2016,80.28
14-03-2016,80.85
11-03-2016,80.23
10-03-2016,80.21
09-03-2016,80.02
08-03-2016,80.08
04-03-2016,79.98
03-03-2016,79.38
02-03-2016,78.7
01-03-2016,77.23
29-02-2016,74.77
26-02-2016,75.04
25-02-2016,75.38
24-02-2016,76.24
23-02-2016,77.22
22-02-2016,77.97
19-02-2016,77.61
18-02-2016,77.75
17-02-2016,77.4
16-02-2016,77.52
15-02-2016,79.31
12-02-2016,77.05
11-02-2016,77.71
10-02-2016,80.83
09-02-2016,81.94
08-02-2016,82.94
05-02-2016,82.86
04-02-2016,82.34
03-02-2016,82.69
02-02-2016,84.16
01-02-2016,85.21
29-01-2016,85.2
28-01-2016,84.07
27-01-2016,84.51
25-01-2016,84.36
22-01-2016,83.68
21-01-2016,81.97
20-01-2016,81.85
19-01-2016,83.25
18-01-2016,81.87
15-01-2016,85.16
14-01-2016,87.24
13-01-2016,88.35
12-01-2016,89.47
11-01-2016,90.17
08-01-2016,90.58
07-01-2016,89.06
06-01-2016,91.01
05-01-2016,90.93
04-01-2016,90.57
01-01-2016,91.41
31-12-2015,90.49
30-12-2015,90.05
29-12-2015,89.78
28-12-2015,90.14
24-12-2015,89.55
23-12-2015,89.25
22-12-2015,88.97
21-12-2015,89.13
18-12-2015,88.95
17-12-2015,89.27
16-12-2015,88.25
15-12-2015,87.96
14-12-2015,87.52
11-12-2015,87.48
10-12-2015,87.84
09-12-2015,87.01
08-12-2015,88.67
07-12-2015,89.51
04-12-2015,89.83
03-12-2015,90.11
02-12-2015,90.31
01-12-2015,90.42
30-11-2015,90.32
27-11-2015,89.71
26-11-2015,89.23
24-11-2015,89.12
23-11-2015,88.91
20-11-2015,88.76
19-11-2015,88.21
18-11-2015,87.07
17-11-2015,87.53
16-11-2015,86.98
13-11-2015,86.31
10-11-2015,86.22
09-11-2015,87.05
06-11-2015,86.87
05-11-2015,87.44
04-11-2015,88.27
03-11-2015,88.11
02-11-2015,87.72
30-10-2015,88.07
29-10-2015,88.6
28-10-2015,89.04
27-10-2015,89.02
26-10-2015,89.25
23-10-2015,89.62
21-10-2015,89.91
20-10-2015,90.47
19-10-2015,90.28
16-10-2015,89.27
15-10-2015,89.03
14-10-2015,88.89
13-10-2015,88.96
12-10-2015,89.12
09-10-2015,89.14
08-10-2015,89.19
07-10-2015,89.57
06-10-2015,89.62
05-10-2015,89.34
01-10-2015,88.6
30-09-2015,88.42
29-09-2015,87.01
28-09-2015,87.51
24-09-2015,87.49
23-09-2015,86.83
22-09-2015,86.6
21-09-2015,87.23
18-09-2015,86.52
16-09-2015,85.68
15-09-2015,85.85
14-09-2015,86.45
11-09-2015,85.99
10-09-2015,85.51
09-09-2015,85.68
08-09-2015,84.35
07-09-2015,84.07
04-09-2015,86
03-09-2015,87.62
02-09-2015,86.93
01-09-2015,87.04
31-08-2015,88.61
28-08-2015,88.39
27-08-2015,87.83
26-08-2015,85.78
25-08-2015,86.09
24-08-2015,85.41
21-08-2015,91.63
20-08-2015,92.29
19-08-2015,93.73
18-08-2015,93.34
17-08-2015,92.24
14-08-2015,91.75
13-08-2015,90.39
12-08-2015,90.96
11-08-2015,92.88
10-08-2015,93.4
07-08-2015,93.48
06-08-2015,93.14
05-08-2015,93.58
04-08-2015,92.97
03-08-2015,92.42
31-07-2015,92.5
30-07-2015,91.83
29-07-2015,90.85
28-07-2015,89.84
27-07-2015,89.03
24-07-2015,90
23-07-2015,90.46
22-07-2015,89.67
21-07-2015,88.99
20-07-2015,90.09
17-07-2015,89.97
16-07-2015,89.49
15-07-2015,88.86
14-07-2015,88.76
13-07-2015,88.3
10-07-2015,87.17
09-07-2015,87.14
08-07-2015,87.42
07-07-2015,88.55
06-07-2015,88.12
03-07-2015,87.48
02-07-2015,87.79
01-07-2015,87.4
30-06-2015,86.04
29-06-2015,85.02
26-06-2015,86.29
25-06-2015,86.1
24-06-2015,85.93
23-06-2015,86.32
22-06-2015,85.98
19-06-2015,84.9
18-06-2015,84.59
17-06-2015,83.49
16-06-2015,82.18
15-06-2015,82.03
12-06-2015,81.9
11-06-2015,82.11
10-06-2015,83.34
09-06-2015,82.51
08-06-2015,82.81
05-06-2015,83.99
04-06-2015,83.62
03-06-2015,83.42
02-06-2015,84.71
01-06-2015,86.28
29-05-2015,86.17
28-05-2015,85.2
27-05-2015,85.15
26-05-2015,85.17
25-05-2015,85.46
22-05-2015,85.49
21-05-2015,84.96
20-05-2015,84.99
19-05-2015,84.76
18-05-2015,84.81
15-05-2015,84.44
14-05-2015,83.48
13-05-2015,82.7
12-05-2015,82.19
11-05-2015,83.37
08-05-2015,82.39
07-05-2015,80.96
06-05-2015,82.11
05-05-2015,84.42
04-05-2015,84.64
30-04-2015,83.25
29-04-2015,83.44
28-04-2015,82.81
27-04-2015,81.48
24-04-2015,83.48
23-04-2015,85.34
22-04-2015,85.47
21-04-2015,85.75
20-04-2015,85.94
17-04-2015,87.68
16-04-2015,88.85
15-04-2015,89.72
13-04-2015,90.11
10-04-2015,89.73
09-04-2015,89.93
08-04-2015,89.72
07-04-2015,88.61
06-04-2015,88.15
01-04-2015,87.26
31-03-2015,86.15
30-03-2015,86.07
27-03-2015,84.24
26-03-2015,84.19
25-03-2015,84.83
24-03-2015,84.91
23-03-2015,85.32
20-03-2015,85.92
19-03-2015,86.91
18-03-2015,87.38
17-03-2015,86.93
16-03-2015,86.51
13-03-2015,87.17
12-03-2015,88.18
11-03-2015,87.4
10-03-2015,87.86
09-03-2015,87.54
05-03-2015,88.25
04-03-2015,87.92
03-03-2015,88.46
02-03-2015,87.71
27-02-2015,85.8
26-02-2015,84.59
25-02-2015,85.17
24-02-2015,85.09
23-02-2015,85.46
20-02-2015,86.54
19-02-2015,86.35
18-02-2015,86.28
16-02-2015,85.81
13-02-2015,85.77
12-02-2015,85.03
11-02-2015,84.32
10-02-2015,83.03
09-02-2015,82.62
06-02-2015,83.54
05-02-2015,84.22
04-02-2015,84.94
03-02-2015,85.36
02-02-2015,85.72
30-01-2015,85.31
29-01-2015,86.24
28-01-2015,86.6
27-01-2015,86.35
23-01-2015,85.78
22-01-2015,85.97
21-01-2015,85.58
20-01-2015,85.36
19-01-2015,85.19
16-01-2015,84.49
15-01-2015,84.47
14-01-2015,83.89
13-01-2015,83.58
12-01-2015,83.27
09-01-2015,82.57
08-01-2015,82.37
07-01-2015,81.09
06-01-2015,80.93
05-01-2015,82.77
02-01-2015,82.94
01-01-2015,82.36
31-12-2014,81.69
30-12-2014,81.15
29-12-2014,80.93
26-12-2014,79.87
24-12-2014,79.67
23-12-2014,79.86
22-12-2014,79.69
19-12-2014,79.1
18-12-2014,78.55
17-12-2014,76.94
16-12-2014,77.34
15-12-2014,78.93
12-12-2014,79.25
11-12-2014,79.77
10-12-2014,80.08
09-12-2014,79.44
08-12-2014,80.59
05-12-2014,81.28
04-12-2014,81.04
03-12-2014,80.79
02-12-2014,79.88
01-12-2014,79.37
28-11-2014,79.59
27-11-2014,78.71
26-11-2014,78.43
25-11-2014,77.98
24-11-2014,79.04
21-11-2014,79.14
20-11-2014,79.18
19-11-2014,78.84
18-11-2014,79.69
17-11-2014,79.16
14-11-2014,78.24
13-11-2014,77.65
12-11-2014,77.36
11-11-2014,76.9
10-11-2014,76.83
07-11-2014,76.69
05-11-2014,76.52
03-11-2014,76.24
31-10-2014,75.87
30-10-2014,74.53
29-10-2014,74.33
28-10-2014,74.05
27-10-2014,73.45
22-10-2014,73.27
21-10-2014,72.2
20-10-2014,71.79
17-10-2014,71.31
16-10-2014,70.99
14-10-2014,72.81
13-10-2014,72.7
10-10-2014,72.44
09-10-2014,73.28
08-10-2014,72.22
07-10-2014,72.39
01-10-2014,73.02
30-09-2014,73.28
29-09-2014,72.69
26-09-2014,71.71
25-09-2014,71.47
24-09-2014,72.64
23-09-2014,73.22
22-09-2014,74.31
19-09-2014,74.23
18-09-2014,73.58
17-09-2014,72.34
16-09-2014,72.39
15-09-2014,74.67
12-09-2014,73.87
11-09-2014,73.09
10-09-2014,72.5
09-09-2014,72.4
08-09-2014,72.36
05-09-2014,71.36
04-09-2014,70.82
03-09-2014,70.82
02-09-2014,69.94
01-09-2014,69.65
28-08-2014,69.02
27-08-2014,69.34
26-08-2014,69.14
25-08-2014,69.12
22-08-2014,69.34
21-08-2014,68.75
20-08-2014,68.11
19-08-2014,67.76
18-08-2014,66.94
14-08-2014,65.85
13-08-2014,65.51
12-08-2014,65.73
11-08-2014,65.27
08-08-2014,64.81
07-08-2014,65.83
06-08-2014,66.13
05-08-2014,66.27
04-08-2014,65.75
01-08-2014,65.27
31-07-2014,65.72
30-07-2014,65.79
28-07-2014,65.5
25-07-2014,65.68
24-07-2014,66.16
23-07-2014,66.37
22-07-2014,66.5
21-07-2014,66.37
18-07-2014,66.15
17-07-2014,66.24
16-07-2014,65.58
15-07-2014,64.77
14-07-2014,63.64
11-07-2014,63.57
10-07-2014,65.02
09-07-2014,64.79
08-07-2014,65.46
07-07-2014,67.09
04-07-2014,67.07
03-07-2014,66.72
02-07-2014,66.38
01-07-2014,65.8
30-06-2014,65.53
27-06-2014,64.27
26-06-2014,63.96
25-06-2014,64.13
24-06-2014,63.91
23-06-2014,63.11
20-06-2014,62.78
19-06-2014,63.12
18-06-2014,63.51
17-06-2014,63.21
16-06-2014,62.08
13-06-2014,62.15
12-06-2014,63.29
11-06-2014,62.97
10-06-2014,63.3
09-06-2014,63.26
06-06-2014,62.39
05-06-2014,61.46
04-06-2014,61.21
03-06-2014,60.08
02-06-2014,59.49
30-05-2014,58.82
29-05-2014,58.41
28-05-2014,58.43
27-05-2014,58.03
26-05-2014,58.54
23-05-2014,59.26
22-05-2014,58.55
21-05-2014,57.22
20-05-2014,56.5
19-05-2014,55.76
16-05-2014,53.74
15-05-2014,52.95
14-05-2014,53.3
13-05-2014,53.13
12-05-2014,52.4
09-05-2014,52.04
08-05-2014,51.49
07-05-2014,51.42
06-05-2014,51.45
05-05-2014,51.19
02-05-2014,51.14
30-04-2014,50.86
29-04-2014,51.12
28-04-2014,51.32
25-04-2014,50.97
23-04-2014,51.21
22-04-2014,51.01
21-04-2014,50.94
17-04-2014,50.57
16-04-2014,49.77
15-04-2014,50.14
11-04-2014,50.45
10-04-2014,50.4
09-04-2014,50.3
07-04-2014,49.5
04-04-2014,49.72
03-04-2014,49.82
02-04-2014,49.83
01-04-2014,49.53
31-03-2014,49.52
28-03-2014,49.11
27-03-2014,48.28
26-03-2014,47.86
25-03-2014,47.79
24-03-2014,47.39
21-03-2014,47.06
20-03-2014,46.7
19-03-2014,46.91
18-03-2014,46.64
14-03-2014,46.14
13-03-2014,46.27
12-03-2014,46.44
11-03-2014,46.37
10-03-2014,46.28
07-03-2014,46.26
06-03-2014,46.37
05-03-2014,45.81
04-03-2014,45.4
03-03-2014,44.85
28-02-2014,44.67
26-02-2014,44.59
25-02-2014,44.52
24-02-2014,44.38
21-02-2014,44.11
20-02-2014,43.71
19-02-2014,43.76
18-02-2014,43.49
17-02-2014,43.18
14-02-2014,43.18
13-02-2014,43.24
12-02-2014,43.53
11-02-2014,43.39
10-02-2014,43.2
07-02-2014,43.19
06-02-2014,43.08
05-02-2014,43.01
04-02-2014,42.85
03-02-2014,42.79
31-01-2014,43.16
30-01-2014,42.52
29-01-2014,42.98
28-01-2014,42.96
27-01-2014,42.96
24-01-2014,43.95
23-01-2014,44.47
22-01-2014,44.5
21-01-2014,44.39
20-01-2014,44.22
17-01-2014,43.86
16-01-2014,44.44
15-01-2014,44.63
14-01-2014,44.47
13-01-2014,44.67
10-01-2014,44.59
09-01-2014,44.72
08-01-2014,45.11
07-01-2014,44.8
06-01-2014,45.1
03-01-2014,44.95
02-01-2014,44.58
01-01-2014,45.19
31-12-2013,44.98
30-12-2013,44.68
27-12-2013,44.65
26-12-2013,44.34
24-12-2013,44.28
23-12-2013,43.94
20-12-2013,43.57
19-12-2013,42.92
18-12-2013,42.89
17-12-2013,42.44
16-12-2013,42.34
13-12-2013,42.3
12-12-2013,42.69
11-12-2013,42.76
10-12-2013,42.72
09-12-2013,42.73
06-12-2013,42.53
05-12-2013,42.29
04-12-2013,42.25
03-12-2013,42.29
02-12-2013,42.15
29-11-2013,42.04
28-11-2013,41.67
27-11-2013,41.3
26-11-2013,41.22
25-11-2013,41.45
22-11-2013,41.14
21-11-2013,41.21
20-11-2013,41.68
19-11-2013,41.59
18-11-2013,41.37
14-11-2013,40.93
13-11-2013,40.65
12-11-2013,40.85
11-11-2013,41.07
08-11-2013,41.19
07-11-2013,41.36
06-11-2013,41.68
05-11-2013,41.69
01-11-2013,41.21
31-10-2013,40.93
30-10-2013,40.44
29-10-2013,40.36
28-10-2013,40.12
25-10-2013,40.35
24-10-2013,40.46
23-10-2013,40.56
22-10-2013,40.45
21-10-2013,40.37
18-10-2013,40.12
17-10-2013,39.93
15-10-2013,39.92
14-10-2013,40.19
11-10-2013,39.99
10-10-2013,39.91
09-10-2013,39.74
08-10-2013,39.34
07-10-2013,39.24
04-10-2013,39.02
03-10-2013,38.86
01-10-2013,38.34
30-09-2013,38.22
27-09-2013,38.11
26-09-2013,38.11
25-09-2013,38
24-09-2013,37.87
23-09-2013,37.73
20-09-2013,37.86
19-09-2013,38.13
18-09-2013,37.68
17-09-2013,37.38
16-09-2013,37.42
13-09-2013,37.46
12-09-2013,37.4
11-09-2013,37.62
10-09-2013,37.32
06-09-2013,36.71
05-09-2013,36.54
04-09-2013,36.05
03-09-2013,35.8
02-09-2013,36.39
30-08-2013,36.09
29-08-2013,35.84
28-08-2013,35.46
27-08-2013,35.83
26-08-2013,36.39
23-08-2013,36.02
22-08-2013,35.75
21-08-2013,35.55
20-08-2013,35.84
19-08-2013,36.06
16-08-2013,36.62
14-08-2013,37.43
13-08-2013,37.01
12-08-2013,36.53
08-08-2013,35.89
07-08-2013,35.53
06-08-2013,35.52
05-08-2013,36.32
02-08-2013,36.22
01-08-2013,36.39
31-07-2013,36.76
30-07-2013,36.86
29-07-2013,37.52
26-07-2013,37.84
25-07-2013,37.99
24-07-2013,38.2
23-07-2013,38.6
22-07-2013,38.72
19-07-2013,38.7
18-07-2013,38.69
17-07-2013,38.48
16-07-2013,38.6
15-07-2013,38.96
12-07-2013,38.54
11-07-2013,38.31
10-07-2013,38.04
09-07-2013,37.98
08-07-2013,37.76
05-07-2013,37.88
04-07-2013,37.77
03-07-2013,37.52
02-07-2013,37.97
01-07-2013,38.18
28-06-2013,37.82
27-06-2013,37.08
26-06-2013,36.95
25-06-2013,36.94
24-06-2013,37.06
21-06-2013,37.91
20-06-2013,38.55
19-06-2013,39.11
18-06-2013,38.86
17-06-2013,38.74
14-06-2013,38.65
13-06-2013,38.19
12-06-2013,38.64
11-06-2013,38.83
10-06-2013,39.37
07-06-2013,39.62
06-06-2013,39.76
05-06-2013,39.87
04-06-2013,39.72
03-06-2013,39.68
31-05-2013,39.75
30-05-2013,40.02
29-05-2013,40.09
28-05-2013,40.14
27-05-2013,39.93
24-05-2013,39.49
23-05-2013,39.28
22-05-2013,39.77
21-05-2013,39.99
20-05-2013,40.29
17-05-2013,40.52
16-05-2013,40.43
15-05-2013,40.49
14-05-2013,40.04
13-05-2013,39.81
10-05-2013,40.1
09-05-2013,40.03
08-05-2013,40.19
07-05-2013,40.08
06-05-2013,39.91
03-05-2013,39.66
02-05-2013,39.79
30-04-2013,39.42
29-04-2013,39.24
26-04-2013,38.99
25-04-2013,38.9
23-04-2013,38.68
22-04-2013,38.7
18-04-2013,38.35
17-04-2013,38.01
16-04-2013,37.94
15-04-2013,37.56
12-04-2013,37.52
11-04-2013,37.54
10-04-2013,37.47
09-04-2013,37.19
08-04-2013,37.53
05-04-2013,37.54
04-04-2013,37.58
03-04-2013,38.15
02-04-2013,38.46
01-04-2013,38.02
28-03-2013,37.75
26-03-2013,37.21
25-03-2013,37.23
22-03-2013,37.25
21-03-2013,37.59
20-03-2013,37.83
19-03-2013,38.52
18-03-2013,39.05
15-03-2013,39.18
14-03-2013,39.29
13-03-2013,39.06
12-03-2013,39.55
11-03-2013,39.56
08-03-2013,39.62
07-03-2013,39.29
06-03-2013,39.18
05-03-2013,38.95
04-03-2013,38.61
01-03-2013,39.06
28-02-2013,38.81
27-02-2013,39.67
26-02-2013,39.37
25-02-2013,39.82
22-02-2013,40.09
21-02-2013,40.09
20-02-2013,40.73
19-02-2013,40.65
18-02-2013,40.17
15-02-2013,40.11
14-02-2013,40.2
13-02-2013,40.77
12-02-2013,40.84
11-02-2013,40.73
08-02-2013,40.74
07-02-2013,40.94
06-02-2013,41.27
05-02-2013,41.31
04-02-2013,41.65
01-02-2013,41.89
31-01-2013,41.93
30-01-2013,41.72
29-01-2013,41.85
28-01-2013,42
25-01-2013,42.01
24-01-2013,41.58
23-01-2013,42.26
22-01-2013,42.6
21-01-2013,42.78
18-01-2013,42.77
17-01-2013,42.75
16-01-2013,42.68
15-01-2013,43.1
14-01-2013,42.83
11-01-2013,42.4
10-01-2013,42.87
09-01-2013,43.21
08-01-2013,43.28
07-01-2013,43.33
04-01-2013,43.3
03-01-2013,43.21
02-01-2013,42.95
01-01-2013,42.87
31-12-2012,42.6
28-12-2012,42.35
27-12-2012,42.01
26-12-2012,41.97
24-12-2012,41.73
21-12-2012,41.65
20-12-2012,42.1
19-12-2012,42.19
18-12-2012,41.83
17-12-2012,41.68
14-12-2012,41.51
13-12-2012,41.38
12-12-2012,41.91
11-12-2012,41.94
10-12-2012,42.19
07-12-2012,42.03
06-12-2012,42.1
05-12-2012,42.02
04-12-2012,41.99
03-12-2012,42
30-11-2012,41.66
29-11-2012,41.27
23-11-2012,39.84
22-11-2012,39.67
21-11-2012,39.63
20-11-2012,39.56
19-11-2012,39.67
16-11-2012,39.97
15-11-2012,40.3
12-11-2012,40.31
09-11-2012,40.1
08-11-2012,40.39
07-11-2012,40.41
06-11-2012,40.16
05-11-2012,40
02-11-2012,40.13
01-11-2012,39.98
31-10-2012,39.99
30-10-2012,39.57
29-10-2012,39.82
26-10-2012,39.92
25-10-2012,40.23
23-10-2012,40.26
22-10-2012,40.2
19-10-2012,40.26
18-10-2012,40.55
17-10-2012,40.14
16-10-2012,40.02
15-10-2012,40.12
12-10-2012,40.06
11-10-2012,39.87
10-10-2012,39.68
09-10-2012,40.04
08-10-2012,39.81
05-10-2012,39.97
04-10-2012,40.26
03-10-2012,40.11
01-10-2012,39.83
28-09-2012,39.65
27-09-2012,39.09
26-09-2012,38.88
25-09-2012,38.78
24-09-2012,38.63
21-09-2012,38.75
20-09-2012,38.35
18-09-2012,38.53
17-09-2012,38.59
14-09-2012,38.66
13-09-2012,38.62
12-09-2012,38.51
11-09-2012,38.36
10-09-2012,38.34
07-09-2012,38.02
06-09-2012,37.67
05-09-2012,37.45
04-09-2012,37.65
03-09-2012,37.44
31-08-2012,37.37
30-08-2012,37.35
29-08-2012,37.23
28-08-2012,37.34
27-08-2012,37.76
24-08-2012,37.87
23-08-2012,38.1
22-08-2012,38.15
21-08-2012,38.26
17-08-2012,38.07
16-08-2012,38.05
14-08-2012,37.97
13-08-2012,37.85
10-08-2012,37.62
09-08-2012,37.7
08-08-2012,37.76
07-08-2012,37.74
06-08-2012,37.65
03-08-2012,37.5
02-08-2012,37.62
01-08-2012,37.58
31-07-2012,37.25
30-07-2012,37.09
27-07-2012,36.55
26-07-2012,36.65
25-07-2012,37.03
24-07-2012,37.15
23-07-2012,36.97
20-07-2012,37.42
19-07-2012,37.45
18-07-2012,37.32
17-07-2012,37.2
16-07-2012,37.27
13-07-2012,37.25
12-07-2012,37.2
11-07-2012,37.23
10-07-2012,37.38
09-07-2012,37.06
06-07-2012,37.4
05-07-2012,37.59
04-07-2012,37.37
03-07-2012,37.16
02-07-2012,37.08
29-06-2012,36.91
28-06-2012,36.33
27-06-2012,36.24
26-06-2012,36.08
25-06-2012,35.9
22-06-2012,35.99
21-06-2012,36.02
20-06-2012,35.66
19-06-2012,35.33
18-06-2012,35.17
15-06-2012,35.5
14-06-2012,35.33
13-06-2012,35.63
12-06-2012,35.68
11-06-2012,35.55
08-06-2012,35.64
07-06-2012,35.53
06-06-2012,35.42
05-06-2012,34.99
04-06-2012,34.83
01-06-2012,35.05
31-05-2012,35.41
30-05-2012,35.23
29-05-2012,35.62
28-05-2012,35.58
25-05-2012,35.26
24-05-2012,35.21
23-05-2012,34.98
22-05-2012,35.14
21-05-2012,35.32
18-05-2012,35.13
17-05-2012,35.2
16-05-2012,35.06
15-05-2012,35.35
14-05-2012,35.19
11-05-2012,35.4
10-05-2012,35.69
09-05-2012,35.54
08-05-2012,35.73
07-05-2012,35.99
04-05-2012,35.85
03-05-2012,36.23
02-05-2012,36.66
30-04-2012,36.79
27-04-2012,36.57
26-04-2012,36.54
25-04-2012,36.75
24-04-2012,36.91
23-04-2012,36.98
20-04-2012,37.5
19-04-2012,37.9
18-04-2012,37.81
17-04-2012,37.58
16-04-2012,37.29
13-04-2012,37.09
12-04-2012,37.29
11-04-2012,37.02
10-04-2012,37.24
09-04-2012,37.25
04-04-2012,37.83
03-04-2012,37.74
02-04-2012,37.42
30-03-2012,37.07
29-03-2012,36.24
28-03-2012,36.12
27-03-2012,36.42
26-03-2012,36.33
23-03-2012,36.75
22-03-2012,36.55
21-03-2012,37.24
20-03-2012,36.57
19-03-2012,36.23
16-03-2012,36.64
15-03-2012,36.93
14-03-2012,37.41
13-03-2012,37.2
12-03-2012,36.86
09-03-2012,36.6
07-03-2012,35.86
06-03-2012,35.94
05-03-2012,36.15
02-03-2012,36.58
01-03-2012,36.47
29-02-2012,36.72
28-02-2012,36.49
27-02-2012,35.55
24-02-2012,36.33
23-02-2012,36.5
22-02-2012,36.71
21-02-2012,37.97
17-02-2012,37.79
16-02-2012,37.59
15-02-2012,37.53
14-02-2012,36.94
13-02-2012,36.61
10-02-2012,36.58
09-02-2012,36.49
08-02-2012,36.09
07-02-2012,35.85
06-02-2012,35.92
03-02-2012,35.34
02-02-2012,35.08
01-02-2012,34.73
31-01-2012,34.34
30-01-2012,33.62
27-01-2012,34.13
25-01-2012,33.93
24-01-2012,33.67
23-01-2012,33.06
20-01-2012,32.87
19-01-2012,32.67
18-01-2012,32.32
17-01-2012,32.62
16-01-2012,32.28
13-01-2012,32.28
12-01-2012,32.03
11-01-2012,31.95
10-01-2012,31.8
09-01-2012,31.32
06-01-2012,31.15
05-01-2012,31.34
04-01-2012,31.27
03-01-2012,31.28
02-01-2012,30.67
30-12-2011,30.84
29-12-2011,30.69
28-12-2011,30.69
27-12-2011,31.01
26-12-2011,31.21
23-12-2011,31.08
22-12-2011,31.4
21-12-2011,31.17
20-12-2011,30.86
19-12-2011,31.23
16-12-2011,31.8
15-12-2011,32.34
14-12-2011,32.37
13-12-2011,32.51
12-12-2011,32.52
09-12-2011,33.13
08-12-2011,33.38
07-12-2011,34
05-12-2011,34.17
02-12-2011,34.11
01-12-2011,33.56
30-11-2011,33.42
29-11-2011,33.5
28-11-2011,33.7
25-11-2011,33.18
24-11-2011,33.08
23-11-2011,32.62
22-11-2011,33.02
21-11-2011,32.95
18-11-2011,33.37
17-11-2011,33.59
16-11-2011,33.91
15-11-2011,34.21
14-11-2011,34.82
11-11-2011,35.08
09-11-2011,35.38
08-11-2011,35.69
04-11-2011,35.81
03-11-2011,35.48
02-11-2011,35.24
01-11-2011,35.09
31-10-2011,35.23
28-10-2011,35.18
25-10-2011,34.44
24-10-2011,34.31
21-10-2011,34.44
20-10-2011,34.76
19-10-2011,35.15
18-10-2011,34.74
17-10-2011,35.03
14-10-2011,34.93
13-10-2011,35.03
12-10-2011,35
11-10-2011,34.51
10-10-2011,34.34
07-10-2011,34.07
05-10-2011,33.72
04-10-2011,34.08
03-10-2011,34.44
30-09-2011,34.96
29-09-2011,35.1
28-09-2011,35.1
27-09-2011,35.41
26-09-2011,34.95
23-09-2011,35.45
22-09-2011,35.65
21-09-2011,36.57
20-09-2011,36.35
19-09-2011,36.05
16-09-2011,36.16
15-09-2011,36.12
14-09-2011,35.84
13-09-2011,35.79
12-09-2011,35.78
09-09-2011,36.52
08-09-2011,36.88
07-09-2011,36.84
06-09-2011,36.43
05-09-2011,36.39
02-09-2011,36.24
30-08-2011,36.09
29-08-2011,35.58
26-08-2011,34.97
25-08-2011,35.58
24-08-2011,35.82
23-08-2011,36.03
22-08-2011,35.7
19-08-2011,35.45
18-08-2011,35.69
17-08-2011,36.25
16-08-2011,36.42
12-08-2011,36.8
11-08-2011,36.84
10-08-2011,37.04
09-08-2011,36.38
08-08-2011,36.75
05-08-2011,37.11
04-08-2011,37.55
03-08-2011,37.78
02-08-2011,37.89
01-08-2011,38.35
29-07-2011,38.42
28-07-2011,38.52
27-07-2011,38.76
26-07-2011,38.98
25-07-2011,39.52
22-07-2011,39.37
21-07-2011,38.88
20-07-2011,39.16
19-07-2011,39.57
18-07-2011,39.47
15-07-2011,39.39
14-07-2011,39.43
13-07-2011,39.09
12-07-2011,38.65
11-07-2011,39.13
08-07-2011,39.28
07-07-2011,39.64
06-07-2011,39.27
05-07-2011,39.21
04-07-2011,39.27
01-07-2011,38.93
30-06-2011,38.67
29-06-2011,38.75
28-06-2011,38.54
27-06-2011,38.43
24-06-2011,37.79
23-06-2011,37.09
22-06-2011,37.1
21-06-2011,37.48
20-06-2011,37.54
17-06-2011,38.4
16-06-2011,38.7
15-06-2011,38.96
14-06-2011,39.28
13-06-2011,38.97
10-06-2011,38.92
09-06-2011,39.1
08-06-2011,39.22
07-06-2011,39.23
06-06-2011,39.03
03-06-2011,38.99
02-06-2011,39.15
01-06-2011,39.53
31-05-2011,39.33
30-05-2011,38.62
27-05-2011,38.24
26-05-2011,37.63
25-05-2011,37.56
24-05-2011,37.61
23-05-2011,37.57
20-05-2011,38.2
19-05-2011,37.95
18-05-2011,38.09
17-05-2011,38.33
16-05-2011,38.67
13-05-2011,38.93
12-05-2011,38.52
11-05-2011,38.83
10-05-2011,38.55
09-05-2011,38.51
06-05-2011,38.56
05-05-2011,38.22
04-05-2011,38.46
03-05-2011,38.64
02-05-2011,39.44
29-04-2011,39.85
28-04-2011,40.15
27-04-2011,40.39
26-04-2011,40.41
25-04-2011,40.3
21-04-2011,40.33
20-04-2011,40.32
19-04-2011,39.88
18-04-2011,39.81
15-04-2011,40.29
13-04-2011,40.31
11-04-2011,39.7
08-04-2011,40.13
07-04-2011,40.68
06-04-2011,40.52
05-04-2011,40.35
04-04-2011,40.14
01-04-2011,39.58
31-03-2011,39.16
30-03-2011,39.01
29-03-2011,38.53
28-03-2011,38.41
25-03-2011,38.17
24-03-2011,37.75
23-03-2011,37.49
22-03-2011,37.18
21-03-2011,36.92
18-03-2011,36.95
17-03-2011,37.22
16-03-2011,37.35
15-03-2011,36.87
14-03-2011,37.44
11-03-2011,37.26
10-03-2011,37.45
09-03-2011,37.57
08-03-2011,37.39
07-03-2011,37.22
04-03-2011,37.76
03-03-2011,37.59
01-03-2011,37.63
28-02-2011,36.5
25-02-2011,36.55
24-02-2011,36.43
23-02-2011,37.29
22-02-2011,37.45
21-02-2011,37.88
18-02-2011,37.92
17-02-2011,38.31
16-02-2011,37.88
15-02-2011,37.79
14-02-2011,37.67
11-02-2011,36.55
10-02-2011,35.71
09-02-2011,35.69
08-02-2011,36.7
07-02-2011,37.42
04-02-2011,37.73
03-02-2011,38.06
02-02-2011,37.85
01-02-2011,38
31-01-2011,38.68
28-01-2011,38.5
27-01-2011,39.46
25-01-2011,40.29
24-01-2011,40.47
21-01-2011,40.24
20-01-2011,40.27
19-01-2011,40.35
18-01-2011,40.24
17-01-2011,40.11
14-01-2011,40.43
13-01-2011,40.96
12-01-2011,41.22
11-01-2011,40.76
10-01-2011,40.93
07-01-2011,41.73
06-01-2011,42.61
05-01-2011,43.23
04-01-2011,43.84
03-01-2011,44.01
31-12-2010,43.66
30-12-2010,43.17
29-12-2010,42.95
28-12-2010,42.71
27-12-2010,42.83
24-12-2010,42.92
23-12-2010,42.94
22-12-2010,43.08
21-12-2010,43.02
20-12-2010,42.65
16-12-2010,42.7
15-12-2010,42.76
14-12-2010,43.18
13-12-2010,42.74
10-12-2010,42.04
09-12-2010,41.43
08-12-2010,42.92
07-12-2010,43.66
06-12-2010,44.1
03-12-2010,44.38
02-12-2010,44.98
01-12-2010,44.78
30-11-2010,43.94
29-11-2010,43.42
26-11-2010,43.06
25-11-2010,43.48
24-11-2010,44.38
23-11-2010,44.77
22-11-2010,45.23
19-11-2010,44.69
18-11-2010,45.29
16-11-2010,45.31
15-11-2010,46.1
12-11-2010,45.93
11-11-2010,46.73
10-11-2010,47.12
09-11-2010,47.02
08-11-2010,46.93
04-11-2010,46.83
03-11-2010,46.49
02-11-2010,46.2
01-11-2010,45.93
29-10-2010,45.39
28-10-2010,45.46
27-10-2010,45.71
26-10-2010,45.94
25-10-2010,46.14
22-10-2010,45.96
21-10-2010,45.8
20-10-2010,45.27
19-10-2010,45.24
18-10-2010,45.07
15-10-2010,45.06
14-10-2010,45.64
13-10-2010,45.66
12-10-2010,45.21
11-10-2010,45.51
08-10-2010,45.06
07-10-2010,45.37
06-10-2010,45.64
05-10-2010,45.25
04-10-2010,44.95
01-10-2010,44.67
30-09-2010,43.99
29-09-2010,44.07
28-09-2010,44.19
27-09-2010,44.14
24-09-2010,44.12
23-09-2010,43.64
22-09-2010,43.65
21-09-2010,43.87
20-09-2010,44.28
17-09-2010,44.06
16-09-2010,43.4
15-09-2010,43.84
14-09-2010,43.78
13-09-2010,43.94
09-09-2010,43.45
08-09-2010,43.17
07-09-2010,43.1
06-09-2010,43.07
03-09-2010,42.48
02-09-2010,42.12
01-09-2010,41.8
31-08-2010,41.26
30-08-2010,41.55
27-08-2010,41.59
26-08-2010,41.85
25-08-2010,41.87
24-08-2010,42.35
23-08-2010,42.53
20-08-2010,42.25
19-08-2010,42.16
18-08-2010,41.69
17-08-2010,41.32
16-08-2010,41.13
13-08-2010,41.24
12-08-2010,40.66
11-08-2010,40.58
10-08-2010,40.72
09-08-2010,40.85
06-08-2010,40.36
05-08-2010,40.35
04-08-2010,40.37
03-08-2010,40.26
02-08-2010,40.2
30-07-2010,39.86
29-07-2010,39.91
28-07-2010,39.79
27-07-2010,39.76
26-07-2010,39.75
23-07-2010,40.17
22-07-2010,40.09
21-07-2010,39.92
20-07-2010,39.62
19-07-2010,39.81
16-07-2010,39.74
15-07-2010,39.48
14-07-2010,39.38
13-07-2010,39.53
12-07-2010,39.31
09-07-2010,39.2
08-07-2010,38.76
07-07-2010,38.26
06-07-2010,38.4
05-07-2010,38.02
02-07-2010,37.88
01-07-2010,37.81
30-06-2010,37.92
29-06-2010,37.67
28-06-2010,38.07
25-06-2010,37.74
24-06-2010,37.79
23-06-2010,37.79
22-06-2010,37.48
21-06-2010,37.56
18-06-2010,37
17-06-2010,37.14
16-06-2010,36.97
15-06-2010,36.96
14-06-2010,36.96
11-06-2010,36.66
10-06-2010,36.57
09-06-2010,36.18
08-06-2010,36.05
07-06-2010,36.21
04-06-2010,36.87
03-06-2010,36.78
02-06-2010,36.07
01-06-2010,35.79
31-05-2010,36.38
28-05-2010,36.2
27-05-2010,35.58
26-05-2010,35.29
25-05-2010,34.7
24-05-2010,35.76
21-05-2010,35.74
20-05-2010,36.21
19-05-2010,36.08
18-05-2010,36.88
17-05-2010,36.97
14-05-2010,37.04
13-05-2010,37.43
12-05-2010,36.9
11-05-2010,36.8
10-05-2010,37.15
07-05-2010,36.43
06-05-2010,37.22
05-05-2010,37.4
04-05-2010,37.27
03-05-2010,37.95
30-04-2010,38.33
29-04-2010,38.16
28-04-2010,37.94
27-04-2010,38.33
26-04-2010,38.51
23-04-2010,38.43
22-04-2010,38.39
21-04-2010,38.5
20-04-2010,38.22
19-04-2010,37.74
16-04-2010,38.16
15-04-2010,38.17
13-04-2010,38.37
12-04-2010,38.44
09-04-2010,38.46
08-04-2010,38.27
07-04-2010,38.39
06-04-2010,38.1
05-04-2010,37.94
01-04-2010,37.51
31-03-2010,37.25
30-03-2010,37.24
29-03-2010,37.17
26-03-2010,37.07
25-03-2010,36.92
23-03-2010,36.79
22-03-2010,36.57
19-03-2010,36.93
18-03-2010,36.74
17-03-2010,36.69
16-03-2010,36.51
15-03-2010,36.27
12-03-2010,36.47
11-03-2010,36.49
10-03-2010,36.63
09-03-2010,36.88
08-03-2010,37.04
05-03-2010,36.77
04-03-2010,36.48
03-03-2010,36.13
02-03-2010,35.61
26-02-2010,34.84
25-02-2010,34.38
24-02-2010,34.66
23-02-2010,34.76
22-02-2010,34.88
19-02-2010,35.09
18-02-2010,35.47
17-02-2010,35.73
16-02-2010,35.51
15-02-2010,35.25
11-02-2010,35.51
10-02-2010,35.31
09-02-2010,35.32
08-02-2010,35.1
05-02-2010,34.58
04-02-2010,35.31
03-02-2010,35.92
02-02-2010,35.33
01-02-2010,35.71
29-01-2010,35.19
28-01-2010,34.85
27-01-2010,34.68
25-01-2010,35.83
22-01-2010,36.22
21-01-2010,36.52
20-01-2010,37.33
19-01-2010,37.51
18-01-2010,37.84
15-01-2010,37.57
14-01-2010,37.43
13-01-2010,37.06
12-01-2010,36.78
11-01-2010,37.14
08-01-2010,36.83
07-01-2010,36.85
06-01-2010,36.98
05-01-2010,36.69
04-01-2010,36.27
31-12-2009,35.77
30-12-2009,35.78
29-12-2009,35.8
24-12-2009,35.66
23-12-2009,35.52
22-12-2009,34.96
21-12-2009,34.75
18-12-2009,34.83
17-12-2009,34.97
16-12-2009,34.62
15-12-2009,34.53
14-12-2009,35.1
11-12-2009,35.27
10-12-2009,35.46
09-12-2009,35.34
08-12-2009,35.62
07-12-2009,35.35
04-12-2009,35.59
03-12-2009,35.6
02-12-2009,35.5
01-12-2009,35.14
30-11-2009,34.48
27-11-2009,34.01
26-11-2009,34.51
25-11-2009,34.9
24-11-2009,34.79
23-11-2009,34.57
20-11-2009,34.41
19-11-2009,34.1
18-11-2009,34.77
17-11-2009,34.58
16-11-2009,34.55
13-11-2009,34.29
12-11-2009,34.13
11-11-2009,34.5
10-11-2009,33.82
09-11-2009,33.77
06-11-2009,33.17
05-11-2009,32.28
04-11-2009,31.68
03-11-2009,30.98
30-10-2009,32
29-10-2009,32.11
28-10-2009,32.47
27-10-2009,32.44
26-10-2009,33.51
23-10-2009,33.99
22-10-2009,33.71
21-10-2009,34.23
20-10-2009,34.86
16-10-2009,34.58
15-10-2009,34.46
14-10-2009,33.88
12-10-2009,33.05
09-10-2009,32.53
08-10-2009,32.8
07-10-2009,32.51
06-10-2009,32.14
05-10-2009,32.02
01-10-2009,32.65
30-09-2009,32.73
29-09-2009,32.35
25-09-2009,32.06
24-09-2009,32.03
23-09-2009,31.92
22-09-2009,32.22
18-09-2009,31.96
17-09-2009,31.81
16-09-2009,31.6
15-09-2009,31.16
14-09-2009,30.53
11-09-2009,30.37
10-09-2009,30.5
09-09-2009,30.58
08-09-2009,30.65
07-09-2009,30.71
04-09-2009,30.1
03-09-2009,29.78
02-09-2009,29.59
01-09-2009,29.74
31-08-2009,29.98
28-08-2009,30.06
27-08-2009,29.85
26-08-2009,29.81
25-08-2009,29.74
24-08-2009,29.24
21-08-2009,28.58
20-08-2009,28.3
19-08-2009,28.21
18-08-2009,28.73
17-08-2009,28.13
14-08-2009,29.29
13-08-2009,29.13
12-08-2009,28.2
11-08-2009,28.19
10-08-2009,27.96
07-08-2009,28.35
06-08-2009,29.03
05-08-2009,29.72
04-08-2009,29.62
03-08-2009,29.76
31-07-2009,28.98
30-07-2009,28.68
29-07-2009,28.36
28-07-2009,28.57
27-07-2009,28.13
24-07-2009,27.89
23-07-2009,27.51
22-07-2009,27.11
21-07-2009,27.43
20-07-2009,27.34
17-07-2009,26.72
16-07-2009,26.01
15-07-2009,25.9
14-07-2009,25
13-07-2009,23.94
10-07-2009,24.5
09-07-2009,24.99
08-07-2009,24.82
07-07-2009,25.6
06-07-2009,25.41
03-07-2009,26.69
02-07-2009,26.52
01-07-2009,26.46
30-06-2009,26.27
29-06-2009,27.02
26-06-2009,26.67
25-06-2009,26.25
24-06-2009,26.23
23-06-2009,25.83
22-06-2009,25.69
19-06-2009,25.74
18-06-2009,25.26
17-06-2009,25.93
16-06-2009,27.02
15-06-2009,26.43
12-06-2009,27.1
11-06-2009,27.46
10-06-2009,27.51
09-06-2009,26.92
08-06-2009,25.98
05-06-2009,27.38
04-06-2009,27.56
03-06-2009,27.02
02-06-2009,26.67
01-06-2009,26.52
29-05-2009,25.76
28-05-2009,25.05
27-05-2009,25.02
26-05-2009,24.25
25-05-2009,25.08
22-05-2009,24.55
21-05-2009,24.18
20-05-2009,24.22
19-05-2009,22.81
15-05-2009,19.76
14-05-2009,19.54
13-05-2009,19.29
12-05-2009,19.24
11-05-2009,19.02
08-05-2009,19.36
07-05-2009,19.58
06-05-2009,19.07
05-05-2009,19.29
04-05-2009,19.06
29-04-2009,18.22
28-04-2009,17.73
27-04-2009,18.45
24-04-2009,18.56
23-04-2009,18.27
22-04-2009,18.05
21-04-2009,18.25
20-04-2009,18.35
17-04-2009,18.09
16-04-2009,17.79
15-04-2009,18.54
13-04-2009,17.73
09-04-2009,17.33
08-04-2009,17.1
06-04-2009,16.77
02-04-2009,16.45
01-04-2009,15.78
31-03-2009,15.46
30-03-2009,15.15
27-03-2009,15.45
26-03-2009,14.99
25-03-2009,14.7
24-03-2009,14.58
23-03-2009,14.73
20-03-2009,14.38
19-03-2009,14.39
18-03-2009,14.37
17-03-2009,14.14
16-03-2009,14.13
13-03-2009,13.84
12-03-2009,13.5
09-03-2009,13.43
06-03-2009,13.57
05-03-2009,13.67
04-03-2009,13.85
03-03-2009,13.89
02-03-2009,14.07
27-02-2009,14.34
26-02-2009,14.31
25-02-2009,14.28
24-02-2009,14.25
20-02-2009,14.48
19-02-2009,14.74
18-02-2009,14.77
17-02-2009,14.8
16-02-2009,15.16
13-02-2009,15.55
12-02-2009,15.44
11-02-2009,15.4
10-02-2009,15.34
09-02-2009,15.18
06-02-2009,14.84
05-02-2009,14.73
04-02-2009,14.89
03-02-2009,14.95
02-02-2009,14.97
30-01-2009,15.11
29-01-2009,14.9
28-01-2009,14.99
27-01-2009,14.79
23-01-2009,14.78
22-01-2009,15.1
21-01-2009,15.33
20-01-2009,15.85
19-01-2009,15.95
16-01-2009,15.84
15-01-2009,15.77
14-01-2009,16.09
13-01-2009,15.77
12-01-2009,16.05
09-01-2009,16.38
07-01-2009,16.8
06-01-2009,18.08
05-01-2009,18.14
02-01-2009,17.69
01-01-2009,17.34
31-12-2008,16.93
30-12-2008,16.83
29-12-2008,16.51
26-12-2008,16.19
24-12-2008,16.44
23-12-2008,16.53
22-12-2008,17.06
19-12-2008,17.12
18-12-2008,16.81
17-12-2008,16.47
16-12-2008,17.07
15-12-2008,16.55
12-12-2008,16.2
11-12-2008,16.01
10-12-2008,15.71
08-12-2008,15.26
05-12-2008,15.19
04-12-2008,15.33
03-12-2008,14.85
02-12-2008,14.72
01-12-2008,14.95
28-11-2008,15.08
26-11-2008,15.1
25-11-2008,15.1
24-11-2008,15.35
21-11-2008,15.41
20-11-2008,15.37
19-11-2008,15.84
18-11-2008,16.14
17-11-2008,16.54
14-11-2008,16.93
12-11-2008,17.23
11-11-2008,17.57
10-11-2008,18.18
07-11-2008,17.52
06-11-2008,17.35
05-11-2008,17.68
04-11-2008,17.71
03-11-2008,17.09
31-10-2008,16.23
29-10-2008,15.6
27-10-2008,15.23
24-10-2008,15.97
23-10-2008,17.15
22-10-2008,17.71
21-10-2008,18.15
20-10-2008,17.62
17-10-2008,17.77
16-10-2008,18.24
15-10-2008,18.26
14-10-2008,19.2
13-10-2008,18.89
10-10-2008,18.05
08-10-2008,19.37
07-10-2008,20.27
06-10-2008,20.68
03-10-2008,22.18
01-10-2008,22.94
30-09-2008,22.9
29-09-2008,22.59
26-09-2008,23.5
25-09-2008,24.3
24-09-2008,24.45
23-09-2008,24.38
22-09-2008,24.9
19-09-2008,25.03
18-09-2008,24.32
17-09-2008,24.52
16-09-2008,24.83
15-09-2008,25.05
12-09-2008,26.11
11-09-2008,26.53
10-09-2008,26.86
09-09-2008,27.08
08-09-2008,27.27
05-09-2008,26.93
04-09-2008,27.23
02-09-2008,27.22
01-09-2008,26.7
29-08-2008,26.68
28-08-2008,25.89
27-08-2008,26.2
26-08-2008,26.34
25-08-2008,26.37
22-08-2008,26.25
21-08-2008,26.22
20-08-2008,26.69
19-08-2008,26.45
18-08-2008,26.54
14-08-2008,26.74
13-08-2008,27.44
12-08-2008,27.53
11-08-2008,27.75
08-08-2008,27.21
07-08-2008,27.11
06-08-2008,27
05-08-2008,27.06
04-08-2008,26.59
01-08-2008,26.16
31-07-2008,25.73
30-07-2008,25.88
29-07-2008,25.35
28-07-2008,26.06
25-07-2008,25.92
24-07-2008,26.02
23-07-2008,26.15
22-07-2008,24.61
21-07-2008,24.1
18-07-2008,24.07
17-07-2008,23.62
16-07-2008,23.22
15-07-2008,23.64
14-07-2008,24.52
11-07-2008,24.77
10-07-2008,25.4
09-07-2008,25.38
08-07-2008,24.63
07-07-2008,24.77
04-07-2008,24.39
03-07-2008,23.76
02-07-2008,24.37
01-07-2008,23.47
30-06-2008,24.37
27-06-2008,25.22
26-06-2008,26.08
25-06-2008,26.33
24-06-2008,25.85
23-06-2008,26.32
20-06-2008,27.42
19-06-2008,28.34
18-06-2008,29.03
17-06-2008,29.23
16-06-2008,28.59
13-06-2008,28.28
12-06-2008,28.28
11-06-2008,28.01
10-06-2008,27.59
09-06-2008,27.95
06-06-2008,29.15
05-06-2008,29.36
04-06-2008,29.17
03-06-2008,29.99
02-06-2008,30.03
30-05-2008,30.8
29-05-2008,30.61
28-05-2008,30.79
27-05-2008,30.65
26-05-2008,31.02
23-05-2008,31.95
22-05-2008,32.44
21-05-2008,32.93
20-05-2008,32.6
16-05-2008,32.63
15-05-2008,32.29
14-05-2008,31.84
13-05-2008,31.58
12-05-2008,31.63
09-05-2008,31.63
08-05-2008,32.62
07-05-2008,32.75
06-05-2008,32.89
05-05-2008,33.41
02-05-2008,33.21
30-04-2008,32.65
29-04-2008,32.65
28-04-2008,32.18
25-04-2008,32
24-04-2008,31.79
23-04-2008,32.16
22-04-2008,32.27
21-04-2008,32.03
17-04-2008,31.24
16-04-2008,30.53
15-04-2008,30.09
11-04-2008,29.57
10-04-2008,29.24
09-04-2008,29.12
08-04-2008,28.64
07-04-2008,28.62
04-04-2008,28.27
03-04-2008,28.87
02-04-2008,28.96
01-04-2008,28.66
31-03-2008,28.76
28-03-2008,29.6
27-03-2008,28.16
26-03-2008,28.16
25-03-2008,27.81
24-03-2008,26.31
19-03-2008,26.89
18-03-2008,27.25
17-03-2008,27.54
14-03-2008,29.68
13-03-2008,29.17
12-03-2008,31.03
11-03-2008,31.37
10-03-2008,30.16
07-03-2008,30.52
05-03-2008,31.73
04-03-2008,32.02
03-03-2008,32.76
29-02-2008,34.32
28-02-2008,34.27
27-02-2008,34.43
26-02-2008,34.24
25-02-2008,33.65
22-02-2008,33.64
21-02-2008,34.04
20-02-2008,33.92
19-02-2008,34.41
18-02-2008,34.33
15-02-2008,34.25
14-02-2008,33.45
13-02-2008,31.58
12-02-2008,31.51
11-02-2008,32.18
08-02-2008,34.21
07-02-2008,35.08
06-02-2008,36.03
05-02-2008,36.44
04-02-2008,35.99
01-02-2008,34.98
31-01-2008,35.06
30-01-2008,35.68
29-01-2008,36.55
28-01-2008,36.48
25-01-2008,36.54
24-01-2008,34
23-01-2008,35.29
22-01-2008,33.07
21-01-2008,35.62
18-01-2008,40.15
17-01-2008,42.15
16-01-2008,42.07
15-01-2008,42.62
14-01-2008,43.02
11-01-2008,42.73
10-01-2008,42.56
09-01-2008,43.99
08-01-2008,44.3
07-01-2008,45.49
04-01-2008,45.64
03-01-2008,45.47
02-01-2008,45.52
01-01-2008,44.7
31-12-2007,43.88
28-12-2007,43.14
27-12-2007,42.15
26-12-2007,42.08
24-12-2007,41.22
20-12-2007,40.25
19-12-2007,40.41
18-12-2007,40.43
17-12-2007,40.35
14-12-2007,42.21
13-12-2007,42.16
12-12-2007,41.94
11-12-2007,40.96
10-12-2007,40.61
07-12-2007,40.33
06-12-2007,40.45
05-12-2007,40.54
04-12-2007,39.99
03-12-2007,39.47
30-11-2007,38.72
29-11-2007,37.51
28-11-2007,37.6
27-11-2007,37.73
26-11-2007,38.04
23-11-2007,37.16
22-11-2007,36.39
21-11-2007,37.04
20-11-2007,38.85
19-11-2007,39.24
16-11-2007,38.19
15-11-2007,38
14-11-2007,37.69
13-11-2007,36.86
12-11-2007,36.1
08-11-2007,36.41
07-11-2007,36.83
06-11-2007,37.07
05-11-2007,37.38
02-11-2007,36.97
01-11-2007,36.66
31-10-2007,37.05
30-10-2007,36.46
29-10-2007,36.4
26-10-2007,35.69
25-10-2007,34.96
24-10-2007,34.58
23-10-2007,34.05
22-10-2007,32.5
19-10-2007,32.16
18-10-2007,33.23
17-10-2007,34.03
16-10-2007,34.81
15-10-2007,34.65
12-10-2007,33.54
11-10-2007,33.8
10-10-2007,33.38
09-10-2007,32.9
08-10-2007,32.19
05-10-2007,33.15
04-10-2007,33.33
03-10-2007,33.22
01-10-2007,33.1
28-09-2007,32.6
27-09-2007,32.06
26-09-2007,32.18
25-09-2007,32.04
24-09-2007,32.24
21-09-2007,31.85
20-09-2007,31.66
19-09-2007,31.44
18-09-2007,31
17-09-2007,30.53
14-09-2007,30.4
13-09-2007,30.86
12-09-2007,30.85
11-09-2007,30.77
10-09-2007,30.78
07-09-2007,30.78
06-09-2007,30.59
05-09-2007,30.23
04-09-2007,30.17
03-09-2007,30.14
31-08-2007,29.67
30-08-2007,29.18
29-08-2007,28.94
28-08-2007,28.78
27-08-2007,28.58
24-08-2007,27.91
23-08-2007,27.52
22-08-2007,27.7
21-08-2007,27.66
20-08-2007,28.62
17-08-2007,28.22
16-08-2007,28.67
14-08-2007,29.76
13-08-2007,29.83
10-08-2007,29.51
09-08-2007,29.84
08-08-2007,30.48
07-08-2007,29.88
06-08-2007,29.68
03-08-2007,29.92
02-08-2007,29.61
01-08-2007,29.34
31-07-2007,30.43
30-07-2007,29.82
27-07-2007,29.83
26-07-2007,30.6
25-07-2007,30.5
24-07-2007,30.63
23-07-2007,30.73
20-07-2007,30.65
19-07-2007,30.52
18-07-2007,30.44
17-07-2007,30.56
16-07-2007,30.7
13-07-2007,30.51
12-07-2007,30.47
11-07-2007,30.11
10-07-2007,29.74
09-07-2007,29.83
06-07-2007,29.58
05-07-2007,29.5
04-07-2007,29.74
03-07-2007,29.47
02-07-2007,29.17
29-06-2007,28.87
28-06-2007,28.74
27-06-2007,28.57
26-06-2007,28.6
25-06-2007,28.39
22-06-2007,28.35
21-06-2007,28.43
20-06-2007,28.15
19-06-2007,27.73
18-06-2007,27.45
15-06-2007,27.48
14-06-2007,27.35
13-06-2007,26.95
12-06-2007,27.16
11-06-2007,27.21
08-06-2007,27.28
07-06-2007,27.44
06-06-2007,27.52
05-06-2007,27.86
04-06-2007,27.77
01-06-2007,27.8
31-05-2007,27.52
30-05-2007,27.3
29-05-2007,27.33
28-05-2007,27.14
25-05-2007,26.81
24-05-2007,26.75
23-05-2007,26.88
22-05-2007,27.14
21-05-2007,27.07
18-05-2007,27
17-05-2007,27.02
16-05-2007,26.85
15-05-2007,26.42
14-05-2007,26.45
11-05-2007,26.1
10-05-2007,26.02
09-05-2007,25.98
08-05-2007,25.98
07-05-2007,26.24
04-05-2007,26.36
03-05-2007,26.47
30-04-2007,26.27
27-04-2007,26.12
26-04-2007,26.41
25-04-2007,26.37
24-04-2007,26.05
23-04-2007,25.77
20-04-2007,25.77
19-04-2007,25.54
18-04-2007,25.68
17-04-2007,25.63
16-04-2007,25.52
13-04-2007,25.11
12-04-2007,24.72
11-04-2007,24.7
10-04-2007,24.48
09-04-2007,24.35
05-04-2007,24.01
04-04-2007,23.78
03-04-2007,23.67
02-04-2007,23.59
30-03-2007,24.43
29-03-2007,24.1
28-03-2007,23.98
26-03-2007,24.39
23-03-2007,24.51
22-03-2007,24.48
21-03-2007,24.21
20-03-2007,24.14
19-03-2007,23.91
16-03-2007,23.8
15-03-2007,23.99
14-03-2007,23.78
13-03-2007,24.36
12-03-2007,23.91
09-03-2007,23.64
08-03-2007,23.76
07-03-2007,23.03
06-03-2007,23.68
05-03-2007,23.68
02-03-2007,24.85
01-03-2007,25.08
28-02-2007,25.15
27-02-2007,26
26-02-2007,25.73
23-02-2007,25.69
22-02-2007,26.22
21-02-2007,26.42
20-02-2007,26.49
19-02-2007,26.89
15-02-2007,26.87
14-02-2007,26.14
13-02-2007,26.47
12-02-2007,26.32
09-02-2007,27.32
08-02-2007,27.83
07-02-2007,27.9
06-02-2007,28.07
05-02-2007,28.01
02-02-2007,27.86
01-02-2007,27.62
31-01-2007,27.48
29-01-2007,27.8
25-01-2007,27.73
24-01-2007,27.6
23-01-2007,27.62
22-01-2007,28.03
19-01-2007,27.99
18-01-2007,27.98
17-01-2007,27.91
16-01-2007,27.8
15-01-2007,27.54
12-01-2007,27.4
11-01-2007,27.08
10-01-2007,26.79
09-01-2007,27.04
08-01-2007,27.14
05-01-2007,27.4
04-01-2007,27.37
03-01-2007,27.17
02-01-2007,26.97
29-12-2006,26.66
28-12-2006,26.46
27-12-2006,26.36
26-12-2006,26.4
22-12-2006,26.25
21-12-2006,26
20-12-2006,25.78
19-12-2006,25.82
18-12-2006,26.16
15-12-2006,26.21
14-12-2006,25.83
13-12-2006,25.34
12-12-2006,25
11-12-2006,25.72
08-12-2006,26.4
07-12-2006,26.54
06-12-2006,26.61
05-12-2006,26.87
04-12-2006,26.88
01-12-2006,26.76
30-11-2006,26.51
29-11-2006,26.36
28-11-2006,25.97
27-11-2006,26.09
24-11-2006,25.94
23-11-2006,25.83
22-11-2006,25.79
21-11-2006,25.6
20-11-2006,25.32
17-11-2006,25.46
16-11-2006,25.74
15-11-2006,25.7
14-11-2006,25.43
13-11-2006,25.6
10-11-2006,25.38
09-11-2006,25.18
08-11-2006,25.08
07-11-2006,25.46
06-11-2006,25.28
03-11-2006,25.17
02-11-2006,25.16
01-11-2006,24.91
31-10-2006,24.78
30-10-2006,24.9
27-10-2006,24.8
26-10-2006,24.68
23-10-2006,24.62
20-10-2006,24.47
19-10-2006,24.43
18-10-2006,24.36
17-10-2006,24.41
16-10-2006,24.6
13-10-2006,24.62
12-10-2006,24.47
11-10-2006,24.3
10-10-2006,24.63
09-10-2006,24.54
06-10-2006,24.39
05-10-2006,24.32
04-10-2006,23.87
03-10-2006,23.98
29-09-2006,24.13
28-09-2006,23.92
27-09-2006,23.8
26-09-2006,23.7
25-09-2006,23.62
22-09-2006,23.64
21-09-2006,23.62
20-09-2006,23.35
19-09-2006,23.1
18-09-2006,23.39
15-09-2006,23.33
14-09-2006,23.3
13-09-2006,23.08
12-09-2006,22.61
11-09-2006,22.49
08-09-2006,23.1
07-09-2006,22.84
06-09-2006,22.95
05-09-2006,22.74
04-09-2006,22.59
01-09-2006,22.15
31-08-2006,22.09
30-08-2006,22.35
29-08-2006,22.26
28-08-2006,22.34
25-08-2006,22.27
24-08-2006,22.12
23-08-2006,22.16
22-08-2006,22.33
21-08-2006,22.31
18-08-2006,22.29
17-08-2006,22.22
16-08-2006,22.39
14-08-2006,21.86
11-08-2006,21.29
10-08-2006,20.99
09-08-2006,20.56
08-08-2006,20.4
07-08-2006,20.13
04-08-2006,20.14
03-08-2006,20.08
02-08-2006,20.01
01-08-2006,19.75
31-07-2006,19.8
28-07-2006,19.53
27-07-2006,19.34
26-07-2006,19.05
25-07-2006,18.74
24-07-2006,18.42
21-07-2006,18.52
20-07-2006,18.97
19-07-2006,18.83
18-07-2006,19.26
17-07-2006,19.41
14-07-2006,19.76
13-07-2006,19.91
12-07-2006,19.84
11-07-2006,19.76
10-07-2006,19.77
07-07-2006,19.75
06-07-2006,20.01
05-07-2006,20.08
04-07-2006,19.97
03-07-2006,20.02
30-06-2006,20
29-06-2006,19.47
28-06-2006,19.23
27-06-2006,19.27
26-06-2006,19.41
23-06-2006,19.97
22-06-2006,19.88
21-06-2006,19.48
20-06-2006,19.01
19-06-2006,18.97
16-06-2006,18.83
15-06-2006,18.06
14-06-2006,17.32
13-06-2006,17.77
12-06-2006,18.89
09-06-2006,19.01
08-06-2006,18.06
07-06-2006,19.55
06-06-2006,20.68
05-06-2006,21.29
02-06-2006,21.5
01-06-2006,21.72
31-05-2006,22.27
30-05-2006,22.88
29-05-2006,22.71
26-05-2006,22.52
25-05-2006,22.1
24-05-2006,22.24
23-05-2006,22.37
22-05-2006,22.06
19-05-2006,23.46
18-05-2006,24.46
17-05-2006,25.7
16-05-2006,24.78
15-05-2006,25.19
12-05-2006,25.6
11-05-2006,25.64
10-05-2006,25.86
09-05-2006,25.83
08-05-2006,25.64
05-05-2006,25.54
04-05-2006,25.52
03-05-2006,25.5
02-05-2006,25.49
28-04-2006,25.16
27-04-2006,25.29
26-04-2006,25.1
25-04-2006,24.87
24-04-2006,25.29
21-04-2006,25.31
20-04-2006,25.42
19-04-2006,25.28
18-04-2006,25.25
17-04-2006,24.79
13-04-2006,24.47
12-04-2006,25
10-04-2006,25.37
07-04-2006,25.31
05-04-2006,25.69
04-04-2006,25.13
03-04-2006,25.08
31-03-2006,24.54
30-03-2006,24.12
29-03-2006,24
28-03-2006,23.88
27-03-2006,24.05
24-03-2006,23.87
23-03-2006,23.98
22-03-2006,23.95
21-03-2006,24.04
20-03-2006,24.18
17-03-2006,24.05
16-03-2006,24.23
14-03-2006,24.17
13-03-2006,24.21
10-03-2006,23.83
09-03-2006,23.58
08-03-2006,23.38
07-03-2006,23.46
06-03-2006,23.31
03-03-2006,23.04
02-03-2006,23.03
01-03-2006,22.85
28-02-2006,22.44
27-02-2006,22.44
24-02-2006,22.24
23-02-2006,22.11
22-02-2006,22.13
21-02-2006,22.27
20-02-2006,22.19
17-02-2006,22.26
16-02-2006,22.47
15-02-2006,22.59
14-02-2006,22.69
13-02-2006,22.94
10-02-2006,22.85
08-02-2006,22.55
07-02-2006,22.8
06-02-2006,22.74
03-02-2006,22.57
02-02-2006,22.44
01-02-2006,22.15
31-01-2006,22.14
30-01-2006,22.21
27-01-2006,22.35
25-01-2006,22.5
24-01-2006,22.33
23-01-2006,22.09
20-01-2006,22.05
19-01-2006,21.77
18-01-2006,21.46
17-01-2006,21.6
16-01-2006,21.68
13-01-2006,21.8
12-01-2006,21.64
10-01-2006,21.64
09-01-2006,21.85
06-01-2006,21.81
05-01-2006,21.67
04-01-2006,21.66
03-01-2006,21.54
02-01-2006,21.38
30-12-2005,21.31
29-12-2005,21.05
28-12-2005,20.9
27-12-2005,20.82
26-12-2005,20.42
23-12-2005,20.78
22-12-2005,20.97
21-12-2005,20.88
20-12-2005,20.93
19-12-2005,20.83
16-12-2005,20.71
15-12-2005,20.69
14-12-2005,20.79
13-12-2005,20.96
12-12-2005,20.67
09-12-2005,20.5
08-12-2005,20.26
07-12-2005,20.13
06-12-2005,20.07
05-12-2005,20.04
02-12-2005,20.14
01-12-2005,20.03
30-11-2005,19.9
29-11-2005,19.89
28-11-2005,20.04
25-11-2005,19.64
24-11-2005,19.39
23-11-2005,19.26
22-11-2005,19.16
21-11-2005,19.29
18-11-2005,19.4
17-11-2005,19.32
16-11-2005,19.23
14-11-2005,19.15
11-11-2005,19.06
10-11-2005,18.93
09-11-2005,18.81
08-11-2005,18.84
07-11-2005,18.62
04-11-2005,18.32
02-11-2005,18.32
31-10-2005,18.15
28-10-2005,17.93
27-10-2005,18.25
26-10-2005,18.43
25-10-2005,18.42
24-10-2005,18.43
21-10-2005,18.46
20-10-2005,18.23
19-10-2005,18.38
18-10-2005,18.84
17-10-2005,18.79
14-10-2005,18.86
13-10-2005,19.23
11-10-2005,19.48
10-10-2005,19.54
07-10-2005,19.51
06-10-2005,19.52
05-10-2005,19.68
04-10-2005,19.77
03-10-2005,19.74
30-09-2005,19.59
29-09-2005,19.61
28-09-2005,19.82
27-09-2005,19.63
26-09-2005,19.42
23-09-2005,18.87
22-09-2005,18.8
21-09-2005,19.52
20-09-2005,19.78
19-09-2005,19.76
16-09-2005,19.72
15-09-2005,19.65
14-09-2005,19.51
13-09-2005,19.58
12-09-2005,19.39
09-09-2005,19.28
08-09-2005,19.25
06-09-2005,19.05
05-09-2005,19.12
02-09-2005,18.95
01-09-2005,18.98
31-08-2005,18.75
30-08-2005,18.51
29-08-2005,18.25
26-08-2005,18.31
25-08-2005,18.21
24-08-2005,18.1
23-08-2005,18.3
22-08-2005,18.65
19-08-2005,18.69
18-08-2005,18.72
17-08-2005,18.71
16-08-2005,18.46
12-08-2005,18.35
11-08-2005,18.31
10-08-2005,18.28
09-08-2005,17.98
08-08-2005,18.03
05-08-2005,18.04
04-08-2005,17.78
03-08-2005,17.52
02-08-2005,17.49
01-08-2005,17.24
29-07-2005,17.09
27-07-2005,17.15
26-07-2005,17.09
25-07-2005,17.18
22-07-2005,17.04
21-07-2005,16.85
20-07-2005,16.93
19-07-2005,16.82
18-07-2005,16.76
15-07-2005,16.6
14-07-2005,16.5
13-07-2005,16.59
12-07-2005,16.44
11-07-2005,16.56
08-07-2005,16.31
07-07-2005,16.09
06-07-2005,16.21
05-07-2005,15.96
04-07-2005,16.05
01-07-2005,15.87
30-06-2005,15.72
29-06-2005,15.6
28-06-2005,15.43
27-06-2005,15.73
24-06-2005,15.87
23-06-2005,15.67
22-06-2005,15.69
21-06-2005,15.47
20-06-2005,15.45
17-06-2005,15.53
16-06-2005,15.74
15-06-2005,15.84
14-06-2005,15.78
13-06-2005,15.74
10-06-2005,15.79
09-06-2005,15.9
08-06-2005,15.86
07-06-2005,15.86
06-06-2005,15.89
03-06-2005,15.77
02-06-2005,15.66
01-06-2005,15.68
31-05-2005,15.66
30-05-2005,15.56
27-05-2005,15.67
26-05-2005,15.78
25-05-2005,15.71
24-05-2005,15.67
23-05-2005,15.71
20-05-2005,15.54
19-05-2005,15.6
18-05-2005,15.51
17-05-2005,15.4
16-05-2005,15.48
13-05-2005,15.42
12-05-2005,15.35
11-05-2005,15.23
10-05-2005,15.29
09-05-2005,15.38
06-05-2005,15.23
05-05-2005,15.16
04-05-2005,15.1
03-05-2005,14.97
02-05-2005,14.87
29-04-2005,14.97
28-04-2005,15.13
27-04-2005,15.13
26-04-2005,15.26
25-04-2005,15.22
22-04-2005,15.17
21-04-2005,15
20-04-2005,14.77
19-04-2005,14.75
18-04-2005,14.88
15-04-2005,14.95
13-04-2005,15.13
12-04-2005,15.17
11-04-2005,15.07
08-04-2005,15.18
07-04-2005,15.26
06-04-2005,15.28
05-04-2005,15.14
04-04-2005,15.28
01-04-2005,15.16
31-03-2005,14.9
30-03-2005,14.67
29-03-2005,14.53
28-03-2005,14.69
24-03-2005,14.64
23-03-2005,14.74
22-03-2005,14.92
21-03-2005,15.06
18-03-2005,15.09
17-03-2005,15.14
16-03-2005,15.22
15-03-2005,15.21
14-03-2005,15.17
11-03-2005,15.27
10-03-2005,15.33
09-03-2005,15.26
08-03-2005,15.51
07-03-2005,15.41
04-03-2005,15.28
03-03-2005,15.09
02-03-2005,14.89
01-03-2005,14.7
28-02-2005,14.73
25-02-2005,14.63
24-02-2005,14.77
23-02-2005,14.73
22-02-2005,14.6
21-02-2005,14.65
18-02-2005,14.77
17-02-2005,14.71
16-02-2005,14.78
15-02-2005,14.88
14-02-2005,14.88
11-02-2005,14.79
10-02-2005,14.71
09-02-2005,14.69
08-02-2005,14.38
07-02-2005,14.28
04-02-2005,14.27
03-02-2005,14.29
02-02-2005,14.08
01-02-2005,14.09
31-01-2005,14
28-01-2005,13.73
27-01-2005,13.68
25-01-2005,13.53
24-01-2005,13.38
20-01-2005,13.43
19-01-2005,13.53
18-01-2005,13.6
17-01-2005,13.47
14-01-2005,13.6
13-01-2005,13.55
12-01-2005,13.24
11-01-2005,13.62
10-01-2005,13.85
07-01-2005,13.8
06-01-2005,13.73
05-01-2005,13.77
04-01-2005,14.12
03-01-2005,14.06
31-12-2004,13.9
30-12-2004,13.65
29-12-2004,13.54
28-12-2004,13.61
27-12-2004,13.51
24-12-2004,13.45
23-12-2004,13.3
22-12-2004,13.21
21-12-2004,13.2
20-12-2004,13.13
17-12-2004,13.11
16-12-2004,13.08
15-12-2004,13.13
14-12-2004,13.02
13-12-2004,12.86
10-12-2004,12.8
09-12-2004,12.8
08-12-2004,12.8
07-12-2004,12.82
06-12-2004,12.75
03-12-2004,12.76
02-12-2004,12.75
01-12-2004,12.64
30-11-2004,12.68
29-11-2004,12.76
25-11-2004,12.67
24-11-2004,12.67
23-11-2004,12.65
22-11-2004,12.59
19-11-2004,12.52
18-11-2004,12.52
17-11-2004,12.49
16-11-2004,12.54
11-11-2004,12.39
10-11-2004,12.36
09-11-2004,12.28
08-11-2004,12.27
05-11-2004,12.22
04-11-2004,12.17
03-11-2004,12.14
02-11-2004,12.06
01-11-2004,11.97
29-10-2004,11.86
28-10-2004,11.86
27-10-2004,11.77
26-10-2004,11.6
25-10-2004,11.49
21-10-2004,11.6
20-10-2004,11.66
19-10-2004,11.63
18-10-2004,11.52
15-10-2004,11.43
14-10-2004,11.49
12-10-2004,11.43
11-10-2004,11.65
08-10-2004,11.67
07-10-2004,11.6
06-10-2004,11.49
05-10-2004,11.55
04-10-2004,11.45
01-10-2004,11.35
30-09-2004,11.3
29-09-2004,11.24
28-09-2004,11.24
27-09-2004,11.21
24-09-2004,11.23
23-09-2004,11.21
22-09-2004,11.25
21-09-2004,11.22
20-09-2004,11.23
17-09-2004,11.2
16-09-2004,11.2
15-09-2004,11.05
14-09-2004,11.07
13-09-2004,11.1
10-09-2004,11.08
09-09-2004,11.08
08-09-2004,11.21
07-09-2004,11.21
06-09-2004,11.05
03-09-2004,10.99
02-09-2004,10.89
01-09-2004,10.92
31-08-2004,10.83
30-08-2004,10.74
27-08-2004,10.5
26-08-2004,10.48
25-08-2004,10.41
24-08-2004,10.36
23-08-2004,10.23
20-08-2004,10.23
19-08-2004,10.31
18-08-2004,10.2
17-08-2004,10.19
16-08-2004,10.04
13-08-2004,10.02
12-08-2004,9.99
11-08-2004,10.05
10-08-2004,10.19
09-08-2004,10
