Historical Mutual Fund NAV of Mirae Asset Emerging Bluechip Fund - Regular Plan - Growth Option,
scheme:- Mirae Asset Emerging Bluechip Fund - Regular Plan - Growth Option,
Start Date:- 09-07-2010,
End Date:- 23-11-2020,
NAV Date,NAV (Rs)
23-11-2020,65.668
20-11-2020,65.322
19-11-2020,64.902
18-11-2020,65.564
17-11-2020,65.379
13-11-2020,64.391
12-11-2020,64.271
11-11-2020,64.303
10-11-2020,63.771
09-11-2020,63.46
06-11-2020,62.487
05-11-2020,62.166
04-11-2020,61.037
03-11-2020,60.716
02-11-2020,60.048
30-10-2020,59.523
29-10-2020,59.595
28-10-2020,59.872
27-10-2020,60.415
26-10-2020,59.815
23-10-2020,60.744
22-10-2020,60.32
21-10-2020,60.212
20-10-2020,59.896
19-10-2020,59.687
16-10-2020,59.042
15-10-2020,58.389
14-10-2020,59.724
13-10-2020,59.625
12-10-2020,59.677
09-10-2020,59.863
08-10-2020,59.493
07-10-2020,59.243
06-10-2020,59.168
05-10-2020,58.746
01-10-2020,58.537
30-09-2020,57.928
29-09-2020,58.029
28-09-2020,58.025
25-09-2020,56.677
24-09-2020,55.303
23-09-2020,56.848
22-09-2020,57.073
21-09-2020,57.595
18-09-2020,59.281
17-09-2020,59.269
16-09-2020,59.54
15-09-2020,59.284
14-09-2020,58.796
11-09-2020,57.996
10-09-2020,57.787
09-09-2020,57.055
08-09-2020,57.316
07-09-2020,57.739
04-09-2020,57.849
03-09-2020,58.909
02-09-2020,58.826
01-09-2020,58.428
31-08-2020,57.915
28-08-2020,59.663
27-08-2020,59.279
26-08-2020,59.27
25-08-2020,58.998
24-08-2020,58.696
21-08-2020,58.35
20-08-2020,58.079
19-08-2020,58.093
18-08-2020,57.881
17-08-2020,57.042
14-08-2020,56.798
13-08-2020,57.363
12-08-2020,57.067
11-08-2020,57.059
10-08-2020,56.776
07-08-2020,56.071
06-08-2020,55.773
05-08-2020,55.4
04-08-2020,55.16
03-08-2020,54.507
31-07-2020,54.935
30-07-2020,54.679
29-07-2020,54.971
28-07-2020,54.977
27-07-2020,54.629
24-07-2020,55.181
23-07-2020,55.495
22-07-2020,55.037
21-07-2020,55.067
20-07-2020,54.668
17-07-2020,54.27
16-07-2020,53.537
15-07-2020,52.868
14-07-2020,53.046
13-07-2020,53.877
10-07-2020,53.81
09-07-2020,53.989
08-07-2020,53.751
07-07-2020,54.186
06-07-2020,53.961
03-07-2020,53.051
02-07-2020,52.528
01-07-2020,52.093
30-06-2020,51.629
29-06-2020,51.565
26-06-2020,52.119
25-06-2020,51.797
24-06-2020,51.528
23-06-2020,52.392
22-06-2020,51.634
19-06-2020,51.024
18-06-2020,50.148
17-06-2020,49.249
16-06-2020,49.12
15-06-2020,48.766
12-06-2020,49.454
11-06-2020,49.077
10-06-2020,50.015
09-06-2020,49.578
08-06-2020,50.142
05-06-2020,49.813
04-06-2020,49.046
03-06-2020,49.063
02-06-2020,48.875
01-06-2020,48.374
29-05-2020,47.231
28-05-2020,46.833
27-05-2020,45.998
26-05-2020,45.036
22-05-2020,44.818
21-05-2020,45.136
20-05-2020,44.955
19-05-2020,44.216
18-05-2020,44.145
15-05-2020,45.771
14-05-2020,45.914
13-05-2020,46.7
12-05-2020,45.751
11-05-2020,45.902
08-05-2020,45.872
07-05-2020,45.885
06-05-2020,46.176
05-05-2020,45.853
04-05-2020,46.353
30-04-2020,48.76
29-04-2020,47.885
28-04-2020,47.325
27-04-2020,46.808
24-04-2020,45.91
23-04-2020,46.621
22-04-2020,46.001
21-04-2020,45.288
20-04-2020,46.87
17-04-2020,46.72
16-04-2020,45.465
15-04-2020,44.71
13-04-2020,44.575
09-04-2020,45.024
08-04-2020,43.34
07-04-2020,43.036
03-04-2020,40.051
01-04-2020,41.097
31-03-2020,42.261
30-03-2020,41.076
27-03-2020,42.236
26-03-2020,42.057
25-03-2020,40.417
24-03-2020,38.422
23-03-2020,37.648
20-03-2020,43.635
19-03-2020,41.866
18-03-2020,43.435
17-03-2020,45.4
16-03-2020,46.177
13-03-2020,49.636
12-03-2020,47.905
11-03-2020,52.057
09-03-2020,52.27
06-03-2020,54.773
05-03-2020,56.208
04-03-2020,56.185
03-03-2020,56.553
02-03-2020,55.496
28-02-2020,55.783
27-02-2020,57.626
26-02-2020,57.993
25-02-2020,58.595
24-02-2020,58.761
20-02-2020,59.583
19-02-2020,59.139
18-02-2020,58.374
17-02-2020,58.583
14-02-2020,58.66
13-02-2020,59.049
12-02-2020,59.085
11-02-2020,58.884
10-02-2020,58.606
07-02-2020,58.962
06-02-2020,58.827
05-02-2020,58.534
04-02-2020,57.88
03-02-2020,57.014
31-01-2020,58.23
30-01-2020,58.489
29-01-2020,58.996
28-01-2020,58.839
27-01-2020,59.151
24-01-2020,59.597
23-01-2020,59.218
22-01-2020,58.739
21-01-2020,58.886
20-01-2020,59.191
17-01-2020,59.713
16-01-2020,59.722
15-01-2020,59.342
14-01-2020,59.184
13-01-2020,58.817
10-01-2020,58.511
09-01-2020,58.232
08-01-2020,57.391
07-01-2020,57.337
06-01-2020,57.117
03-01-2020,58.232
02-01-2020,58.401
01-01-2020,57.81
31-12-2019,57.661
30-12-2019,57.771
27-12-2019,57.581
26-12-2019,56.963
24-12-2019,57.172
23-12-2019,57.265
20-12-2019,57.346
19-12-2019,57.27
18-12-2019,57.17
17-12-2019,57.072
16-12-2019,56.779
13-12-2019,56.958
12-12-2019,56.381
11-12-2019,55.997
10-12-2019,55.818
09-12-2019,56.326
06-12-2019,56.415
05-12-2019,56.916
04-12-2019,56.95
03-12-2019,56.659
02-12-2019,56.953
29-11-2019,57.185
28-11-2019,57.508
27-11-2019,56.985
26-11-2019,56.667
25-11-2019,56.868
22-11-2019,56.285
21-11-2019,56.388
20-11-2019,56.791
19-11-2019,56.411
18-11-2019,56.325
15-11-2019,56.202
14-11-2019,55.911
13-11-2019,55.693
11-11-2019,56.117
08-11-2019,56.105
07-11-2019,56.243
06-11-2019,55.998
05-11-2019,55.823
04-11-2019,56.092
01-11-2019,56.065
31-10-2019,55.993
30-10-2019,55.497
29-10-2019,55.314
25-10-2019,54.227
24-10-2019,54.016
23-10-2019,54.249
22-10-2019,54.148
18-10-2019,54.03
17-10-2019,53.344
16-10-2019,52.588
15-10-2019,52.497
14-10-2019,52.22
11-10-2019,51.975
10-10-2019,51.815
09-10-2019,52.383
07-10-2019,51.482
04-10-2019,51.67
03-10-2019,52.38
01-10-2019,52.58
30-09-2019,53.364
27-09-2019,53.877
26-09-2019,54.031
25-09-2019,53.483
24-09-2019,54.291
23-09-2019,54.402
20-09-2019,53.05
19-09-2019,50.391
18-09-2019,51.119
17-09-2019,50.851
16-09-2019,51.836
13-09-2019,52.107
12-09-2019,51.844
11-09-2019,51.815
09-09-2019,51.554
06-09-2019,51.29
05-09-2019,50.964
04-09-2019,50.751
03-09-2019,50.557
30-08-2019,51.5
29-08-2019,51.099
28-08-2019,51.326
27-08-2019,51.637
26-08-2019,51.275
23-08-2019,50.446
22-08-2019,50.11
21-08-2019,50.733
20-08-2019,51.297
19-08-2019,51.483
16-08-2019,51.393
14-08-2019,51.175
13-08-2019,50.638
09-08-2019,51.594
08-08-2019,51.327
07-08-2019,50.811
06-08-2019,50.995
05-08-2019,50.202
02-08-2019,50.837
01-08-2019,50.812
31-07-2019,51.137
30-07-2019,50.862
29-07-2019,51.634
26-07-2019,51.932
25-07-2019,51.646
24-07-2019,51.435
23-07-2019,51.942
22-07-2019,52.113
19-07-2019,52.127
18-07-2019,53.031
17-07-2019,53.558
16-07-2019,53.446
15-07-2019,52.903
12-07-2019,52.862
11-07-2019,52.854
10-07-2019,52.469
09-07-2019,52.804
08-07-2019,52.651
05-07-2019,53.919
04-07-2019,54.553
03-07-2019,54.558
02-07-2019,54.376
01-07-2019,54.353
28-06-2019,54.166
27-06-2019,54.392
26-06-2019,54.296
25-06-2019,54.068
24-06-2019,53.633
21-06-2019,53.69
20-06-2019,53.792
19-06-2019,52.873
18-06-2019,53.088
17-06-2019,53.042
14-06-2019,53.709
13-06-2019,54.386
12-06-2019,54.416
11-06-2019,54.62
10-06-2019,54.449
07-06-2019,54.342
06-06-2019,54.171
04-06-2019,54.972
03-06-2019,55.121
31-05-2019,54.443
30-05-2019,54.415
29-05-2019,54.151
28-05-2019,54.608
27-05-2019,54.4
24-05-2019,53.91
23-05-2019,52.566
22-05-2019,52.707
21-05-2019,52.444
20-05-2019,52.981
17-05-2019,51.336
16-05-2019,50.706
15-05-2019,50.127
14-05-2019,50.508
13-05-2019,50.17
10-05-2019,51.09
09-05-2019,51.075
08-05-2019,51.241
07-05-2019,51.935
06-05-2019,52.511
03-05-2019,52.911
02-05-2019,52.908
30-04-2019,53.213
26-04-2019,53.194
25-04-2019,52.888
24-04-2019,53.28
23-04-2019,52.842
22-04-2019,52.864
18-04-2019,53.619
16-04-2019,53.919
15-04-2019,53.568
12-04-2019,53.328
11-04-2019,53.068
10-04-2019,53.009
09-04-2019,53.191
08-04-2019,52.919
05-04-2019,53.194
04-04-2019,52.972
03-04-2019,53.087
02-04-2019,53.445
01-04-2019,53.476
31-03-2019,53.349
29-03-2019,53.355
28-03-2019,52.97
27-03-2019,52.503
26-03-2019,52.528
25-03-2019,51.909
22-03-2019,52.396
20-03-2019,52.665
19-03-2019,52.957
18-03-2019,52.574
15-03-2019,52.425
14-03-2019,52.17
13-03-2019,52.094
12-03-2019,52.123
11-03-2019,51.563
08-03-2019,50.594
07-03-2019,50.641
06-03-2019,50.781
05-03-2019,50.615
01-03-2019,49.625
28-02-2019,49.11
27-02-2019,48.965
26-02-2019,48.887
25-02-2019,48.972
22-02-2019,48.621
21-02-2019,48.55
20-02-2019,48.298
19-02-2019,47.81
18-02-2019,47.877
15-02-2019,48.232
14-02-2019,48.478
13-02-2019,48.476
12-02-2019,48.767
11-02-2019,48.89
08-02-2019,49.353
07-02-2019,49.853
06-02-2019,49.567
05-02-2019,49.349
04-02-2019,49.397
01-02-2019,49.523
31-01-2019,49.472
30-01-2019,48.94
29-01-2019,48.486
28-01-2019,48.363
25-01-2019,49.065
24-01-2019,49.666
23-01-2019,49.813
22-01-2019,49.97
21-01-2019,49.765
18-01-2019,49.843
17-01-2019,49.976
16-01-2019,50.098
15-01-2019,50.043
14-01-2019,49.715
11-01-2019,49.908
10-01-2019,50.069
09-01-2019,50.1
08-01-2019,49.912
07-01-2019,49.862
04-01-2019,49.595
03-01-2019,49.316
02-01-2019,49.655
01-01-2019,50.268
31-12-2018,50.264
28-12-2018,50.11
27-12-2018,49.695
26-12-2018,49.59
24-12-2018,49.509
21-12-2018,49.984
20-12-2018,50.652
19-12-2018,50.761
18-12-2018,50.329
17-12-2018,50.292
14-12-2018,50.089
13-12-2018,49.881
12-12-2018,49.495
11-12-2018,48.339
10-12-2018,47.717
07-12-2018,48.604
06-12-2018,48.273
05-12-2018,49.128
04-12-2018,49.686
03-12-2018,49.684
30-11-2018,49.49
29-11-2018,49.548
28-11-2018,48.877
27-11-2018,48.937
26-11-2018,48.828
22-11-2018,48.465
21-11-2018,48.919
20-11-2018,48.757
19-11-2018,49.362
16-11-2018,49.005
15-11-2018,48.999
14-11-2018,48.645
13-11-2018,48.615
12-11-2018,48.201
09-11-2018,48.629
06-11-2018,47.923
05-11-2018,48.217
02-11-2018,48.379
01-11-2018,48.045
31-10-2018,47.815
30-10-2018,47.211
29-10-2018,47.19
26-10-2018,45.902
25-10-2018,46.047
24-10-2018,46.264
23-10-2018,45.911
22-10-2018,46.279
19-10-2018,46.796
17-10-2018,47.13
16-10-2018,48.081
15-10-2018,47.4
12-10-2018,47.222
11-10-2018,45.994
10-10-2018,46.757
09-10-2018,45.342
08-10-2018,45.599
05-10-2018,45.608
04-10-2018,46.582
03-10-2018,47.531
01-10-2018,47.964
28-09-2018,47.938
27-09-2018,48.567
26-09-2018,49.289
25-09-2018,49.255
24-09-2018,48.953
21-09-2018,49.875
19-09-2018,50.463
18-09-2018,50.725
17-09-2018,51.329
14-09-2018,51.669
12-09-2018,50.859
11-09-2018,50.581
10-09-2018,51.373
07-09-2018,52.179
06-09-2018,51.775
05-09-2018,51.439
04-09-2018,51.522
03-09-2018,52.443
31-08-2018,52.636
30-08-2018,52.554
29-08-2018,52.643
28-08-2018,52.664
27-08-2018,52.634
24-08-2018,51.928
23-08-2018,52.025
21-08-2018,52.094
20-08-2018,52.069
17-08-2018,51.744
16-08-2018,51.177
14-08-2018,51.493
13-08-2018,50.952
10-08-2018,51.158
09-08-2018,51.388
08-08-2018,51.19
07-08-2018,50.96
06-08-2018,50.884
03-08-2018,50.518
02-08-2018,50.136
01-08-2018,50.121
31-07-2018,50.102
30-07-2018,49.769
27-07-2018,49.623
26-07-2018,49.064
25-07-2018,48.836
24-07-2018,48.674
23-07-2018,48.265
20-07-2018,47.734
19-07-2018,47.504
18-07-2018,47.728
17-07-2018,48.118
16-07-2018,47.336
13-07-2018,48.214
12-07-2018,48.58
11-07-2018,48.518
10-07-2018,48.706
09-07-2018,48.388
06-07-2018,47.81
05-07-2018,47.658
04-07-2018,47.863
03-07-2018,47.747
02-07-2018,47.455
29-06-2018,47.722
28-06-2018,47.032
27-06-2018,47.588
26-06-2018,48.23
25-06-2018,48.261
22-06-2018,48.65
21-06-2018,48.598
20-06-2018,48.817
19-06-2018,48.63
18-06-2018,49.179
15-06-2018,49.188
14-06-2018,49.333
13-06-2018,49.334
12-06-2018,49.47
11-06-2018,49.185
08-06-2018,49.14
07-06-2018,49.023
06-06-2018,48.486
05-06-2018,48.081
04-06-2018,48.373
01-06-2018,48.893
31-05-2018,49.393
30-05-2018,49.206
29-05-2018,49.161
28-05-2018,49.46
25-05-2018,48.817
24-05-2018,48.05
23-05-2018,48.056
22-05-2018,48.465
21-05-2018,48.23
18-05-2018,48.798
17-05-2018,49.569
16-05-2018,49.444
15-05-2018,49.725
14-05-2018,50.055
11-05-2018,50.407
10-05-2018,49.978
09-05-2018,50.533
08-05-2018,50.606
07-05-2018,50.515
04-05-2018,50.094
03-05-2018,50.015
02-05-2018,50.396
30-04-2018,50.772
27-04-2018,50.388
26-04-2018,49.977
25-04-2018,49.724
24-04-2018,50.088
23-04-2018,50.048
20-04-2018,49.819
19-04-2018,50.093
18-04-2018,49.773
17-04-2018,49.954
16-04-2018,49.886
13-04-2018,49.772
12-04-2018,49.58
11-04-2018,49.578
10-04-2018,49.532
09-04-2018,49.555
06-04-2018,49.425
05-04-2018,49.132
04-04-2018,48.198
03-04-2018,48.802
02-04-2018,48.31
28-03-2018,47.521
27-03-2018,47.797
26-03-2018,47.336
23-03-2018,46.864
22-03-2018,47.428
21-03-2018,47.652
20-03-2018,47.65
19-03-2018,47.584
16-03-2018,48.258
15-03-2018,48.891
14-03-2018,48.918
13-03-2018,48.87
12-03-2018,48.56
09-03-2018,48.096
08-03-2018,48.311
07-03-2018,47.989
06-03-2018,48.685
05-03-2018,49.119
01-03-2018,49.652
28-02-2018,49.909
27-02-2018,49.945
26-02-2018,50.156
23-02-2018,49.579
22-02-2018,48.773
21-02-2018,48.99
20-02-2018,49.116
19-02-2018,49.152
16-02-2018,49.631
15-02-2018,50.131
14-02-2018,50.304
12-02-2018,50.447
09-02-2018,49.872
08-02-2018,49.967
07-02-2018,49.141
06-02-2018,48.734
05-02-2018,49.784
02-02-2018,50.408
01-02-2018,52.225
31-01-2018,52.168
30-01-2018,52.592
29-01-2018,53.093
25-01-2018,53.324
24-01-2018,53.714
23-01-2018,53.956
22-01-2018,53.556
19-01-2018,53.461
18-01-2018,52.973
17-01-2018,53.668
16-01-2018,53.465
15-01-2018,54.332
12-01-2018,54.233
11-01-2018,54.041
10-01-2018,54.053
09-01-2018,54.261
08-01-2018,54.116
05-01-2018,53.925
04-01-2018,53.228
03-01-2018,52.771
02-01-2018,52.571
01-01-2018,52.852
29-12-2017,53.144
28-12-2017,52.806
27-12-2017,52.802
26-12-2017,52.871
22-12-2017,52.661
21-12-2017,52.535
20-12-2017,52.186
19-12-2017,52.233
18-12-2017,51.748
15-12-2017,51.364
14-12-2017,50.723
13-12-2017,50.559
12-12-2017,50.931
11-12-2017,51.104
08-12-2017,51.017
07-12-2017,50.537
06-12-2017,49.918
05-12-2017,50.305
04-12-2017,50.274
01-12-2017,50.448
30-11-2017,50.967
29-11-2017,51.239
28-11-2017,51.361
27-11-2017,51.285
24-11-2017,51.116
23-11-2017,50.945
22-11-2017,50.81
21-11-2017,50.665
20-11-2017,50.58
17-11-2017,50.096
16-11-2017,49.64
15-11-2017,49.234
14-11-2017,49.632
13-11-2017,49.709
10-11-2017,49.91
09-11-2017,49.89
08-11-2017,49.504
07-11-2017,49.746
06-11-2017,50.323
03-11-2017,50.378
02-11-2017,50.444
01-11-2017,50.387
31-10-2017,50.043
30-10-2017,49.951
27-10-2017,49.498
26-10-2017,49.323
25-10-2017,49.259
24-10-2017,49.282
23-10-2017,49.243
18-10-2017,49.501
17-10-2017,49.642
16-10-2017,49.373
13-10-2017,49.13
12-10-2017,49.001
11-10-2017,48.594
10-10-2017,48.876
09-10-2017,48.433
06-10-2017,48.39
05-10-2017,47.965
04-10-2017,47.767
03-10-2017,47.418
29-09-2017,47.115
28-09-2017,46.653
27-09-2017,46.393
26-09-2017,47.118
25-09-2017,46.742
22-09-2017,47.472
21-09-2017,48.886
20-09-2017,48.965
19-09-2017,49.137
18-09-2017,48.925
15-09-2017,48.649
14-09-2017,48.627
13-09-2017,48.375
12-09-2017,48.873
11-09-2017,48.338
08-09-2017,47.824
07-09-2017,47.716
06-09-2017,47.489
05-09-2017,47.39
04-09-2017,47.128
01-09-2017,47.39
31-08-2017,46.902
30-08-2017,46.631
29-08-2017,46.174
28-08-2017,46.612
24-08-2017,46.261
23-08-2017,46.204
22-08-2017,45.734
21-08-2017,45.93
18-08-2017,46.538
17-08-2017,46.637
16-08-2017,46.659
14-08-2017,46.176
11-08-2017,45.134
10-08-2017,45.148
09-08-2017,46.472
08-08-2017,47.365
07-08-2017,47.92
04-08-2017,47.428
03-08-2017,47.22
02-08-2017,47.502
01-08-2017,47.541
31-07-2017,47.4
28-07-2017,47.208
27-07-2017,47.199
26-07-2017,47.333
25-07-2017,47.261
24-07-2017,47.058
21-07-2017,46.988
20-07-2017,47.002
19-07-2017,47.168
18-07-2017,46.824
17-07-2017,47.15
14-07-2017,47.07
13-07-2017,47.124
12-07-2017,46.786
11-07-2017,46.335
10-07-2017,46.596
07-07-2017,46.298
06-07-2017,46.345
05-07-2017,46.337
04-07-2017,45.835
03-07-2017,45.969
30-06-2017,45.457
29-06-2017,45.236
28-06-2017,45.05
27-06-2017,44.932
23-06-2017,45.438
22-06-2017,45.858
21-06-2017,46.066
20-06-2017,46.223
19-06-2017,46.006
16-06-2017,46.105
15-06-2017,46.032
14-06-2017,46.114
13-06-2017,45.974
12-06-2017,45.881
09-06-2017,46.278
08-06-2017,46.136
07-06-2017,46.094
06-06-2017,45.852
05-06-2017,45.994
02-06-2017,45.818
01-06-2017,45.547
31-05-2017,45.292
30-05-2017,44.867
29-05-2017,44.421
26-05-2017,44.865
25-05-2017,44.018
24-05-2017,43.356
23-05-2017,43.63
22-05-2017,44.303
19-05-2017,44.815
18-05-2017,45.15
17-05-2017,46.14
16-05-2017,46.062
15-05-2017,45.82
12-05-2017,45.289
11-05-2017,45.676
10-05-2017,45.542
09-05-2017,45.169
08-05-2017,45.038
05-05-2017,44.858
04-05-2017,45.027
03-05-2017,44.593
02-05-2017,44.717
28-04-2017,44.578
27-04-2017,44.369
26-04-2017,44.283
25-04-2017,44.203
24-04-2017,43.942
21-04-2017,43.649
20-04-2017,43.724
19-04-2017,43.361
18-04-2017,43.056
17-04-2017,43.199
13-04-2017,42.983
12-04-2017,43.061
11-04-2017,43.244
10-04-2017,42.954
07-04-2017,42.723
06-04-2017,42.985
05-04-2017,43.021
03-04-2017,42.771
31-03-2017,42.549
30-03-2017,42.221
29-03-2017,41.934
28-03-2017,41.617
27-03-2017,41.395
24-03-2017,41.504
23-03-2017,41.45
22-03-2017,41.172
21-03-2017,41.509
20-03-2017,41.527
17-03-2017,41.475
16-03-2017,41.516
15-03-2017,41.056
14-03-2017,40.838
10-03-2017,40.209
09-03-2017,40.347
08-03-2017,40.386
07-03-2017,40.604
06-03-2017,40.595
03-03-2017,40.381
02-03-2017,40.347
01-03-2017,40.754
28-02-2017,40.632
27-02-2017,40.517
23-02-2017,40.54
22-02-2017,40.458
21-02-2017,40.731
20-02-2017,40.511
17-02-2017,40.07
16-02-2017,39.915
15-02-2017,39.503
14-02-2017,40.006
13-02-2017,40.117
10-02-2017,40.063
09-02-2017,39.877
08-02-2017,39.835
07-02-2017,39.687
06-02-2017,39.727
03-02-2017,39.414
02-02-2017,39.132
01-02-2017,38.813
31-01-2017,38.07
30-01-2017,38.429
27-01-2017,38.481
25-01-2017,38.325
24-01-2017,37.772
23-01-2017,37.357
20-01-2017,37.224
19-01-2017,37.656
18-01-2017,37.438
17-01-2017,37.21
16-01-2017,37.249
13-01-2017,37.111
12-01-2017,37.155
11-01-2017,37.203
10-01-2017,36.648
09-01-2017,36.394
06-01-2017,36.43
05-01-2017,36.489
04-01-2017,36.035
03-01-2017,36.091
02-01-2017,35.889
30-12-2016,35.664
29-12-2016,35.384
28-12-2016,35.056
27-12-2016,34.819
26-12-2016,34.332
23-12-2016,34.843
22-12-2016,34.859
21-12-2016,35.313
20-12-2016,35.324
19-12-2016,35.632
16-12-2016,35.766
15-12-2016,35.826
14-12-2016,35.818
13-12-2016,36.13
12-12-2016,36.151
09-12-2016,36.57
08-12-2016,36.497
07-12-2016,36.006
06-12-2016,36.1
05-12-2016,35.938
02-12-2016,35.888
01-12-2016,36.449
30-11-2016,36.755
29-11-2016,36.267
28-11-2016,36.052
25-11-2016,35.776
24-11-2016,35.252
23-11-2016,35.509
22-11-2016,35.22
21-11-2016,34.789
18-11-2016,35.684
17-11-2016,35.744
16-11-2016,35.794
15-11-2016,35.78
11-11-2016,37.149
10-11-2016,38.522
09-11-2016,37.918
08-11-2016,38.416
07-11-2016,38.126
04-11-2016,37.716
03-11-2016,38.235
02-11-2016,38.652
01-11-2016,39.3
28-10-2016,39.093
27-10-2016,38.765
26-10-2016,39.233
25-10-2016,39.616
24-10-2016,39.491
21-10-2016,39.42
20-10-2016,39.228
19-10-2016,39.087
18-10-2016,39.064
17-10-2016,38.495
14-10-2016,38.787
13-10-2016,38.503
10-10-2016,39.003
07-10-2016,38.889
06-10-2016,38.909
05-10-2016,38.943
04-10-2016,38.76
03-10-2016,38.457
30-09-2016,37.589
29-09-2016,37.083
28-09-2016,38.021
27-09-2016,37.643
26-09-2016,37.671
23-09-2016,37.796
22-09-2016,37.753
21-09-2016,37.294
20-09-2016,37.312
19-09-2016,37.441
16-09-2016,37.101
15-09-2016,37.071
14-09-2016,37.024
12-09-2016,36.736
09-09-2016,37.66
08-09-2016,37.883
07-09-2016,37.714
06-09-2016,37.721
02-09-2016,37.253
01-09-2016,37.075
31-08-2016,37.181
30-08-2016,37.053
29-08-2016,36.73
26-08-2016,36.64
25-08-2016,36.535
24-08-2016,36.684
23-08-2016,36.294
22-08-2016,36.358
19-08-2016,36.576
18-08-2016,36.417
17-08-2016,36.063
16-08-2016,35.857
12-08-2016,35.602
11-08-2016,35.535
10-08-2016,35.475
09-08-2016,35.823
08-08-2016,36.048
05-08-2016,35.704
04-08-2016,35.045
03-08-2016,34.849
02-08-2016,35.304
01-08-2016,35.543
29-07-2016,35.467
28-07-2016,35.27
27-07-2016,35.142
26-07-2016,34.825
25-07-2016,35.167
22-07-2016,34.861
21-07-2016,34.567
20-07-2016,34.662
19-07-2016,34.3
18-07-2016,34.203
15-07-2016,34.331
14-07-2016,34.442
13-07-2016,34.174
12-07-2016,34.257
11-07-2016,34.114
08-07-2016,33.825
07-07-2016,33.876
05-07-2016,33.894
04-07-2016,34.036
01-07-2016,33.897
30-06-2016,33.702
29-06-2016,33.384
28-06-2016,33.085
27-06-2016,32.922
24-06-2016,32.609
23-06-2016,32.878
22-06-2016,32.756
21-06-2016,32.794
20-06-2016,32.836
17-06-2016,32.853
16-06-2016,32.792
15-06-2016,33.03
14-06-2016,32.706
13-06-2016,32.596
10-06-2016,32.74
09-06-2016,32.876
08-06-2016,32.898
07-06-2016,32.728
06-06-2016,32.424
03-06-2016,32.407
02-06-2016,32.288
01-06-2016,32.003
31-05-2016,31.979
30-05-2016,32.013
27-05-2016,31.861
26-05-2016,31.628
25-05-2016,31.363
24-05-2016,30.851
23-05-2016,31.037
20-05-2016,31.13
19-05-2016,31.321
18-05-2016,31.538
17-05-2016,31.523
16-05-2016,31.479
13-05-2016,31.433
12-05-2016,31.48
11-05-2016,31.18
10-05-2016,31.074
09-05-2016,31.11
06-05-2016,30.775
05-05-2016,30.686
04-05-2016,30.697
03-05-2016,30.953
02-05-2016,31.034
29-04-2016,30.946
28-04-2016,30.947
27-04-2016,31.348
26-04-2016,31.278
25-04-2016,31.146
22-04-2016,31.212
21-04-2016,31.265
20-04-2016,31.094
18-04-2016,30.974
13-04-2016,30.621
12-04-2016,30.209
11-04-2016,29.842
08-04-2016,29.633
07-04-2016,29.556
06-04-2016,29.663
05-04-2016,29.532
04-04-2016,29.886
01-04-2016,29.82
31-03-2016,29.77
30-03-2016,29.611
29-03-2016,29.225
28-03-2016,29.252
23-03-2016,29.6
22-03-2016,29.665
21-03-2016,29.67
18-03-2016,29.429
17-03-2016,29.171
16-03-2016,28.976
15-03-2016,28.97
14-03-2016,29.126
11-03-2016,28.908
10-03-2016,28.89
09-03-2016,28.986
08-03-2016,29.022
04-03-2016,29.018
03-03-2016,28.837
02-03-2016,28.522
01-03-2016,28.001
29-02-2016,27.264
26-02-2016,27.096
25-02-2016,27.037
24-02-2016,27.356
23-02-2016,27.585
22-02-2016,27.861
19-02-2016,27.611
18-02-2016,27.649
17-02-2016,27.486
16-02-2016,27.36
15-02-2016,27.909
12-02-2016,27.136
11-02-2016,27.477
10-02-2016,28.39
09-02-2016,28.744
08-02-2016,29.053
05-02-2016,29.184
04-02-2016,28.869
03-02-2016,28.889
02-02-2016,29.322
01-02-2016,29.768
29-01-2016,29.742
28-01-2016,29.408
27-01-2016,29.495
25-01-2016,29.422
22-01-2016,29.324
21-01-2016,28.772
20-01-2016,28.662
19-01-2016,29.102
18-01-2016,28.829
15-01-2016,29.713
14-01-2016,30.305
13-01-2016,30.627
12-01-2016,30.667
11-01-2016,30.93
08-01-2016,31.19
07-01-2016,30.87
06-01-2016,31.609
05-01-2016,31.664
04-01-2016,31.539
01-01-2016,31.949
31-12-2015,31.796
30-12-2015,31.668
29-12-2015,31.644
28-12-2015,31.577
24-12-2015,31.507
23-12-2015,31.436
22-12-2015,31.237
21-12-2015,31.27
18-12-2015,31.017
17-12-2015,31.144
16-12-2015,30.658
15-12-2015,30.612
14-12-2015,30.445
11-12-2015,30.438
10-12-2015,30.586
09-12-2015,30.393
08-12-2015,30.895
07-12-2015,31.086
04-12-2015,31.03
03-12-2015,31.22
02-12-2015,31.481
01-12-2015,31.501
30-11-2015,31.359
27-11-2015,31.343
26-11-2015,31.177
24-11-2015,31.151
23-11-2015,31.145
20-11-2015,31.006
19-11-2015,30.859
18-11-2015,30.474
17-11-2015,30.598
16-11-2015,30.469
13-11-2015,30.314
10-11-2015,30.231
09-11-2015,30.559
06-11-2015,30.441
05-11-2015,30.561
04-11-2015,30.925
03-11-2015,31.007
02-11-2015,30.922
30-10-2015,30.91
29-10-2015,30.993
28-10-2015,31.173
27-10-2015,31.436
26-10-2015,31.414
23-10-2015,31.549
21-10-2015,31.656
20-10-2015,31.808
19-10-2015,31.741
16-10-2015,31.385
15-10-2015,31.064
14-10-2015,30.847
13-10-2015,30.839
12-10-2015,30.842
09-10-2015,30.731
08-10-2015,30.807
07-10-2015,31.012
06-10-2015,31.061
05-10-2015,30.987
01-10-2015,30.509
30-09-2015,30.513
29-09-2015,30.073
28-09-2015,30.022
24-09-2015,30.138
23-09-2015,29.987
22-09-2015,29.863
21-09-2015,30.299
18-09-2015,30.112
16-09-2015,29.817
15-09-2015,29.863
14-09-2015,29.88
11-09-2015,29.597
10-09-2015,29.531
09-09-2015,29.616
08-09-2015,29.042
07-09-2015,28.788
04-09-2015,29.311
03-09-2015,30.009
02-09-2015,29.67
01-09-2015,29.678
31-08-2015,30.336
28-08-2015,30.411
27-08-2015,30.362
26-08-2015,29.674
25-08-2015,29.771
24-08-2015,29.333
21-08-2015,31.724
20-08-2015,31.975
19-08-2015,32.458
18-08-2015,32.259
17-08-2015,32.186
14-08-2015,32.009
13-08-2015,31.283
12-08-2015,31.373
11-08-2015,32.085
10-08-2015,32.328
07-08-2015,32.404
06-08-2015,32.323
05-08-2015,32.385
04-08-2015,32.093
03-08-2015,31.927
31-07-2015,31.762
30-07-2015,31.519
29-07-2015,31.278
28-07-2015,31.055
27-07-2015,30.961
24-07-2015,31.337
23-07-2015,31.455
22-07-2015,31.345
21-07-2015,30.947
20-07-2015,31.422
17-07-2015,31.364
16-07-2015,31.3
15-07-2015,30.899
14-07-2015,30.841
13-07-2015,30.747
10-07-2015,30.386
09-07-2015,30.34
08-07-2015,30.411
07-07-2015,30.802
06-07-2015,30.662
03-07-2015,30.443
02-07-2015,30.488
01-07-2015,30.305
30-06-2015,29.906
29-06-2015,29.636
26-06-2015,30.016
25-06-2015,29.991
24-06-2015,29.79
23-06-2015,29.874
22-06-2015,29.797
19-06-2015,29.341
18-06-2015,29.231
17-06-2015,28.786
16-06-2015,28.321
15-06-2015,28.264
12-06-2015,28.246
11-06-2015,28.242
10-06-2015,28.629
09-06-2015,28.385
08-06-2015,28.299
05-06-2015,28.717
04-06-2015,28.656
03-06-2015,28.61
02-06-2015,29.007
01-06-2015,29.645
29-05-2015,29.553
28-05-2015,29.201
27-05-2015,29.278
26-05-2015,29.352
25-05-2015,29.325
22-05-2015,29.376
21-05-2015,29.285
20-05-2015,29.362
19-05-2015,29.372
18-05-2015,29.33
15-05-2015,29.19
14-05-2015,28.939
13-05-2015,28.616
12-05-2015,28.313
11-05-2015,28.692
08-05-2015,28.326
07-05-2015,27.837
06-05-2015,28.259
05-05-2015,29.081
04-05-2015,28.9
30-04-2015,28.609
29-04-2015,28.706
28-04-2015,28.551
27-04-2015,27.988
24-04-2015,28.666
23-04-2015,29.154
22-04-2015,29.068
21-04-2015,29.103
20-04-2015,29.252
17-04-2015,29.849
16-04-2015,30.246
15-04-2015,30.465
13-04-2015,30.501
10-04-2015,30.441
09-04-2015,30.435
08-04-2015,30.344
07-04-2015,30.066
06-04-2015,29.946
01-04-2015,29.776
31-03-2015,29.244
30-03-2015,29.161
27-03-2015,28.761
26-03-2015,28.811
25-03-2015,29.08
24-03-2015,29.359
23-03-2015,29.372
20-03-2015,29.664
19-03-2015,30.094
18-03-2015,30.242
17-03-2015,30.128
16-03-2015,29.891
13-03-2015,30.101
12-03-2015,30.398
11-03-2015,30.025
10-03-2015,30.008
09-03-2015,29.952
05-03-2015,30.352
04-03-2015,30.124
03-03-2015,30.296
02-03-2015,29.961
27-02-2015,29.292
26-02-2015,28.957
25-02-2015,29.138
24-02-2015,29.236
23-02-2015,29.277
20-02-2015,29.487
19-02-2015,29.435
18-02-2015,29.443
16-02-2015,29.213
13-02-2015,29.319
12-02-2015,29.119
11-02-2015,28.878
10-02-2015,28.465
09-02-2015,28.178
06-02-2015,28.345
05-02-2015,28.784
04-02-2015,28.883
03-02-2015,29.123
02-02-2015,29.233
30-01-2015,29.254
29-01-2015,29.547
28-01-2015,29.572
27-01-2015,29.37
23-01-2015,29.045
22-01-2015,29.093
21-01-2015,29.052
20-01-2015,29.177
19-01-2015,28.984
16-01-2015,28.836
15-01-2015,28.639
14-01-2015,28.389
13-01-2015,28.34
12-01-2015,28.18
09-01-2015,27.948
08-01-2015,27.857
07-01-2015,27.366
06-01-2015,27.379
05-01-2015,28.082
02-01-2015,28.173
01-01-2015,28.012
31-12-2014,27.872
30-12-2014,27.681
29-12-2014,27.503
26-12-2014,27.249
24-12-2014,27.203
23-12-2014,27.302
22-12-2014,27.304
19-12-2014,27.06
18-12-2014,26.856
17-12-2014,26.249
16-12-2014,26.401
15-12-2014,26.913
12-12-2014,26.95
11-12-2014,27.139
10-12-2014,27.238
09-12-2014,26.992
08-12-2014,27.347
05-12-2014,27.596
04-12-2014,27.669
03-12-2014,27.616
02-12-2014,27.186
01-12-2014,27.026
28-11-2014,27.003
27-11-2014,26.6
26-11-2014,26.453
25-11-2014,26.442
24-11-2014,26.701
21-11-2014,26.662
20-11-2014,26.609
19-11-2014,26.643
18-11-2014,26.786
17-11-2014,26.705
14-11-2014,26.482
13-11-2014,26.333
12-11-2014,26.508
11-11-2014,26.25
10-11-2014,26.044
07-11-2014,26.088
05-11-2014,25.962
03-11-2014,25.945
31-10-2014,25.768
30-10-2014,25.481
29-10-2014,25.287
28-10-2014,25.176
27-10-2014,25.028
22-10-2014,24.932
21-10-2014,24.661
20-10-2014,24.439
17-10-2014,24.281
16-10-2014,24.269
14-10-2014,24.775
13-10-2014,24.693
10-10-2014,24.526
09-10-2014,24.872
08-10-2014,24.541
07-10-2014,24.638
01-10-2014,24.878
30-09-2014,24.876
29-09-2014,24.749
26-09-2014,24.466
25-09-2014,24.354
24-09-2014,24.763
23-09-2014,24.892
22-09-2014,25.267
19-09-2014,25.249
18-09-2014,25.106
17-09-2014,24.779
16-09-2014,24.712
15-09-2014,25.51
12-09-2014,25.369
11-09-2014,25.141
10-09-2014,24.779
09-09-2014,24.832
08-09-2014,24.756
05-09-2014,24.387
04-09-2014,24.243
03-09-2014,24.163
02-09-2014,23.841
01-09-2014,23.544
28-08-2014,23.224
27-08-2014,23.249
26-08-2014,23.071
25-08-2014,23.158
22-08-2014,23.314
21-08-2014,23.302
20-08-2014,23.128
19-08-2014,23.006
18-08-2014,22.705
14-08-2014,22.35
13-08-2014,22.241
12-08-2014,22.224
11-08-2014,22.02
08-08-2014,21.822
07-08-2014,22.161
06-08-2014,22.203
05-08-2014,22.247
04-08-2014,22.068
01-08-2014,21.783
31-07-2014,21.873
30-07-2014,21.83
28-07-2014,21.662
25-07-2014,21.813
24-07-2014,22.108
23-07-2014,22.096
22-07-2014,22.092
21-07-2014,22.136
18-07-2014,22.047
17-07-2014,22.068
16-07-2014,21.822
15-07-2014,21.526
14-07-2014,21.171
11-07-2014,21.276
10-07-2014,21.743
09-07-2014,21.577
08-07-2014,21.808
07-07-2014,22.557
04-07-2014,22.535
03-07-2014,22.227
02-07-2014,22.15
01-07-2014,21.755
30-06-2014,21.705
27-06-2014,21.311
26-06-2014,21.168
25-06-2014,21.315
24-06-2014,21.326
23-06-2014,21.061
20-06-2014,20.96
19-06-2014,21.121
18-06-2014,21.329
17-06-2014,21.296
16-06-2014,20.983
13-06-2014,20.927
12-06-2014,21.265
11-06-2014,21.223
10-06-2014,21.356
09-06-2014,21.419
06-06-2014,21.006
05-06-2014,20.671
04-06-2014,20.608
03-06-2014,20.266
02-06-2014,20.052
30-05-2014,19.794
29-05-2014,19.706
28-05-2014,19.768
27-05-2014,19.66
26-05-2014,19.727
23-05-2014,19.996
22-05-2014,19.799
21-05-2014,19.551
20-05-2014,19.338
19-05-2014,19.001
16-05-2014,18.41
15-05-2014,18.188
14-05-2014,18.425
13-05-2014,18.305
12-05-2014,18.067
09-05-2014,17.958
08-05-2014,17.65
07-05-2014,17.6
06-05-2014,17.619
05-05-2014,17.564
02-05-2014,17.634
30-04-2014,17.495
29-04-2014,17.639
28-04-2014,17.733
25-04-2014,17.671
23-04-2014,17.695
22-04-2014,17.614
21-04-2014,17.568
17-04-2014,17.457
16-04-2014,17.2
15-04-2014,17.339
11-04-2014,17.481
10-04-2014,17.481
09-04-2014,17.447
07-04-2014,17.204
04-04-2014,17.238
03-04-2014,17.271
02-04-2014,17.38
01-04-2014,17.146
31-03-2014,17.164
28-03-2014,17.083
27-03-2014,16.87
26-03-2014,16.783
25-03-2014,16.693
24-03-2014,16.598
21-03-2014,16.46
20-03-2014,16.347
19-03-2014,16.408
18-03-2014,16.367
14-03-2014,16.233
13-03-2014,16.243
12-03-2014,16.292
11-03-2014,16.267
10-03-2014,16.259
07-03-2014,16.293
06-03-2014,16.312
05-03-2014,16.213
04-03-2014,16.075
03-03-2014,15.969
28-02-2014,15.96
26-02-2014,15.795
25-02-2014,15.737
24-02-2014,15.641
21-02-2014,15.615
20-02-2014,15.393
19-02-2014,15.427
18-02-2014,15.343
17-02-2014,15.21
14-02-2014,15.198
13-02-2014,15.129
12-02-2014,15.309
11-02-2014,15.226
10-02-2014,15.161
07-02-2014,15.165
06-02-2014,15.059
05-02-2014,15.024
04-02-2014,14.875
03-02-2014,14.853
31-01-2014,14.928
30-01-2014,14.604
29-01-2014,14.74
28-01-2014,14.72
27-01-2014,14.69
24-01-2014,15.015
23-01-2014,15.223
22-01-2014,15.246
21-01-2014,15.165
20-01-2014,15.113
17-01-2014,14.934
16-01-2014,15.108
15-01-2014,15.126
14-01-2014,15.12
13-01-2014,15.138
10-01-2014,15.138
09-01-2014,15.211
08-01-2014,15.241
07-01-2014,15.148
06-01-2014,15.175
03-01-2014,15.058
02-01-2014,14.98
01-01-2014,15.179
31-12-2013,15.097
30-12-2013,15.019
27-12-2013,15.034
26-12-2013,15.038
24-12-2013,14.991
23-12-2013,14.941
20-12-2013,14.84
19-12-2013,14.61
18-12-2013,14.572
17-12-2013,14.388
16-12-2013,14.365
13-12-2013,14.247
12-12-2013,14.379
11-12-2013,14.45
10-12-2013,14.482
09-12-2013,14.553
06-12-2013,14.422
05-12-2013,14.331
04-12-2013,14.264
03-12-2013,14.349
02-12-2013,14.307
29-11-2013,14.182
28-11-2013,14.042
27-11-2013,13.996
26-11-2013,14.027
25-11-2013,14.111
22-11-2013,13.974
21-11-2013,13.968
20-11-2013,14.089
19-11-2013,14.154
18-11-2013,14.084
14-11-2013,13.938
13-11-2013,13.736
12-11-2013,13.826
11-11-2013,13.878
08-11-2013,13.937
07-11-2013,13.875
06-11-2013,13.98
05-11-2013,13.919
01-11-2013,13.755
31-10-2013,13.629
30-10-2013,13.476
29-10-2013,13.421
28-10-2013,13.276
25-10-2013,13.379
24-10-2013,13.421
23-10-2013,13.399
22-10-2013,13.42
21-10-2013,13.372
18-10-2013,13.233
17-10-2013,13.052
15-10-2013,13.132
14-10-2013,13.27
11-10-2013,13.227
10-10-2013,13.166
09-10-2013,13.042
08-10-2013,12.881
07-10-2013,12.851
04-10-2013,12.775
03-10-2013,12.718
01-10-2013,12.526
30-09-2013,12.408
27-09-2013,12.467
26-09-2013,12.462
25-09-2013,12.459
24-09-2013,12.444
23-09-2013,12.422
20-09-2013,12.566
19-09-2013,12.674
18-09-2013,12.395
17-09-2013,12.341
16-09-2013,12.375
13-09-2013,12.421
12-09-2013,12.382
11-09-2013,12.46
10-09-2013,12.325
06-09-2013,12.138
05-09-2013,12.047
04-09-2013,11.799
03-09-2013,11.627
02-09-2013,11.846
30-08-2013,11.753
29-08-2013,11.707
28-08-2013,11.491
27-08-2013,11.659
26-08-2013,11.952
23-08-2013,11.892
22-08-2013,11.719
21-08-2013,11.657
20-08-2013,11.791
19-08-2013,11.887
16-08-2013,12.135
14-08-2013,12.478
13-08-2013,12.316
12-08-2013,12.162
08-08-2013,11.953
07-08-2013,11.787
06-08-2013,11.759
05-08-2013,12.016
02-08-2013,11.996
01-08-2013,12.056
31-07-2013,12.18
30-07-2013,12.141
29-07-2013,12.39
26-07-2013,12.475
25-07-2013,12.547
24-07-2013,12.609
23-07-2013,12.809
22-07-2013,12.754
19-07-2013,12.75
18-07-2013,12.833
17-07-2013,12.694
16-07-2013,12.795
15-07-2013,12.943
12-07-2013,12.848
11-07-2013,12.798
10-07-2013,12.723
09-07-2013,12.706
08-07-2013,12.629
05-07-2013,12.707
04-07-2013,12.729
03-07-2013,12.662
02-07-2013,12.803
01-07-2013,12.837
28-06-2013,12.69
27-06-2013,12.458
26-06-2013,12.413
25-06-2013,12.44
24-06-2013,12.472
21-06-2013,12.663
20-06-2013,12.76
19-06-2013,12.997
18-06-2013,12.91
17-06-2013,12.901
14-06-2013,12.828
13-06-2013,12.657
12-06-2013,12.877
11-06-2013,12.908
10-06-2013,13.067
07-06-2013,13.213
06-06-2013,13.259
05-06-2013,13.245
04-06-2013,13.266
03-06-2013,13.249
31-05-2013,13.268
30-05-2013,13.422
29-05-2013,13.426
28-05-2013,13.453
27-05-2013,13.364
24-05-2013,13.23
23-05-2013,13.17
22-05-2013,13.387
21-05-2013,13.48
20-05-2013,13.56
17-05-2013,13.645
16-05-2013,13.654
15-05-2013,13.612
14-05-2013,13.405
13-05-2013,13.385
10-05-2013,13.55
09-05-2013,13.471
08-05-2013,13.5
07-05-2013,13.392
06-05-2013,13.269
03-05-2013,13.181
02-05-2013,13.244
30-04-2013,13.172
29-04-2013,13.136
26-04-2013,13.035
25-04-2013,13.074
23-04-2013,12.992
22-04-2013,12.999
18-04-2013,12.824
17-04-2013,12.721
16-04-2013,12.651
15-04-2013,12.493
12-04-2013,12.497
11-04-2013,12.485
10-04-2013,12.476
09-04-2013,12.398
08-04-2013,12.525
05-04-2013,12.532
04-04-2013,12.584
03-04-2013,12.803
02-04-2013,12.958
01-04-2013,12.798
28-03-2013,12.682
26-03-2013,12.562
25-03-2013,12.561
22-03-2013,12.602
21-03-2013,12.597
20-03-2013,12.66
19-03-2013,12.892
18-03-2013,12.985
15-03-2013,13.022
14-03-2013,13.111
13-03-2013,13.047
12-03-2013,13.204
11-03-2013,13.263
08-03-2013,13.263
07-03-2013,13.115
06-03-2013,13.053
05-03-2013,13.012
04-03-2013,12.894
01-03-2013,12.99
28-02-2013,12.863
27-02-2013,13.059
26-02-2013,12.954
25-02-2013,13.133
22-02-2013,13.215
21-02-2013,13.225
20-02-2013,13.428
19-02-2013,13.44
18-02-2013,13.322
15-02-2013,13.313
14-02-2013,13.323
13-02-2013,13.459
12-02-2013,13.456
11-02-2013,13.436
08-02-2013,13.458
07-02-2013,13.51
06-02-2013,13.615
05-02-2013,13.612
04-02-2013,13.707
01-02-2013,13.796
31-01-2013,13.786
30-01-2013,13.747
29-01-2013,13.81
28-01-2013,13.825
25-01-2013,13.872
24-01-2013,13.713
23-01-2013,13.917
22-01-2013,14.023
21-01-2013,14.114
18-01-2013,14.111
17-01-2013,14.141
16-01-2013,14.085
15-01-2013,14.214
14-01-2013,14.132
11-01-2013,13.956
10-01-2013,14.088
09-01-2013,14.1
08-01-2013,14.112
07-01-2013,14.133
04-01-2013,14.138
03-01-2013,14.098
02-01-2013,14.105
01-01-2013,14.02
31-12-2012,13.9
28-12-2012,13.821
27-12-2012,13.746
26-12-2012,13.756
24-12-2012,13.668
21-12-2012,13.604
20-12-2012,13.722
19-12-2012,13.76
18-12-2012,13.668
17-12-2012,13.567
14-12-2012,13.512
13-12-2012,13.434
12-12-2012,13.532
11-12-2012,13.527
10-12-2012,13.627
07-12-2012,13.58
06-12-2012,13.531
05-12-2012,13.478
04-12-2012,13.483
03-12-2012,13.468
30-11-2012,13.337
29-11-2012,13.202
27-11-2012,13.068
26-11-2012,12.988
23-11-2012,12.901
22-11-2012,12.885
21-11-2012,12.788
20-11-2012,12.762
19-11-2012,12.832
16-11-2012,12.953
15-11-2012,13.047
12-11-2012,13.077
09-11-2012,13.034
08-11-2012,13.12
07-11-2012,13.163
06-11-2012,13.068
05-11-2012,12.969
02-11-2012,13.04
01-11-2012,13.013
31-10-2012,12.921
30-10-2012,12.78
29-10-2012,12.912
26-10-2012,12.941
25-10-2012,13.045
23-10-2012,13.052
22-10-2012,13.016
19-10-2012,12.989
18-10-2012,13.067
17-10-2012,12.929
16-10-2012,12.865
15-10-2012,12.949
12-10-2012,12.95
11-10-2012,12.915
10-10-2012,12.83
09-10-2012,12.962
08-10-2012,12.881
05-10-2012,12.945
04-10-2012,13.038
03-10-2012,12.947
01-10-2012,12.923
28-09-2012,12.855
27-09-2012,12.71
26-09-2012,12.666
25-09-2012,12.626
24-09-2012,12.537
21-09-2012,12.527
20-09-2012,12.298
18-09-2012,12.332
17-09-2012,12.257
14-09-2012,12.176
13-09-2012,12.124
12-09-2012,12.136
11-09-2012,12.092
10-09-2012,12.013
07-09-2012,11.943
06-09-2012,11.824
05-09-2012,11.771
04-09-2012,11.844
03-09-2012,11.801
31-08-2012,11.818
30-08-2012,11.812
29-08-2012,11.737
28-08-2012,11.788
27-08-2012,11.899
24-08-2012,11.938
23-08-2012,11.955
22-08-2012,11.933
21-08-2012,11.978
17-08-2012,11.932
16-08-2012,11.885
14-08-2012,11.866
13-08-2012,11.736
10-08-2012,11.655
09-08-2012,11.661
08-08-2012,11.631
07-08-2012,11.657
06-08-2012,11.619
03-08-2012,11.575
02-08-2012,11.58
01-08-2012,11.537
31-07-2012,11.464
30-07-2012,11.433
27-07-2012,11.295
26-07-2012,11.305
25-07-2012,11.425
24-07-2012,11.438
23-07-2012,11.398
20-07-2012,11.584
19-07-2012,11.578
18-07-2012,11.565
17-07-2012,11.567
16-07-2012,11.576
13-07-2012,11.562
12-07-2012,11.63
11-07-2012,11.658
10-07-2012,11.709
09-07-2012,11.602
06-07-2012,11.693
05-07-2012,11.746
04-07-2012,11.65
03-07-2012,11.604
02-07-2012,11.581
29-06-2012,11.478
28-06-2012,11.278
27-06-2012,11.267
26-06-2012,11.226
25-06-2012,11.198
22-06-2012,11.225
21-06-2012,11.21
20-06-2012,11.107
19-06-2012,11.005
18-06-2012,11.008
15-06-2012,11.106
14-06-2012,10.978
13-06-2012,11.116
12-06-2012,11.133
11-06-2012,11.068
08-06-2012,11.117
07-06-2012,11.066
06-06-2012,10.988
05-06-2012,10.822
04-06-2012,10.813
01-06-2012,10.845
31-05-2012,10.961
30-05-2012,10.947
29-05-2012,11.067
28-05-2012,11.05
25-05-2012,10.9
24-05-2012,10.864
23-05-2012,10.778
22-05-2012,10.823
21-05-2012,10.876
18-05-2012,10.811
17-05-2012,10.802
16-05-2012,10.8
15-05-2012,10.935
14-05-2012,10.866
11-05-2012,10.963
10-05-2012,11.032
09-05-2012,11.023
08-05-2012,11.063
07-05-2012,11.208
04-05-2012,11.169
03-05-2012,11.33
02-05-2012,11.442
30-04-2012,11.438
27-04-2012,11.346
26-04-2012,11.31
25-04-2012,11.351
24-04-2012,11.436
23-04-2012,11.479
20-04-2012,11.647
19-04-2012,11.733
18-04-2012,11.738
17-04-2012,11.664
16-04-2012,11.599
13-04-2012,11.558
12-04-2012,11.613
11-04-2012,11.517
10-04-2012,11.572
09-04-2012,11.67
04-04-2012,11.834
03-04-2012,11.813
02-04-2012,11.676
30-03-2012,11.569
29-03-2012,11.34
28-03-2012,11.292
27-03-2012,11.383
26-03-2012,11.351
23-03-2012,11.488
22-03-2012,11.414
21-03-2012,11.63
20-03-2012,11.477
19-03-2012,11.377
16-03-2012,11.473
15-03-2012,11.564
14-03-2012,11.667
13-03-2012,11.601
12-03-2012,11.513
09-03-2012,11.457
07-03-2012,11.232
06-03-2012,11.219
05-03-2012,11.236
02-03-2012,11.354
01-03-2012,11.338
29-02-2012,11.397
28-02-2012,11.298
27-02-2012,11.001
24-02-2012,11.246
23-02-2012,11.263
22-02-2012,11.3
21-02-2012,11.67
17-02-2012,11.659
16-02-2012,11.586
15-02-2012,11.594
14-02-2012,11.411
13-02-2012,11.363
10-02-2012,11.281
09-02-2012,11.24
08-02-2012,11.181
07-02-2012,11.08
06-02-2012,11.146
03-02-2012,11.067
02-02-2012,10.946
01-02-2012,10.885
31-01-2012,10.722
30-01-2012,10.499
27-01-2012,10.669
25-01-2012,10.597
24-01-2012,10.461
23-01-2012,10.314
20-01-2012,10.322
19-01-2012,10.247
18-01-2012,10.173
17-01-2012,10.277
16-01-2012,10.137
13-01-2012,10.124
12-01-2012,10.046
11-01-2012,9.968
10-01-2012,9.94
09-01-2012,9.786
06-01-2012,9.695
05-01-2012,9.751
04-01-2012,9.769
03-01-2012,9.75
02-01-2012,9.507
30-12-2011,9.549
29-12-2011,9.541
28-12-2011,9.535
27-12-2011,9.566
26-12-2011,9.59
23-12-2011,9.548
22-12-2011,9.599
21-12-2011,9.505
20-12-2011,9.366
19-12-2011,9.529
16-12-2011,9.707
15-12-2011,9.835
14-12-2011,9.871
13-12-2011,9.953
12-12-2011,10.003
09-12-2011,10.19
08-12-2011,10.259
07-12-2011,10.438
05-12-2011,10.467
02-12-2011,10.507
01-12-2011,10.368
30-11-2011,10.31
29-11-2011,10.347
28-11-2011,10.362
25-11-2011,10.221
24-11-2011,10.118
23-11-2011,10.013
22-11-2011,10.111
21-11-2011,10.124
18-11-2011,10.263
17-11-2011,10.333
16-11-2011,10.421
15-11-2011,10.532
14-11-2011,10.705
11-11-2011,10.791
09-11-2011,10.909
08-11-2011,11.031
04-11-2011,11.1
03-11-2011,11.041
02-11-2011,10.981
01-11-2011,10.936
31-10-2011,10.946
28-10-2011,10.898
25-10-2011,10.626
24-10-2011,10.649
21-10-2011,10.694
20-10-2011,10.759
19-10-2011,10.885
18-10-2011,10.794
17-10-2011,10.89
14-10-2011,10.863
13-10-2011,10.886
12-10-2011,10.822
11-10-2011,10.688
10-10-2011,10.653
07-10-2011,10.563
05-10-2011,10.426
04-10-2011,10.521
03-10-2011,10.615
30-09-2011,10.734
29-09-2011,10.751
28-09-2011,10.72
27-09-2011,10.803
26-09-2011,10.617
23-09-2011,10.776
22-09-2011,10.837
21-09-2011,11.135
20-09-2011,10.988
19-09-2011,10.905
16-09-2011,10.895
15-09-2011,10.874
14-09-2011,10.816
13-09-2011,10.775
12-09-2011,10.8
09-09-2011,10.998
08-09-2011,11.088
07-09-2011,11.091
06-09-2011,10.956
05-09-2011,10.908
02-09-2011,10.835
30-08-2011,10.773
29-08-2011,10.621
26-08-2011,10.403
25-08-2011,10.612
24-08-2011,10.721
23-08-2011,10.732
22-08-2011,10.631
19-08-2011,10.489
18-08-2011,10.61
17-08-2011,10.79
16-08-2011,10.869
12-08-2011,11.038
11-08-2011,11.131
10-08-2011,11.184
09-08-2011,11.027
08-08-2011,11.104
05-08-2011,11.23
04-08-2011,11.366
03-08-2011,11.433
02-08-2011,11.475
01-08-2011,11.56
29-07-2011,11.515
28-07-2011,11.579
27-07-2011,11.654
26-07-2011,11.622
25-07-2011,11.709
22-07-2011,11.624
21-07-2011,11.454
20-07-2011,11.529
19-07-2011,11.658
18-07-2011,11.708
15-07-2011,11.668
14-07-2011,11.662
13-07-2011,11.637
12-07-2011,11.489
11-07-2011,11.623
08-07-2011,11.632
07-07-2011,11.748
06-07-2011,11.634
05-07-2011,11.608
04-07-2011,11.63
01-07-2011,11.573
30-06-2011,11.524
29-06-2011,11.469
28-06-2011,11.393
27-06-2011,11.382
24-06-2011,11.26
23-06-2011,11.11
22-06-2011,11.109
21-06-2011,11.177
20-06-2011,11.174
17-06-2011,11.355
16-06-2011,11.41
15-06-2011,11.476
14-06-2011,11.518
13-06-2011,11.441
10-06-2011,11.376
09-06-2011,11.387
08-06-2011,11.346
07-06-2011,11.346
06-06-2011,11.275
03-06-2011,11.277
02-06-2011,11.331
01-06-2011,11.345
31-05-2011,11.287
30-05-2011,11.135
27-05-2011,11.032
26-05-2011,10.905
25-05-2011,10.866
24-05-2011,10.873
23-05-2011,10.851
20-05-2011,10.936
19-05-2011,10.897
18-05-2011,10.91
17-05-2011,10.933
16-05-2011,10.989
13-05-2011,11.036
12-05-2011,10.91
11-05-2011,10.989
10-05-2011,10.874
09-05-2011,10.869
06-05-2011,10.818
05-05-2011,10.722
04-05-2011,10.787
03-05-2011,10.796
02-05-2011,10.949
29-04-2011,11.049
28-04-2011,11.143
27-04-2011,11.236
26-04-2011,11.203
25-04-2011,11.201
21-04-2011,11.138
20-04-2011,11.116
19-04-2011,10.998
18-04-2011,10.96
15-04-2011,11.07
13-04-2011,11.103
11-04-2011,10.955
08-04-2011,11.03
07-04-2011,11.14
06-04-2011,11.061
05-04-2011,11.022
04-04-2011,10.96
01-04-2011,10.839
31-03-2011,10.739
30-03-2011,10.709
29-03-2011,10.514
28-03-2011,10.488
25-03-2011,10.47
24-03-2011,10.337
23-03-2011,10.289
22-03-2011,10.241
21-03-2011,10.148
18-03-2011,10.131
17-03-2011,10.216
16-03-2011,10.23
15-03-2011,10.105
14-03-2011,10.224
11-03-2011,10.163
10-03-2011,10.218
09-03-2011,10.242
08-03-2011,10.157
07-03-2011,10.056
04-03-2011,10.147
03-03-2011,10.129
01-03-2011,10.103
28-02-2011,9.845
25-02-2011,9.833
24-02-2011,9.879
23-02-2011,10.126
22-02-2011,10.16
21-02-2011,10.25
18-02-2011,10.165
17-02-2011,10.305
16-02-2011,10.197
15-02-2011,10.174
14-02-2011,10.14
11-02-2011,9.824
10-02-2011,9.641
09-02-2011,9.617
08-02-2011,9.861
07-02-2011,9.982
04-02-2011,10.027
03-02-2011,10.104
02-02-2011,9.993
01-02-2011,10.013
31-01-2011,10.182
28-01-2011,10.164
27-01-2011,10.36
25-01-2011,10.543
24-01-2011,10.557
21-01-2011,10.484
20-01-2011,10.449
19-01-2011,10.44
18-01-2011,10.389
17-01-2011,10.39
14-01-2011,10.498
13-01-2011,10.64
12-01-2011,10.74
11-01-2011,10.613
10-01-2011,10.657
07-01-2011,10.844
06-01-2011,11.044
05-01-2011,11.138
04-01-2011,11.3
03-01-2011,11.33
31-12-2010,11.254
30-12-2010,11.135
29-12-2010,11.081
28-12-2010,11.014
27-12-2010,10.997
24-12-2010,11.009
23-12-2010,11.004
22-12-2010,11.064
21-12-2010,11.017
20-12-2010,10.924
16-12-2010,10.942
15-12-2010,10.901
14-12-2010,11.024
13-12-2010,10.892
10-12-2010,10.714
09-12-2010,10.526
08-12-2010,10.899
07-12-2010,11.079
06-12-2010,11.237
03-12-2010,11.318
02-12-2010,11.463
01-12-2010,11.345
30-11-2010,11.063
29-11-2010,10.996
26-11-2010,10.983
25-11-2010,11.145
24-11-2010,11.329
23-11-2010,11.359
22-11-2010,11.426
19-11-2010,11.335
18-11-2010,11.526
16-11-2010,11.51
15-11-2010,11.708
12-11-2010,11.66
11-11-2010,11.898
10-11-2010,12.017
09-11-2010,11.996
08-11-2010,11.917
04-11-2010,11.946
03-11-2010,11.841
02-11-2010,11.802
01-11-2010,11.783
29-10-2010,11.602
28-10-2010,11.716
27-10-2010,11.799
26-10-2010,11.801
25-10-2010,11.844
22-10-2010,11.753
21-10-2010,11.697
20-10-2010,11.513
19-10-2010,11.448
18-10-2010,11.439
15-10-2010,11.515
14-10-2010,11.663
13-10-2010,11.688
12-10-2010,11.55
11-10-2010,11.554
08-10-2010,11.444
07-10-2010,11.509
06-10-2010,11.611
05-10-2010,11.503
04-10-2010,11.416
01-10-2010,11.377
30-09-2010,11.183
29-09-2010,11.225
28-09-2010,11.304
27-09-2010,11.294
24-09-2010,11.324
23-09-2010,11.203
22-09-2010,11.16
21-09-2010,11.184
20-09-2010,11.338
17-09-2010,11.296
16-09-2010,11.163
15-09-2010,11.282
14-09-2010,11.3
13-09-2010,11.397
09-09-2010,11.298
08-09-2010,11.241
07-09-2010,11.238
06-09-2010,11.202
03-09-2010,11.025
02-09-2010,10.944
01-09-2010,10.87
31-08-2010,10.775
30-08-2010,10.856
27-08-2010,10.846
26-08-2010,10.918
25-08-2010,10.923
24-08-2010,11.005
23-08-2010,11.118
20-08-2010,11.01
19-08-2010,10.976
18-08-2010,10.888
17-08-2010,10.758
16-08-2010,10.67
13-08-2010,10.646
12-08-2010,10.538
11-08-2010,10.471
10-08-2010,10.454
09-08-2010,10.508
06-08-2010,10.413
05-08-2010,10.403
04-08-2010,10.442
03-08-2010,10.426
02-08-2010,10.401
30-07-2010,10.335
29-07-2010,10.354
28-07-2010,10.275
27-07-2010,10.257
26-07-2010,10.223
23-07-2010,10.302
22-07-2010,10.308
21-07-2010,10.299
20-07-2010,10.245
19-07-2010,10.266
16-07-2010,10.193
15-07-2010,10.088
14-07-2010,10.059
13-07-2010,10.092
12-07-2010,10.066
09-07-2010,10
