Historical Mutual Fund NAV of Motilal Oswal Nasdaq 100 ETF (MOFN100),
scheme:- Motilal Oswal Nasdaq 100 ETF (MOFN100),
Start Date:- 29-03-2011,
End Date:- 23-11-2020,
NAV Date,NAV (Rs)
23-11-2020,863.0697
20-11-2020,869.7284
19-11-2020,862.8865
18-11-2020,871.7498
17-11-2020,874.3092
13-11-2020,862.4445
12-11-2020,864.499
11-11-2020,843.5894
10-11-2020,857.0536
09-11-2020,875.9906
06-11-2020,874.365
05-11-2020,859.2264
04-11-2020,820.0073
03-11-2020,806.5107
02-11-2020,805.3205
30-10-2020,826.1884
29-10-2020,804.6191
28-10-2020,835.1539
27-10-2020,832.1423
26-10-2020,841.3766
23-10-2020,840.0829
22-10-2020,840.9464
21-10-2020,838.6933
20-10-2020,833.4122
19-10-2020,849.3722
16-10-2020,853.98
15-10-2020,858.3863
14-10-2020,865.2971
13-10-2020,866.2567
12-10-2020,837.9497
09-10-2020,826.8711
08-10-2020,823.8926
07-10-2020,810.6207
06-10-2020,824.179
05-10-2020,807.1222
01-10-2020,822.9505
30-09-2020,816.7469
29-09-2020,818.0584
28-09-2020,803.6812
25-09-2020,787.1884
24-09-2020,778.6832
23-09-2020,803.2208
22-09-2020,789.2834
21-09-2020,784.9713
18-09-2020,797.8194
17-09-2020,808.6591
16-09-2020,823.1342
15-09-2020,810.1981
14-09-2020,797.1323
11-09-2020,800.7879
10-09-2020,820.0541
09-09-2020,799.0223
08-09-2020,834.2846
07-09-2020,830.8841
04-09-2020,845.9717
03-09-2020,888.123
02-09-2020,876.698
01-09-2020,867.1546
31-08-2020,859.2671
28-08-2020,861.7055
27-08-2020,868.5194
26-08-2020,850.2739
25-08-2020,842.4822
24-08-2020,845.9408
21-08-2020,842.7468
20-08-2020,828.0088
19-08-2020,831.8992
18-08-2020,825.7297
17-08-2020,817.5446
14-08-2020,817.5664
13-08-2020,815.5591
12-08-2020,793.75
11-08-2020,812.1844
10-08-2020,816.5726
07-08-2020,824.9505
06-08-2020,813.508
05-08-2020,814.3471
04-08-2020,812.7719
03-08-2020,797.2191
31-07-2020,784.0233
30-07-2020,779.0018
29-07-2020,770.3917
28-07-2020,779.6478
27-07-2020,766.3968
24-07-2020,773.2577
23-07-2020,792.4187
22-07-2020,790.2135
21-07-2020,800.1736
20-07-2020,779.9369
17-07-2020,780.7641
16-07-2020,785.7255
15-07-2020,787.3374
14-07-2020,778.8935
13-07-2020,796.4047
10-07-2020,787.8707
09-07-2020,781.862
08-07-2020,769.9219
07-07-2020,773.0493
06-07-2020,754.6869
03-07-2020,755.1753
02-07-2020,759.0757
01-07-2020,750.0655
30-06-2020,735.0441
29-06-2020,727.6105
26-06-2020,746.5447
25-06-2020,738.8625
24-06-2020,753.6021
23-06-2020,752.7612
22-06-2020,744.9803
19-06-2020,744.8936
18-06-2020,743.1588
17-06-2020,740.0236
16-06-2020,726.5235
15-06-2020,716.1036
12-06-2020,710.0713
11-06-2020,745.0685
10-06-2020,736.1125
09-06-2020,730.7937
08-06-2020,726.4547
05-06-2020,710.9399
04-06-2020,715.9963
03-06-2020,709.048
02-06-2020,708.0954
01-06-2020,705.7005
29-05-2020,697.3727
28-05-2020,698.1214
27-05-2020,694.2403
26-05-2020,698.0894
22-05-2020,691.9592
21-05-2020,701.0147
20-05-2020,687.3399
19-05-2020,692.6524
18-05-2020,678.3479
15-05-2020,671.7016
14-05-2020,662.0639
13-05-2020,669.9374
12-05-2020,688.2313
11-05-2020,680.9964
08-05-2020,674.3318
07-05-2020,665.8413
06-05-2020,660.5335
05-05-2020,652.6101
04-05-2020,644.7917
30-04-2020,663.894
29-04-2020,643.1419
28-04-2020,657.5297
27-04-2020,654.9104
24-04-2020,642.7922
23-04-2020,647.0394
22-04-2020,631.7737
21-04-2020,652.5784
20-04-2020,659.5612
17-04-2020,657.8934
16-04-2020,641.8748
15-04-2020,646.9241
13-04-2020,614.1784
09-04-2020,612.8052
08-04-2020,594.5239
07-04-2020,601.8247
03-04-2020,564.5608
01-04-2020,577.6355
31-03-2020,582.7451
30-03-2020,554.9406
27-03-2020,579.7601
26-03-2020,554.2839
25-03-2020,560.5599
24-03-2020,521.5977
23-03-2020,513.7734
20-03-2020,533.9444
19-03-2020,520.3001
18-03-2020,542.1726
17-03-2020,509.4361
16-03-2020,577.412
13-03-2020,526.726
12-03-2020,576.0016
11-03-2020,606.5564
09-03-2020,614.7843
06-03-2020,621.1764
05-03-2020,640.234
04-03-2020,615.4242
03-03-2020,630.8263
02-03-2020,596.667
28-02-2020,589.8235
27-02-2020,621.4072
26-02-2020,620.4384
25-02-2020,637.9772
24-02-2020,662.7453
20-02-2020,679.0494
19-02-2020,673.1386
18-02-2020,670.2033
17-02-2020,670.834
14-02-2020,668.5431
13-02-2020,669.7976
12-02-2020,662.427
11-02-2020,662.7703
10-02-2020,655.6149
07-02-2020,656.4929
06-02-2020,651.3963
05-02-2020,649.2781
04-02-2020,635.9429
03-02-2020,626.4769
31-01-2020,637.7786
30-01-2020,633.3094
29-01-2020,633.2479
28-01-2020,624.5078
27-01-2020,636.4944
24-01-2020,641.3205
23-01-2020,638.8927
22-01-2020,637.5394
21-01-2020,636.9194
20-01-2020,636.9405
17-01-2020,632.0582
16-01-2020,625.0172
15-01-2020,625.3216
14-01-2020,627.6565
13-01-2020,620.9797
10-01-2020,625.3365
09-01-2020,624.2707
08-01-2020,620.6418
07-01-2020,621.6867
06-01-2020,616.9006
03-01-2020,618.3783
02-01-2020,607.5035
01-01-2020,608.8577
31-12-2019,606.6652
30-12-2019,611.25
27-12-2019,611.4667
26-12-2019,605.4853
24-12-2019,604.6712
23-12-2019,602.9232
20-12-2019,599.3346
19-12-2019,594.4673
18-12-2019,594.3332
17-12-2019,594.2407
16-12-2019,586.9312
13-12-2019,585.6784
12-12-2019,581.1958
11-12-2019,578.476
10-12-2019,580.1965
09-12-2019,583.9187
06-12-2019,578.426
05-12-2019,579.4634
04-12-2019,577.861
03-12-2019,581.4297
02-12-2019,588.6504
29-11-2019,590.5094
28-11-2019,588.504
27-11-2019,585.41
26-11-2019,586.391
25-11-2019,579.1809
22-11-2019,579.2455
21-11-2019,580.9483
20-11-2019,583.7741
19-11-2019,583.9873
18-11-2019,582.775
15-11-2019,580.037
14-11-2019,581.1316
13-11-2019,577.4898
11-11-2019,574.482
08-11-2019,569.4308
07-11-2019,567.8291
06-11-2019,566.281
05-11-2019,566.9954
04-11-2019,563.941
01-11-2019,559.5516
31-10-2019,559.2266
30-10-2019,556.2421
29-10-2019,559.8227
25-10-2019,552.1909
24-10-2019,545.8287
23-10-2019,545.1345
22-10-2019,549.1242
18-10-2019,551.5843
17-10-2019,552.1338
16-10-2019,554.5744
15-10-2019,545.1485
14-10-2019,543.6957
11-10-2019,536.7611
10-10-2019,533.4464
09-10-2019,528.363
07-10-2019,536.5141
04-10-2019,528.5132
03-10-2019,523.9209
01-10-2019,535.9699
30-09-2019,528.9952
27-09-2019,537.5818
26-09-2019,540.9685
25-09-2019,534.3743
24-09-2019,541.1035
23-09-2019,541.643
20-09-2019,549.8855
19-09-2019,548.359
18-09-2019,552.6195
17-09-2019,548.6423
16-09-2019,546.2988
13-09-2019,549.5811
12-09-2019,551.5633
11-09-2019,548.2405
09-09-2019,549.5872
06-09-2019,551.2653
05-09-2019,543.0466
04-09-2019,537.5475
03-09-2019,539.9129
30-08-2019,539.2274
29-08-2019,531.2621
28-08-2019,527.7661
27-08-2019,532.3852
26-08-2019,522.0394
23-08-2019,540.1266
22-08-2019,539.9348
21-08-2019,536.2989
20-08-2019,537.9892
19-08-2019,527.9508
16-08-2019,520.814
14-08-2019,538.211
13-08-2019,525.9342
09-08-2019,532.6686
08-08-2019,522.0878
07-08-2019,519.5233
06-08-2019,511.5208
05-08-2019,522.2173
02-08-2019,525.5765
01-08-2019,526.5438
31-07-2019,533.9535
30-07-2019,535.4107
29-07-2019,538.4683
26-07-2019,533.901
25-07-2019,538.6514
24-07-2019,534.6479
23-07-2019,531.2216
22-07-2019,525.7044
19-07-2019,531.5877
18-07-2019,529.485
17-07-2019,531.2492
16-07-2019,532.662
15-07-2019,532.1158
12-07-2019,527.2183
11-07-2019,528.3881
10-07-2019,523.2103
09-07-2019,521.4288
08-07-2019,523.3146
05-07-2019,525.1019
04-07-2019,528.1017
03-07-2019,524.4464
02-07-2019,522.3902
01-07-2019,516.4159
28-06-2019,515.9064
27-06-2019,514.448
26-06-2019,513.4888
25-06-2019,522.6371
24-06-2019,524.4871
21-06-2019,524.0385
20-06-2019,521.2299
19-06-2019,518.9447
18-06-2019,513.3981
17-06-2019,509.2484
14-06-2019,509.3289
13-06-2019,505.4058
12-06-2019,508.9892
11-06-2019,509.727
10-06-2019,502.6804
07-06-2019,491.6329
06-06-2019,488.0638
04-06-2019,471.518
03-06-2019,484.6248
31-05-2019,493.7092
30-05-2019,491.6031
29-05-2019,494.7202
28-05-2019,494.9743
27-05-2019,495.1242
24-05-2019,499.1134
23-05-2019,504.2555
22-05-2019,506.7835
21-05-2019,501.6914
20-05-2019,513.8836
17-05-2019,517.7745
16-05-2019,514.6499
15-05-2019,508.3683
14-05-2019,503.6249
13-05-2019,517.1252
10-05-2019,517.0229
09-05-2019,517.6553
08-05-2019,517.088
07-05-2019,527.2841
06-05-2019,529.2956
03-05-2019,521.9286
02-05-2019,524.8907
30-04-2019,533.3101
26-04-2019,535.3352
25-04-2019,530.1427
24-04-2019,530.1082
23-04-2019,523.8077
22-04-2019,520.058
18-04-2019,519.6756
16-04-2019,516.3195
15-04-2019,514.4
12-04-2019,509.8434
11-04-2019,512.3843
10-04-2019,510.7991
09-04-2019,515.6743
08-04-2019,510.952
05-04-2019,507.9726
04-04-2019,502.6738
03-04-2019,501.9309
02-04-2019,504.6923
01-04-2019,496.7914
31-03-2019,496.7987
29-03-2019,494.2227
28-03-2019,490.1597
27-03-2019,492.8872
26-03-2019,490.9904
25-03-2019,491.8376
22-03-2019,500.093
20-03-2019,493.3908
19-03-2019,488.8893
18-03-2019,491.6007
15-03-2019,489.1562
14-03-2019,491.3855
13-03-2019,488.8531
12-03-2019,487.5226
11-03-2019,479.2986
08-03-2019,479.0538
07-03-2019,486.7168
06-03-2019,491.2156
05-03-2019,493.4512
01-03-2019,489.0772
28-02-2019,493.6225
27-02-2019,492.909
26-02-2019,491.7685
25-02-2019,491.0647
22-02-2019,487.8715
21-02-2019,489.0033
20-02-2019,491.6719
19-02-2019,490.035
18-02-2019,489.2584
15-02-2019,486.4008
14-02-2019,483.5539
13-02-2019,482.7041
12-02-2019,478.6906
11-02-2019,479.8213
08-02-2019,480.1075
07-02-2019,487.3258
06-02-2019,489.2608
05-02-2019,486.3044
04-02-2019,476.7327
01-02-2019,477.7862
31-01-2019,471.2025
30-01-2019,458.9506
29-01-2019,463.309
28-01-2019,470.0418
25-01-2019,463.6263
24-01-2019,462.6104
23-01-2019,462.5731
22-01-2019,471.0658
21-01-2019,470.4937
18-01-2019,464.9512
17-01-2019,462.7943
16-01-2019,461.4511
15-01-2019,452.0025
14-01-2019,453.4481
11-01-2019,454.0919
10-01-2019,453.2805
09-01-2019,448.1758
08-01-2019,440.6224
07-01-2019,436.3176
04-01-2019,420.4604
03-01-2019,435.1372
02-01-2019,428.6943
01-01-2019,430.6793
31-12-2018,428.3312
28-12-2018,431.2806
27-12-2018,427.4217
26-12-2018,403.4945
24-12-2018,413.431
21-12-2018,424.1536
20-12-2018,435.0483
19-12-2018,446.1829
18-12-2018,449.7553
17-12-2018,462.4561
14-12-2018,472.9639
13-12-2018,474.5521
12-12-2018,469.7991
11-12-2018,464.7622
10-12-2018,456.2523
07-12-2018,472.3181
06-12-2018,466.7726
05-12-2018,466.8789
04-12-2018,484.6906
03-12-2018,471.4261
30-11-2018,469.4934
29-11-2018,475.43
28-11-2018,462.2997
27-11-2018,461.2783
26-11-2018,450.0682
22-11-2018,458.1296
21-11-2018,454.7342
20-11-2018,463.9874
19-11-2018,481.6622
16-11-2018,483.6219
15-11-2018,477.4335
14-11-2018,483.8506
13-11-2018,485.1933
12-11-2018,497.7065
09-11-2018,509.5073
06-11-2018,494.2284
05-11-2018,492.0083
02-11-2018,506.4575
01-11-2018,502.4135
31-10-2018,489.1998
30-10-2018,480.9217
29-10-2018,490.5437
26-10-2018,501.2842
25-10-2018,484.1146
24-10-2018,510.6621
23-10-2018,512.1725
22-10-2018,508.1974
19-10-2018,510.8024
17-10-2018,521.5475
16-10-2018,508.999
15-10-2018,513.5019
12-10-2018,503.3056
11-10-2018,510.0686
10-10-2018,534.6346
09-10-2018,531.2176
08-10-2018,532.782
05-10-2018,538.7332
04-10-2018,546.5823
03-10-2018,542.7508
01-10-2018,539.4328
28-09-2018,540.6204
27-09-2018,536.0003
26-09-2018,536.6234
25-09-2018,535.0161
24-09-2018,530.6699
21-09-2018,534.769
19-09-2018,533.3711
18-09-2018,526.1196
17-09-2018,529.563
14-09-2018,533.023
12-09-2018,532.8919
11-09-2018,526.4878
10-09-2018,520.3098
07-09-2018,523.8668
06-09-2018,527.1069
05-09-2018,532.5755
04-09-2018,531.956
03-09-2018,530.5451
31-08-2018,528.1279
30-08-2018,528.307
29-08-2018,518.4273
28-08-2018,517.9435
27-08-2018,511.2705
24-08-2018,507.917
23-08-2018,506.8974
21-08-2018,502.7281
20-08-2018,506.1017
17-08-2018,505.9396
16-08-2018,502.3589
14-08-2018,505.3179
13-08-2018,498.4096
10-08-2018,501.0554
09-08-2018,500.8404
08-08-2018,500.7939
07-08-2018,500.6733
06-08-2018,495.8616
03-08-2018,494.9461
02-08-2018,486.4377
01-08-2018,484.4923
31-07-2018,482.6971
30-07-2018,489.6755
27-07-2018,496.7135
26-07-2018,504.8035
25-07-2018,498.9879
24-07-2018,496.1053
23-07-2018,494.8168
20-07-2018,496.31
19-07-2018,495.7656
18-07-2018,495.5544
17-07-2018,493.5156
16-07-2018,494.1633
13-07-2018,493.9319
12-07-2018,487.2993
11-07-2018,490.3229
10-07-2018,489.0219
09-07-2018,485.5684
06-07-2018,478.8465
05-07-2018,471.7377
04-07-2018,470.7243
03-07-2018,477.6097
02-07-2018,471.717
29-06-2018,473.1472
28-06-2018,467.7959
27-06-2018,471.9299
26-06-2018,469.2129
25-06-2018,477.7288
22-06-2018,480.3609
21-06-2018,485.1114
20-06-2018,483.6105
19-06-2018,482.7398
18-06-2018,483.0839
15-06-2018,482.1492
14-06-2018,477.12
13-06-2018,476.2263
12-06-2018,473.2389
11-06-2018,473.1784
08-06-2018,470.0845
07-06-2018,472.5076
06-06-2018,471.3213
05-06-2018,469.5683
04-06-2018,465.2035
01-06-2018,460.0793
31-05-2018,460.867
30-05-2018,460.5789
29-05-2018,459.6957
28-05-2018,462.0575
25-05-2018,465.3621
24-05-2018,466.2247
23-05-2018,459.5997
22-05-2018,460.9477
21-05-2018,457.4794
18-05-2018,457.8834
17-05-2018,460.4629
16-05-2018,459.6666
15-05-2018,460.7555
14-05-2018,458.6832
11-05-2018,459.2171
10-05-2018,454.1963
09-05-2018,447.8525
08-05-2018,448.71
07-05-2018,443.5346
04-05-2018,433.6669
03-05-2018,433.8322
02-05-2018,436.4009
30-04-2018,434.7403
27-04-2018,434.8834
26-04-2018,426.9738
25-04-2018,423.441
24-04-2018,433.1339
23-04-2018,431.6466
20-04-2018,436.7705
19-04-2018,439.7583
18-04-2018,438.6044
17-04-2018,428.5742
16-04-2018,423.7196
13-04-2018,425.9239
12-04-2018,421.3934
11-04-2018,421.5609
10-04-2018,412.7805
09-04-2018,409.8718
06-04-2018,420.2173
05-04-2018,419.2557
04-04-2018,411.8504
03-04-2018,408.6243
02-04-2018,420.7838
28-03-2018,416.0052
27-03-2018,429.6192
26-03-2018,414.8835
23-03-2018,426.8061
22-03-2018,438.4232
21-03-2018,440.441
20-03-2018,438.8623
19-03-2018,447.2511
16-03-2018,447.8701
15-03-2018,447.865
14-03-2018,448.5579
13-03-2018,455.0714
12-03-2018,454.0421
09-03-2018,445.2559
08-03-2018,441.1858
07-03-2018,440.7078
06-03-2018,439.7257
05-03-2018,435.652
01-03-2018,438.4207
28-02-2018,439.4468
27-02-2018,444.3093
26-02-2018,438.0468
23-02-2018,431.7265
22-02-2018,429.8345
21-02-2018,431.3101
20-02-2018,426.8126
19-02-2018,426.8326
16-02-2018,426.5312
15-02-2018,420.1499
14-02-2018,413.7535
12-02-2018,405.3382
09-02-2018,397.6728
08-02-2018,415.3483
07-02-2018,420.2749
06-02-2018,408.3963
05-02-2018,424.9692
02-02-2018,433.3031
01-02-2018,433.8142
31-01-2018,432.8965
30-01-2018,436.2094
29-01-2018,438.0881
25-01-2018,432.6439
24-01-2018,436.1188
23-01-2018,433.1645
22-01-2018,428.4798
19-01-2018,427.1826
18-01-2018,427.4347
17-01-2018,423.7855
16-01-2018,421.4238
15-01-2018,422.3832
12-01-2018,419.6355
11-01-2018,416.3374
10-01-2018,418.0561
09-01-2018,416.4231
08-01-2018,414.3026
05-01-2018,410.3204
04-01-2018,410.5684
03-01-2018,406.2301
02-01-2018,400.2997
01-01-2018,401.4711
29-12-2017,405.7524
28-12-2017,405.8249
27-12-2017,405.2495
26-12-2017,407.0485
22-12-2017,407.6764
21-12-2017,408.0753
20-12-2017,408.1141
19-12-2017,411.3371
18-12-2017,407.3593
15-12-2017,404.4263
14-12-2017,405.2382
13-12-2017,404.3581
12-12-2017,404.819
11-12-2017,402.3115
08-12-2017,401.2741
07-12-2017,399.3674
06-12-2017,396.8975
05-12-2017,396.7512
04-12-2017,402.0103
01-12-2017,403.8193
30-11-2017,399.6452
29-11-2017,407.1559
28-11-2017,406.6138
27-11-2017,408.135
24-11-2017,405.9555
23-11-2017,408.1917
22-11-2017,407.4711
21-11-2017,404.2237
20-11-2017,404.246
17-11-2017,407.5778
16-11-2017,401.8334
15-11-2017,405.1493
14-11-2017,406.664
13-11-2017,404.5795
10-11-2017,403.3925
09-11-2017,405.5512
08-11-2017,404.442
07-11-2017,401.8302
06-11-2017,399.821
03-11-2017,396.5553
02-11-2017,397.3011
01-11-2017,398.1901
31-10-2017,397.4555
30-10-2017,397.814
27-10-2017,385.361
26-10-2017,386.951
25-10-2017,389.4371
24-10-2017,388.3049
23-10-2017,391.2488
18-10-2017,391.9742
17-10-2017,389.6999
16-10-2017,389.5408
13-10-2017,389.1443
12-10-2017,390.174
11-10-2017,389.8735
10-10-2017,390.0839
09-10-2017,390.5967
06-10-2017,388.6778
05-10-2017,384.183
04-10-2017,386.8468
03-10-2017,384.6255
29-09-2017,383.0351
28-09-2017,384.5795
27-09-2017,379.2021
26-09-2017,376.6604
25-09-2017,378.8082
22-09-2017,378.998
21-09-2017,378.4678
20-09-2017,379.8137
19-09-2017,378.0824
18-09-2017,378.3003
15-09-2017,377.2494
14-09-2017,378.8509
13-09-2017,378.5848
12-09-2017,376.9586
11-09-2017,372.01
08-09-2017,376.6822
07-09-2017,376.284
06-09-2017,375.2579
05-09-2017,378.3391
04-09-2017,378.1869
01-09-2017,377.5344
31-08-2017,374.5249
30-08-2017,370.2481
29-08-2017,368.1467
28-08-2017,367.8332
24-08-2017,370.1993
23-08-2017,371.6222
22-08-2017,366.3025
21-08-2017,366.5935
18-08-2017,367.0395
17-08-2017,374.7032
16-08-2017,373.9058
14-08-2017,369.0601
11-08-2017,365.7352
10-08-2017,372.6731
09-08-2017,371.9641
08-08-2017,373.5303
07-08-2017,370.1305
04-08-2017,370.2239
03-08-2017,371.386
02-08-2017,372.6541
01-08-2017,372.4996
31-07-2017,374.1096
28-07-2017,374.3341
27-07-2017,377.9085
26-07-2017,376.7222
25-07-2017,377.1773
24-07-2017,375.8331
21-07-2017,376.4733
20-07-2017,375.4424
19-07-2017,373.3854
18-07-2017,370.9825
17-07-2017,371.3968
14-07-2017,368.5552
13-07-2017,368.3682
12-07-2017,364.0466
11-07-2017,362.8788
10-07-2017,360.7265
07-07-2017,358.127
06-07-2017,361.4686
05-07-2017,357.8026
04-07-2017,358.6371
03-07-2017,360.2417
30-06-2017,360.8388
29-06-2017,366.906
28-06-2017,361.4997
27-06-2017,368.1474
23-06-2017,368.7672
22-06-2017,368.4935
21-06-2017,364.8688
20-06-2017,367.3834
19-06-2017,361.6422
16-06-2017,363.5029
15-06-2017,363.8501
14-06-2017,365.7157
13-06-2017,363.5429
12-06-2017,364.6504
09-06-2017,373.6408
08-06-2017,373.7692
07-06-2017,372.9721
06-06-2017,373.986
05-06-2017,374.646
02-06-2017,370.8769
01-06-2017,369.2246
31-05-2017,370.4505
30-05-2017,369.1872
29-05-2017,368.8468
26-05-2017,369.3177
25-05-2017,366.8842
24-05-2017,365.8844
23-05-2017,363.8663
22-05-2017,361.2999
19-05-2017,360.8608
18-05-2017,354.1274
17-05-2017,362.8423
16-05-2017,361.4565
15-05-2017,361.665
12-05-2017,361.1859
11-05-2017,363.0327
10-05-2017,362.8254
09-05-2017,359.8052
08-05-2017,359.2856
05-05-2017,357.066
04-05-2017,356.8026
03-05-2017,358.3738
02-05-2017,357.8274
28-04-2017,353.4704
27-04-2017,351.1739
26-04-2017,352.6134
25-04-2017,350.9805
24-04-2017,347.6849
21-04-2017,347.5996
20-04-2017,344.8593
19-04-2017,344.6098
18-04-2017,344.4205
17-04-2017,341.0621
13-04-2017,343.9924
12-04-2017,344.4807
11-04-2017,346.3364
10-04-2017,344.5585
07-04-2017,346.2114
06-04-2017,347.9834
05-04-2017,350.1973
03-04-2017,348.9604
31-03-2017,349.4604
30-03-2017,348.8681
29-03-2017,348.2239
28-03-2017,346.111
27-03-2017,347.2526
24-03-2017,347.41
23-03-2017,347.8199
22-03-2017,344.5524
21-03-2017,350.353
20-03-2017,350.6632
17-03-2017,350.6217
16-03-2017,352.2278
15-03-2017,350.7437
14-03-2017,355.6399
10-03-2017,354.3346
09-03-2017,354.0505
08-03-2017,353.2992
07-03-2017,354.1261
06-03-2017,355.4827
03-03-2017,354.3585
02-03-2017,356.8002
01-03-2017,352.1592
28-02-2017,353.4512
27-02-2017,353.7002
23-02-2017,355.0758
22-02-2017,354.7241
21-02-2017,353.019
20-02-2017,353.6984
17-02-2017,352.2872
16-02-2017,351.4733
15-02-2017,349.6258
14-02-2017,348.9872
13-02-2017,346.2555
10-02-2017,345.269
09-02-2017,345.8653
08-02-2017,346.1607
07-02-2017,343.9614
06-02-2017,344.0679
03-02-2017,343.5613
02-02-2017,344.3989
01-02-2017,343.8562
31-01-2017,345.1358
30-01-2017,348.3111
27-01-2017,347.707
25-01-2017,344.3979
24-01-2017,342.2615
23-01-2017,342.0146
20-01-2017,341.0178
19-01-2017,340.9313
18-01-2017,339.7075
17-01-2017,341.4187
16-01-2017,341.7602
13-01-2017,340.2167
12-01-2017,341.9881
11-01-2017,340.2659
10-01-2017,339.8206
09-01-2017,337.3899
06-01-2017,334.644
05-01-2017,333.1768
04-01-2017,332.7567
03-01-2017,328.9376
02-01-2017,327.6775
30-12-2016,332.0498
29-12-2016,333.2173
28-12-2016,335.0591
27-12-2016,331.9144
26-12-2016,332.245
23-12-2016,332.7938
22-12-2016,333.446
21-12-2016,334.3813
20-12-2016,332.1477
19-12-2016,330.3863
16-12-2016,332.138
15-12-2016,329.5025
14-12-2016,330.7894
13-12-2016,326.1087
12-12-2016,327.5698
09-12-2016,324.8054
08-12-2016,325.7986
07-12-2016,322.754
06-12-2016,323.4951
05-12-2016,321.0146
02-12-2016,321.091
01-12-2016,326.7481
30-11-2016,332.1721
29-11-2016,331.4905
28-11-2016,330.9633
25-11-2016,331.2386
24-11-2016,330.3894
23-11-2016,330.1057
22-11-2016,328.691
21-11-2016,325.2574
18-11-2016,325.1964
17-11-2016,323.3789
16-11-2016,320.4431
15-11-2016,313.6255
11-11-2016,313.9562
10-11-2016,318.2898
09-11-2016,317.8134
08-11-2016,316.2713
07-11-2016,308.7207
04-11-2016,310.1812
03-11-2016,312.9811
02-11-2016,315.6597
01-11-2016,318.1818
28-10-2016,320.9732
27-10-2016,322.482
26-10-2016,324.5222
25-10-2016,325.8524
24-10-2016,322.1419
21-10-2016,320.5684
20-10-2016,320.2416
19-10-2016,320.6125
18-10-2016,318.4726
17-10-2016,318.5732
14-10-2016,319.2175
13-10-2016,318.4885
10-10-2016,322.3097
07-10-2016,322.9333
06-10-2016,322.3081
05-10-2016,320.9251
04-10-2016,321.9447
03-10-2016,322.588
30-09-2016,321.4235
29-09-2016,321.9683
28-09-2016,321.4421
27-09-2016,318.9467
26-09-2016,321.8181
23-09-2016,324.1181
22-09-2016,323.237
21-09-2016,320.0731
20-09-2016,319.1979
19-09-2016,320.8061
16-09-2016,321.0411
15-09-2016,315.5905
14-09-2016,314.0358
12-09-2016,310.3663
09-09-2016,317.1411
08-09-2016,318.7272
07-09-2016,319.2727
06-09-2016,318.8071
02-09-2016,318.5243
01-09-2016,317.6787
31-08-2016,318.3119
30-08-2016,319.9872
29-08-2016,318.9047
26-08-2016,318.2968
25-08-2016,319.1623
24-08-2016,321.1593
23-08-2016,321.1443
22-08-2016,320.3022
19-08-2016,319.4176
18-08-2016,318.908
17-08-2016,318.3547
16-08-2016,320.7821
12-08-2016,319.0193
11-08-2016,317.0113
10-08-2016,318.6511
09-08-2016,317.8217
08-08-2016,317.9444
05-08-2016,315.6845
04-08-2016,315.1818
03-08-2016,312.9502
02-08-2016,315.3715
01-08-2016,314.7642
29-07-2016,314.543
28-07-2016,313.7166
27-07-2016,312.2388
26-07-2016,312.1279
25-07-2016,311.0158
22-07-2016,310.1438
21-07-2016,310.9788
20-07-2016,307.0166
19-07-2016,308.45
18-07-2016,305.8693
15-07-2016,305.6593
14-07-2016,304.2145
13-07-2016,305.6308
12-07-2016,303.8691
11-07-2016,303.2062
08-07-2016,298.8065
07-07-2016,298.0312
05-07-2016,296.6851
04-07-2016,296.9533
01-07-2016,296.4088
30-06-2016,293.625
29-06-2016,289.7515
28-06-2016,283.8016
27-06-2016,289.4661
24-06-2016,298.6731
23-06-2016,295.4192
22-06-2016,296.275
21-06-2016,294.4278
20-06-2016,291.7178
17-06-2016,296.1058
16-06-2016,294.3699
15-06-2016,295.9682
14-06-2016,295.2084
13-06-2016,296.13
10-06-2016,299.4671
09-06-2016,299.5214
08-06-2016,299.5544
07-06-2016,301.3079
06-06-2016,301.727
03-06-2016,303.2136
02-06-2016,303.1628
01-06-2016,302.6716
31-05-2016,301.5164
30-05-2016,300.8372
27-05-2016,299.7754
26-05-2016,299.8308
25-05-2016,299.2278
24-05-2016,292.2408
23-05-2016,292.6889
20-05-2016,289.1566
19-05-2016,288.9654
18-05-2016,287.431
17-05-2016,290.9912
16-05-2016,287.1901
13-05-2016,287.7125
12-05-2016,288.713
11-05-2016,291.6992
10-05-2016,287.2814
09-05-2016,286.5205
06-05-2016,285.1126
05-05-2016,285.2778
04-05-2016,286.5812
03-05-2016,289.2457
02-05-2016,286.1007
29-04-2016,288.5431
28-04-2016,291.6032
27-04-2016,294.3705
26-04-2016,296.2515
25-04-2016,295.5934
22-04-2016,299.6091
21-04-2016,298.7807
20-04-2016,300.037
18-04-2016,300.8299
13-04-2016,296.8374
12-04-2016,294.3744
11-04-2016,295.6483
08-04-2016,295.7063
07-04-2016,301.0285
06-04-2016,295.3555
05-04-2016,296.9207
04-04-2016,298.362
01-04-2016,295.206
31-03-2016,296.2988
30-03-2016,295.4448
29-03-2016,290.9978
28-03-2016,291.8221
23-03-2016,294.3085
22-03-2016,292.7308
21-03-2016,291.5756
18-03-2016,291.9968
17-03-2016,294.4539
16-03-2016,292.5987
15-03-2016,291.4191
14-03-2016,290.7464
11-03-2016,285.8562
10-03-2016,286.8654
09-03-2016,285.7455
08-03-2016,287.111
04-03-2016,289.7302
03-03-2016,291.1496
02-03-2016,292.5753
01-03-2016,285.8074
29-02-2016,289.2049
26-02-2016,289.9082
25-02-2016,286.5019
24-02-2016,284.0141
23-02-2016,288.7246
22-02-2016,283.6428
19-02-2016,282.8235
18-02-2016,285.9182
17-02-2016,279.3236
16-02-2016,271.9661
15-02-2016,272.7179
12-02-2016,269.1925
11-02-2016,267.6772
10-02-2016,266.6264
09-02-2016,267.6638
08-02-2016,270.7134
05-02-2016,280.1325
04-02-2016,282.3432
03-02-2016,283.3186
02-02-2016,288.9852
01-02-2016,288.3061
29-01-2016,283.9018
28-01-2016,279.3084
27-01-2016,285.4712
25-01-2016,286.346
22-01-2016,280.0307
21-01-2016,279.5028
20-01-2016,278.8854
19-01-2016,278.6206
18-01-2016,278.3072
15-01-2016,285.8277
14-01-2016,278.0152
13-01-2016,288.1277
12-01-2016,284.5315
11-01-2016,282.9711
08-01-2016,286.5353
07-01-2016,295.2098
06-01-2016,297.0528
05-01-2016,297.8882
04-01-2016,302.1293
01-01-2016,301.976
31-12-2015,307.1292
30-12-2015,309.7591
29-12-2015,304.1539
28-12-2015,304.4374
24-12-2015,304.5902
23-12-2015,302.773
22-12-2015,300.9294
21-12-2015,298.0845
18-12-2015,303.8477
17-12-2015,309.6007
16-12-2015,306.1544
15-12-2015,305.0715
14-12-2015,301.906
11-12-2015,308.2392
10-12-2015,307.434
09-12-2015,312.1132
08-12-2015,311.6077
07-12-2015,313.0621
04-12-2015,305.53
03-12-2015,310.5779
02-12-2015,312.0842
01-12-2015,309.3585
30-11-2015,310.8387
27-11-2015,309.5622
26-11-2015,308.42
24-11-2015,309.1787
23-11-2015,308.6316
20-11-2015,306.6611
19-11-2015,307.0246
18-11-2015,300.0899
17-11-2015,299.7794
16-11-2015,296.1024
13-11-2015,302.8994
10-11-2015,307.674
09-11-2015,307.8621
06-11-2015,307.5035
05-11-2015,307.1895
04-11-2015,307.9033
03-11-2015,306.6782
02-11-2015,301.6385
30-10-2015,303.1647
29-10-2015,301.9769
28-10-2015,299.6684
27-10-2015,299.039
26-10-2015,298.0314
23-10-2015,291.7007
21-10-2015,287.0651
20-10-2015,287.4928
19-10-2015,286.1796
16-10-2015,284.873
15-10-2015,281.1538
14-10-2015,282.1729
13-10-2015,282.421
12-10-2015,281.4222
09-10-2015,281.7564
08-10-2015,280.1573
07-10-2015,280.2907
06-10-2015,281.4248
05-10-2015,278.3355
01-10-2015,273.0181
30-09-2015,268.0739
29-09-2015,269.7677
28-09-2015,278.2268
24-09-2015,280.7288
23-09-2015,280.2881
22-09-2015,283.7125
21-09-2015,282.7478
18-09-2015,290.0093
16-09-2015,288.048
15-09-2015,284.4943
14-09-2015,286.3759
11-09-2015,284.1462
10-09-2015,281.2756
09-09-2015,285.1414
08-09-2015,278.4326
07-09-2015,276.9798
04-09-2015,279.2428
03-09-2015,280.5047
02-09-2015,273.2289
01-09-2015,282.9368
31-08-2015,285.0427
28-08-2015,284.2927
27-08-2015,277.9083
26-08-2015,264.3901
25-08-2015,268.1937
24-08-2015,275.2632
21-08-2015,286.1153
20-08-2015,292.9833
19-08-2015,295.3723
18-08-2015,296.8234
17-08-2015,292.9843
14-08-2015,293.0706
13-08-2015,291.8243
12-08-2015,288.4616
11-08-2015,290.6765
10-08-2015,287.0461
07-08-2015,287.3876
06-08-2015,291.7658
05-08-2015,289.5976
04-08-2015,291.7584
03-08-2015,292.7446
31-07-2015,292.8692
30-07-2015,291.1069
29-07-2015,289.8444
28-07-2015,288.4921
27-07-2015,290.3129
24-07-2015,292.0669
23-07-2015,292.4589
22-07-2015,295.5451
21-07-2015,296.4597
20-07-2015,294.3733
17-07-2015,290.4786
16-07-2015,285.8403
15-07-2015,285.3998
14-07-2015,284.0831
13-07-2015,278.8136
10-07-2015,274.6737
09-07-2015,275.5027
08-07-2015,279.7798
07-07-2015,278.9813
06-07-2015,279.9352
03-07-2015,280.2597
02-07-2015,280.4779
01-07-2015,278.6164
30-06-2015,278.5463
29-06-2015,284.0134
26-06-2015,285.7993
25-06-2015,286.5134
24-06-2015,287.9925
23-06-2015,287.4529
22-06-2015,285.5819
19-06-2015,287.7104
18-06-2015,285.4572
17-06-2015,285.1145
16-06-2015,283.0845
15-06-2015,284.2564
12-06-2015,285.9837
11-06-2015,285.2119
10-06-2015,281.859
09-06-2015,282.839
08-06-2015,284.3951
05-06-2015,285.968
04-06-2015,287.7423
03-06-2015,286.6712
02-06-2015,286.9819
01-06-2015,286.6488
29-05-2015,288.2245
28-05-2015,289.8881
27-05-2015,285.0519
26-05-2015,286.6709
25-05-2015,286.515
22-05-2015,287.2114
21-05-2015,286.5085
20-05-2015,285.6196
19-05-2015,286.4122
18-05-2015,284.3398
15-05-2015,284.9157
14-05-2015,282.0854
13-05-2015,282.6203
12-05-2015,282.3182
11-05-2015,284.0091
08-05-2015,281.4729
07-05-2015,277.0406
06-05-2015,278.4472
05-05-2015,283.0236
04-05-2015,282.8023
30-04-2015,282.9845
29-04-2015,283.8675
28-04-2015,285.9927
27-04-2015,286.9864
24-04-2015,282.2762
23-04-2015,279.0846
22-04-2015,277.6899
21-04-2015,276.7142
20-04-2015,270.2926
17-04-2015,274.2266
16-04-2015,274.9115
15-04-2015,273.8905
13-04-2015,274.5014
10-04-2015,273.0715
09-04-2015,271.3265
08-04-2015,269.4988
07-04-2015,269.6639
06-04-2015,268.7989
01-04-2015,269.9325
31-03-2015,273.7202
30-03-2015,269.4535
27-03-2015,269.5508
26-03-2015,268.9773
25-03-2015,274.908
24-03-2015,275.8482
23-03-2015,277.5195
20-03-2015,275.7736
19-03-2015,276.2898
18-03-2015,273.3792
17-03-2015,273.5284
16-03-2015,270.8068
13-03-2015,270.2323
12-03-2015,269.3988
11-03-2015,270.5947
10-03-2015,275.0258
09-03-2015,272.5833
05-03-2015,275.7644
04-03-2015,275.0983
03-03-2015,276.532
02-03-2015,273.779
27-02-2015,274.6852
26-02-2015,274.2588
25-02-2015,276.0579
24-02-2015,276.2598
23-02-2015,275.6139
20-02-2015,274.1366
19-02-2015,272.8495
18-02-2015,271.8734
16-02-2015,271.712
13-02-2015,269.9684
12-02-2015,266.5952
11-02-2015,265.1922
10-02-2015,261.2512
09-02-2015,260.1184
06-02-2015,261.9767
05-02-2015,259.8498
04-02-2015,260.0414
03-02-2015,258.0115
02-02-2015,255.9115
30-01-2015,257.7351
29-01-2015,253.2329
28-01-2015,254.8481
27-01-2015,261.9325
23-01-2015,262.6196
22-01-2015,257.5256
21-01-2015,256.6162
20-01-2015,254.6672
19-01-2015,255.4767
16-01-2015,253.1461
15-01-2015,257.0346
14-01-2015,257.9944
13-01-2015,258.4262
12-01-2015,261.9699
09-01-2015,264.9827
08-01-2015,262.0367
07-01-2015,260.5963
06-01-2015,262.9705
05-01-2015,266.9121
02-01-2015,267.6122
01-01-2015,266.4055
31-12-2014,270.511
30-12-2014,273.8087
29-12-2014,273.5148
26-12-2014,271.268
24-12-2014,270.0498
23-12-2014,270.7388
22-12-2014,270.2541
19-12-2014,268.6164
18-12-2014,264.1083
17-12-2014,259.1849
16-12-2014,260.8413
15-12-2014,260.7691
12-12-2014,263.9286
11-12-2014,261.2742
10-12-2014,265.0453
09-12-2014,263.8895
08-12-2014,265.7818
05-12-2014,266.3019
04-12-2014,266.1553
03-12-2014,265.7145
02-12-2014,265.2659
01-12-2014,268.3569
28-11-2014,266.4874
27-11-2014,266.3632
26-11-2014,264.633
25-11-2014,264.6786
24-11-2014,261.9457
21-11-2014,262.1117
20-11-2014,260.9674
19-11-2014,261.2578
18-11-2014,259.3578
17-11-2014,260.0623
14-11-2014,258.6499
13-11-2014,257.3866
12-11-2014,257.062
11-11-2014,256.1564
10-11-2014,255.756
07-11-2014,255.1757
05-11-2014,254.469
03-11-2014,254.4124
31-10-2014,251.2396
30-10-2014,250.0729
29-10-2014,251.1025
28-10-2014,247.3658
27-10-2014,246.858
22-10-2014,242.8539
21-10-2014,236.85
20-10-2014,233.8657
17-10-2014,232.2799
16-10-2014,232.0414
14-10-2014,232.1515
13-10-2014,236.8365
10-10-2014,241.6413
09-10-2014,247.4394
08-10-2014,242.4547
07-10-2014,246.7821
01-10-2014,249.5702
30-09-2014,248.5265
29-09-2014,247.3358
26-09-2014,245.2817
25-09-2014,248.9933
24-09-2014,246.3691
23-09-2014,246.3909
22-09-2014,248.8138
19-09-2014,249.1256
18-09-2014,247.5158
17-09-2014,247.7991
16-09-2014,245.8402
15-09-2014,246.2853
12-09-2014,248.7657
11-09-2014,248.9328
10-09-2014,245.6625
09-09-2014,246.3783
08-09-2014,246.5199
05-09-2014,244.9658
04-09-2014,245.6902
03-09-2014,247.9713
02-09-2014,246.5701
01-09-2014,246.6959
28-08-2014,245.7443
27-08-2014,245.627
26-08-2014,245.8415
25-08-2014,244.599
22-08-2014,245.1467
21-08-2014,244.4912
20-08-2014,244.6848
19-08-2014,243.8408
18-08-2014,241.8578
14-08-2014,241.2626
13-08-2014,238.0988
12-08-2014,238.6935
11-08-2014,237.416
08-08-2014,235.7718
07-08-2014,237.6376
06-08-2014,235.1447
05-08-2014,237.2311
04-08-2014,236.3227
01-08-2014,234.7611
31-07-2014,237.9596
30-07-2014,237.2726
28-07-2014,237.4332
25-07-2014,238.519
24-07-2014,238.7329
23-07-2014,237.84
22-07-2014,236.4029
21-07-2014,236.6826
18-07-2014,232.5535
17-07-2014,235.6469
16-07-2014,234.5023
15-07-2014,235.3194
14-07-2014,233.4091
11-07-2014,232.7478
10-07-2014,231.9909
09-07-2014,230.3776
08-07-2014,233.9845
07-07-2014,233.7723
04-07-2014,233.8334
03-07-2014,231.989
02-07-2014,233.302
01-07-2014,231.074
30-06-2014,230.2759
27-06-2014,229.5247
26-06-2014,229.5739
25-06-2014,227.7092
24-06-2014,228.469
23-06-2014,228.1794
20-06-2014,227.6816
19-06-2014,229.2122
18-06-2014,226.717
17-06-2014,226.8878
16-06-2014,224.9973
13-06-2014,222.4164
12-06-2014,224.6964
11-06-2014,224.87
10-06-2014,224.1757
09-06-2014,224.0992
06-06-2014,223.6036
05-06-2014,221.7616
04-06-2014,221.0873
03-06-2014,220.3115
02-06-2014,220.4651
30-05-2014,220.1588
29-05-2014,218.2841
28-05-2014,219.4167
27-05-2014,215.6302
26-05-2014,214.5944
23-05-2014,213.199
22-05-2014,213.402
21-05-2014,210.9299
20-05-2014,211.4249
19-05-2014,210.9116
16-05-2014,210.9312
15-05-2014,214.2033
14-05-2014,215.2615
13-05-2014,216.4072
12-05-2014,212.9517
09-05-2014,212.1837
08-05-2014,212.6178
07-05-2014,213.2214
06-05-2014,216.5953
05-05-2014,215.4347
02-05-2014,216.4134
30-04-2014,215.4886
29-04-2014,214.5071
28-04-2014,213.6257
25-04-2014,218.8422
23-04-2014,217.7324
22-04-2014,215.0929
21-04-2014,212.7971
17-04-2014,213.0163
16-04-2014,209.7121
15-04-2014,208.6627
11-04-2014,209.1309
10-04-2014,216.0948
09-04-2014,212.3953
07-04-2014,212.3821
04-04-2014,218.5343
03-04-2014,219.1251
02-04-2014,218.9512
01-04-2014,215.1732
31-03-2014,213.7105
28-03-2014,214.5268
27-03-2014,215.0757
26-03-2014,219.0685
25-03-2014,219.4453
24-03-2014,222.3292
21-03-2014,226.1111
20-03-2014,224.0978
19-03-2014,226.3835
18-03-2014,223.6271
14-03-2014,222.9196
13-03-2014,226.5351
12-03-2014,224.651
11-03-2014,225.0607
10-03-2014,225.8913
07-03-2014,227.1738
06-03-2014,229.8088
05-03-2014,229.757
04-03-2014,227.2965
03-03-2014,228.141
28-02-2014,229.0071
26-02-2014,227.6114
25-02-2014,228.437
24-02-2014,227.1138
21-02-2014,228.1913
20-02-2014,227.0517
19-02-2014,228.7063
18-02-2014,226.3159
17-02-2014,226.7848
14-02-2014,228.1005
13-02-2014,224.8937
12-02-2014,224.9563
11-02-2014,223.3713
10-02-2014,221.4707
07-02-2014,217.9863
06-02-2014,215.7499
05-02-2014,216.5691
04-02-2014,214.9279
03-02-2014,220.317
31-01-2014,220.5479
30-01-2014,216.0604
29-01-2014,218.7351
28-01-2014,221.0751
27-01-2014,221.4188
24-01-2014,223.3207
23-01-2014,223.8291
22-01-2014,223.4806
21-01-2014,220.8575
20-01-2014,220.5105
17-01-2014,221.8939
16-01-2014,221.7294
15-01-2014,219.9284
14-01-2014,215.7743
13-01-2014,220.4089
10-01-2014,220.1592
09-01-2014,221.173
08-01-2014,221.3744
07-01-2014,219.473
06-01-2014,219.6358
03-01-2014,221.5089
02-01-2014,221.9712
01-01-2014,221.621
31-12-2013,220.6587
30-12-2013,220.8225
27-12-2013,222.1823
26-12-2013,220.4898
24-12-2013,220.7501
23-12-2013,218.806
20-12-2013,216.9314
19-12-2013,217.7117
18-12-2013,214.7737
17-12-2013,214.3966
16-12-2013,214.387
13-12-2013,213.557
12-12-2013,212.2472
11-12-2013,214.326
10-12-2013,214.5822
09-12-2013,215.2802
06-12-2013,214.6623
05-12-2013,216.0723
04-12-2013,216.7336
03-12-2013,216.7038
02-12-2013,217.6243
29-11-2013,216.3888
28-11-2013,215.7095
27-11-2013,215.0927
26-11-2013,213.9743
25-11-2013,214.9077
22-11-2013,213.8667
21-11-2013,210.3322
20-11-2013,210.3074
19-11-2013,211.3096
18-11-2013,215.891
14-11-2013,215.3532
13-11-2013,214.1347
12-11-2013,212.2063
11-11-2013,210.201
08-11-2013,207.1484
07-11-2013,210.7759
06-11-2013,208.594
05-11-2013,208.5435
01-11-2013,207.3643
31-10-2013,206.7931
30-10-2013,207.651
29-10-2013,207.4792
28-10-2013,207.7157
25-10-2013,206.2274
24-10-2013,205.6379
23-10-2013,207.1002
22-10-2013,206.3076
21-10-2013,205.2477
18-10-2013,201.9146
17-10-2013,202.6569
15-10-2013,199.9618
14-10-2013,197.2245
11-10-2013,196.9478
10-10-2013,194.1783
09-10-2013,194.7613
08-10-2013,198.5991
07-10-2013,199.0924
04-10-2013,198.2857
03-10-2013,202.9486
01-10-2013,201.0534
30-09-2013,201.4942
27-09-2013,200.3616
26-09-2013,199.995
25-09-2013,201.7713
24-09-2013,201.0743
23-09-2013,200.6376
20-09-2013,199.9988
19-09-2013,204.3674
18-09-2013,201.7922
17-09-2013,198.6492
16-09-2013,201.3135
13-09-2013,201.7216
12-09-2013,200.9853
11-09-2013,202.9477
10-09-2013,206.5097
06-09-2013,207.0533
05-09-2013,209.1809
04-09-2013,209.391
03-09-2013,202.7986
02-09-2013,202.097
30-08-2013,205.6146
29-08-2013,210.1129
28-08-2013,201.4086
27-08-2013,200.8866
26-08-2013,198.5478
23-08-2013,200.325
22-08-2013,196.3793
21-08-2013,194.7039
20-08-2013,193.5344
19-08-2013,189.3801
16-08-2013,188.8863
14-08-2013,191.9446
13-08-2013,191.2189
12-08-2013,189.6151
08-08-2013,190.655
07-08-2013,189.9274
06-08-2013,191.0247
05-08-2013,191.6372
02-08-2013,188.5116
01-08-2013,186.4346
31-07-2013,186.2265
30-07-2013,181.9404
29-07-2013,181.276
26-07-2013,180.5953
25-07-2013,179.4674
24-07-2013,180.8118
23-07-2013,182.0276
22-07-2013,180.4302
19-07-2013,183.3355
18-07-2013,182.8349
17-07-2013,182.0761
16-07-2013,183.965
15-07-2013,183.5615
12-07-2013,181.9867
11-07-2013,178.7585
10-07-2013,179.101
09-07-2013,179.4246
08-07-2013,178.0713
05-07-2013,176.4124
04-07-2013,176.8209
03-07-2013,174.2488
02-07-2013,173.74
01-07-2013,172.3471
28-06-2013,174.4336
27-06-2013,174.961
26-06-2013,170.7036
25-06-2013,169.5613
24-06-2013,170.0735
21-06-2013,171.8186
20-06-2013,173.3276
19-06-2013,175.5716
18-06-2013,171.4438
17-06-2013,168.8802
14-06-2013,171.2803
13-06-2013,168.5467
12-06-2013,172.1658
11-06-2013,173.2622
10-06-2013,170.1346
07-06-2013,167.1576
06-06-2013,166.1818
05-06-2013,167.3499
04-06-2013,169.2889
03-06-2013,167.9702
31-05-2013,169.0829
30-05-2013,167.6885
29-05-2013,167.9637
28-05-2013,165.7381
27-05-2013,165.9639
24-05-2013,165.8258
23-05-2013,165.9689
22-05-2013,167.1855
21-05-2013,166.0184
20-05-2013,165.773
17-05-2013,163.87
16-05-2013,164.0982
15-05-2013,163.7618
14-05-2013,162.7022
13-05-2013,162.7746
10-05-2013,160.1508
09-05-2013,160.0988
08-05-2013,159.2651
07-05-2013,159.5406
06-05-2013,158.3127
03-05-2013,156.1455
02-05-2013,154.0423
30-04-2013,154.931
29-04-2013,153.8858
26-04-2013,153.8664
25-04-2013,153.5263
23-04-2013,151.6078
22-04-2013,149.6603
18-04-2013,150.2366
17-04-2013,153.1424
16-04-2013,152.309
15-04-2013,155.249
12-04-2013,155.3683
11-04-2013,155.3802
10-04-2013,152.6069
09-04-2013,151.5464
08-04-2013,151.4455
05-04-2013,152.9063
04-04-2013,151.653
03-04-2013,152.5697
02-04-2013,151.3675
01-04-2013,152.5263
28-03-2013,152.3124
26-03-2013,150.7148
25-03-2013,151.6702
22-03-2013,150.1245
21-03-2013,152.0183
20-03-2013,151.0719
19-03-2013,150.8478
18-03-2013,150.7787
15-03-2013,152.0718
14-03-2013,151.5936
13-03-2013,151.4246
12-03-2013,152.5295
11-03-2013,151.7629
08-03-2013,152.2359
07-03-2013,152.3954
06-03-2013,153.152
05-03-2013,150.8797
04-03-2013,150.3977
01-03-2013,148.5476
28-02-2013,147.2614
27-02-2013,146.337
26-02-2013,145.1247
25-02-2013,147.922
22-02-2013,147.376
21-02-2013,147.7713
20-02-2013,150.3697
19-02-2013,149.3189
18-02-2013,149.4284
15-02-2013,148.9985
14-02-2013,148.7642
13-02-2013,148.3508
12-02-2013,148.8996
11-02-2013,148.1176
08-02-2013,145.7476
07-02-2013,145.5171
06-02-2013,145.7718
05-02-2013,144.1179
04-02-2013,146.5036
01-02-2013,144.8008
31-01-2013,145.4945
30-01-2013,146.9483
29-01-2013,147.3032
28-01-2013,146.4402
25-01-2013,145.748
24-01-2013,147.5757
23-01-2013,147.1263
22-01-2013,147.1492
21-01-2013,146.9552
18-01-2013,148.7901
17-01-2013,149.1278
16-01-2013,148.1824
15-01-2013,148.5049
14-01-2013,150.0775
11-01-2013,149.3221
10-01-2013,148.9066
09-01-2013,149.1022
08-01-2013,149.954
07-01-2013,149.6091
04-01-2013,148.5413
03-01-2013,148.7684
02-01-2013,145.2717
01-01-2013,145.7547
31-12-2012,142.4886
28-12-2012,144.3759
27-12-2012,144.2827
26-12-2012,145.7344
24-12-2012,146.373
21-12-2012,147.3802
20-12-2012,146.4575
19-12-2012,148.0946
18-12-2012,145.8059
17-12-2012,142.9407
14-12-2012,144.2327
13-12-2012,144.9494
12-12-2012,145.2337
11-12-2012,143.9431
10-12-2012,143.5754
07-12-2012,143.4453
06-12-2012,143.6922
05-12-2012,145.5478
04-12-2012,145.9742
03-12-2012,145.1266
30-11-2012,146.636
29-11-2012,147.5088
27-11-2012,147.4696
26-11-2012,146.2866
23-11-2012,143.2643
22-11-2012,142.9914
21-11-2012,142.7283
20-11-2012,142.6072
19-11-2012,139.5111
16-11-2012,137.9211
15-11-2012,138.7211
12-11-2012,141.0703
09-11-2012,139.6603
08-11-2012,141.204
07-11-2012,145.4605
06-11-2012,145.36
05-11-2012,142.4477
02-11-2012,143.8199
01-11-2012,141.9521
31-10-2012,143.3935
30-10-2012,143.5837
29-10-2012,142.3844
26-10-2012,141.9644
25-10-2012,142.183
23-10-2012,143.5828
22-10-2012,143.7475
19-10-2012,145.9152
18-10-2012,146.2054
17-10-2012,146.4612
16-10-2012,144.7185
15-10-2012,143.1327
12-10-2012,142.7123
11-10-2012,144.408
10-10-2012,144.1837
09-10-2012,146.0834
08-10-2012,145.5323
05-10-2012,145.9448
04-10-2012,146.5216
03-10-2012,146.4157
01-10-2012,147.2452
28-09-2012,148.8619
27-09-2012,148.0671
26-09-2012,148.9247
25-09-2012,151.2783
24-09-2012,152.0409
21-09-2012,154.8415
20-09-2012,154.1118
18-09-2012,153.5864
17-09-2012,154.6347
14-09-2012,156.3976
13-09-2012,153.7201
12-09-2012,153.6656
11-09-2012,154.1751
10-09-2012,155.959
07-09-2012,157.0259
06-09-2012,154.244
05-09-2012,153.8832
04-09-2012,153.5821
03-09-2012,153.612
31-08-2012,152.7726
30-08-2012,154.417
29-08-2012,154.414
28-08-2012,154.4792
27-08-2012,153.6905
24-08-2012,152.2088
23-08-2012,154.0199
22-08-2012,153.5584
21-08-2012,154.6795
17-08-2012,153.9079
16-08-2012,151.9649
14-08-2012,150.5188
13-08-2012,150.1833
10-08-2012,149.9662
09-08-2012,149.5456
08-08-2012,149.1058
07-08-2012,148.9718
06-08-2012,148.7057
03-08-2012,146.0784
02-08-2012,145.6549
01-08-2012,146.5402
31-07-2012,146.0409
30-07-2012,145.9226
27-07-2012,143.0479
26-07-2012,142.6453
25-07-2012,143.552
24-07-2012,144.3401
23-07-2012,144.2283
20-07-2012,145.9062
19-07-2012,145.1901
18-07-2012,142.277
17-07-2012,142.1159
16-07-2012,142.0125
13-07-2012,141.7815
12-07-2012,142.1559
11-07-2012,142.6891
10-07-2012,145.5352
09-07-2012,144.2678
06-07-2012,145.1224
05-07-2012,143.6923
04-07-2012,143.6101
03-07-2012,145.075
02-07-2012,145.2935
29-06-2012,143.7112
28-06-2012,146.2723
27-06-2012,144.9091
26-06-2012,144.0549
25-06-2012,147.2607
22-06-2012,143.5861
21-06-2012,146.828
20-06-2012,146.246
19-06-2012,144.526
18-06-2012,142.414
15-06-2012,141.39
14-06-2012,140.3282
13-06-2012,141.5508
12-06-2012,139.8831
11-06-2012,141.7741
08-06-2012,139.1157
07-06-2012,140.6082
06-06-2012,138.1324
05-06-2012,137.5021
04-06-2012,136.6279
01-06-2012,141.3556
31-05-2012,142.147
30-05-2012,142.2128
29-05-2012,139.1465
28-05-2012,139.4972
25-05-2012,140.5552
24-05-2012,142.1681
23-05-2012,140.3057
22-05-2012,139.6157
21-05-2012,134.5075
18-05-2012,136.309
17-05-2012,139.1208
16-05-2012,138.3955
15-05-2012,139.0861
14-05-2012,139.7936
11-05-2012,139.1616
10-05-2012,140.4768
09-05-2012,139.2587
08-05-2012,139.2113
07-05-2012,140.5907
04-05-2012,144.0557
03-05-2012,144.2408
02-05-2012,143.2925
30-04-2012,143.5517
27-04-2012,142.7277
26-04-2012,141.8258
25-04-2012,138.6652
24-04-2012,138.9756
23-04-2012,138.9831
20-04-2012,139.4751
19-04-2012,140.1282
18-04-2012,139.7585
17-04-2012,137.488
16-04-2012,138.0725
13-04-2012,140.7853
12-04-2012,138.875
11-04-2012,138.1912
10-04-2012,139.8337
09-04-2012,140.7872
04-04-2012,140.6871
03-04-2012,141.1616
02-04-2012,139.7024
30-03-2012,141.5222
29-03-2012,140.3338
28-03-2012,140.78
27-03-2012,142.0706
26-03-2012,139.2813
23-03-2012,139.4419
22-03-2012,138.1111
21-03-2012,137.6094
20-03-2012,136.9813
19-03-2012,135.9115
16-03-2012,136.5162
15-03-2012,134.9217
14-03-2012,134.3196
13-03-2012,131.9724
12-03-2012,131.6755
09-03-2012,132.2802
07-03-2012,130.0699
06-03-2012,130.1254
05-03-2012,130.4321
02-03-2012,129.8775
01-03-2012,128.3118
29-02-2012,128.9518
28-02-2012,128.0696
27-02-2012,127.2539
24-02-2012,127.4284
23-02-2012,126.8209
22-02-2012,127.4441
21-02-2012,127.1333
17-02-2012,127.6089
16-02-2012,125.8275
15-02-2012,126.8744
14-02-2012,126.0952
13-02-2012,125.5976
10-02-2012,126.6333
09-02-2012,124.8687
08-02-2012,124.2907
07-02-2012,123.7818
06-02-2012,122.9435
03-02-2012,122.4096
02-02-2012,122.291
01-02-2012,121.7218
31-01-2012,122.4479
30-01-2012,121.2031
27-01-2012,122.774
25-01-2012,121.4941
24-01-2012,121.8851
23-01-2012,122.3864
20-01-2012,122.4216
19-01-2012,122.0913
18-01-2012,121.308
17-01-2012,121.7178
16-01-2012,122.0719
13-01-2012,122.7472
12-01-2012,122.8072
11-01-2012,122.2985
10-01-2012,123.3207
09-01-2012,123.986
06-01-2012,124.1729
05-01-2012,123.1748
04-01-2012,123.4423
03-01-2012,121.1737
02-01-2012,120.7593
30-12-2011,121.33
29-12-2011,120.2296
28-12-2011,121.5059
27-12-2011,120.3939
26-12-2011,120.8867
23-12-2011,119.2578
22-12-2011,117.956
21-12-2011,120.5605
20-12-2011,116.9185
19-12-2011,117.7135
16-12-2011,119.3997
15-12-2011,120.2832
14-12-2011,120.7535
13-12-2011,120.9506
12-12-2011,120.5758
09-12-2011,118.0689
08-12-2011,119.8294
07-12-2011,119.2491
05-12-2011,117.7951
02-12-2011,118.7733
01-12-2011,119.8024
30-11-2011,114.9765
29-11-2011,115.4633
28-11-2011,112.342
25-11-2011,112.8133
24-11-2011,113.4121
23-11-2011,116.11
22-11-2011,115.2118
21-11-2011,115.6806
18-11-2011,115.5989
17-11-2011,117.8543
16-11-2011,119.7827
15-11-2011,117.7145
14-11-2011,117.866
11-11-2011,115.7291
09-11-2011,118.5717
08-11-2011,116.3416
04-11-2011,116.2504
03-11-2011,113.9688
02-11-2011,113.0566
01-11-2011,114.7749
31-10-2011,116.8672
28-10-2011,118.5924
25-10-2011,118.5519
24-10-2011,116.7778
21-10-2011,114.6634
20-10-2011,113.72
19-10-2011,116.4675
18-10-2011,114.0889
17-10-2011,116.0958
14-10-2011,114.1761
13-10-2011,112.8125
12-10-2011,113.0666
11-10-2011,111.4671
10-10-2011,108.1468
07-10-2011,109.3813
05-10-2011,105.0863
04-10-2011,102.4129
03-10-2011,104.5728
30-09-2011,107.432
29-09-2011,108.0739
28-09-2011,110.4953
27-09-2011,110.4401
26-09-2011,109.1132
23-09-2011,108.1378
22-09-2011,109.0124
21-09-2011,110.2078
20-09-2011,110.288
19-09-2011,108.894
16-09-2011,108.6342
15-09-2011,107.239
14-09-2011,105.6183
13-09-2011,103.3482
12-09-2011,100.6978
09-09-2011,102.2023
08-09-2011,102.6069
07-09-2011,99.8579
06-09-2011,99.6328
05-09-2011,99.3662
02-09-2011,102.1574
30-08-2011,102.3779
29-08-2011,99.73
26-08-2011,97.081
25-08-2011,98.9316
24-08-2011,97.4325
23-08-2011,93.4217
22-08-2011,93.6546
19-08-2011,94.5526
18-08-2011,99.4856
17-08-2011,99.5341
16-08-2011,100.112
12-08-2011,98.2737
11-08-2011,93.8174
10-08-2011,97.6303
09-08-2011,93.0476
08-08-2011,98.6074
05-08-2011,98.8377
04-08-2011,102.6516
03-08-2011,101.6481
02-08-2011,103.9991
01-08-2011,103.9647
29-07-2011,104.6721
28-07-2011,104.3231
27-07-2011,106.6282
26-07-2011,107.2336
25-07-2011,107.7937
22-07-2011,106.5843
21-07-2011,105.9992
20-07-2011,106.5235
19-07-2011,104.4267
18-07-2011,104.9634
15-07-2011,103.4545
14-07-2011,104.6768
13-07-2011,104.4357
12-07-2011,105.486
11-07-2011,106.6744
08-07-2011,106.8824
07-07-2011,105.5872
06-07-2011,105.1754
05-07-2011,105.0127
04-07-2011,104.925
01-07-2011,103.6122
30-06-2011,102.5609
29-06-2011,102.6782
28-06-2011,101.4271
27-06-2011,99.9649
24-06-2011,101.3218
23-06-2011,100.4353
22-06-2011,100.9109
21-06-2011,98.9894
20-06-2011,98.6564
17-06-2011,98.8443
16-06-2011,99.1869
15-06-2011,100.5568
14-06-2011,99.5085
13-06-2011,99.6624
10-06-2011,100.9275
09-06-2011,100.7617
08-06-2011,101.2274
07-06-2011,101.7708
06-06-2011,102.5234
03-06-2011,104.364
02-06-2011,104.3873
01-06-2011,106.4811
31-05-2011,105.1822
30-05-2011,105.3463
27-05-2011,105.148
26-05-2011,104.6602
25-05-2011,104.5235
24-05-2011,104.8257
23-05-2011,106.4575
20-05-2011,106.4615
19-05-2011,106.2805
18-05-2011,105.6374
17-05-2011,105.3587
16-05-2011,107.1781
13-05-2011,108.089
12-05-2011,107.1449
11-05-2011,107.7225
10-05-2011,106.9092
09-05-2011,106.4929
06-05-2011,106.3336
05-05-2011,106.4001
04-05-2011,106.6713
03-05-2011,106.555
02-05-2011,106.4566
29-04-2011,106.8907
28-04-2011,106.8814
27-04-2011,106.2758
26-04-2011,106.1738
25-04-2011,105.5666
21-04-2011,104.4095
20-04-2011,102.3668
19-04-2011,102.4269
18-04-2011,103.3538
15-04-2011,103.524
13-04-2011,102.9615
11-04-2011,103.9643
08-04-2011,104.4735
07-04-2011,104.4572
06-04-2011,104.2652
05-04-2011,104.566
04-04-2011,104.9435
01-04-2011,104.7762
31-03-2011,104.6721
30-03-2011,104.203
29-03-2011,104.203
