Historical Mutual Fund NAV of Nippon India Small Cap Fund - Growth Plan - Growth Option,
scheme:- Nippon India Small Cap Fund - Growth Plan - Growth Option,
Start Date:- 16-09-2010,
End Date:- 23-11-2020,
NAV Date,NAV (Rs)
23-11-2020,45.5709
20-11-2020,45.0925
19-11-2020,44.6912
18-11-2020,44.7892
17-11-2020,44.403
13-11-2020,43.699
12-11-2020,43.2726
11-11-2020,42.808
10-11-2020,42.5159
09-11-2020,42.7517
06-11-2020,42.3319
05-11-2020,42.0706
04-11-2020,41.3108
03-11-2020,41.2399
02-11-2020,41.0704
30-10-2020,41.405
29-10-2020,41.3612
28-10-2020,41.4694
27-10-2020,41.7712
26-10-2020,41.5413
23-10-2020,41.8643
22-10-2020,41.4602
21-10-2020,41.1839
20-10-2020,41.2432
19-10-2020,41.2523
16-10-2020,40.9736
15-10-2020,40.6945
14-10-2020,41.3941
13-10-2020,41.1385
12-10-2020,41.1764
09-10-2020,41.4896
08-10-2020,41.4588
07-10-2020,41.8419
06-10-2020,42.2071
05-10-2020,42.1401
01-10-2020,42.2343
30-09-2020,42.1595
29-09-2020,42.0212
28-09-2020,42.0175
25-09-2020,41.1219
24-09-2020,40.3264
23-09-2020,41.225
22-09-2020,41.336
21-09-2020,41.7224
18-09-2020,43.4455
17-09-2020,43.6132
16-09-2020,43.7957
15-09-2020,43.5556
14-09-2020,42.8111
11-09-2020,40.9382
10-09-2020,40.8846
09-09-2020,40.2239
08-09-2020,40.6954
07-09-2020,41.0535
04-09-2020,41.1375
03-09-2020,41.5775
02-09-2020,41.3037
01-09-2020,40.7661
31-08-2020,40.583
28-08-2020,42.5393
27-08-2020,42.736
26-08-2020,42.7181
25-08-2020,42.2168
24-08-2020,42.0231
21-08-2020,41.0177
20-08-2020,40.3014
19-08-2020,40.0128
18-08-2020,39.5711
17-08-2020,39.1862
14-08-2020,38.8877
13-08-2020,39.2738
12-08-2020,38.7753
11-08-2020,38.647
10-08-2020,38.5967
07-08-2020,38.0502
06-08-2020,37.5916
05-08-2020,37.2943
04-08-2020,36.9724
03-08-2020,36.5244
31-07-2020,36.2065
30-07-2020,35.8807
29-07-2020,36.2137
28-07-2020,36.1524
27-07-2020,35.8686
24-07-2020,36.2341
23-07-2020,36.2813
22-07-2020,35.9844
21-07-2020,36.0457
20-07-2020,35.8782
17-07-2020,35.6115
16-07-2020,35.1635
15-07-2020,35.1152
14-07-2020,35.1711
13-07-2020,35.4299
10-07-2020,35.5123
09-07-2020,35.7094
08-07-2020,35.4624
07-07-2020,35.4962
06-07-2020,35.395
03-07-2020,34.808
02-07-2020,34.7314
01-07-2020,34.5393
30-06-2020,34.4541
29-06-2020,34.5644
26-06-2020,34.8365
25-06-2020,34.7016
24-06-2020,34.5691
23-06-2020,34.9241
22-06-2020,34.3429
19-06-2020,33.9902
18-06-2020,33.4084
17-06-2020,33.0158
16-06-2020,32.7683
15-06-2020,32.7519
12-06-2020,32.6855
11-06-2020,32.6692
10-06-2020,33.1219
09-06-2020,32.9782
08-06-2020,33.2884
05-06-2020,33.0143
04-06-2020,32.3436
03-06-2020,32.2141
02-06-2020,31.817
01-06-2020,31.3339
29-05-2020,30.5844
28-05-2020,30.1931
27-05-2020,29.7574
26-05-2020,29.4733
22-05-2020,29.2972
21-05-2020,29.4881
20-05-2020,29.2093
19-05-2020,28.8751
18-05-2020,29.0096
15-05-2020,29.9149
14-05-2020,29.8553
13-05-2020,30.0563
12-05-2020,29.5235
11-05-2020,29.8219
08-05-2020,29.9789
07-05-2020,30.3185
06-05-2020,30.2739
05-05-2020,30.1677
04-05-2020,30.3838
30-04-2020,31.2499
29-04-2020,31.0053
28-04-2020,30.552
27-04-2020,30.4132
24-04-2020,30.0114
23-04-2020,30.5222
22-04-2020,30.1446
21-04-2020,29.8799
20-04-2020,30.8208
17-04-2020,30.4414
16-04-2020,29.769
15-04-2020,29.2417
13-04-2020,29.1994
09-04-2020,29.5026
08-04-2020,28.3324
07-04-2020,27.7949
03-04-2020,26.5324
01-04-2020,26.7882
31-03-2020,27.2074
30-03-2020,26.2526
27-03-2020,27.0071
26-03-2020,26.778
25-03-2020,25.8139
24-03-2020,25.0388
23-03-2020,25.2865
20-03-2020,28.8049
19-03-2020,28.1761
18-03-2020,29.3262
17-03-2020,31.2708
16-03-2020,32.0777
13-03-2020,33.8679
12-03-2020,33.3049
11-03-2020,36.1595
09-03-2020,36.3902
06-03-2020,38.0776
05-03-2020,38.6602
04-03-2020,38.4181
03-03-2020,39.08
02-03-2020,38.7436
28-02-2020,38.939
27-02-2020,40.5654
26-02-2020,40.949
25-02-2020,41.3029
24-02-2020,41.2311
20-02-2020,41.9697
19-02-2020,41.7619
18-02-2020,41.1261
17-02-2020,41.1954
14-02-2020,41.5308
13-02-2020,41.5358
12-02-2020,41.6065
11-02-2020,41.5254
10-02-2020,41.4102
07-02-2020,41.6459
06-02-2020,41.5882
05-02-2020,41.351
04-02-2020,41.0066
03-02-2020,40.375
31-01-2020,41.2189
30-01-2020,41.2955
29-01-2020,41.7416
28-01-2020,41.5655
27-01-2020,41.6108
24-01-2020,41.6542
23-01-2020,41.5457
22-01-2020,41.3083
21-01-2020,41.3636
20-01-2020,41.4716
17-01-2020,41.7064
16-01-2020,41.4982
15-01-2020,41.1716
14-01-2020,40.8021
13-01-2020,40.4683
10-01-2020,40.0075
09-01-2020,39.6992
08-01-2020,39.019
07-01-2020,39.049
06-01-2020,38.6034
03-01-2020,39.5197
02-01-2020,39.558
01-01-2020,38.9932
31-12-2019,38.745
30-12-2019,38.6783
27-12-2019,38.4895
26-12-2019,38.1384
24-12-2019,38.0314
23-12-2019,37.9018
20-12-2019,37.9222
19-12-2019,37.8574
18-12-2019,37.8562
17-12-2019,37.8515
16-12-2019,37.6353
13-12-2019,37.7337
12-12-2019,37.4257
11-12-2019,37.0294
10-12-2019,37.0739
09-12-2019,37.4542
06-12-2019,37.6385
05-12-2019,37.9617
04-12-2019,38.0476
03-12-2019,37.9814
02-12-2019,38.2073
29-11-2019,38.4072
28-11-2019,38.3537
27-11-2019,38.2036
26-11-2019,38.2052
25-11-2019,38.3082
22-11-2019,38.1381
21-11-2019,38.316
20-11-2019,38.3468
19-11-2019,38.258
18-11-2019,38.2696
15-11-2019,38.2374
14-11-2019,38.2464
13-11-2019,38.2259
11-11-2019,38.3001
08-11-2019,38.1484
07-11-2019,38.2185
06-11-2019,38.1476
05-11-2019,38.4361
04-11-2019,38.7381
01-11-2019,38.535
31-10-2019,38.4078
30-10-2019,38.1903
29-10-2019,38.0948
25-10-2019,37.3876
24-10-2019,37.457
23-10-2019,37.5702
22-10-2019,37.5323
18-10-2019,37.3714
17-10-2019,36.6594
16-10-2019,36.4093
15-10-2019,36.3706
14-10-2019,36.444
11-10-2019,36.3457
10-10-2019,36.2179
09-10-2019,36.5244
07-10-2019,36.1657
04-10-2019,36.5504
03-10-2019,36.8559
01-10-2019,36.9632
30-09-2019,37.5295
27-09-2019,37.9412
26-09-2019,38.2168
25-09-2019,38.008
24-09-2019,38.3463
23-09-2019,38.4132
20-09-2019,37.2492
19-09-2019,35.885
18-09-2019,36.4095
17-09-2019,36.2124
16-09-2019,36.7409
13-09-2019,36.4973
12-09-2019,36.2493
11-09-2019,36.3067
09-09-2019,35.6515
06-09-2019,35.1484
05-09-2019,34.746
04-09-2019,34.6452
03-09-2019,34.5494
30-08-2019,35.0281
29-08-2019,34.8064
28-08-2019,35.0573
27-08-2019,35.297
26-08-2019,34.7839
23-08-2019,34.1771
22-08-2019,33.9638
21-08-2019,34.6082
20-08-2019,35.1234
19-08-2019,35.3498
16-08-2019,35.1526
14-08-2019,35.1625
13-08-2019,35.0182
09-08-2019,35.5584
08-08-2019,35.3888
07-08-2019,35.1743
06-08-2019,35.2334
05-08-2019,34.7731
02-08-2019,35.261
01-08-2019,35.3646
31-07-2019,35.8224
30-07-2019,35.5007
29-07-2019,36.0618
26-07-2019,36.3335
25-07-2019,36.3274
24-07-2019,36.3805
23-07-2019,36.8106
22-07-2019,36.7129
19-07-2019,37.1114
18-07-2019,37.7656
17-07-2019,38.1229
16-07-2019,38.1456
15-07-2019,38.1394
12-07-2019,38.3291
11-07-2019,38.2023
10-07-2019,38.1235
09-07-2019,38.3844
08-07-2019,38.4427
05-07-2019,39.2681
04-07-2019,39.8129
03-07-2019,39.6793
02-07-2019,39.7119
01-07-2019,39.6762
28-06-2019,39.5731
27-06-2019,39.6169
26-06-2019,39.4768
25-06-2019,39.138
24-06-2019,38.8729
21-06-2019,39.0254
20-06-2019,39.0799
19-06-2019,38.8027
18-06-2019,39.2549
17-06-2019,39.2517
14-06-2019,39.6787
13-06-2019,39.9016
12-06-2019,40.063
11-06-2019,40.2834
10-06-2019,40.1219
07-06-2019,40.3969
06-06-2019,40.4858
04-06-2019,41.1169
03-06-2019,41.1975
31-05-2019,41.0296
30-05-2019,41.1745
29-05-2019,41.0717
28-05-2019,41.2311
27-05-2019,41.2347
24-05-2019,40.3808
23-05-2019,39.3622
22-05-2019,39.3252
21-05-2019,39.2505
20-05-2019,39.4683
17-05-2019,38.3896
16-05-2019,38.1947
15-05-2019,38.159
14-05-2019,38.2383
13-05-2019,38.0775
10-05-2019,38.6639
09-05-2019,38.5848
08-05-2019,38.6327
07-05-2019,39.1649
06-05-2019,39.3969
03-05-2019,39.5854
02-05-2019,39.6576
30-04-2019,39.7375
26-04-2019,40.0435
25-04-2019,39.9974
24-04-2019,40.1287
23-04-2019,39.9369
22-04-2019,39.9324
18-04-2019,40.3337
16-04-2019,40.6312
15-04-2019,40.5953
12-04-2019,40.4693
11-04-2019,40.2967
10-04-2019,40.301
09-04-2019,40.3011
08-04-2019,40.4517
05-04-2019,40.5292
04-04-2019,40.2122
03-04-2019,40.3084
02-04-2019,40.6194
01-04-2019,40.6509
31-03-2019,40.3048
29-03-2019,40.3082
28-03-2019,40.1167
27-03-2019,39.824
26-03-2019,39.504
25-03-2019,39.2398
22-03-2019,39.6298
20-03-2019,39.8801
19-03-2019,40.0231
18-03-2019,39.8951
15-03-2019,39.9824
14-03-2019,39.9944
13-03-2019,40.0677
12-03-2019,40.3498
11-03-2019,39.8443
08-03-2019,39.164
07-03-2019,39.3669
06-03-2019,39.2876
05-03-2019,38.9794
01-03-2019,37.7104
28-02-2019,37.0615
27-02-2019,36.7448
26-02-2019,36.6976
25-02-2019,36.8006
22-02-2019,36.5739
21-02-2019,36.3631
20-02-2019,35.9869
19-02-2019,35.664
18-02-2019,35.5721
15-02-2019,35.8442
14-02-2019,36.123
13-02-2019,36.2666
12-02-2019,36.5088
11-02-2019,36.8309
08-02-2019,37.3958
07-02-2019,37.74
06-02-2019,37.3624
05-02-2019,37.3245
04-02-2019,37.5734
01-02-2019,37.9346
31-01-2019,37.7963
30-01-2019,37.4576
29-01-2019,37.1605
28-01-2019,37.2521
25-01-2019,38.0198
24-01-2019,38.5156
23-01-2019,38.7735
22-01-2019,38.8522
21-01-2019,39.0788
18-01-2019,39.2497
17-01-2019,39.4444
16-01-2019,39.5299
15-01-2019,39.4701
14-01-2019,39.2026
11-01-2019,39.3563
10-01-2019,39.4684
09-01-2019,39.479
08-01-2019,39.4479
07-01-2019,39.4265
04-01-2019,39.4416
03-01-2019,39.4167
02-01-2019,39.6228
01-01-2019,39.824
31-12-2018,39.745
28-12-2018,39.5235
27-12-2018,39.3541
26-12-2018,39.27
24-12-2018,39.3637
21-12-2018,39.6967
20-12-2018,40.1686
19-12-2018,40.18
18-12-2018,39.7668
17-12-2018,39.6758
14-12-2018,39.5502
13-12-2018,39.5565
12-12-2018,39.2645
11-12-2018,38.428
10-12-2018,37.9772
07-12-2018,38.5879
06-12-2018,38.61
05-12-2018,39.0976
04-12-2018,39.5068
03-12-2018,39.5087
30-11-2018,39.5053
29-11-2018,39.3159
28-11-2018,39.3978
27-11-2018,39.6114
26-11-2018,39.3546
22-11-2018,39.4257
21-11-2018,39.5035
20-11-2018,39.4201
19-11-2018,39.807
16-11-2018,39.7239
15-11-2018,39.8633
14-11-2018,39.8601
13-11-2018,40.0119
12-11-2018,39.9061
09-11-2018,40.1469
06-11-2018,39.5595
05-11-2018,39.3974
02-11-2018,39.5722
01-11-2018,39.3307
31-10-2018,38.878
30-10-2018,38.485
29-10-2018,38.0685
26-10-2018,37.2938
25-10-2018,37.3602
24-10-2018,37.6345
23-10-2018,37.4481
22-10-2018,37.9429
19-10-2018,38.5796
17-10-2018,39.0116
16-10-2018,39.7992
15-10-2018,39.3169
12-10-2018,38.8231
11-10-2018,38.0185
10-10-2018,38.6004
09-10-2018,37.2085
08-10-2018,37.3476
05-10-2018,37.9553
04-10-2018,38.7515
03-10-2018,39.4094
01-10-2018,39.4482
28-09-2018,39.3734
27-09-2018,40.5237
26-09-2018,41.159
25-09-2018,40.9093
24-09-2018,41.058
21-09-2018,42.0887
19-09-2018,43.1924
18-09-2018,43.2883
17-09-2018,43.6871
14-09-2018,43.9369
12-09-2018,43.4146
11-09-2018,43.4807
10-09-2018,44.168
07-09-2018,44.7865
06-09-2018,44.4702
05-09-2018,44.1141
04-09-2018,44.3595
03-09-2018,45.0979
31-08-2018,44.9766
30-08-2018,44.6809
29-08-2018,44.3355
28-08-2018,44.1417
27-08-2018,44.1204
24-08-2018,43.8956
23-08-2018,43.94
21-08-2018,43.879
20-08-2018,43.6896
17-08-2018,43.4656
16-08-2018,43.0615
14-08-2018,43.048
13-08-2018,42.9047
10-08-2018,43.2358
09-08-2018,43.7013
08-08-2018,43.404
07-08-2018,43.0694
06-08-2018,42.9765
03-08-2018,42.8673
02-08-2018,42.3628
01-08-2018,42.3422
31-07-2018,42.2722
30-07-2018,42.2017
27-07-2018,41.9177
26-07-2018,41.4912
25-07-2018,41.4644
24-07-2018,41.1954
23-07-2018,40.178
20-07-2018,39.7679
19-07-2018,39.6276
18-07-2018,39.9677
17-07-2018,40.4091
16-07-2018,40.1166
13-07-2018,41.1327
12-07-2018,41.6811
11-07-2018,41.8545
10-07-2018,42.2001
09-07-2018,41.7671
06-07-2018,41.2701
05-07-2018,40.9694
04-07-2018,41.1396
03-07-2018,41.116
02-07-2018,40.8849
29-06-2018,41.277
28-06-2018,40.602
27-06-2018,40.938
26-06-2018,41.6175
25-06-2018,41.9065
22-06-2018,42.279
21-06-2018,42.3022
20-06-2018,42.5929
19-06-2018,42.6044
18-06-2018,43.1305
15-06-2018,43.3758
14-06-2018,43.5192
13-06-2018,43.5783
12-06-2018,43.6858
11-06-2018,43.3881
08-06-2018,43.0836
07-06-2018,42.9959
06-06-2018,42.0658
05-06-2018,41.3227
04-06-2018,42.377
01-06-2018,43.2543
31-05-2018,43.8883
30-05-2018,44.144
29-05-2018,44.3217
28-05-2018,44.4992
25-05-2018,44.0221
24-05-2018,43.484
23-05-2018,43.614
22-05-2018,43.9131
21-05-2018,43.483
18-05-2018,44.3456
17-05-2018,44.9576
16-05-2018,44.8067
15-05-2018,44.9168
14-05-2018,45.1633
11-05-2018,45.4927
10-05-2018,45.4396
09-05-2018,46.0116
08-05-2018,46.0883
07-05-2018,46.0055
04-05-2018,45.8391
03-05-2018,45.9742
02-05-2018,46.5104
30-04-2018,46.8818
27-04-2018,46.5713
26-04-2018,46.2802
25-04-2018,46.2438
24-04-2018,46.7246
23-04-2018,46.5701
20-04-2018,46.1782
19-04-2018,46.0092
18-04-2018,45.6256
17-04-2018,45.7027
16-04-2018,45.5658
13-04-2018,45.5387
12-04-2018,45.4575
11-04-2018,45.5612
10-04-2018,45.624
09-04-2018,45.6209
06-04-2018,45.5226
05-04-2018,45.3819
04-04-2018,44.4621
03-04-2018,44.9577
02-04-2018,44.3683
28-03-2018,43.348
27-03-2018,43.5593
26-03-2018,42.9002
23-03-2018,42.6561
22-03-2018,43.165
21-03-2018,43.5554
20-03-2018,43.4328
19-03-2018,43.5708
16-03-2018,44.3709
15-03-2018,44.6759
14-03-2018,44.3922
13-03-2018,44.3945
12-03-2018,44.1037
09-03-2018,43.9055
08-03-2018,44.0774
07-03-2018,44.0968
06-03-2018,44.9673
05-03-2018,45.4338
01-03-2018,46.0324
28-02-2018,46.0133
27-02-2018,45.9799
26-02-2018,46.0457
23-02-2018,45.5824
22-02-2018,44.9352
21-02-2018,45.0943
20-02-2018,45.2442
19-02-2018,45.2221
16-02-2018,45.5916
15-02-2018,46.296
14-02-2018,46.77
12-02-2018,46.7731
09-02-2018,46.1967
08-02-2018,46.1777
07-02-2018,45.1817
06-02-2018,44.336
05-02-2018,44.9954
02-02-2018,45.0081
01-02-2018,46.7202
31-01-2018,46.5399
30-01-2018,46.9133
29-01-2018,47.5996
25-01-2018,48.0565
24-01-2018,48.5626
23-01-2018,49.0154
22-01-2018,48.6694
19-01-2018,48.3574
18-01-2018,48.143
17-01-2018,49.0705
16-01-2018,48.8802
15-01-2018,49.8026
12-01-2018,49.5703
11-01-2018,49.6022
10-01-2018,49.3737
09-01-2018,49.402
08-01-2018,49.4137
05-01-2018,48.8764
04-01-2018,48.3137
03-01-2018,47.8757
02-01-2018,47.4138
01-01-2018,47.7222
29-12-2017,47.7075
28-12-2017,47.4859
27-12-2017,47.4469
26-12-2017,47.884
22-12-2017,47.4527
21-12-2017,47.1654
20-12-2017,46.6991
19-12-2017,46.3316
18-12-2017,45.5999
15-12-2017,45.259
14-12-2017,44.8932
13-12-2017,44.9577
12-12-2017,45.0835
11-12-2017,45.3639
08-12-2017,45.3615
07-12-2017,44.911
06-12-2017,44.4558
05-12-2017,44.6116
04-12-2017,44.5619
01-12-2017,44.7306
30-11-2017,45.0454
29-11-2017,44.8412
28-11-2017,44.8449
27-11-2017,44.5514
24-11-2017,43.9299
23-11-2017,43.7911
22-11-2017,43.6441
21-11-2017,43.3265
20-11-2017,43.0862
17-11-2017,42.86
16-11-2017,42.6422
15-11-2017,42.1197
14-11-2017,42.7164
13-11-2017,42.7426
10-11-2017,42.9939
09-11-2017,43.018
08-11-2017,42.6523
07-11-2017,43.1609
06-11-2017,43.3194
03-11-2017,43.233
02-11-2017,43.1671
01-11-2017,43.028
31-10-2017,42.7043
30-10-2017,42.5952
27-10-2017,42.192
26-10-2017,41.9931
25-10-2017,41.683
24-10-2017,41.7904
23-10-2017,41.5325
18-10-2017,41.4506
17-10-2017,41.344
16-10-2017,41.0899
13-10-2017,41.0703
12-10-2017,40.9625
11-10-2017,40.5655
10-10-2017,40.9493
09-10-2017,40.5564
06-10-2017,40.1663
05-10-2017,39.7704
04-10-2017,39.3586
03-10-2017,39.0458
29-09-2017,39.0236
28-09-2017,38.5168
27-09-2017,38.2877
26-09-2017,38.9157
25-09-2017,38.3978
22-09-2017,39.1562
21-09-2017,39.9964
20-09-2017,40.1904
19-09-2017,40.221
18-09-2017,40.114
15-09-2017,39.6929
14-09-2017,39.8281
13-09-2017,39.6468
12-09-2017,39.9544
11-09-2017,39.6123
08-09-2017,39.4375
07-09-2017,39.4573
06-09-2017,39.4527
05-09-2017,39.4054
04-09-2017,39.1536
01-09-2017,39.2838
31-08-2017,38.874
30-08-2017,38.6033
29-08-2017,38.1032
28-08-2017,38.4866
24-08-2017,38.1163
23-08-2017,37.9777
22-08-2017,37.6313
21-08-2017,37.6703
18-08-2017,38.0129
17-08-2017,38.2201
16-08-2017,38.0128
14-08-2017,37.451
11-08-2017,36.7682
10-08-2017,36.7744
09-08-2017,37.8617
08-08-2017,38.5628
07-08-2017,39.0429
04-08-2017,38.8935
03-08-2017,38.7885
02-08-2017,39.1108
01-08-2017,39.0396
31-07-2017,39.0766
28-07-2017,38.9909
27-07-2017,38.7983
26-07-2017,39.2097
25-07-2017,39.0584
24-07-2017,39.1473
21-07-2017,39.2226
20-07-2017,39.2181
19-07-2017,39.0227
18-07-2017,38.6336
17-07-2017,38.8602
14-07-2017,38.777
13-07-2017,39.0792
12-07-2017,38.9057
11-07-2017,38.7379
10-07-2017,38.8814
07-07-2017,38.7015
06-07-2017,38.6738
05-07-2017,38.1961
04-07-2017,37.7342
03-07-2017,37.4818
30-06-2017,37.0185
29-06-2017,37.0023
28-06-2017,36.7385
27-06-2017,36.6502
23-06-2017,37.2026
22-06-2017,37.8754
21-06-2017,38.1908
20-06-2017,38.2596
19-06-2017,38.1823
16-06-2017,38.0271
15-06-2017,37.8108
14-06-2017,37.7682
13-06-2017,37.6104
12-06-2017,37.5969
09-06-2017,37.822
08-06-2017,37.5963
07-06-2017,37.2616
06-06-2017,37.0999
05-06-2017,37.3065
02-06-2017,37.057
01-06-2017,36.8285
31-05-2017,36.5034
30-05-2017,36.1354
29-05-2017,36.1883
26-05-2017,36.6092
25-05-2017,36.0254
24-05-2017,35.2645
23-05-2017,35.9214
22-05-2017,36.567
19-05-2017,36.9077
18-05-2017,37.1729
17-05-2017,37.9058
16-05-2017,37.9275
15-05-2017,37.6417
12-05-2017,37.4415
11-05-2017,37.6769
10-05-2017,37.8085
09-05-2017,37.5306
08-05-2017,37.4735
05-05-2017,37.2085
04-05-2017,37.6949
03-05-2017,37.537
02-05-2017,37.2706
28-04-2017,37.2071
27-04-2017,37.0394
26-04-2017,36.9247
25-04-2017,37.286
24-04-2017,37.1759
21-04-2017,36.8588
20-04-2017,36.7891
19-04-2017,36.4911
18-04-2017,36.2504
17-04-2017,36.4502
13-04-2017,36.4325
12-04-2017,36.352
11-04-2017,36.5727
10-04-2017,36.0176
07-04-2017,35.6802
06-04-2017,35.8126
05-04-2017,35.6929
03-04-2017,35.149
31-03-2017,34.596
30-03-2017,34.3283
29-03-2017,34.0254
28-03-2017,33.7436
27-03-2017,33.5745
24-03-2017,33.5623
23-03-2017,33.2967
22-03-2017,33.0763
21-03-2017,33.2756
20-03-2017,33.3581
17-03-2017,33.2668
16-03-2017,33.3058
15-03-2017,33.1073
14-03-2017,32.914
10-03-2017,32.5759
09-03-2017,32.5436
08-03-2017,32.4234
07-03-2017,32.5747
06-03-2017,32.5486
03-03-2017,32.3645
02-03-2017,32.2967
01-03-2017,32.6595
28-02-2017,32.4449
27-02-2017,32.3431
23-02-2017,32.2888
22-02-2017,32.3185
21-02-2017,32.4695
20-02-2017,32.2657
17-02-2017,32.0095
16-02-2017,31.7586
15-02-2017,31.3162
14-02-2017,31.9115
13-02-2017,32.0705
10-02-2017,32.3824
09-02-2017,32.3908
08-02-2017,32.3428
07-02-2017,32.4003
06-02-2017,32.6246
03-02-2017,32.258
02-02-2017,32.04
01-02-2017,31.7502
31-01-2017,31.2427
30-01-2017,31.6192
27-01-2017,31.5861
25-01-2017,31.4698
24-01-2017,31.2542
23-01-2017,31.1461
20-01-2017,30.9626
19-01-2017,31.3406
18-01-2017,31.261
17-01-2017,31.0563
16-01-2017,31.0579
13-01-2017,30.7873
12-01-2017,30.8371
11-01-2017,30.8762
10-01-2017,30.5708
09-01-2017,30.3112
06-01-2017,30.1177
05-01-2017,30.2331
04-01-2017,29.963
03-01-2017,29.7878
02-01-2017,29.4754
30-12-2016,29.2741
29-12-2016,28.9244
28-12-2016,28.7153
27-12-2016,28.5143
26-12-2016,28.0927
23-12-2016,28.6377
22-12-2016,28.5896
21-12-2016,29.0321
20-12-2016,29.0965
19-12-2016,29.3497
16-12-2016,29.4664
15-12-2016,29.4785
14-12-2016,29.401
13-12-2016,29.5318
12-12-2016,29.5146
09-12-2016,29.7271
08-12-2016,29.5426
07-12-2016,29.1457
06-12-2016,29.3637
05-12-2016,29.2083
02-12-2016,29.1835
01-12-2016,29.5886
30-11-2016,29.7929
29-11-2016,29.3043
28-11-2016,29.1549
25-11-2016,28.9264
24-11-2016,28.4007
23-11-2016,28.3772
22-11-2016,27.8363
21-11-2016,27.5783
18-11-2016,28.5201
17-11-2016,28.4196
16-11-2016,28.5645
15-11-2016,28.5417
11-11-2016,29.9199
10-11-2016,31.0077
09-11-2016,30.5639
08-11-2016,31.1976
07-11-2016,31.2431
04-11-2016,30.7379
03-11-2016,31.2326
02-11-2016,31.6288
01-11-2016,32.2525
28-10-2016,32.0857
27-10-2016,31.82
26-10-2016,31.9678
25-10-2016,32.0855
24-10-2016,32.0722
21-10-2016,31.9084
20-10-2016,31.93
19-10-2016,31.6578
18-10-2016,31.5057
17-10-2016,30.9764
14-10-2016,31.0735
13-10-2016,30.6582
10-10-2016,31.2211
07-10-2016,31.0488
06-10-2016,31.0419
05-10-2016,31.1041
04-10-2016,30.8303
03-10-2016,30.4272
30-09-2016,29.7125
29-09-2016,29.1606
28-09-2016,30.4428
27-09-2016,30.2284
26-09-2016,30.259
23-09-2016,30.222
22-09-2016,30.2928
21-09-2016,30.0691
20-09-2016,29.986
19-09-2016,29.9993
16-09-2016,29.7702
15-09-2016,29.7718
14-09-2016,29.5912
12-09-2016,29.1599
09-09-2016,29.78
08-09-2016,30.0481
07-09-2016,29.7103
06-09-2016,29.6331
02-09-2016,29.3469
01-09-2016,29.1162
31-08-2016,29.1827
30-08-2016,29.0702
29-08-2016,28.766
26-08-2016,28.8309
25-08-2016,28.9131
24-08-2016,28.8401
23-08-2016,28.669
22-08-2016,28.5345
19-08-2016,28.4965
18-08-2016,28.2709
17-08-2016,28.0073
16-08-2016,27.7947
12-08-2016,27.9064
11-08-2016,27.8298
10-08-2016,27.9746
09-08-2016,28.2952
08-08-2016,28.3404
05-08-2016,28.2368
04-08-2016,27.7724
03-08-2016,27.6866
02-08-2016,27.9844
01-08-2016,28.0998
29-07-2016,28.2415
28-07-2016,28.3174
27-07-2016,28.1828
26-07-2016,28.0854
25-07-2016,28.3896
22-07-2016,27.9638
21-07-2016,27.764
20-07-2016,27.9356
19-07-2016,27.6126
18-07-2016,27.6777
15-07-2016,27.8078
14-07-2016,27.959
13-07-2016,27.6562
12-07-2016,27.9064
11-07-2016,27.9376
08-07-2016,27.7431
07-07-2016,27.7674
05-07-2016,27.6962
04-07-2016,27.7173
01-07-2016,27.5414
30-06-2016,27.4643
29-06-2016,27.1525
28-06-2016,26.7224
27-06-2016,26.5273
24-06-2016,26.0305
23-06-2016,26.4506
22-06-2016,26.5196
21-06-2016,26.5946
20-06-2016,26.5776
17-06-2016,26.5384
16-06-2016,26.482
15-06-2016,26.6157
14-06-2016,26.3584
13-06-2016,26.2865
10-06-2016,26.4224
09-06-2016,26.4579
08-06-2016,26.445
07-06-2016,26.175
06-06-2016,25.9896
03-06-2016,25.9504
02-06-2016,26.0463
01-06-2016,25.9389
31-05-2016,25.8989
30-05-2016,25.9397
27-05-2016,25.8683
26-05-2016,25.6475
25-05-2016,25.5429
24-05-2016,25.3264
23-05-2016,25.4357
20-05-2016,25.6096
19-05-2016,25.8226
18-05-2016,26.0754
17-05-2016,25.9725
16-05-2016,26.0036
13-05-2016,26.0307
12-05-2016,26.1425
11-05-2016,25.8889
10-05-2016,25.8252
09-05-2016,25.6785
06-05-2016,25.3338
05-05-2016,25.4763
04-05-2016,25.3785
03-05-2016,25.666
02-05-2016,25.7143
29-04-2016,25.4898
28-04-2016,25.5515
27-04-2016,25.7707
26-04-2016,25.684
25-04-2016,25.5016
22-04-2016,25.5543
21-04-2016,25.5488
20-04-2016,25.6912
18-04-2016,25.5776
13-04-2016,25.316
12-04-2016,25.0594
11-04-2016,24.8714
08-04-2016,24.8046
07-04-2016,24.6125
06-04-2016,24.6582
05-04-2016,24.4164
04-04-2016,24.7075
01-04-2016,24.5506
31-03-2016,24.3264
30-03-2016,24.3524
29-03-2016,23.9278
28-03-2016,23.9538
23-03-2016,24.3119
22-03-2016,24.1006
21-03-2016,23.8084
18-03-2016,23.5562
17-03-2016,23.435
16-03-2016,23.3509
15-03-2016,23.4271
14-03-2016,23.6281
11-03-2016,23.5867
10-03-2016,23.6228
09-03-2016,23.6127
08-03-2016,23.4284
04-03-2016,23.4812
03-03-2016,23.3609
02-03-2016,23.1487
01-03-2016,22.6614
29-02-2016,21.8959
26-02-2016,21.991
25-02-2016,22.058
24-02-2016,22.2904
23-02-2016,22.6787
22-02-2016,23.0175
19-02-2016,22.9381
18-02-2016,22.865
17-02-2016,22.8231
16-02-2016,22.7931
15-02-2016,23.2984
12-02-2016,22.4324
11-02-2016,22.6258
10-02-2016,23.6284
09-02-2016,24.0481
08-02-2016,24.3507
05-02-2016,24.4395
04-02-2016,24.1565
03-02-2016,24.4357
02-02-2016,24.963
01-02-2016,25.3504
29-01-2016,25.3979
28-01-2016,25.1841
27-01-2016,25.2598
25-01-2016,25.1423
22-01-2016,24.8937
21-01-2016,24.2747
20-01-2016,24.061
19-01-2016,24.6645
18-01-2016,24.1789
15-01-2016,25.1854
14-01-2016,25.9966
13-01-2016,26.2701
12-01-2016,26.7784
11-01-2016,27.1316
08-01-2016,27.1901
07-01-2016,26.8033
06-01-2016,27.6099
05-01-2016,27.8079
04-01-2016,27.6243
01-01-2016,27.9889
31-12-2015,27.7312
30-12-2015,27.5995
29-12-2015,27.5339
28-12-2015,27.581
24-12-2015,27.5297
23-12-2015,27.547
22-12-2015,27.3757
21-12-2015,27.477
18-12-2015,27.2679
17-12-2015,27.2785
16-12-2015,26.8656
15-12-2015,26.7255
14-12-2015,26.4444
11-12-2015,26.2976
10-12-2015,26.4993
09-12-2015,26.1759
08-12-2015,26.7606
07-12-2015,27.1609
04-12-2015,27.2087
03-12-2015,27.4301
02-12-2015,27.503
01-12-2015,27.4473
30-11-2015,27.3454
27-11-2015,27.211
26-11-2015,27.1396
24-11-2015,27.1834
23-11-2015,27.1167
20-11-2015,26.8755
19-11-2015,26.6151
18-11-2015,26.2658
17-11-2015,26.5241
16-11-2015,26.401
13-11-2015,26.2594
10-11-2015,26.1143
09-11-2015,26.3462
06-11-2015,26.1845
05-11-2015,26.2512
04-11-2015,26.7387
03-11-2015,26.8155
02-11-2015,26.6484
30-10-2015,26.5612
29-10-2015,26.6211
28-10-2015,26.847
27-10-2015,26.4769
26-10-2015,26.4016
23-10-2015,26.6407
21-10-2015,26.6112
20-10-2015,26.6653
19-10-2015,26.439
16-10-2015,26.3416
15-10-2015,26.2069
14-10-2015,26.1126
13-10-2015,25.9771
12-10-2015,25.8649
09-10-2015,25.8798
08-10-2015,25.6858
07-10-2015,25.8157
06-10-2015,25.7632
05-10-2015,25.6314
01-10-2015,25.1064
30-09-2015,24.8901
29-09-2015,24.677
28-09-2015,24.6631
24-09-2015,24.7086
23-09-2015,24.5234
22-09-2015,24.3146
21-09-2015,24.666
18-09-2015,24.3687
16-09-2015,24.0752
15-09-2015,24.0706
14-09-2015,24.1867
11-09-2015,24.0703
10-09-2015,23.932
09-09-2015,24.0057
08-09-2015,23.552
07-09-2015,23.4275
04-09-2015,23.9007
03-09-2015,24.4511
02-09-2015,24.1216
01-09-2015,24.0984
31-08-2015,24.6852
28-08-2015,24.6366
27-08-2015,24.6688
26-08-2015,24.017
25-08-2015,24.0416
24-08-2015,23.8973
21-08-2015,26.0577
20-08-2015,26.1216
19-08-2015,26.6571
18-08-2015,26.4189
17-08-2015,26.1187
14-08-2015,26.0604
13-08-2015,25.5183
12-08-2015,25.9084
11-08-2015,26.5489
10-08-2015,27.0093
07-08-2015,27.1267
06-08-2015,26.8507
05-08-2015,26.8815
04-08-2015,26.6889
03-08-2015,26.3825
31-07-2015,26.0611
30-07-2015,25.9019
29-07-2015,25.6832
28-07-2015,25.2319
27-07-2015,25.256
24-07-2015,25.5163
23-07-2015,25.7257
22-07-2015,25.5813
21-07-2015,25.3172
20-07-2015,25.7492
17-07-2015,25.6603
16-07-2015,25.4959
15-07-2015,25.3287
14-07-2015,25.0973
13-07-2015,24.9444
10-07-2015,24.5552
09-07-2015,24.5175
08-07-2015,24.4361
07-07-2015,24.776
06-07-2015,24.5811
03-07-2015,24.3074
02-07-2015,24.2152
01-07-2015,24.1032
30-06-2015,23.7989
29-06-2015,23.6158
26-06-2015,23.8968
25-06-2015,23.8185
24-06-2015,23.7873
23-06-2015,23.859
22-06-2015,23.7683
19-06-2015,23.4495
18-06-2015,23.3218
17-06-2015,22.9999
16-06-2015,22.7692
15-06-2015,22.6883
12-06-2015,22.6172
11-06-2015,22.6624
10-06-2015,22.897
09-06-2015,22.7047
08-06-2015,22.8142
05-06-2015,23.0791
04-06-2015,22.9951
03-06-2015,23.0154
02-06-2015,23.5739
01-06-2015,24.0346
29-05-2015,24.1058
28-05-2015,23.8329
27-05-2015,23.8864
26-05-2015,23.9491
25-05-2015,23.9567
22-05-2015,24.0002
21-05-2015,23.9786
20-05-2015,23.9529
19-05-2015,23.9493
18-05-2015,23.9774
15-05-2015,23.6663
14-05-2015,23.4644
13-05-2015,23.2368
12-05-2015,23.06
11-05-2015,23.471
08-05-2015,23.1728
07-05-2015,22.6826
06-05-2015,23.2301
05-05-2015,23.8763
04-05-2015,23.8861
30-04-2015,23.5257
29-04-2015,23.6301
28-04-2015,23.5697
27-04-2015,23.2601
24-04-2015,23.8519
23-04-2015,24.4901
22-04-2015,24.3831
21-04-2015,24.3976
20-04-2015,24.4033
17-04-2015,24.975
16-04-2015,25.2449
15-04-2015,25.4044
13-04-2015,25.4153
10-04-2015,25.3238
09-04-2015,25.178
08-04-2015,24.8822
07-04-2015,24.5454
06-04-2015,24.5444
01-04-2015,24.4723
31-03-2015,24.1167
30-03-2015,23.8705
27-03-2015,23.3433
26-03-2015,23.2025
25-03-2015,23.2943
24-03-2015,23.5022
23-03-2015,23.6026
20-03-2015,23.8831
19-03-2015,24.2066
18-03-2015,24.4171
17-03-2015,24.3955
16-03-2015,24.1836
13-03-2015,24.3988
12-03-2015,24.7876
11-03-2015,24.6084
10-03-2015,24.7424
09-03-2015,24.7477
05-03-2015,25.0927
04-03-2015,24.915
03-03-2015,25.2607
02-03-2015,24.9194
27-02-2015,24.6008
26-02-2015,24.2686
25-02-2015,24.4463
24-02-2015,24.5566
23-02-2015,24.712
20-02-2015,24.8547
19-02-2015,24.7723
18-02-2015,24.799
16-02-2015,24.709
13-02-2015,24.7766
12-02-2015,24.6312
11-02-2015,24.4288
10-02-2015,24.1873
09-02-2015,24.165
06-02-2015,24.3953
05-02-2015,24.78
04-02-2015,25.0136
03-02-2015,25.0684
02-02-2015,25.0944
30-01-2015,25.1347
29-01-2015,25.3676
28-01-2015,25.3998
27-01-2015,25.5215
23-01-2015,25.3956
22-01-2015,25.5638
21-01-2015,25.4423
20-01-2015,25.4549
19-01-2015,25.5108
16-01-2015,25.4121
15-01-2015,25.3074
14-01-2015,24.9314
13-01-2015,24.945
12-01-2015,25.0482
09-01-2015,24.7077
08-01-2015,24.553
07-01-2015,24.0634
06-01-2015,23.9076
05-01-2015,24.5026
02-01-2015,24.4393
01-01-2015,24.2852
31-12-2014,24.0917
30-12-2014,23.799
29-12-2014,23.6852
26-12-2014,23.4574
24-12-2014,23.3954
23-12-2014,23.3388
22-12-2014,23.3797
19-12-2014,23.2931
18-12-2014,23.1415
17-12-2014,22.5202
16-12-2014,22.6786
15-12-2014,23.4033
12-12-2014,23.2341
11-12-2014,23.3813
10-12-2014,23.4376
09-12-2014,23.2199
08-12-2014,23.485
05-12-2014,23.684
04-12-2014,23.5558
03-12-2014,23.4484
02-12-2014,23.1757
01-12-2014,22.9909
28-11-2014,23.054
27-11-2014,22.9478
26-11-2014,22.8646
25-11-2014,22.8103
24-11-2014,23.1655
21-11-2014,23.1957
20-11-2014,23.2509
19-11-2014,23.2937
18-11-2014,23.4318
17-11-2014,23.2107
14-11-2014,23.0616
13-11-2014,23.0765
12-11-2014,23.2487
11-11-2014,23.1059
10-11-2014,22.9774
07-11-2014,22.9905
05-11-2014,23.1425
03-11-2014,22.9248
31-10-2014,22.6852
30-10-2014,22.4968
29-10-2014,22.3288
28-10-2014,22.2488
27-10-2014,22.1907
22-10-2014,22.1127
21-10-2014,21.9474
20-10-2014,21.796
17-10-2014,21.6239
16-10-2014,21.6703
14-10-2014,22.0026
13-10-2014,21.9192
10-10-2014,21.8848
09-10-2014,22.0961
08-10-2014,21.7769
07-10-2014,21.7715
01-10-2014,21.971
30-09-2014,22.0198
29-09-2014,21.8132
26-09-2014,21.5565
25-09-2014,21.431
24-09-2014,21.8933
23-09-2014,22.0643
22-09-2014,22.4476
19-09-2014,22.3367
18-09-2014,22.2474
17-09-2014,21.7617
16-09-2014,21.6839
15-09-2014,22.5106
12-09-2014,22.4176
11-09-2014,22.2416
10-09-2014,22.0134
09-09-2014,21.9616
08-09-2014,21.7773
05-09-2014,21.2817
04-09-2014,21.122
03-09-2014,21.0235
02-09-2014,20.9229
01-09-2014,20.6494
28-08-2014,20.3492
27-08-2014,20.4272
26-08-2014,20.0261
25-08-2014,20.0579
22-08-2014,20.153
21-08-2014,20.1063
20-08-2014,20.0935
19-08-2014,19.7622
18-08-2014,19.4238
14-08-2014,18.9361
13-08-2014,18.8279
12-08-2014,19.0907
11-08-2014,19.0302
08-08-2014,18.9274
07-08-2014,19.2389
06-08-2014,19.2612
05-08-2014,19.1943
04-08-2014,18.9663
01-08-2014,18.7846
31-07-2014,18.8754
30-07-2014,18.8003
28-07-2014,18.8314
25-07-2014,18.9636
24-07-2014,19.3797
23-07-2014,19.3243
22-07-2014,19.2814
21-07-2014,19.3043
18-07-2014,19.2582
17-07-2014,19.293
16-07-2014,19.0528
15-07-2014,18.7164
14-07-2014,18.3277
11-07-2014,18.3491
10-07-2014,18.8289
09-07-2014,18.6221
08-07-2014,18.9999
07-07-2014,19.6644
04-07-2014,19.8088
03-07-2014,19.6143
02-07-2014,19.5312
01-07-2014,19.3111
30-06-2014,19.1947
27-06-2014,18.9148
26-06-2014,18.6477
25-06-2014,18.7114
24-06-2014,18.5867
23-06-2014,18.306
20-06-2014,18.104
19-06-2014,18.1243
18-06-2014,18.0479
17-06-2014,17.9709
16-06-2014,17.5879
13-06-2014,17.5385
12-06-2014,17.9576
11-06-2014,17.9352
10-06-2014,18.0081
09-06-2014,18.0626
06-06-2014,17.7852
05-06-2014,17.5324
04-06-2014,17.2595
03-06-2014,16.898
02-06-2014,16.7585
30-05-2014,16.4398
29-05-2014,16.4293
28-05-2014,16.4149
27-05-2014,16.1935
26-05-2014,16.1909
23-05-2014,16.6055
22-05-2014,16.3837
21-05-2014,16.0481
20-05-2014,15.8108
19-05-2014,15.4201
16-05-2014,14.9447
15-05-2014,14.7186
14-05-2014,14.6915
13-05-2014,14.5303
12-05-2014,14.4016
09-05-2014,14.3673
08-05-2014,14.2221
07-05-2014,14.1017
06-05-2014,14.1761
05-05-2014,14.012
02-05-2014,13.867
30-04-2014,13.7869
29-04-2014,13.9458
28-04-2014,13.9623
25-04-2014,13.8657
23-04-2014,13.9921
22-04-2014,13.9615
21-04-2014,14.0168
17-04-2014,13.7987
16-04-2014,13.5503
15-04-2014,13.7177
11-04-2014,13.8054
10-04-2014,13.7693
09-04-2014,13.6771
07-04-2014,13.481
04-04-2014,13.4883
03-04-2014,13.5752
02-04-2014,13.6963
01-04-2014,13.5044
31-03-2014,13.4125
28-03-2014,13.273
27-03-2014,13.0985
26-03-2014,12.9599
25-03-2014,12.9639
24-03-2014,12.8664
21-03-2014,12.7975
20-03-2014,12.5674
19-03-2014,12.5157
18-03-2014,12.502
14-03-2014,12.3519
13-03-2014,12.4082
12-03-2014,12.5016
11-03-2014,12.4105
10-03-2014,12.3878
07-03-2014,12.3237
06-03-2014,12.5152
05-03-2014,12.3044
04-03-2014,12.2432
03-03-2014,12.1458
28-02-2014,12.1237
26-02-2014,12.033
25-02-2014,12.0703
24-02-2014,12.0665
21-02-2014,11.9507
20-02-2014,11.7901
19-02-2014,11.7372
18-02-2014,11.6842
17-02-2014,11.5939
14-02-2014,11.5981
13-02-2014,11.6556
12-02-2014,11.8142
11-02-2014,11.7759
10-02-2014,11.7154
07-02-2014,11.6919
06-02-2014,11.7019
05-02-2014,11.7374
04-02-2014,11.6838
03-02-2014,11.6954
31-01-2014,11.7473
30-01-2014,11.5626
29-01-2014,11.7173
28-01-2014,11.7321
27-01-2014,11.7256
24-01-2014,11.9681
23-01-2014,12.2127
22-01-2014,12.204
21-01-2014,12.1866
20-01-2014,12.1021
17-01-2014,12.0026
16-01-2014,12.2687
15-01-2014,12.2883
14-01-2014,12.2917
13-01-2014,12.253
10-01-2014,12.221
09-01-2014,12.3495
08-01-2014,12.5091
07-01-2014,12.4514
06-01-2014,12.4644
03-01-2014,12.3076
02-01-2014,12.1899
01-01-2014,12.2988
31-12-2013,12.192
30-12-2013,12.1234
27-12-2013,12.0868
26-12-2013,12.0614
24-12-2013,11.9507
23-12-2013,11.8915
20-12-2013,11.715
19-12-2013,11.487
18-12-2013,11.4491
17-12-2013,11.2557
16-12-2013,11.2498
13-12-2013,11.1765
12-12-2013,11.2552
11-12-2013,11.2607
10-12-2013,11.2805
09-12-2013,11.33
06-12-2013,11.3242
05-12-2013,11.2667
04-12-2013,11.3181
03-12-2013,11.2292
02-12-2013,11.2339
29-11-2013,11.117
28-11-2013,11.008
27-11-2013,10.9261
26-11-2013,10.9022
25-11-2013,10.8911
22-11-2013,10.7684
21-11-2013,10.7176
20-11-2013,10.79
19-11-2013,10.6966
18-11-2013,10.5964
14-11-2013,10.508
13-11-2013,10.4234
12-11-2013,10.5024
11-11-2013,10.5394
08-11-2013,10.6089
07-11-2013,10.556
06-11-2013,10.6498
05-11-2013,10.5538
01-11-2013,10.3442
31-10-2013,10.2491
30-10-2013,10.1762
29-10-2013,10.122
28-10-2013,10.0048
25-10-2013,10.0436
24-10-2013,9.9884
23-10-2013,9.9402
22-10-2013,9.9353
21-10-2013,9.797
18-10-2013,9.6713
17-10-2013,9.5973
15-10-2013,9.595
14-10-2013,9.6627
11-10-2013,9.5959
10-10-2013,9.6146
09-10-2013,9.4746
08-10-2013,9.4416
07-10-2013,9.3582
04-10-2013,9.2125
03-10-2013,9.1626
01-10-2013,9.1082
30-09-2013,9.0868
27-09-2013,9.0661
26-09-2013,9.0326
25-09-2013,9.0364
24-09-2013,8.9939
23-09-2013,8.9719
20-09-2013,9.0183
19-09-2013,9.068
18-09-2013,8.9209
17-09-2013,8.917
16-09-2013,8.9496
13-09-2013,9.0023
12-09-2013,8.9783
11-09-2013,8.9081
10-09-2013,8.8458
06-09-2013,8.7281
05-09-2013,8.6903
04-09-2013,8.6227
03-09-2013,8.562
02-09-2013,8.6523
30-08-2013,8.6304
29-08-2013,8.6324
28-08-2013,8.5563
27-08-2013,8.6034
26-08-2013,8.7394
23-08-2013,8.7154
22-08-2013,8.6545
21-08-2013,8.6244
20-08-2013,8.6747
19-08-2013,8.6636
16-08-2013,8.768
14-08-2013,8.9459
13-08-2013,8.924
12-08-2013,8.8084
08-08-2013,8.6894
07-08-2013,8.6232
06-08-2013,8.5676
05-08-2013,8.7514
02-08-2013,8.6875
01-08-2013,8.7635
31-07-2013,8.8468
30-07-2013,8.897
29-07-2013,9.051
26-07-2013,9.1387
25-07-2013,9.1708
24-07-2013,9.2163
23-07-2013,9.3321
22-07-2013,9.317
19-07-2013,9.3431
18-07-2013,9.3971
17-07-2013,9.3364
16-07-2013,9.3712
15-07-2013,9.4433
12-07-2013,9.3965
11-07-2013,9.3389
10-07-2013,9.2927
09-07-2013,9.2575
08-07-2013,9.1662
05-07-2013,9.1743
04-07-2013,9.1982
03-07-2013,9.1437
02-07-2013,9.2621
01-07-2013,9.2745
28-06-2013,9.1566
27-06-2013,9.0584
26-06-2013,8.9832
25-06-2013,9.0399
24-06-2013,9.0532
21-06-2013,9.1953
20-06-2013,9.2525
19-06-2013,9.3803
18-06-2013,9.3735
17-06-2013,9.3378
14-06-2013,9.2856
13-06-2013,9.2204
12-06-2013,9.2786
11-06-2013,9.2995
10-06-2013,9.4637
07-06-2013,9.4965
06-06-2013,9.5735
05-06-2013,9.4859
04-06-2013,9.4701
03-06-2013,9.4783
31-05-2013,9.4295
30-05-2013,9.5479
29-05-2013,9.5358
28-05-2013,9.6095
27-05-2013,9.6126
24-05-2013,9.5105
23-05-2013,9.4785
22-05-2013,9.6261
21-05-2013,9.6619
20-05-2013,9.728
17-05-2013,9.7537
16-05-2013,9.7508
15-05-2013,9.763
14-05-2013,9.6945
13-05-2013,9.6768
10-05-2013,9.727
09-05-2013,9.6685
08-05-2013,9.6789
07-05-2013,9.6665
06-05-2013,9.6385
03-05-2013,9.5862
02-05-2013,9.5772
30-04-2013,9.5755
29-04-2013,9.5482
26-04-2013,9.4699
25-04-2013,9.5384
23-04-2013,9.5722
22-04-2013,9.5842
18-04-2013,9.5308
17-04-2013,9.4903
16-04-2013,9.4609
15-04-2013,9.3553
12-04-2013,9.3393
11-04-2013,9.3881
10-04-2013,9.3611
09-04-2013,9.3161
08-04-2013,9.4229
05-04-2013,9.471
04-04-2013,9.4723
03-04-2013,9.5936
02-04-2013,9.6545
01-04-2013,9.4877
28-03-2013,9.3407
26-03-2013,9.2529
25-03-2013,9.1953
22-03-2013,9.2279
21-03-2013,9.2864
20-03-2013,9.3912
19-03-2013,9.5891
18-03-2013,9.6506
15-03-2013,9.6825
14-03-2013,9.7746
13-03-2013,9.7579
12-03-2013,9.8695
11-03-2013,9.8897
08-03-2013,9.8262
07-03-2013,9.7668
06-03-2013,9.7342
05-03-2013,9.6394
04-03-2013,9.506
01-03-2013,9.6368
28-02-2013,9.6372
27-02-2013,9.7707
26-02-2013,9.7441
25-02-2013,9.9155
22-02-2013,9.971
21-02-2013,9.9519
20-02-2013,10.0681
19-02-2013,10.0428
18-02-2013,9.9601
15-02-2013,9.9057
14-02-2013,9.9345
13-02-2013,10.0197
12-02-2013,10.1183
11-02-2013,10.1638
08-02-2013,10.1338
07-02-2013,10.1822
06-02-2013,10.2511
05-02-2013,10.1847
04-02-2013,10.2369
01-02-2013,10.2847
31-01-2013,10.3029
30-01-2013,10.3042
29-01-2013,10.3139
28-01-2013,10.3169
25-01-2013,10.3727
24-01-2013,10.3138
23-01-2013,10.4796
22-01-2013,10.532
21-01-2013,10.5562
18-01-2013,10.5932
17-01-2013,10.7347
16-01-2013,10.7084
15-01-2013,10.8401
14-01-2013,10.8297
11-01-2013,10.7701
10-01-2013,10.9079
09-01-2013,10.9638
08-01-2013,10.9734
07-01-2013,11.0214
04-01-2013,10.9824
03-01-2013,11.0145
02-01-2013,11.014
01-01-2013,10.9933
31-12-2012,10.8967
28-12-2012,10.8317
27-12-2012,10.789
26-12-2012,10.8001
24-12-2012,10.773
21-12-2012,10.7861
20-12-2012,10.9259
19-12-2012,10.943
18-12-2012,10.8781
17-12-2012,10.8616
14-12-2012,10.8391
13-12-2012,10.836
12-12-2012,10.9152
11-12-2012,10.9322
10-12-2012,11.018
07-12-2012,10.9675
06-12-2012,10.9557
05-12-2012,10.9394
04-12-2012,10.9304
03-12-2012,10.8985
30-11-2012,10.8379
29-11-2012,10.7834
27-11-2012,10.7111
26-11-2012,10.6861
23-11-2012,10.5366
22-11-2012,10.5363
21-11-2012,10.4705
20-11-2012,10.4626
19-11-2012,10.5512
16-11-2012,10.6362
15-11-2012,10.7103
12-11-2012,10.6492
09-11-2012,10.628
08-11-2012,10.7164
07-11-2012,10.748
06-11-2012,10.6828
05-11-2012,10.6451
02-11-2012,10.6591
01-11-2012,10.6331
31-10-2012,10.5595
30-10-2012,10.5298
29-10-2012,10.618
26-10-2012,10.7402
25-10-2012,10.8558
23-10-2012,10.8546
22-10-2012,10.9134
19-10-2012,10.9453
18-10-2012,10.8961
17-10-2012,10.761
16-10-2012,10.776
15-10-2012,10.7655
12-10-2012,10.6405
11-10-2012,10.6085
10-10-2012,10.5428
09-10-2012,10.6698
08-10-2012,10.5505
05-10-2012,10.5457
04-10-2012,10.6096
03-10-2012,10.6086
01-10-2012,10.4548
28-09-2012,10.3017
27-09-2012,10.2079
26-09-2012,10.1558
25-09-2012,10.1082
24-09-2012,10.0898
21-09-2012,10.0428
20-09-2012,9.913
18-09-2012,9.9341
17-09-2012,9.8492
14-09-2012,9.8687
13-09-2012,9.8735
12-09-2012,9.8805
11-09-2012,9.8232
10-09-2012,9.747
07-09-2012,9.708
06-09-2012,9.6206
05-09-2012,9.5932
04-09-2012,9.6056
03-09-2012,9.5607
31-08-2012,9.5129
30-08-2012,9.4697
29-08-2012,9.4044
28-08-2012,9.5093
27-08-2012,9.6406
24-08-2012,9.7003
23-08-2012,9.7542
22-08-2012,9.7305
21-08-2012,9.7403
17-08-2012,9.6944
16-08-2012,9.6995
14-08-2012,9.6691
13-08-2012,9.6699
10-08-2012,9.6186
09-08-2012,9.6134
08-08-2012,9.5693
07-08-2012,9.5154
06-08-2012,9.503
03-08-2012,9.4612
02-08-2012,9.4016
01-08-2012,9.3828
31-07-2012,9.3406
30-07-2012,9.2797
27-07-2012,9.1875
26-07-2012,9.3197
25-07-2012,9.3993
24-07-2012,9.4152
23-07-2012,9.3671
20-07-2012,9.4936
19-07-2012,9.5322
18-07-2012,9.501
17-07-2012,9.4882
16-07-2012,9.5329
13-07-2012,9.517
12-07-2012,9.5125
11-07-2012,9.5466
10-07-2012,9.5357
09-07-2012,9.4675
06-07-2012,9.5232
05-07-2012,9.5232
04-07-2012,9.4289
03-07-2012,9.3721
02-07-2012,9.3363
29-06-2012,9.2486
28-06-2012,9.1274
27-06-2012,9.1219
26-06-2012,9.0956
25-06-2012,9.1051
22-06-2012,9.0906
21-06-2012,9.0716
20-06-2012,9.0019
19-06-2012,8.9448
18-06-2012,8.9201
15-06-2012,8.9548
14-06-2012,8.9323
13-06-2012,8.9811
12-06-2012,8.9648
11-06-2012,8.9416
08-06-2012,8.978
07-06-2012,8.9759
06-06-2012,8.9596
05-06-2012,8.8309
04-06-2012,8.8232
01-06-2012,8.795
31-05-2012,8.8655
30-05-2012,8.8464
29-05-2012,8.9079
28-05-2012,8.8312
25-05-2012,8.735
24-05-2012,8.6842
23-05-2012,8.6515
22-05-2012,8.7276
21-05-2012,8.752
18-05-2012,8.669
17-05-2012,8.6587
16-05-2012,8.666
15-05-2012,8.7214
14-05-2012,8.7302
11-05-2012,8.7835
10-05-2012,8.867
09-05-2012,8.8305
08-05-2012,8.9531
07-05-2012,9.0336
04-05-2012,8.9556
03-05-2012,9.1046
02-05-2012,9.2032
30-04-2012,9.164
27-04-2012,9.0903
26-04-2012,9.0997
25-04-2012,9.1393
24-04-2012,9.1941
23-04-2012,9.2027
20-04-2012,9.3276
19-04-2012,9.3536
18-04-2012,9.3564
17-04-2012,9.296
16-04-2012,9.237
13-04-2012,9.1621
12-04-2012,9.2484
11-04-2012,9.197
10-04-2012,9.2186
09-04-2012,9.2306
04-04-2012,9.2871
03-04-2012,9.261
02-04-2012,9.202
30-03-2012,9.1203
29-03-2012,8.9398
28-03-2012,8.9388
27-03-2012,8.9688
26-03-2012,8.9603
23-03-2012,9.0803
22-03-2012,9.0388
21-03-2012,9.1392
20-03-2012,8.9919
19-03-2012,8.9649
16-03-2012,9.0029
15-03-2012,9.0991
14-03-2012,9.1357
13-03-2012,9.111
12-03-2012,9.0014
09-03-2012,8.9363
07-03-2012,8.8231
06-03-2012,8.8619
05-03-2012,8.9294
02-03-2012,8.984
01-03-2012,8.9567
29-02-2012,8.9869
28-02-2012,8.9176
27-02-2012,8.7481
24-02-2012,8.9751
23-02-2012,8.9987
22-02-2012,9.0742
21-02-2012,9.3646
17-02-2012,9.3336
16-02-2012,9.3068
15-02-2012,9.2158
14-02-2012,9.0979
13-02-2012,9.04
10-02-2012,9.0464
09-02-2012,9.0467
08-02-2012,8.975
07-02-2012,8.904
06-02-2012,8.9455
03-02-2012,8.8503
02-02-2012,8.7658
01-02-2012,8.6928
31-01-2012,8.5827
30-01-2012,8.4975
27-01-2012,8.5859
25-01-2012,8.5276
24-01-2012,8.4692
23-01-2012,8.3451
20-01-2012,8.3168
19-01-2012,8.2946
18-01-2012,8.2117
17-01-2012,8.2349
16-01-2012,8.1851
13-01-2012,8.196
12-01-2012,8.1298
11-01-2012,8.1223
10-01-2012,8.0706
09-01-2012,7.9286
06-01-2012,7.8063
05-01-2012,7.8386
04-01-2012,7.8382
03-01-2012,7.8113
02-01-2012,7.6763
30-12-2011,7.6796
29-12-2011,7.6429
28-12-2011,7.6512
27-12-2011,7.7345
26-12-2011,7.7631
23-12-2011,7.7311
22-12-2011,7.6752
21-12-2011,7.655
20-12-2011,7.6005
19-12-2011,7.6835
16-12-2011,7.8354
15-12-2011,7.9176
14-12-2011,8.0265
13-12-2011,8.092
12-12-2011,8.1447
09-12-2011,8.2904
08-12-2011,8.3226
07-12-2011,8.425
05-12-2011,8.4279
02-12-2011,8.4034
01-12-2011,8.3291
30-11-2011,8.2584
29-11-2011,8.332
28-11-2011,8.3631
25-11-2011,8.2307
24-11-2011,8.197
23-11-2011,8.1408
22-11-2011,8.2757
21-11-2011,8.257
18-11-2011,8.3054
17-11-2011,8.399
16-11-2011,8.4811
15-11-2011,8.556
14-11-2011,8.7344
11-11-2011,8.8486
09-11-2011,8.9489
08-11-2011,9.0272
04-11-2011,9.086
03-11-2011,9.0779
02-11-2011,9.0525
01-11-2011,9.0503
31-10-2011,9.1126
28-10-2011,9.1051
25-10-2011,8.8964
24-10-2011,8.9156
21-10-2011,8.9756
20-10-2011,9.0262
19-10-2011,9.0309
18-10-2011,9.0037
17-10-2011,9.0676
14-10-2011,9.0127
13-10-2011,8.9713
12-10-2011,8.9414
11-10-2011,8.8272
10-10-2011,8.792
07-10-2011,8.7348
05-10-2011,8.6256
04-10-2011,8.6748
03-10-2011,8.7412
30-09-2011,8.9023
29-09-2011,8.9764
28-09-2011,8.9861
27-09-2011,9.0274
26-09-2011,8.8983
23-09-2011,8.974
22-09-2011,9.037
21-09-2011,9.243
20-09-2011,9.1641
19-09-2011,9.0994
16-09-2011,9.125
15-09-2011,9.106
14-09-2011,9.0631
13-09-2011,9.0316
12-09-2011,9.0468
09-09-2011,9.1637
08-09-2011,9.2379
07-09-2011,9.1638
06-09-2011,9.0075
05-09-2011,8.9624
02-09-2011,8.9905
30-08-2011,8.9526
29-08-2011,8.822
26-08-2011,8.6251
25-08-2011,8.7904
24-08-2011,8.8544
23-08-2011,8.8541
22-08-2011,8.7791
19-08-2011,8.7267
18-08-2011,8.8555
17-08-2011,9.0298
16-08-2011,9.1319
12-08-2011,9.2669
11-08-2011,9.3044
10-08-2011,9.3333
09-08-2011,9.2065
08-08-2011,9.3224
05-08-2011,9.5163
04-08-2011,9.7587
03-08-2011,9.8101
02-08-2011,9.8242
01-08-2011,9.9679
29-07-2011,9.952
28-07-2011,10.0146
27-07-2011,10.1285
26-07-2011,10.1257
25-07-2011,10.1852
22-07-2011,10.1371
21-07-2011,10.0018
20-07-2011,10.0257
19-07-2011,10.0855
18-07-2011,9.9956
15-07-2011,9.9785
14-07-2011,9.9499
13-07-2011,9.8888
12-07-2011,9.7938
11-07-2011,9.8785
08-07-2011,9.9047
07-07-2011,9.9902
06-07-2011,9.8654
05-07-2011,9.8284
04-07-2011,9.8038
01-07-2011,9.7283
30-06-2011,9.6731
29-06-2011,9.614
28-06-2011,9.5653
27-06-2011,9.5532
24-06-2011,9.481
23-06-2011,9.3434
22-06-2011,9.3651
21-06-2011,9.4212
20-06-2011,9.4168
17-06-2011,9.6102
16-06-2011,9.6861
15-06-2011,9.7224
14-06-2011,9.783
13-06-2011,9.7276
10-06-2011,9.7483
09-06-2011,9.7686
08-06-2011,9.7815
07-06-2011,9.7639
06-06-2011,9.7111
03-06-2011,9.7407
02-06-2011,9.763
01-06-2011,9.8442
31-05-2011,9.8506
30-05-2011,9.7233
27-05-2011,9.6692
26-05-2011,9.5788
25-05-2011,9.545
24-05-2011,9.5924
23-05-2011,9.5784
20-05-2011,9.6711
19-05-2011,9.6322
18-05-2011,9.6712
17-05-2011,9.7377
16-05-2011,9.7746
13-05-2011,9.8509
12-05-2011,9.808
11-05-2011,9.8733
10-05-2011,9.8212
09-05-2011,9.7914
06-05-2011,9.7505
05-05-2011,9.6757
04-05-2011,9.7394
03-05-2011,9.7615
02-05-2011,9.9119
29-04-2011,9.984
28-04-2011,10.1198
27-04-2011,10.1489
26-04-2011,10.101
25-04-2011,10.0752
21-04-2011,10.0449
20-04-2011,10.0368
19-04-2011,9.9211
18-04-2011,9.9178
15-04-2011,9.9885
13-04-2011,9.9825
11-04-2011,9.8975
08-04-2011,9.9522
07-04-2011,10.0263
06-04-2011,9.9407
05-04-2011,9.8976
04-04-2011,9.7885
01-04-2011,9.6237
31-03-2011,9.5113
30-03-2011,9.5064
29-03-2011,9.3631
28-03-2011,9.3752
25-03-2011,9.3381
24-03-2011,9.2772
23-03-2011,9.2021
22-03-2011,9.145
21-03-2011,9.1189
18-03-2011,9.107
17-03-2011,9.1632
16-03-2011,9.1773
15-03-2011,9.0936
14-03-2011,9.181
11-03-2011,9.1656
10-03-2011,9.2173
09-03-2011,9.2374
08-03-2011,9.1933
07-03-2011,9.1507
04-03-2011,9.2147
03-03-2011,9.2119
01-03-2011,9.2268
28-02-2011,9.0699
25-02-2011,9.0894
24-02-2011,9.1511
23-02-2011,9.2944
22-02-2011,9.3316
21-02-2011,9.3752
18-02-2011,9.3418
17-02-2011,9.4521
16-02-2011,9.3774
15-02-2011,9.3306
14-02-2011,9.3163
11-02-2011,9.0991
10-02-2011,8.9684
09-02-2011,9.0079
08-02-2011,9.2389
07-02-2011,9.3728
04-02-2011,9.4242
03-02-2011,9.5054
02-02-2011,9.4207
01-02-2011,9.3811
31-01-2011,9.4717
28-01-2011,9.494
27-01-2011,9.6515
25-01-2011,9.7153
24-01-2011,9.7454
21-01-2011,9.7025
20-01-2011,9.6916
19-01-2011,9.7076
18-01-2011,9.6828
17-01-2011,9.6783
14-01-2011,9.7628
13-01-2011,9.8457
12-01-2011,9.9147
11-01-2011,9.7989
10-01-2011,9.8661
07-01-2011,10.0007
06-01-2011,10.1528
05-01-2011,10.2273
04-01-2011,10.2971
03-01-2011,10.3089
31-12-2010,10.2449
30-12-2010,10.1645
29-12-2010,10.1528
28-12-2010,10.103
27-12-2010,10.0824
24-12-2010,10.0853
23-12-2010,10.0544
22-12-2010,10.0466
21-12-2010,10.023
20-12-2010,9.9971
16-12-2010,9.9744
15-12-2010,9.9437
14-12-2010,9.9809
13-12-2010,9.902
10-12-2010,9.8046
09-12-2010,9.6625
08-12-2010,9.9156
07-12-2010,10.0278
06-12-2010,10.0952
03-12-2010,10.1311
02-12-2010,10.2316
01-12-2010,10.1534
30-11-2010,10.0445
29-11-2010,9.9564
26-11-2010,9.9276
25-11-2010,10.0698
24-11-2010,10.1583
23-11-2010,10.1997
22-11-2010,10.2546
19-11-2010,10.1718
18-11-2010,10.2646
16-11-2010,10.2847
15-11-2010,10.3989
12-11-2010,10.4239
11-11-2010,10.5185
10-11-2010,10.5615
09-11-2010,10.5439
08-11-2010,10.5127
04-11-2010,10.4422
03-11-2010,10.3612
02-11-2010,10.3074
01-11-2010,10.3262
29-10-2010,10.2859
28-10-2010,10.3496
27-10-2010,10.3375
26-10-2010,10.294
25-10-2010,10.297
22-10-2010,10.2112
21-10-2010,10.1764
20-10-2010,10.1317
19-10-2010,10.093
18-10-2010,10.077
15-10-2010,10.1155
14-10-2010,10.1637
13-10-2010,10.1841
12-10-2010,10.133
11-10-2010,10.1266
08-10-2010,10.0879
07-10-2010,10.0805
06-10-2010,10.0927
05-10-2010,10.045
04-10-2010,10.0316
01-10-2010,10.0175
30-09-2010,9.9998
29-09-2010,9.9983
28-09-2010,9.992
27-09-2010,9.9986
24-09-2010,10.0063
23-09-2010,9.9983
22-09-2010,9.9922
21-09-2010,9.9921
16-09-2010,10
