Historical Mutual Fund NAV of SBI Small Cap Fund - Regular Plan - Growth,
scheme:- SBI Small Cap Fund - Regular Plan - Growth,
Start Date:- 09-09-2009,
End Date:- 23-11-2020,
NAV Date,NAV (Rs)
23-11-2020,65.2776
20-11-2020,64.7145
19-11-2020,64.3831
18-11-2020,64.1588
17-11-2020,63.4099
13-11-2020,62.1706
12-11-2020,61.4304
11-11-2020,61.0483
10-11-2020,60.892
09-11-2020,60.962
06-11-2020,60.2252
05-11-2020,59.8625
04-11-2020,59.2293
03-11-2020,58.8694
02-11-2020,58.5802
30-10-2020,58.6616
29-10-2020,58.5087
28-10-2020,58.7417
27-10-2020,58.8934
26-10-2020,58.7632
23-10-2020,59.015
22-10-2020,58.5673
21-10-2020,58.4187
20-10-2020,58.3764
19-10-2020,58.4498
16-10-2020,57.9914
15-10-2020,57.3242
14-10-2020,58.155
13-10-2020,57.6086
12-10-2020,57.5127
09-10-2020,58.0036
08-10-2020,58.1802
07-10-2020,58.7506
06-10-2020,58.898
05-10-2020,58.9837
01-10-2020,58.7656
30-09-2020,58.4857
29-09-2020,58.3297
28-09-2020,58.2722
25-09-2020,57.2848
24-09-2020,56.518
23-09-2020,57.4909
22-09-2020,57.5923
21-09-2020,58.642
18-09-2020,60.2569
17-09-2020,60.7714
16-09-2020,61.1644
15-09-2020,60.999
14-09-2020,60.372
11-09-2020,57.72
10-09-2020,57.7649
09-09-2020,56.8617
08-09-2020,57.5006
07-09-2020,57.9175
04-09-2020,57.8297
03-09-2020,58.3659
02-09-2020,58.2898
01-09-2020,57.1751
31-08-2020,57.2062
28-08-2020,59.665
27-08-2020,59.6629
26-08-2020,59.3101
25-08-2020,58.9055
24-08-2020,58.9211
21-08-2020,57.9985
20-08-2020,57.1769
19-08-2020,56.6902
18-08-2020,56.5011
17-08-2020,55.9885
14-08-2020,55.8491
13-08-2020,55.7195
12-08-2020,54.4149
11-08-2020,54.1467
10-08-2020,53.8999
07-08-2020,53.2164
06-08-2020,52.966
05-08-2020,52.3326
04-08-2020,51.9208
03-08-2020,51.4247
31-07-2020,50.7731
30-07-2020,50.5161
29-07-2020,50.6188
28-07-2020,50.7179
27-07-2020,50.9704
24-07-2020,51.5255
23-07-2020,51.4185
22-07-2020,51.0302
21-07-2020,50.9024
20-07-2020,50.4273
17-07-2020,50.1034
16-07-2020,49.8456
15-07-2020,50.0263
14-07-2020,49.8439
13-07-2020,50.1052
10-07-2020,50.476
09-07-2020,50.531
08-07-2020,50.0846
07-07-2020,50.4767
06-07-2020,50.3493
03-07-2020,49.5694
02-07-2020,49.1362
01-07-2020,48.7605
30-06-2020,48.5502
29-06-2020,48.6649
26-06-2020,49.1418
25-06-2020,48.8989
24-06-2020,48.9541
23-06-2020,49.2899
22-06-2020,48.9721
19-06-2020,48.1364
18-06-2020,47.4195
17-06-2020,46.8745
16-06-2020,46.6868
15-06-2020,46.9061
12-06-2020,46.7836
11-06-2020,46.5809
10-06-2020,47.2904
09-06-2020,47.071
08-06-2020,47.6006
05-06-2020,47.198
04-06-2020,46.7373
03-06-2020,46.8993
02-06-2020,46.2197
01-06-2020,45.4229
29-05-2020,44.0577
28-05-2020,43.3863
27-05-2020,42.8282
26-05-2020,42.7229
22-05-2020,42.5393
21-05-2020,42.8916
20-05-2020,42.5817
19-05-2020,42.0941
18-05-2020,42.2366
15-05-2020,43.2123
14-05-2020,43.1215
13-05-2020,43.7695
12-05-2020,42.9488
11-05-2020,43.2189
08-05-2020,43.3019
07-05-2020,43.655
06-05-2020,43.7941
05-05-2020,43.7628
04-05-2020,44.2127
30-04-2020,45.5101
29-04-2020,45.063
28-04-2020,44.6165
27-04-2020,44.3011
24-04-2020,44.1191
23-04-2020,44.8267
22-04-2020,44.5158
21-04-2020,44.0388
20-04-2020,45.0611
17-04-2020,44.1929
16-04-2020,43.3278
15-04-2020,43.0137
13-04-2020,42.7513
09-04-2020,43.1402
08-04-2020,42.2002
07-04-2020,41.6052
03-04-2020,40.2979
01-04-2020,40.3738
31-03-2020,40.8575
30-03-2020,39.809
27-03-2020,40.8191
26-03-2020,40.3103
25-03-2020,39.0073
24-03-2020,38.0581
23-03-2020,38.1066
20-03-2020,42.2027
19-03-2020,41.7586
18-03-2020,43.4331
17-03-2020,46.0723
16-03-2020,46.9613
13-03-2020,49.0483
12-03-2020,49.0541
11-03-2020,52.2905
09-03-2020,52.3886
06-03-2020,54.0127
05-03-2020,54.706
04-03-2020,54.2997
03-03-2020,55.1061
02-03-2020,54.8619
28-02-2020,54.8807
27-02-2020,56.3967
26-02-2020,56.468
25-02-2020,56.8729
24-02-2020,57.053
20-02-2020,57.595
19-02-2020,57.493
18-02-2020,56.8481
17-02-2020,57.3002
14-02-2020,57.4859
13-02-2020,57.4658
12-02-2020,57.4562
11-02-2020,57.4455
10-02-2020,57.1855
07-02-2020,57.5679
06-02-2020,57.3595
05-02-2020,57.3351
04-02-2020,57.0854
03-02-2020,56.2548
31-01-2020,57.0621
30-01-2020,57.1188
29-01-2020,57.4154
28-01-2020,57.3773
27-01-2020,57.2657
24-01-2020,57.1548
23-01-2020,56.5186
22-01-2020,56.2415
21-01-2020,56.1336
20-01-2020,56.3609
17-01-2020,56.2968
16-01-2020,55.6734
15-01-2020,55.1766
14-01-2020,54.8179
13-01-2020,54.7119
10-01-2020,54.4724
09-01-2020,54.2275
08-01-2020,53.6247
07-01-2020,53.8337
06-01-2020,53.3937
03-01-2020,54.2819
02-01-2020,54.017
01-01-2020,53.5447
31-12-2019,53.4756
30-12-2019,53.4671
27-12-2019,53.4449
26-12-2019,53.1844
24-12-2019,53.1279
23-12-2019,53.274
20-12-2019,53.3622
19-12-2019,53.031
18-12-2019,52.8683
17-12-2019,53.0442
16-12-2019,52.7456
13-12-2019,53.0333
12-12-2019,52.4967
11-12-2019,52.412
10-12-2019,52.596
09-12-2019,53.0484
06-12-2019,53.3575
05-12-2019,53.9275
04-12-2019,54.0162
03-12-2019,53.6612
02-12-2019,53.7547
29-11-2019,53.6961
28-11-2019,53.4758
27-11-2019,53.5525
26-11-2019,53.6478
25-11-2019,53.9381
22-11-2019,53.7753
21-11-2019,53.7473
20-11-2019,53.5753
19-11-2019,53.5687
18-11-2019,53.5362
15-11-2019,53.4681
14-11-2019,53.5786
13-11-2019,53.6502
11-11-2019,53.4591
08-11-2019,53.244
07-11-2019,53.6663
06-11-2019,53.5257
05-11-2019,53.8218
04-11-2019,54.2368
01-11-2019,53.7466
31-10-2019,53.4524
30-10-2019,53.0109
29-10-2019,52.9157
25-10-2019,52.2725
24-10-2019,52.3772
23-10-2019,52.292
22-10-2019,52.2435
18-10-2019,52.2694
17-10-2019,51.2571
16-10-2019,50.9469
15-10-2019,51.0604
14-10-2019,50.9836
11-10-2019,50.8554
10-10-2019,50.8055
09-10-2019,51.0766
07-10-2019,50.847
04-10-2019,50.9832
03-10-2019,51.4049
01-10-2019,51.6466
30-09-2019,52.1048
27-09-2019,52.3304
26-09-2019,52.3337
25-09-2019,51.923
24-09-2019,52.3977
23-09-2019,52.3071
20-09-2019,50.5456
19-09-2019,49.0039
18-09-2019,49.3294
17-09-2019,49.3794
16-09-2019,49.9648
13-09-2019,49.7724
12-09-2019,49.8172
11-09-2019,49.9119
09-09-2019,49.1625
06-09-2019,48.897
05-09-2019,48.5576
04-09-2019,48.4137
03-09-2019,48.2785
30-08-2019,48.6576
29-08-2019,48.4024
28-08-2019,48.7711
27-08-2019,48.8463
26-08-2019,48.3474
23-08-2019,47.6785
22-08-2019,47.4282
21-08-2019,47.8798
20-08-2019,48.2556
19-08-2019,48.3255
16-08-2019,48.3515
14-08-2019,48.0837
13-08-2019,47.4979
09-08-2019,47.9875
08-08-2019,47.6561
07-08-2019,47.5727
06-08-2019,47.447
05-08-2019,47.034
02-08-2019,47.4561
01-08-2019,47.7117
31-07-2019,48.2649
30-07-2019,47.8612
29-07-2019,48.5094
26-07-2019,48.8928
25-07-2019,48.8499
24-07-2019,49.0531
23-07-2019,49.4431
22-07-2019,49.3224
19-07-2019,49.6798
18-07-2019,50.2506
17-07-2019,50.5354
16-07-2019,50.3198
15-07-2019,50.3777
12-07-2019,50.506
11-07-2019,50.3399
10-07-2019,50.105
09-07-2019,50.3294
08-07-2019,50.4064
05-07-2019,51.0552
04-07-2019,51.6282
03-07-2019,51.5405
02-07-2019,51.6188
01-07-2019,51.4783
28-06-2019,51.4098
27-06-2019,51.2933
26-06-2019,51.1726
25-06-2019,50.7366
24-06-2019,50.4531
21-06-2019,50.7303
20-06-2019,50.7022
19-06-2019,50.3722
18-06-2019,50.6199
17-06-2019,50.8933
14-06-2019,51.434
13-06-2019,51.5584
12-06-2019,51.8469
11-06-2019,51.8585
10-06-2019,51.9219
07-06-2019,52.2537
06-06-2019,52.285
04-06-2019,52.8301
03-06-2019,52.8644
31-05-2019,52.6258
30-05-2019,52.3559
29-05-2019,52.5151
28-05-2019,52.6882
27-05-2019,52.096
24-05-2019,51.254
23-05-2019,50.3166
22-05-2019,50.4193
21-05-2019,50.4097
20-05-2019,50.7868
17-05-2019,49.4733
16-05-2019,49.3451
15-05-2019,49.4365
14-05-2019,49.5034
13-05-2019,49.2604
10-05-2019,50.0734
09-05-2019,50.0772
08-05-2019,50.2185
07-05-2019,50.6715
06-05-2019,50.8171
03-05-2019,51.1943
02-05-2019,51.2943
30-04-2019,51.3724
26-04-2019,51.5988
25-04-2019,51.6381
24-04-2019,51.5586
23-04-2019,51.3577
22-04-2019,51.2571
18-04-2019,51.9888
16-04-2019,52.3686
15-04-2019,52.3955
12-04-2019,52.1853
11-04-2019,52.0714
10-04-2019,51.9238
09-04-2019,51.9463
08-04-2019,52.1549
05-04-2019,52.2874
04-04-2019,51.9396
03-04-2019,51.9556
02-04-2019,52.2758
01-04-2019,52.4424
31-03-2019,51.9612
29-03-2019,51.9675
28-03-2019,51.1243
27-03-2019,50.8451
26-03-2019,50.7967
25-03-2019,50.4428
22-03-2019,51.0307
20-03-2019,51.1414
19-03-2019,51.4796
18-03-2019,51.2122
15-03-2019,51.2183
14-03-2019,51.3939
13-03-2019,51.5616
12-03-2019,51.6392
11-03-2019,51.1416
08-03-2019,50.3998
07-03-2019,50.1819
06-03-2019,49.7522
05-03-2019,49.2464
01-03-2019,48.0768
28-02-2019,47.4523
27-02-2019,47.3583
26-02-2019,47.612
25-02-2019,47.8147
22-02-2019,47.784
21-02-2019,47.5703
20-02-2019,47.2232
19-02-2019,46.9254
18-02-2019,46.4873
15-02-2019,46.5975
14-02-2019,46.7751
13-02-2019,46.675
12-02-2019,46.7426
11-02-2019,46.8886
08-02-2019,47.278
07-02-2019,47.5968
06-02-2019,47.2683
05-02-2019,47.4326
04-02-2019,47.7341
01-02-2019,47.983
31-01-2019,48.0344
30-01-2019,47.7131
29-01-2019,47.7607
28-01-2019,47.7915
25-01-2019,48.4641
24-01-2019,48.9243
23-01-2019,48.908
22-01-2019,49.1561
21-01-2019,49.4598
18-01-2019,49.6639
17-01-2019,49.7558
16-01-2019,49.7931
15-01-2019,49.8603
14-01-2019,49.7488
11-01-2019,49.7833
10-01-2019,49.8373
09-01-2019,49.8928
08-01-2019,49.8493
07-01-2019,50.0076
04-01-2019,49.9284
03-01-2019,50.097
02-01-2019,50.2935
01-01-2019,50.3918
31-12-2018,50.4015
28-12-2018,50.1174
27-12-2018,49.6682
26-12-2018,49.4642
24-12-2018,49.456
21-12-2018,50.115
20-12-2018,50.7315
19-12-2018,50.64
18-12-2018,50.1121
17-12-2018,49.928
14-12-2018,49.7407
13-12-2018,49.7026
12-12-2018,49.3526
11-12-2018,48.4368
10-12-2018,48.0701
07-12-2018,48.7372
06-12-2018,48.6427
05-12-2018,49.2269
04-12-2018,49.6213
03-12-2018,49.4626
30-11-2018,49.437
29-11-2018,49.2087
28-11-2018,49.1615
27-11-2018,49.1009
26-11-2018,49.0935
22-11-2018,49.3034
21-11-2018,49.3928
20-11-2018,49.4236
19-11-2018,49.7226
16-11-2018,49.2922
15-11-2018,49.3648
14-11-2018,49.5603
13-11-2018,49.3315
12-11-2018,49.3906
09-11-2018,49.7445
06-11-2018,49.1292
05-11-2018,49.1851
02-11-2018,49.3155
01-11-2018,48.8403
31-10-2018,48.6787
30-10-2018,48.2694
29-10-2018,47.785
26-10-2018,47.229
25-10-2018,47.154
24-10-2018,47.2908
23-10-2018,47.0777
22-10-2018,47.6515
19-10-2018,48.2641
17-10-2018,48.7884
16-10-2018,49.4818
15-10-2018,48.968
12-10-2018,48.6205
11-10-2018,47.8789
10-10-2018,48.5259
09-10-2018,46.939
08-10-2018,47.2417
05-10-2018,47.9765
04-10-2018,48.7862
03-10-2018,49.6893
01-10-2018,49.6585
28-09-2018,50.0713
27-09-2018,51.1333
26-09-2018,51.7673
25-09-2018,51.494
24-09-2018,51.9232
21-09-2018,53.0222
19-09-2018,54.0921
18-09-2018,54.4909
17-09-2018,55.0063
14-09-2018,55.2444
12-09-2018,54.6913
11-09-2018,54.7977
10-09-2018,55.3877
07-09-2018,55.8052
06-09-2018,55.6724
05-09-2018,55.1635
04-09-2018,55.3478
03-09-2018,56.2981
31-08-2018,56.5212
30-08-2018,55.9999
29-08-2018,55.9256
28-08-2018,55.9875
27-08-2018,55.7918
24-08-2018,55.3439
23-08-2018,55.5051
21-08-2018,55.3728
20-08-2018,55.2563
17-08-2018,55.2589
16-08-2018,54.9151
14-08-2018,54.6276
13-08-2018,54.7866
10-08-2018,55.1824
09-08-2018,55.2777
08-08-2018,55.5135
07-08-2018,55.4971
06-08-2018,55.3185
03-08-2018,54.3569
02-08-2018,53.8476
01-08-2018,53.6665
31-07-2018,53.2886
30-07-2018,52.9671
27-07-2018,52.5777
26-07-2018,51.4163
25-07-2018,51.2123
24-07-2018,51.116
23-07-2018,50.367
20-07-2018,50.0269
19-07-2018,49.9695
18-07-2018,50.2481
17-07-2018,50.7798
16-07-2018,50.6851
13-07-2018,51.5551
12-07-2018,51.7367
11-07-2018,51.8215
10-07-2018,51.7891
09-07-2018,51.6862
06-07-2018,51.064
05-07-2018,50.8538
04-07-2018,51.0318
03-07-2018,50.8559
02-07-2018,50.792
29-06-2018,50.95
28-06-2018,50.1723
27-06-2018,50.6119
26-06-2018,51.4905
25-06-2018,51.8449
22-06-2018,52.369
21-06-2018,52.3961
20-06-2018,52.7591
19-06-2018,52.85
18-06-2018,53.6153
15-06-2018,53.8091
14-06-2018,54.1615
13-06-2018,53.9876
12-06-2018,54.1671
11-06-2018,54.1259
08-06-2018,53.8018
07-06-2018,53.7642
06-06-2018,52.7348
05-06-2018,52.0143
04-06-2018,53.3016
01-06-2018,54.6
31-05-2018,55.6574
30-05-2018,56.2642
29-05-2018,56.1339
28-05-2018,56.4173
25-05-2018,55.915
24-05-2018,55.9529
23-05-2018,55.9991
22-05-2018,56.4285
21-05-2018,56.3742
18-05-2018,57.4174
17-05-2018,57.6496
16-05-2018,57.2772
15-05-2018,57.706
14-05-2018,57.7171
11-05-2018,58.5568
10-05-2018,58.708
09-05-2018,59.2252
08-05-2018,58.8639
07-05-2018,58.8864
04-05-2018,58.1307
03-05-2018,58.5123
02-05-2018,58.952
30-04-2018,59.44
27-04-2018,59.5998
26-04-2018,59.761
25-04-2018,59.0545
24-04-2018,59.0657
23-04-2018,58.8909
20-04-2018,58.5844
19-04-2018,58.6098
18-04-2018,58.2806
17-04-2018,58.4209
16-04-2018,58.5337
13-04-2018,58.1976
12-04-2018,58.3711
11-04-2018,58.2269
10-04-2018,58.3874
09-04-2018,58.1822
06-04-2018,57.7525
05-04-2018,57.2768
04-04-2018,56.5362
03-04-2018,57.0659
02-04-2018,56.4281
28-03-2018,54.9309
27-03-2018,55.583
26-03-2018,55.1719
23-03-2018,54.7337
22-03-2018,55.2135
21-03-2018,56.0416
20-03-2018,55.8886
19-03-2018,55.9841
16-03-2018,56.9193
15-03-2018,57.4134
14-03-2018,57.1175
13-03-2018,57.3119
12-03-2018,56.7528
09-03-2018,56.4275
08-03-2018,56.399
07-03-2018,56.5727
06-03-2018,57.4946
05-03-2018,58.1143
01-03-2018,58.8727
28-02-2018,58.9368
27-02-2018,59.131
26-02-2018,59.4338
23-02-2018,58.8824
22-02-2018,58.4277
21-02-2018,58.5361
20-02-2018,58.5504
19-02-2018,58.4089
16-02-2018,59.3304
15-02-2018,60.2884
14-02-2018,61.1307
12-02-2018,61.0421
09-02-2018,60.5364
08-02-2018,60.3223
07-02-2018,59.0477
06-02-2018,57.8263
05-02-2018,59.22
02-02-2018,59.1996
01-02-2018,61.2348
31-01-2018,61.4367
30-01-2018,61.7598
29-01-2018,62
25-01-2018,62.4897
24-01-2018,62.9437
23-01-2018,63.6898
22-01-2018,64.1076
19-01-2018,63.4949
18-01-2018,62.9694
17-01-2018,64.2389
16-01-2018,64.0859
15-01-2018,65.4095
12-01-2018,65.2321
11-01-2018,65.1827
10-01-2018,65.0845
09-01-2018,65.0957
08-01-2018,65.4467
05-01-2018,65.2645
04-01-2018,64.2559
03-01-2018,63.5566
02-01-2018,62.1639
01-01-2018,62.7379
29-12-2017,62.7059
28-12-2017,62.8609
27-12-2017,62.6039
26-12-2017,62.6534
22-12-2017,62.7657
21-12-2017,63.0153
20-12-2017,62.4559
19-12-2017,61.8425
18-12-2017,60.5544
15-12-2017,60.0418
14-12-2017,59.5317
13-12-2017,59.5545
12-12-2017,60.1074
11-12-2017,60.3402
08-12-2017,59.5977
07-12-2017,58.7913
06-12-2017,58.2918
05-12-2017,58.3382
04-12-2017,58.157
01-12-2017,58.3337
30-11-2017,58.766
29-11-2017,58.7488
28-11-2017,58.6547
27-11-2017,58.129
24-11-2017,57.9549
23-11-2017,57.4378
22-11-2017,56.9919
21-11-2017,56.6117
20-11-2017,56.1768
17-11-2017,55.6522
16-11-2017,55.117
15-11-2017,54.3462
14-11-2017,54.9526
13-11-2017,54.871
10-11-2017,54.8481
09-11-2017,55.1255
08-11-2017,54.3267
07-11-2017,54.6494
06-11-2017,54.9299
03-11-2017,54.6586
02-11-2017,53.8136
01-11-2017,53.044
31-10-2017,52.6104
30-10-2017,52.3055
27-10-2017,51.7676
26-10-2017,51.3945
25-10-2017,51.2593
24-10-2017,51.7637
23-10-2017,51.6017
18-10-2017,51.6871
17-10-2017,51.7973
16-10-2017,51.4878
13-10-2017,51.4547
12-10-2017,51.2903
11-10-2017,50.9887
10-10-2017,51.6361
09-10-2017,51.2706
06-10-2017,51.1238
05-10-2017,50.7785
04-10-2017,50.5822
03-10-2017,49.7113
29-09-2017,49.3745
28-09-2017,48.6872
27-09-2017,48.3045
26-09-2017,49.1102
25-09-2017,48.5145
22-09-2017,49.0408
21-09-2017,50.6623
20-09-2017,50.717
19-09-2017,50.3463
18-09-2017,49.7886
15-09-2017,49.1952
14-09-2017,48.7843
13-09-2017,48.1947
12-09-2017,48.5656
11-09-2017,48.2669
08-09-2017,48.0603
07-09-2017,47.9959
06-09-2017,47.8222
05-09-2017,47.6271
04-09-2017,47.1534
01-09-2017,47.2106
31-08-2017,46.7397
30-08-2017,46.1113
29-08-2017,45.782
28-08-2017,46.1644
24-08-2017,45.8927
23-08-2017,45.8404
22-08-2017,45.5789
21-08-2017,45.3923
18-08-2017,46.0292
17-08-2017,46.335
16-08-2017,45.974
14-08-2017,45.4195
11-08-2017,44.658
10-08-2017,44.3424
09-08-2017,45.3454
08-08-2017,45.8096
07-08-2017,46.2214
04-08-2017,45.8242
03-08-2017,45.7158
02-08-2017,46.0962
01-08-2017,46.4634
31-07-2017,46.3077
28-07-2017,46.2423
27-07-2017,45.8416
26-07-2017,46.1353
25-07-2017,45.9462
24-07-2017,45.9308
21-07-2017,45.9478
20-07-2017,46.1088
19-07-2017,45.9209
18-07-2017,45.6467
17-07-2017,45.6737
14-07-2017,45.5061
13-07-2017,45.9356
12-07-2017,45.6898
11-07-2017,45.6138
10-07-2017,45.4789
07-07-2017,45.3986
06-07-2017,45.3387
05-07-2017,45.3407
04-07-2017,45.0547
03-07-2017,44.8484
30-06-2017,44.149
29-06-2017,43.9868
28-06-2017,43.5527
27-06-2017,43.9111
23-06-2017,44.2183
22-06-2017,44.7355
21-06-2017,44.5912
20-06-2017,44.4236
19-06-2017,44.2987
16-06-2017,44.0987
15-06-2017,43.9488
14-06-2017,43.6339
13-06-2017,43.6064
12-06-2017,43.4956
09-06-2017,43.2674
08-06-2017,43.2368
07-06-2017,43.1011
06-06-2017,42.7879
05-06-2017,43.0053
02-06-2017,42.7701
01-06-2017,42.507
31-05-2017,42.485
30-05-2017,42.1493
29-05-2017,42.3561
26-05-2017,42.7702
25-05-2017,42.1667
24-05-2017,41.3315
23-05-2017,41.9778
22-05-2017,42.7811
19-05-2017,43.1444
18-05-2017,43.4758
17-05-2017,43.6826
16-05-2017,43.5703
15-05-2017,43.4918
12-05-2017,43.0342
11-05-2017,43.4687
10-05-2017,43.718
09-05-2017,43.3725
08-05-2017,43.1656
05-05-2017,42.882
04-05-2017,42.9971
03-05-2017,42.8117
02-05-2017,42.8162
28-04-2017,42.9349
27-04-2017,42.9048
26-04-2017,42.6479
25-04-2017,43.2255
24-04-2017,43.2018
21-04-2017,42.9428
20-04-2017,42.9491
19-04-2017,42.5706
18-04-2017,42.5318
17-04-2017,42.9152
13-04-2017,42.7468
12-04-2017,42.8112
11-04-2017,42.9701
10-04-2017,42.6813
07-04-2017,42.3366
06-04-2017,42.677
05-04-2017,42.5793
03-04-2017,41.3329
31-03-2017,40.8611
30-03-2017,40.7693
29-03-2017,40.4519
28-03-2017,40.4456
27-03-2017,40.3665
24-03-2017,40.3337
23-03-2017,40.2808
22-03-2017,40.1202
21-03-2017,40.2579
20-03-2017,40.3491
17-03-2017,40.1015
16-03-2017,39.9506
15-03-2017,39.4586
14-03-2017,39.4609
10-03-2017,39.1568
09-03-2017,39.2452
08-03-2017,39.1768
07-03-2017,39.2444
06-03-2017,39.1453
03-03-2017,39.126
02-03-2017,38.9645
01-03-2017,39.4158
28-02-2017,39.0909
27-02-2017,38.9655
23-02-2017,39.2189
22-02-2017,39.1859
21-02-2017,39.4073
20-02-2017,39.3122
17-02-2017,39.04
16-02-2017,39.0282
15-02-2017,38.5886
14-02-2017,39.2865
13-02-2017,39.4539
10-02-2017,39.4893
09-02-2017,39.1954
08-02-2017,39.1656
07-02-2017,39.1339
06-02-2017,38.9404
03-02-2017,38.5628
02-02-2017,37.8879
01-02-2017,37.8112
31-01-2017,37.481
30-01-2017,37.6047
27-01-2017,37.8584
25-01-2017,37.6093
24-01-2017,37.4995
23-01-2017,37.0896
20-01-2017,36.9416
19-01-2017,37.2951
18-01-2017,37.1733
17-01-2017,36.8877
16-01-2017,36.7197
13-01-2017,36.5406
12-01-2017,36.4928
11-01-2017,36.6106
10-01-2017,36.3838
09-01-2017,36.2213
06-01-2017,36.0437
05-01-2017,35.997
04-01-2017,35.7557
03-01-2017,35.6845
02-01-2017,35.3644
30-12-2016,35.0975
29-12-2016,34.7779
28-12-2016,34.5561
27-12-2016,34.3687
26-12-2016,34.0869
23-12-2016,34.6855
22-12-2016,34.6167
21-12-2016,34.9871
20-12-2016,34.9943
19-12-2016,35.3792
16-12-2016,35.5567
15-12-2016,35.5802
14-12-2016,35.7168
13-12-2016,36.0584
12-12-2016,35.8953
09-12-2016,36.1264
08-12-2016,36.1033
07-12-2016,35.8116
06-12-2016,35.9028
05-12-2016,36.0202
02-12-2016,36.0471
01-12-2016,36.5725
30-11-2016,36.6136
29-11-2016,36.3591
28-11-2016,36.2044
25-11-2016,35.7513
24-11-2016,35.2923
23-11-2016,35.168
22-11-2016,34.8328
21-11-2016,34.5185
18-11-2016,35.89
17-11-2016,35.5404
16-11-2016,35.7215
15-11-2016,35.7359
11-11-2016,37.6063
10-11-2016,38.7037
09-11-2016,38.0782
08-11-2016,38.6344
07-11-2016,38.6519
04-11-2016,38.1668
03-11-2016,38.9168
02-11-2016,39.3485
01-11-2016,39.9478
28-10-2016,39.3768
27-10-2016,38.9289
26-10-2016,38.8501
25-10-2016,39.0185
24-10-2016,38.8478
21-10-2016,38.4638
20-10-2016,38.6413
19-10-2016,38.5961
18-10-2016,38.3827
17-10-2016,38.0637
14-10-2016,38.3558
13-10-2016,38.0991
10-10-2016,38.8395
07-10-2016,38.6048
06-10-2016,38.2441
05-10-2016,38.3929
04-10-2016,38.0426
03-10-2016,37.846
30-09-2016,37.1177
29-09-2016,36.142
28-09-2016,37.3134
27-09-2016,37.1122
26-09-2016,37.0151
23-09-2016,37.0981
22-09-2016,36.9706
21-09-2016,36.3862
20-09-2016,36.3971
19-09-2016,36.2372
16-09-2016,36.064
15-09-2016,36.0827
14-09-2016,35.9917
12-09-2016,35.6702
09-09-2016,36.4009
08-09-2016,36.5158
07-09-2016,36.2955
06-09-2016,36.4839
02-09-2016,36.2534
01-09-2016,36.0826
31-08-2016,36.4877
30-08-2016,36.3505
29-08-2016,35.8814
26-08-2016,35.7037
25-08-2016,35.7064
24-08-2016,35.6326
23-08-2016,35.3887
22-08-2016,35.3367
19-08-2016,35.3431
18-08-2016,35.2837
17-08-2016,34.9056
16-08-2016,34.6049
12-08-2016,34.6328
11-08-2016,34.5515
10-08-2016,34.5625
09-08-2016,34.92
08-08-2016,35.1428
05-08-2016,35.0761
04-08-2016,34.7905
03-08-2016,34.5959
02-08-2016,35.0029
01-08-2016,35.1144
29-07-2016,35.4842
28-07-2016,35.3297
27-07-2016,35.0896
26-07-2016,35.3442
25-07-2016,35.5782
22-07-2016,35.2607
21-07-2016,35.1424
20-07-2016,35.1255
19-07-2016,34.7675
18-07-2016,34.9425
15-07-2016,35.0167
14-07-2016,35.0049
13-07-2016,34.4694
12-07-2016,34.4304
11-07-2016,34.5435
08-07-2016,34.4132
07-07-2016,34.3664
05-07-2016,34.23
04-07-2016,34.2038
01-07-2016,34.0781
30-06-2016,33.9484
29-06-2016,33.8004
28-06-2016,33.291
27-06-2016,32.9672
24-06-2016,32.6504
23-06-2016,32.9399
22-06-2016,32.9971
21-06-2016,32.9775
20-06-2016,33.0224
17-06-2016,33.1439
16-06-2016,33.0053
15-06-2016,33.1268
14-06-2016,32.8385
13-06-2016,32.8793
10-06-2016,33.0936
09-06-2016,32.9942
08-06-2016,33.2772
07-06-2016,33.2024
06-06-2016,32.8191
03-06-2016,32.6383
02-06-2016,32.7245
01-06-2016,32.5707
31-05-2016,32.5479
30-05-2016,32.6202
27-05-2016,32.5087
26-05-2016,32.3464
25-05-2016,32.3968
24-05-2016,32.2147
23-05-2016,32.4493
20-05-2016,32.4116
19-05-2016,32.6241
18-05-2016,33.0917
17-05-2016,33.0434
16-05-2016,32.9921
13-05-2016,33.0612
12-05-2016,33.1127
11-05-2016,32.7439
10-05-2016,32.6584
09-05-2016,32.8497
06-05-2016,32.6797
05-05-2016,32.7938
04-05-2016,32.5334
03-05-2016,32.8319
02-05-2016,32.8515
29-04-2016,32.9381
28-04-2016,32.9075
27-04-2016,33.1427
26-04-2016,32.9527
25-04-2016,32.7782
22-04-2016,32.8195
21-04-2016,32.982
20-04-2016,33.0843
18-04-2016,33.0097
13-04-2016,32.6089
12-04-2016,32.3619
11-04-2016,32.2431
08-04-2016,31.9361
07-04-2016,31.8935
06-04-2016,32.1
05-04-2016,31.8096
04-04-2016,31.9874
01-04-2016,31.5066
31-03-2016,31.268
30-03-2016,31.2221
29-03-2016,30.8673
28-03-2016,30.8023
23-03-2016,31.141
22-03-2016,30.8032
21-03-2016,30.9222
18-03-2016,30.5015
17-03-2016,30.2907
16-03-2016,30.2083
15-03-2016,30.1433
14-03-2016,30.2999
11-03-2016,30.0643
10-03-2016,30.0554
09-03-2016,30.0779
08-03-2016,30.0383
04-03-2016,30.0985
03-03-2016,30.0958
02-03-2016,29.953
01-03-2016,29.5365
29-02-2016,28.7975
26-02-2016,28.9728
25-02-2016,29.2638
24-02-2016,29.2894
23-02-2016,29.6958
22-02-2016,30.0188
19-02-2016,30.1044
18-02-2016,30.0819
17-02-2016,29.7211
16-02-2016,29.4503
15-02-2016,30.0616
12-02-2016,29.2137
11-02-2016,29.5168
10-02-2016,30.647
09-02-2016,31.0445
08-02-2016,31.1293
05-02-2016,31.1752
04-02-2016,31.0064
03-02-2016,31.1426
02-02-2016,31.5591
01-02-2016,31.661
29-01-2016,31.4946
28-01-2016,31.3781
27-01-2016,31.3715
25-01-2016,31.3416
22-01-2016,31.1874
21-01-2016,30.4457
20-01-2016,30.4057
19-01-2016,30.9601
18-01-2016,30.6983
15-01-2016,31.8345
14-01-2016,32.6079
13-01-2016,32.8863
12-01-2016,33.4642
11-01-2016,34.0512
08-01-2016,34.0913
07-01-2016,33.5581
06-01-2016,34.4992
05-01-2016,34.8715
04-01-2016,34.6673
01-01-2016,34.9597
31-12-2015,34.6508
30-12-2015,34.361
29-12-2015,34.0755
28-12-2015,33.9259
24-12-2015,33.6649
23-12-2015,33.4436
22-12-2015,33.2089
21-12-2015,33.1595
18-12-2015,32.936
17-12-2015,33.0483
16-12-2015,32.414
15-12-2015,32.4202
14-12-2015,32.1321
11-12-2015,32.1076
10-12-2015,32.2831
09-12-2015,31.9189
08-12-2015,32.3315
07-12-2015,32.6883
04-12-2015,32.7253
03-12-2015,32.8273
02-12-2015,32.8629
01-12-2015,32.5592
30-11-2015,32.5617
27-11-2015,32.6021
26-11-2015,32.478
24-11-2015,32.5492
23-11-2015,32.6797
20-11-2015,32.5417
19-11-2015,32.3299
18-11-2015,31.8662
17-11-2015,32.2135
16-11-2015,31.9211
13-11-2015,31.9831
10-11-2015,31.9666
09-11-2015,32.1665
06-11-2015,31.7825
05-11-2015,32.031
04-11-2015,32.3459
03-11-2015,32.4128
02-11-2015,32.0454
30-10-2015,32.2753
29-10-2015,32.331
28-10-2015,32.4296
27-10-2015,32.4971
26-10-2015,32.3612
23-10-2015,32.6211
21-10-2015,32.7201
20-10-2015,32.6571
19-10-2015,32.4209
16-10-2015,32.2209
15-10-2015,32.1902
14-10-2015,31.9741
13-10-2015,31.9616
12-10-2015,31.9017
09-10-2015,31.9805
08-10-2015,31.9196
07-10-2015,31.7835
06-10-2015,31.6401
05-10-2015,31.6337
01-10-2015,31.192
30-09-2015,31.1101
29-09-2015,30.7292
28-09-2015,30.7891
24-09-2015,30.7822
23-09-2015,30.8763
22-09-2015,30.7858
21-09-2015,31.0579
18-09-2015,30.9286
16-09-2015,30.6079
15-09-2015,30.7115
14-09-2015,30.8299
11-09-2015,30.5768
10-09-2015,30.4525
09-09-2015,30.3781
08-09-2015,30.0291
07-09-2015,30.1019
04-09-2015,30.4922
03-09-2015,30.7644
02-09-2015,30.5702
01-09-2015,30.616
31-08-2015,31.1758
28-08-2015,31.2782
27-08-2015,31.3991
26-08-2015,30.4701
25-08-2015,30.4084
24-08-2015,30.4694
21-08-2015,32.3211
20-08-2015,32.4047
19-08-2015,33.0226
18-08-2015,32.8132
17-08-2015,32.51
14-08-2015,32.3464
13-08-2015,31.8972
12-08-2015,32.0013
11-08-2015,32.5203
10-08-2015,32.9397
07-08-2015,32.9174
06-08-2015,32.9125
05-08-2015,33.2978
04-08-2015,33.3124
03-08-2015,33.0719
31-07-2015,32.8826
30-07-2015,32.4114
29-07-2015,32.3486
28-07-2015,32.249
27-07-2015,32.3769
24-07-2015,32.4148
23-07-2015,32.7283
22-07-2015,32.4165
21-07-2015,32.2518
20-07-2015,32.7354
17-07-2015,32.5945
16-07-2015,32.5805
15-07-2015,32.241
14-07-2015,32.0178
13-07-2015,32.1386
10-07-2015,32.0892
09-07-2015,31.9808
08-07-2015,31.9514
07-07-2015,32.123
06-07-2015,31.7128
03-07-2015,31.0491
02-07-2015,30.8398
01-07-2015,30.7356
30-06-2015,30.439
29-06-2015,29.9539
26-06-2015,30.3302
25-06-2015,30.3619
24-06-2015,30.3036
23-06-2015,30.201
22-06-2015,30.0608
19-06-2015,29.8892
18-06-2015,29.7914
17-06-2015,29.3539
16-06-2015,28.8433
15-06-2015,28.8514
12-06-2015,28.6303
11-06-2015,28.5509
10-06-2015,28.9732
09-06-2015,28.5611
08-06-2015,28.7553
05-06-2015,29.0575
04-06-2015,28.8019
03-06-2015,28.8974
02-06-2015,29.2388
01-06-2015,29.6488
29-05-2015,29.8706
28-05-2015,29.706
27-05-2015,29.6915
26-05-2015,29.8969
25-05-2015,30.027
22-05-2015,30.2403
21-05-2015,30.2182
20-05-2015,30.276
19-05-2015,30.3549
18-05-2015,30.5027
15-05-2015,30.4454
14-05-2015,29.9079
13-05-2015,29.8159
12-05-2015,29.5538
11-05-2015,30.0083
08-05-2015,29.2663
07-05-2015,28.8394
06-05-2015,29.4125
05-05-2015,30.0619
04-05-2015,29.9785
30-04-2015,29.5381
29-04-2015,29.5388
28-04-2015,29.1488
27-04-2015,29.0724
24-04-2015,29.6319
23-04-2015,30.343
22-04-2015,30.4232
21-04-2015,30.4047
20-04-2015,30.458
17-04-2015,31.1656
16-04-2015,31.2831
15-04-2015,31.2498
13-04-2015,31.1185
10-04-2015,30.7224
09-04-2015,30.6393
08-04-2015,30.216
07-04-2015,29.7118
06-04-2015,29.5783
01-04-2015,29.2274
31-03-2015,28.777
30-03-2015,28.7073
27-03-2015,28.0085
26-03-2015,27.8912
25-03-2015,28.2944
24-03-2015,28.2887
23-03-2015,28.3696
20-03-2015,28.8447
19-03-2015,29.2649
18-03-2015,29.4574
17-03-2015,29.5014
16-03-2015,29.6211
13-03-2015,29.7037
12-03-2015,30.1229
11-03-2015,29.8803
10-03-2015,29.8176
09-03-2015,29.8767
05-03-2015,30.0881
04-03-2015,30.0813
03-03-2015,30.249
02-03-2015,29.9722
27-02-2015,29.6853
26-02-2015,29.4157
25-02-2015,29.5721
24-02-2015,29.6798
23-02-2015,29.7837
20-02-2015,30.1452
19-02-2015,30.0784
18-02-2015,30.1472
16-02-2015,29.9996
13-02-2015,29.757
12-02-2015,29.735
11-02-2015,29.3893
10-02-2015,29.066
09-02-2015,28.8891
06-02-2015,29.2273
05-02-2015,29.7431
04-02-2015,30.1483
03-02-2015,30.2489
02-02-2015,30.0927
30-01-2015,30.0752
29-01-2015,30.2255
28-01-2015,30.2659
27-01-2015,30.0533
23-01-2015,29.9792
22-01-2015,30.1961
21-01-2015,30.1988
20-01-2015,30.3025
19-01-2015,30.0074
16-01-2015,29.236
15-01-2015,29.2073
14-01-2015,29.0153
13-01-2015,28.9533
12-01-2015,28.9863
09-01-2015,28.805
08-01-2015,28.756
07-01-2015,28.2673
06-01-2015,28.1026
05-01-2015,28.8287
02-01-2015,28.9521
01-01-2015,28.8959
31-12-2014,28.7407
30-12-2014,28.1309
29-12-2014,27.6676
26-12-2014,27.1021
24-12-2014,27.036
23-12-2014,26.9944
22-12-2014,27.0076
19-12-2014,26.7321
18-12-2014,26.6636
17-12-2014,25.8854
16-12-2014,26.376
15-12-2014,26.93
12-12-2014,27.0222
11-12-2014,27.3141
10-12-2014,26.873
09-12-2014,26.6144
08-12-2014,27.0969
05-12-2014,26.9232
04-12-2014,26.9302
03-12-2014,26.663
02-12-2014,26.1942
01-12-2014,25.8174
28-11-2014,25.8507
27-11-2014,25.6363
26-11-2014,25.2827
25-11-2014,25.0169
24-11-2014,25.5153
21-11-2014,25.6099
20-11-2014,25.5154
19-11-2014,25.6856
18-11-2014,25.6262
17-11-2014,25.3681
14-11-2014,25.1042
13-11-2014,25.0103
12-11-2014,24.8655
11-11-2014,24.5653
10-11-2014,24.3586
07-11-2014,24.2208
05-11-2014,24.3137
03-11-2014,24.2221
31-10-2014,23.9668
30-10-2014,23.8923
29-10-2014,23.8759
28-10-2014,23.7468
27-10-2014,23.5843
22-10-2014,23.4961
21-10-2014,23.2222
20-10-2014,23.0763
17-10-2014,23.0398
16-10-2014,22.9659
14-10-2014,23.4
13-10-2014,23.508
10-10-2014,23.4299
09-10-2014,23.767
08-10-2014,23.7475
07-10-2014,23.6125
01-10-2014,23.8507
30-09-2014,23.9882
29-09-2014,23.688
26-09-2014,23.3922
25-09-2014,23.3141
24-09-2014,23.85
23-09-2014,24.2166
22-09-2014,24.6571
19-09-2014,24.3485
18-09-2014,24.2937
17-09-2014,23.9071
16-09-2014,23.7761
15-09-2014,24.4459
12-09-2014,24.3258
11-09-2014,24.1145
10-09-2014,23.5978
09-09-2014,23.4001
08-09-2014,23.0301
05-09-2014,22.689
04-09-2014,22.5946
03-09-2014,22.5715
02-09-2014,22.3802
01-09-2014,22.2639
28-08-2014,21.913
27-08-2014,21.8199
26-08-2014,21.4183
25-08-2014,21.4801
22-08-2014,21.6485
21-08-2014,21.5646
20-08-2014,21.2662
19-08-2014,20.9569
18-08-2014,20.7078
14-08-2014,20.3973
13-08-2014,20.1961
12-08-2014,20.7206
11-08-2014,20.7976
08-08-2014,20.6767
07-08-2014,20.9065
06-08-2014,20.9766
05-08-2014,20.95
04-08-2014,20.9142
01-08-2014,20.6049
31-07-2014,20.8408
30-07-2014,20.8259
28-07-2014,20.9019
25-07-2014,20.9279
24-07-2014,21.0995
23-07-2014,21.0194
22-07-2014,21.1418
21-07-2014,21.0602
18-07-2014,20.6184
17-07-2014,20.6862
16-07-2014,20.217
15-07-2014,19.7827
14-07-2014,19.5794
11-07-2014,19.6394
10-07-2014,19.9829
09-07-2014,19.9525
08-07-2014,20.2442
07-07-2014,20.7754
04-07-2014,20.5807
03-07-2014,20.334
02-07-2014,20.1964
01-07-2014,20.0173
30-06-2014,19.8663
27-06-2014,19.4708
26-06-2014,19.3228
25-06-2014,19.1123
24-06-2014,19.0075
23-06-2014,18.9245
20-06-2014,18.9812
19-06-2014,18.9664
18-06-2014,19.0289
17-06-2014,18.8164
16-06-2014,18.5356
13-06-2014,18.5742
12-06-2014,18.7451
11-06-2014,18.5744
10-06-2014,18.7805
09-06-2014,18.631
06-06-2014,18.3654
05-06-2014,18.0929
04-06-2014,17.8724
03-06-2014,17.5633
02-06-2014,17.5642
30-05-2014,17.4384
29-05-2014,17.4798
28-05-2014,17.5399
27-05-2014,17.2658
26-05-2014,17.1153
23-05-2014,17.4212
22-05-2014,17.4746
21-05-2014,17.2055
20-05-2014,16.9222
19-05-2014,16.4883
16-05-2014,16.1899
15-05-2014,16.1295
14-05-2014,16.2414
13-05-2014,16.1736
12-05-2014,16.0926
09-05-2014,16.1238
08-05-2014,16.1177
07-05-2014,16.0615
06-05-2014,16.0613
05-05-2014,16.0061
02-05-2014,16.0385
30-04-2014,16.0547
29-04-2014,16.283
28-04-2014,16.2453
25-04-2014,16.133
23-04-2014,16.0987
22-04-2014,16.0549
21-04-2014,15.9256
17-04-2014,15.8347
16-04-2014,15.7021
15-04-2014,15.8262
11-04-2014,15.7495
10-04-2014,15.6533
09-04-2014,15.6426
07-04-2014,15.5953
04-04-2014,15.5283
03-04-2014,15.3761
02-04-2014,15.4009
01-04-2014,15.2003
31-03-2014,15.1537
28-03-2014,15.0489
27-03-2014,14.8966
26-03-2014,14.8983
25-03-2014,14.8984
24-03-2014,14.8652
21-03-2014,14.822
20-03-2014,14.689
19-03-2014,14.5973
18-03-2014,14.6812
14-03-2014,14.54
13-03-2014,14.5993
12-03-2014,14.6046
11-03-2014,14.5329
10-03-2014,14.4465
07-03-2014,14.4176
06-03-2014,14.5571
05-03-2014,14.4353
04-03-2014,14.3083
03-03-2014,14.1683
28-02-2014,14.1046
26-02-2014,14.0684
25-02-2014,14.1651
24-02-2014,14.0861
21-02-2014,13.9345
20-02-2014,13.7901
19-02-2014,13.7008
18-02-2014,13.581
17-02-2014,13.5437
14-02-2014,13.4974
13-02-2014,13.5802
12-02-2014,13.5899
11-02-2014,13.601
10-02-2014,13.6428
07-02-2014,13.4598
06-02-2014,13.4929
05-02-2014,13.4483
04-02-2014,13.3777
03-02-2014,13.4055
31-01-2014,13.512
30-01-2014,13.3732
29-01-2014,13.4049
28-01-2014,13.4748
27-01-2014,13.5894
24-01-2014,13.7748
23-01-2014,13.8594
22-01-2014,13.8369
21-01-2014,13.7731
20-01-2014,13.7234
17-01-2014,13.694
16-01-2014,13.913
15-01-2014,13.9299
14-01-2014,13.7354
13-01-2014,13.7021
10-01-2014,13.7261
09-01-2014,13.7762
08-01-2014,13.9194
07-01-2014,13.8335
06-01-2014,13.7695
03-01-2014,13.763
02-01-2014,13.6698
01-01-2014,13.6568
31-12-2013,13.643
30-12-2013,13.5026
27-12-2013,13.4202
26-12-2013,13.3992
24-12-2013,13.1882
23-12-2013,13.1092
20-12-2013,13.0991
19-12-2013,13.0611
18-12-2013,12.9898
17-12-2013,12.8804
16-12-2013,12.9578
13-12-2013,12.9134
12-12-2013,12.9265
11-12-2013,12.9376
10-12-2013,12.9573
09-12-2013,12.9533
06-12-2013,12.9697
05-12-2013,12.958
04-12-2013,12.9066
03-12-2013,12.9316
02-12-2013,12.9283
29-11-2013,12.8788
28-11-2013,12.8059
27-11-2013,12.768
26-11-2013,12.7884
25-11-2013,12.7843
22-11-2013,12.7082
21-11-2013,12.7317
20-11-2013,12.8904
19-11-2013,13.0416
18-11-2013,13.0245
14-11-2013,12.78
13-11-2013,12.67
12-11-2013,12.74
11-11-2013,12.87
08-11-2013,12.99
07-11-2013,13.07
06-11-2013,13.12
05-11-2013,13.17
01-11-2013,13.28
31-10-2013,13.28
30-10-2013,13.17
29-10-2013,13.08
28-10-2013,12.87
25-10-2013,12.95
24-10-2013,12.96
23-10-2013,12.96
22-10-2013,13
21-10-2013,13.01
18-10-2013,13.02
17-10-2013,12.75
15-10-2013,12.85
14-10-2013,12.9
11-10-2013,12.84
10-10-2013,12.67
09-10-2013,12.61
08-10-2013,12.44
07-10-2013,12.39
04-10-2013,12.39
03-10-2013,12.38
01-10-2013,12.16
30-09-2013,12.05
27-09-2013,12.24
26-09-2013,12.31
25-09-2013,12.27
24-09-2013,12.3
23-09-2013,12.31
20-09-2013,12.54
19-09-2013,12.7
18-09-2013,12.32
17-09-2013,12.23
16-09-2013,12.19
13-09-2013,12.19
12-09-2013,12.25
11-09-2013,12.36
10-09-2013,12.32
06-09-2013,11.93
05-09-2013,11.75
04-09-2013,11.48
03-09-2013,11.27
02-09-2013,11.67
30-08-2013,11.5
29-08-2013,11.35
28-08-2013,11.1
27-08-2013,11.13
26-08-2013,11.51
23-08-2013,11.52
22-08-2013,11.38
21-08-2013,11.18
20-08-2013,11.39
19-08-2013,11.4
16-08-2013,11.58
14-08-2013,12.03
13-08-2013,11.95
12-08-2013,11.75
08-08-2013,11.65
07-08-2013,11.57
06-08-2013,11.64
05-08-2013,11.94
02-08-2013,11.94
01-08-2013,12.04
31-07-2013,12.06
30-07-2013,12.05
29-07-2013,12.21
26-07-2013,12.31
25-07-2013,12.33
24-07-2013,12.48
23-07-2013,12.64
22-07-2013,12.57
19-07-2013,12.55
18-07-2013,12.53
17-07-2013,12.4
16-07-2013,12.4
15-07-2013,12.56
12-07-2013,12.51
11-07-2013,12.35
10-07-2013,12.12
09-07-2013,12.19
08-07-2013,12.1
05-07-2013,12.24
04-07-2013,12.19
03-07-2013,12.04
02-07-2013,12.24
01-07-2013,12.31
28-06-2013,12.2
27-06-2013,11.86
26-06-2013,11.68
25-06-2013,11.72
24-06-2013,11.73
21-06-2013,11.9
20-06-2013,11.91
19-06-2013,12.24
18-06-2013,12.22
17-06-2013,12.3
14-06-2013,12.23
13-06-2013,12.01
12-06-2013,12.14
11-06-2013,12.19
10-06-2013,12.39
07-06-2013,12.43
06-06-2013,12.49
05-06-2013,12.48
04-06-2013,12.48
03-06-2013,12.5
31-05-2013,12.59
30-05-2013,12.82
29-05-2013,12.78
28-05-2013,12.81
27-05-2013,12.75
24-05-2013,12.57
23-05-2013,12.51
22-05-2013,12.8
21-05-2013,12.84
20-05-2013,12.92
17-05-2013,13.01
16-05-2013,12.97
15-05-2013,12.91
14-05-2013,12.62
13-05-2013,12.59
10-05-2013,12.8
09-05-2013,12.71
08-05-2013,12.76
07-05-2013,12.71
06-05-2013,12.56
03-05-2013,12.49
02-05-2013,12.62
30-04-2013,12.48
29-04-2013,12.47
26-04-2013,12.44
25-04-2013,12.51
23-04-2013,12.38
22-04-2013,12.39
18-04-2013,12.27
17-04-2013,12.09
16-04-2013,12.08
15-04-2013,11.85
12-04-2013,11.77
11-04-2013,11.86
10-04-2013,11.78
09-04-2013,11.64
08-04-2013,11.75
05-04-2013,11.77
04-04-2013,11.82
03-04-2013,12.02
02-04-2013,12.17
01-04-2013,12.06
28-03-2013,12.02
26-03-2013,11.88
25-03-2013,11.87
22-03-2013,11.88
21-03-2013,11.92
20-03-2013,12.01
19-03-2013,12.17
18-03-2013,12.36
15-03-2013,12.46
14-03-2013,12.56
13-03-2013,12.42
12-03-2013,12.57
11-03-2013,12.63
08-03-2013,12.65
07-03-2013,12.47
06-03-2013,12.38
05-03-2013,12.27
04-03-2013,12.11
01-03-2013,12.15
28-02-2013,12.07
27-02-2013,12.33
26-02-2013,12.25
25-02-2013,12.44
22-02-2013,12.43
21-02-2013,12.41
20-02-2013,12.63
19-02-2013,12.63
18-02-2013,12.53
15-02-2013,12.51
14-02-2013,12.52
13-02-2013,12.65
12-02-2013,12.66
11-02-2013,12.63
08-02-2013,12.62
07-02-2013,12.69
06-02-2013,12.74
05-02-2013,12.73
04-02-2013,12.83
01-02-2013,12.88
31-01-2013,12.91
30-01-2013,12.96
29-01-2013,12.94
28-01-2013,13
25-01-2013,13
24-01-2013,12.87
23-01-2013,13
22-01-2013,13
21-01-2013,13.09
18-01-2013,13.06
17-01-2013,13
16-01-2013,12.92
15-01-2013,13.07
14-01-2013,12.97
11-01-2013,12.81
10-01-2013,12.85
09-01-2013,12.88
08-01-2013,12.92
07-01-2013,12.89
04-01-2013,12.93
03-01-2013,12.91
02-01-2013,12.86
01-01-2013,12.78
31-12-2012,12.65
28-12-2012,12.66
27-12-2012,12.59
26-12-2012,12.65
24-12-2012,12.56
21-12-2012,12.52
20-12-2012,12.67
19-12-2012,12.71
18-12-2012,12.66
17-12-2012,12.6
14-12-2012,12.62
13-12-2012,12.55
12-12-2012,12.64
11-12-2012,12.65
10-12-2012,12.66
07-12-2012,12.66
06-12-2012,12.69
05-12-2012,12.62
04-12-2012,12.58
03-12-2012,12.57
30-11-2012,12.54
29-11-2012,12.45
27-11-2012,12.25
26-11-2012,12.06
23-11-2012,11.98
22-11-2012,11.97
21-11-2012,11.94
20-11-2012,11.85
19-11-2012,11.86
16-11-2012,11.91
15-11-2012,12.02
12-11-2012,12.07
09-11-2012,12.05
08-11-2012,12.12
07-11-2012,12.17
06-11-2012,12.11
05-11-2012,12.07
02-11-2012,12.05
01-11-2012,11.93
31-10-2012,11.84
30-10-2012,11.74
29-10-2012,11.89
26-10-2012,11.94
25-10-2012,12.03
23-10-2012,12.04
22-10-2012,12.08
19-10-2012,12.02
18-10-2012,12.11
17-10-2012,11.98
16-10-2012,11.95
15-10-2012,12.01
12-10-2012,12.01
11-10-2012,12.08
10-10-2012,11.95
09-10-2012,12.07
08-10-2012,11.99
05-10-2012,12.11
04-10-2012,12.21
03-10-2012,12.11
01-10-2012,12.05
28-09-2012,12.01
27-09-2012,11.89
26-09-2012,11.88
25-09-2012,11.9
24-09-2012,11.88
21-09-2012,11.87
20-09-2012,11.64
18-09-2012,11.71
17-09-2012,11.76
14-09-2012,11.74
13-09-2012,11.53
12-09-2012,11.55
11-09-2012,11.45
10-09-2012,11.4
07-09-2012,11.33
06-09-2012,11.12
05-09-2012,11.08
04-09-2012,11.18
03-09-2012,11.13
31-08-2012,11.1
30-08-2012,11.22
29-08-2012,11.13
28-08-2012,11.22
27-08-2012,11.28
24-08-2012,11.35
23-08-2012,11.38
22-08-2012,11.36
21-08-2012,11.34
17-08-2012,11.23
16-08-2012,11.23
14-08-2012,11.25
13-08-2012,11.17
10-08-2012,11.12
09-08-2012,11.12
08-08-2012,11.16
07-08-2012,11.15
06-08-2012,11.04
03-08-2012,10.94
02-08-2012,10.96
01-08-2012,10.98
31-07-2012,10.93
30-07-2012,10.87
27-07-2012,10.67
26-07-2012,10.58
25-07-2012,10.73
24-07-2012,10.78
23-07-2012,10.73
20-07-2012,10.9
19-07-2012,10.95
18-07-2012,10.91
17-07-2012,10.85
16-07-2012,10.87
13-07-2012,10.91
12-07-2012,10.91
11-07-2012,11.03
10-07-2012,11.1
09-07-2012,10.97
06-07-2012,11.08
05-07-2012,11.13
04-07-2012,11.05
03-07-2012,10.99
02-07-2012,10.96
29-06-2012,10.93
28-06-2012,10.68
27-06-2012,10.67
26-06-2012,10.6
25-06-2012,10.58
22-06-2012,10.63
21-06-2012,10.65
20-06-2012,10.55
19-06-2012,10.5
18-06-2012,10.41
15-06-2012,10.57
14-06-2012,10.42
13-06-2012,10.55
12-06-2012,10.54
11-06-2012,10.44
08-06-2012,10.44
07-06-2012,10.42
06-06-2012,10.34
05-06-2012,10.11
04-06-2012,10.06
01-06-2012,10.07
31-05-2012,10.22
30-05-2012,10.27
29-05-2012,10.37
28-05-2012,10.38
25-05-2012,10.26
24-05-2012,10.24
23-05-2012,10.13
22-05-2012,10.16
21-05-2012,10.25
18-05-2012,10.22
17-05-2012,10.19
16-05-2012,10.16
15-05-2012,10.3
14-05-2012,10.23
11-05-2012,10.25
10-05-2012,10.35
09-05-2012,10.37
08-05-2012,10.46
07-05-2012,10.65
04-05-2012,10.57
03-05-2012,10.76
02-05-2012,10.86
30-04-2012,10.88
27-04-2012,10.77
26-04-2012,10.77
25-04-2012,10.77
24-04-2012,10.82
23-04-2012,10.81
20-04-2012,10.99
19-04-2012,11.07
18-04-2012,10.99
17-04-2012,10.98
16-04-2012,10.84
13-04-2012,10.79
12-04-2012,10.88
11-04-2012,10.81
10-04-2012,10.84
09-04-2012,10.83
04-04-2012,11
03-04-2012,11.04
02-04-2012,10.96
30-03-2012,10.89
29-03-2012,10.69
28-03-2012,10.72
27-03-2012,10.79
26-03-2012,10.69
23-03-2012,10.84
22-03-2012,10.74
21-03-2012,11
20-03-2012,10.79
19-03-2012,10.74
16-03-2012,10.87
15-03-2012,11
14-03-2012,11.16
13-03-2012,11.12
12-03-2012,10.98
09-03-2012,10.93
07-03-2012,10.72
06-03-2012,10.73
05-03-2012,10.84
02-03-2012,10.96
01-03-2012,10.94
29-02-2012,10.99
28-02-2012,10.96
27-02-2012,10.71
24-02-2012,10.97
23-02-2012,11.08
22-02-2012,11.13
21-02-2012,11.41
17-02-2012,11.35
16-02-2012,11.32
15-02-2012,11.29
14-02-2012,11.06
13-02-2012,11.02
10-02-2012,11.02
09-02-2012,11.04
08-02-2012,10.95
07-02-2012,10.88
06-02-2012,10.95
03-02-2012,10.85
02-02-2012,10.73
01-02-2012,10.67
31-01-2012,10.59
30-01-2012,10.38
27-01-2012,10.56
25-01-2012,10.46
24-01-2012,10.4
23-01-2012,10.28
20-01-2012,10.31
19-01-2012,10.25
18-01-2012,10.12
17-01-2012,10.16
16-01-2012,9.99
13-01-2012,9.97
12-01-2012,9.91
11-01-2012,9.96
10-01-2012,9.95
09-01-2012,9.77
06-01-2012,9.78
05-01-2012,9.77
04-01-2012,9.77
03-01-2012,9.78
02-01-2012,9.57
30-12-2011,9.59
29-12-2011,9.6
28-12-2011,9.67
27-12-2011,9.76
26-12-2011,9.81
23-12-2011,9.72
22-12-2011,9.77
21-12-2011,9.72
20-12-2011,9.51
19-12-2011,9.63
16-12-2011,9.72
15-12-2011,9.87
14-12-2011,9.89
13-12-2011,9.96
12-12-2011,9.9
09-12-2011,10.09
08-12-2011,10.21
07-12-2011,10.41
05-12-2011,10.4
02-12-2011,10.43
01-12-2011,10.23
30-11-2011,10.06
29-11-2011,10.01
28-11-2011,10.08
25-11-2011,9.87
24-11-2011,9.94
23-11-2011,9.84
22-11-2011,10.02
21-11-2011,9.96
18-11-2011,10.18
17-11-2011,10.24
16-11-2011,10.38
15-11-2011,10.45
14-11-2011,10.6
11-11-2011,10.63
09-11-2011,10.74
08-11-2011,10.86
04-11-2011,10.86
03-11-2011,10.79
02-11-2011,10.78
01-11-2011,10.77
31-10-2011,10.86
28-10-2011,10.94
25-10-2011,10.66
24-10-2011,10.51
21-10-2011,10.44
20-10-2011,10.52
19-10-2011,10.59
18-10-2011,10.42
17-10-2011,10.58
14-10-2011,10.59
13-10-2011,10.51
12-10-2011,10.53
11-10-2011,10.32
10-10-2011,10.32
07-10-2011,10.17
05-10-2011,9.97
04-10-2011,10.02
03-10-2011,10.17
30-09-2011,10.33
29-09-2011,10.43
28-09-2011,10.34
27-09-2011,10.4
26-09-2011,10.2
23-09-2011,10.28
22-09-2011,10.38
21-09-2011,10.73
20-09-2011,10.71
19-09-2011,10.55
16-09-2011,10.66
15-09-2011,10.63
14-09-2011,10.53
13-09-2011,10.42
12-09-2011,10.43
09-09-2011,10.64
08-09-2011,10.79
07-09-2011,10.78
06-09-2011,10.68
05-09-2011,10.62
02-09-2011,10.65
30-08-2011,10.56
29-08-2011,10.41
26-08-2011,10.12
25-08-2011,10.28
24-08-2011,10.38
23-08-2011,10.48
22-08-2011,10.35
19-08-2011,10.26
18-08-2011,10.46
17-08-2011,10.65
16-08-2011,10.63
12-08-2011,10.69
11-08-2011,10.76
10-08-2011,10.81
09-08-2011,10.64
08-08-2011,10.73
05-08-2011,10.9
04-08-2011,11.06
03-08-2011,11.2
02-08-2011,11.3
01-08-2011,11.41
29-07-2011,11.4
28-07-2011,11.42
27-07-2011,11.51
26-07-2011,11.52
25-07-2011,11.67
22-07-2011,11.6
21-07-2011,11.44
20-07-2011,11.5
19-07-2011,11.62
18-07-2011,11.56
15-07-2011,11.59
14-07-2011,11.6
13-07-2011,11.58
12-07-2011,11.46
11-07-2011,11.6
08-07-2011,11.67
07-07-2011,11.79
06-07-2011,11.61
05-07-2011,11.6
04-07-2011,11.65
01-07-2011,11.6
30-06-2011,11.59
29-06-2011,11.53
28-06-2011,11.42
27-06-2011,11.37
24-06-2011,11.29
23-06-2011,11.01
22-06-2011,10.96
21-06-2011,10.96
20-06-2011,10.93
17-06-2011,11.12
16-06-2011,11.18
15-06-2011,11.29
14-06-2011,11.4
13-06-2011,11.36
10-06-2011,11.35
09-06-2011,11.41
08-06-2011,11.43
07-06-2011,11.48
06-06-2011,11.43
03-06-2011,11.4
02-06-2011,11.48
01-06-2011,11.53
31-05-2011,11.48
30-05-2011,11.3
27-05-2011,11.25
26-05-2011,11.11
25-05-2011,11.01
24-05-2011,11.1
23-05-2011,11.12
20-05-2011,11.31
19-05-2011,11.22
18-05-2011,11.21
17-05-2011,11.24
16-05-2011,11.36
13-05-2011,11.48
12-05-2011,11.36
11-05-2011,11.49
10-05-2011,11.45
09-05-2011,11.46
06-05-2011,11.45
05-05-2011,11.33
04-05-2011,11.43
03-05-2011,11.48
02-05-2011,11.74
29-04-2011,11.84
28-04-2011,11.93
27-04-2011,12.03
26-04-2011,12.1
25-04-2011,12.07
21-04-2011,12.08
20-04-2011,12.02
19-04-2011,11.79
18-04-2011,11.77
15-04-2011,11.96
13-04-2011,12.11
11-04-2011,11.91
08-04-2011,12.02
07-04-2011,12.11
06-04-2011,12.08
05-04-2011,12.11
04-04-2011,12.09
01-04-2011,11.92
31-03-2011,11.9
30-03-2011,11.84
29-03-2011,11.74
28-03-2011,11.69
25-03-2011,11.62
24-03-2011,11.37
23-03-2011,11.27
22-03-2011,11.17
21-03-2011,11.08
18-03-2011,11.1
17-03-2011,11.24
16-03-2011,11.34
15-03-2011,11.22
14-03-2011,11.37
11-03-2011,11.23
10-03-2011,11.32
09-03-2011,11.4
08-03-2011,11.39
07-03-2011,11.29
04-03-2011,11.42
03-03-2011,11.41
01-03-2011,11.39
28-02-2011,11.03
25-02-2011,10.94
24-02-2011,10.86
23-02-2011,11.2
22-02-2011,11.29
21-02-2011,11.4
18-02-2011,11.29
17-02-2011,11.48
16-02-2011,11.36
15-02-2011,11.39
14-02-2011,11.38
11-02-2011,11.08
10-02-2011,10.92
09-02-2011,10.98
08-02-2011,11.12
07-02-2011,11.28
04-02-2011,11.31
03-02-2011,11.53
02-02-2011,11.36
01-02-2011,11.33
31-01-2011,11.48
28-01-2011,11.46
27-01-2011,11.64
25-01-2011,11.84
24-01-2011,11.93
21-01-2011,11.83
20-01-2011,11.86
19-01-2011,11.85
18-01-2011,11.9
17-01-2011,11.8
14-01-2011,11.82
13-01-2011,11.99
12-01-2011,12.17
11-01-2011,11.97
10-01-2011,11.99
07-01-2011,12.25
06-01-2011,12.53
05-01-2011,12.61
04-01-2011,12.72
03-01-2011,12.75
31-12-2010,12.67
30-12-2010,12.6
29-12-2010,12.54
28-12-2010,12.45
27-12-2010,12.44
24-12-2010,12.46
23-12-2010,12.43
22-12-2010,12.43
21-12-2010,12.45
20-12-2010,12.36
16-12-2010,12.34
15-12-2010,12.25
14-12-2010,12.37
13-12-2010,12.29
10-12-2010,12.14
09-12-2010,12.01
08-12-2010,12.32
07-12-2010,12.44
06-12-2010,12.49
03-12-2010,12.48
02-12-2010,12.55
30-11-2010,12.22
29-11-2010,12.14
25-11-2010,12.08
24-11-2010,12.21
23-11-2010,12.32
22-11-2010,12.46
19-11-2010,12.24
18-11-2010,12.46
16-11-2010,12.46
15-11-2010,12.69
12-11-2010,12.6
11-11-2010,12.88
10-11-2010,13.04
09-11-2010,13.07
08-11-2010,13.04
04-11-2010,13.05
03-11-2010,12.82
02-11-2010,12.74
01-11-2010,12.76
29-10-2010,12.54
28-10-2010,12.53
27-10-2010,12.56
26-10-2010,12.68
25-10-2010,12.77
22-10-2010,12.68
21-10-2010,12.7
20-10-2010,12.5
19-10-2010,12.53
18-10-2010,12.55
15-10-2010,12.51
14-10-2010,12.71
13-10-2010,12.79
12-10-2010,12.53
11-10-2010,12.6
08-10-2010,12.56
07-10-2010,12.58
06-10-2010,12.71
05-10-2010,12.61
04-10-2010,12.66
01-10-2010,12.57
30-09-2010,12.36
29-09-2010,12.29
28-09-2010,12.35
27-09-2010,12.35
24-09-2010,12.32
23-09-2010,12.23
22-09-2010,12.29
21-09-2010,12.36
20-09-2010,12.32
17-09-2010,12.18
16-09-2010,12.06
15-09-2010,12.13
14-09-2010,12.06
13-09-2010,12.04
09-09-2010,11.82
08-09-2010,11.77
07-09-2010,11.73
06-09-2010,11.69
03-09-2010,11.51
02-09-2010,11.45
01-09-2010,11.4
31-08-2010,11.27
30-08-2010,11.32
27-08-2010,11.31
26-08-2010,11.43
25-08-2010,11.41
24-08-2010,11.51
23-08-2010,11.59
20-08-2010,11.52
19-08-2010,11.5
18-08-2010,11.39
17-08-2010,11.24
16-08-2010,11.21
13-08-2010,11.26
12-08-2010,11.2
11-08-2010,11.18
10-08-2010,11.26
09-08-2010,11.28
06-08-2010,11.19
05-08-2010,11.21
04-08-2010,11.2
03-08-2010,11.15
02-08-2010,11.12
30-07-2010,11
29-07-2010,11.02
28-07-2010,11.03
27-07-2010,11.06
26-07-2010,11.07
23-07-2010,11.12
22-07-2010,11.1
21-07-2010,11.02
20-07-2010,10.99
19-07-2010,11.03
16-07-2010,11.03
15-07-2010,10.99
14-07-2010,11.05
13-07-2010,11.09
12-07-2010,11.05
09-07-2010,10.99
08-07-2010,10.88
07-07-2010,10.74
06-07-2010,10.81
05-07-2010,10.7
02-07-2010,10.69
01-07-2010,10.72
30-06-2010,10.82
29-06-2010,10.73
28-06-2010,10.84
25-06-2010,10.7
24-06-2010,10.73
23-06-2010,10.74
22-06-2010,10.71
21-06-2010,10.77
18-06-2010,10.62
17-06-2010,10.66
16-06-2010,10.6
15-06-2010,10.54
14-06-2010,10.5
11-06-2010,10.37
10-06-2010,10.3
09-06-2010,10.16
08-06-2010,10.1
07-06-2010,10.18
04-06-2010,10.38
03-06-2010,10.35
02-06-2010,10.2
01-06-2010,10.1
31-05-2010,10.28
28-05-2010,10.23
27-05-2010,10.12
26-05-2010,9.96
25-05-2010,9.77
24-05-2010,10.04
21-05-2010,10.05
20-05-2010,10.11
19-05-2010,10.08
18-05-2010,10.33
17-05-2010,10.29
14-05-2010,10.31
13-05-2010,10.45
12-05-2010,10.37
11-05-2010,10.35
10-05-2010,10.47
07-05-2010,10.22
06-05-2010,10.41
05-05-2010,10.45
04-05-2010,10.49
03-05-2010,10.61
30-04-2010,10.7
29-04-2010,10.63
28-04-2010,10.56
27-04-2010,10.71
26-04-2010,10.76
23-04-2010,10.68
22-04-2010,10.65
21-04-2010,10.6
20-04-2010,10.56
19-04-2010,10.45
16-04-2010,10.54
15-04-2010,10.57
13-04-2010,10.68
12-04-2010,10.7
09-04-2010,10.76
08-04-2010,10.65
07-04-2010,10.77
06-04-2010,10.72
05-04-2010,10.72
01-04-2010,10.64
31-03-2010,10.53
30-03-2010,10.53
29-03-2010,10.58
26-03-2010,10.55
25-03-2010,10.53
23-03-2010,10.5
22-03-2010,10.49
19-03-2010,10.58
18-03-2010,10.56
17-03-2010,10.5
16-03-2010,10.47
15-03-2010,10.38
12-03-2010,10.41
11-03-2010,10.41
10-03-2010,10.39
09-03-2010,10.39
08-03-2010,10.46
05-03-2010,10.38
04-03-2010,10.37
03-03-2010,10.32
02-03-2010,10.2
26-02-2010,10
25-02-2010,9.89
24-02-2010,9.89
23-02-2010,9.94
22-02-2010,9.97
19-02-2010,9.99
18-02-2010,10.09
17-02-2010,10.16
16-02-2010,10.08
15-02-2010,10.01
11-02-2010,10.08
10-02-2010,10.01
09-02-2010,10.07
08-02-2010,9.98
05-02-2010,9.86
04-02-2010,10.13
03-02-2010,10.32
02-02-2010,10.15
01-02-2010,10.3
29-01-2010,10.22
28-01-2010,10.2
27-01-2010,10.14
25-01-2010,10.47
22-01-2010,10.55
21-01-2010,10.68
20-01-2010,10.94
19-01-2010,10.93
18-01-2010,11.06
15-01-2010,10.97
14-01-2010,10.95
13-01-2010,10.88
12-01-2010,10.83
11-01-2010,10.93
08-01-2010,10.85
07-01-2010,10.88
06-01-2010,10.88
05-01-2010,10.89
04-01-2010,10.78
31-12-2009,10.65
30-12-2009,10.57
29-12-2009,10.58
24-12-2009,10.59
23-12-2009,10.53
22-12-2009,10.32
21-12-2009,10.22
18-12-2009,10.31
17-12-2009,10.39
16-12-2009,10.28
15-12-2009,10.28
14-12-2009,10.44
11-12-2009,10.48
10-12-2009,10.5
09-12-2009,10.47
08-12-2009,10.53
07-12-2009,10.37
04-12-2009,10.44
03-12-2009,10.48
02-12-2009,10.46
01-12-2009,10.42
30-11-2009,10.27
27-11-2009,10.09
26-11-2009,10.19
25-11-2009,10.32
24-11-2009,10.27
23-11-2009,10.28
20-11-2009,10.21
19-11-2009,10.16
18-11-2009,10.29
17-11-2009,10.25
16-11-2009,10.23
13-11-2009,10.14
12-11-2009,10.04
11-11-2009,10.17
10-11-2009,9.94
09-11-2009,9.96
06-11-2009,9.83
05-11-2009,9.72
04-11-2009,9.63
03-11-2009,9.43
30-10-2009,9.63
29-10-2009,9.7
28-10-2009,9.76
27-10-2009,9.78
26-10-2009,9.98
23-10-2009,10.09
22-10-2009,10.07
21-10-2009,10.25
20-10-2009,10.38
16-10-2009,10.45
15-10-2009,10.37
14-10-2009,10.39
12-10-2009,10.22
09-10-2009,10.04
08-10-2009,10.1
07-10-2009,10.08
06-10-2009,10.1
05-10-2009,10.13
01-10-2009,10.33
29-09-2009,10.23
25-09-2009,10.17
24-09-2009,10.19
23-09-2009,10.18
22-09-2009,10.28
18-09-2009,10.26
17-09-2009,10.21
16-09-2009,10.19
15-09-2009,10.09
14-09-2009,10.02
11-09-2009,10.04
09-09-2009,10
