Historical Mutual Fund NAV of Kotak-Small Cap Fund - Growth,
scheme:- Kotak-Small Cap Fund - Growth,
Start Date:- 24-02-2005,
End Date:- 13-11-2020,
NAV Date,NAV (Rs)
13-11-2020,85.786
12-11-2020,84.998
11-11-2020,84.329
10-11-2020,83.692
09-11-2020,83.652
06-11-2020,83.293
05-11-2020,83.022
04-11-2020,82.162
03-11-2020,81.768
02-11-2020,81.169
30-10-2020,80.971
29-10-2020,80.808
28-10-2020,80.719
27-10-2020,81.13
26-10-2020,80.835
23-10-2020,81.425
22-10-2020,80.695
21-10-2020,80.575
20-10-2020,80.473
19-10-2020,80.311
16-10-2020,79.72
15-10-2020,78.734
14-10-2020,79.811
13-10-2020,79.631
12-10-2020,79.417
09-10-2020,80.019
08-10-2020,80.054
07-10-2020,80.258
06-10-2020,80.729
05-10-2020,80.547
01-10-2020,80.011
30-09-2020,79.667
29-09-2020,79.683
28-09-2020,79.474
25-09-2020,77.836
24-09-2020,76.199
23-09-2020,78.065
22-09-2020,78.274
21-09-2020,79.303
18-09-2020,82.028
17-09-2020,82.154
16-09-2020,81.937
15-09-2020,81.704
14-09-2020,80.807
11-09-2020,76.869
10-09-2020,77.087
09-09-2020,75.916
08-09-2020,76.789
07-09-2020,77.189
04-09-2020,76.849
03-09-2020,77.309
02-09-2020,77.11
01-09-2020,75.94
31-08-2020,75.802
28-08-2020,78.747
27-08-2020,79.119
26-08-2020,78.595
25-08-2020,77.638
24-08-2020,78.128
21-08-2020,77.112
20-08-2020,75.383
19-08-2020,75.017
18-08-2020,74.241
17-08-2020,73.61
14-08-2020,72.625
13-08-2020,73.185
12-08-2020,72.028
11-08-2020,72.082
10-08-2020,71.719
07-08-2020,71.116
06-08-2020,70.815
05-08-2020,69.946
04-08-2020,69.564
03-08-2020,69.19
31-07-2020,68.113
30-07-2020,67.393
29-07-2020,67.548
28-07-2020,67.641
27-07-2020,67.456
24-07-2020,68.102
23-07-2020,68.139
22-07-2020,67.502
21-07-2020,67.304
20-07-2020,66.88
17-07-2020,65.958
16-07-2020,65.361
15-07-2020,65.35
14-07-2020,65.413
13-07-2020,65.961
10-07-2020,66.096
09-07-2020,66.447
08-07-2020,66.071
07-07-2020,66.094
06-07-2020,65.789
03-07-2020,65.273
02-07-2020,64.908
01-07-2020,64.311
30-06-2020,63.927
29-06-2020,64.077
26-06-2020,64.826
25-06-2020,64.772
24-06-2020,64.577
23-06-2020,65.316
22-06-2020,64.227
19-06-2020,63.416
18-06-2020,62.442
17-06-2020,61.779
16-06-2020,61.52
15-06-2020,61.222
12-06-2020,61.325
11-06-2020,61.205
10-06-2020,61.907
09-06-2020,61.761
08-06-2020,62.132
05-06-2020,61.636
04-06-2020,60.373
03-06-2020,60.404
02-06-2020,59.877
01-06-2020,58.28
29-05-2020,56.804
28-05-2020,56.35
27-05-2020,55.424
26-05-2020,55.102
22-05-2020,54.602
21-05-2020,54.721
20-05-2020,54.365
19-05-2020,53.648
18-05-2020,53.644
15-05-2020,55.438
14-05-2020,55.496
13-05-2020,55.879
12-05-2020,54.712
11-05-2020,55.177
08-05-2020,55.527
07-05-2020,56.02
06-05-2020,56.406
05-05-2020,56.246
04-05-2020,56.718
30-04-2020,58.783
29-04-2020,57.939
28-04-2020,57.299
27-04-2020,57.079
24-04-2020,56.264
23-04-2020,57.342
22-04-2020,56.799
21-04-2020,55.916
20-04-2020,57.562
17-04-2020,57.066
16-04-2020,55.48
15-04-2020,54.685
13-04-2020,53.821
09-04-2020,54.392
08-04-2020,53.191
07-04-2020,52.578
03-04-2020,50.802
01-04-2020,51.889
31-03-2020,52.545
30-03-2020,51.061
27-03-2020,52.154
26-03-2020,52.171
25-03-2020,50.66
24-03-2020,49.568
23-03-2020,49.895
20-03-2020,56.045
19-03-2020,54.772
18-03-2020,57.422
17-03-2020,60.795
16-03-2020,62.175
13-03-2020,65.818
12-03-2020,65.519
11-03-2020,70.874
09-03-2020,71.316
06-03-2020,74.03
05-03-2020,75.115
04-03-2020,74.775
03-03-2020,75.899
02-03-2020,75.376
28-02-2020,75.744
27-02-2020,77.487
26-02-2020,78.134
25-02-2020,78.742
24-02-2020,79.148
20-02-2020,80.243
19-02-2020,80.172
18-02-2020,79.124
17-02-2020,79.647
14-02-2020,80.257
13-02-2020,80.389
12-02-2020,80.561
11-02-2020,80.435
10-02-2020,80.475
07-02-2020,80.804
06-02-2020,80.225
05-02-2020,80.121
04-02-2020,79.707
03-02-2020,78.832
31-01-2020,79.708
30-01-2020,79.708
29-01-2020,80.156
28-01-2020,79.819
27-01-2020,79.709
24-01-2020,79.728
23-01-2020,79.066
22-01-2020,78.082
21-01-2020,78.075
20-01-2020,77.943
17-01-2020,78.061
16-01-2020,77.693
15-01-2020,77.053
14-01-2020,76.69
13-01-2020,76.199
10-01-2020,75.664
09-01-2020,75.246
08-01-2020,74.289
07-01-2020,74.12
06-01-2020,73.473
03-01-2020,74.467
02-01-2020,74.047
01-01-2020,73.233
31-12-2019,73.018
30-12-2019,72.666
27-12-2019,72.269
26-12-2019,71.633
24-12-2019,71.405
23-12-2019,71.516
20-12-2019,71.629
19-12-2019,71.559
18-12-2019,71.522
17-12-2019,71.521
16-12-2019,71.278
13-12-2019,71.525
12-12-2019,70.978
11-12-2019,70.701
10-12-2019,70.595
09-12-2019,71.314
06-12-2019,71.447
05-12-2019,71.892
04-12-2019,72.012
03-12-2019,71.601
02-12-2019,71.969
29-11-2019,71.978
28-11-2019,71.92
27-11-2019,71.774
26-11-2019,71.395
25-11-2019,71.376
22-11-2019,71.109
21-11-2019,71.14
20-11-2019,71.5
19-11-2019,71.447
18-11-2019,71.428
15-11-2019,71.416
14-11-2019,71.637
13-11-2019,71.268
11-11-2019,71.38
08-11-2019,71.112
07-11-2019,71.188
06-11-2019,71.034
05-11-2019,71.255
04-11-2019,71.774
01-11-2019,71.489
31-10-2019,71.346
30-10-2019,70.986
29-10-2019,70.912
25-10-2019,70.138
24-10-2019,70.33
23-10-2019,70.241
22-10-2019,70.231
18-10-2019,69.914
17-10-2019,69.15
16-10-2019,68.478
15-10-2019,68.576
14-10-2019,68.618
11-10-2019,68.51
10-10-2019,68.324
09-10-2019,68.799
07-10-2019,68.42
04-10-2019,68.865
03-10-2019,69.2
01-10-2019,69.257
30-09-2019,69.939
27-09-2019,70.431
26-09-2019,70.5
25-09-2019,70.114
24-09-2019,70.679
23-09-2019,70.713
20-09-2019,68.363
19-09-2019,65.895
18-09-2019,66.419
17-09-2019,66.442
16-09-2019,67.384
13-09-2019,67.13
12-09-2019,66.608
11-09-2019,66.697
09-09-2019,65.888
06-09-2019,65.221
05-09-2019,64.75
04-09-2019,64.463
03-09-2019,64.221
30-08-2019,65.026
29-08-2019,64.444
28-08-2019,64.94
27-08-2019,65.176
26-08-2019,64.318
23-08-2019,63.376
22-08-2019,63.228
21-08-2019,63.746
20-08-2019,64.381
19-08-2019,64.796
16-08-2019,64.592
14-08-2019,64.313
13-08-2019,63.872
09-08-2019,64.929
08-08-2019,64.289
07-08-2019,63.868
06-08-2019,63.686
05-08-2019,62.623
02-08-2019,63.685
01-08-2019,64.059
31-07-2019,64.806
30-07-2019,64.496
29-07-2019,65.705
26-07-2019,66.504
25-07-2019,66.309
24-07-2019,66.316
23-07-2019,67.029
22-07-2019,67.02
19-07-2019,67.363
18-07-2019,68.601
17-07-2019,69.292
16-07-2019,69.162
15-07-2019,69.206
12-07-2019,69.675
11-07-2019,69.636
10-07-2019,69.381
09-07-2019,69.843
08-07-2019,69.953
05-07-2019,71.119
04-07-2019,71.974
03-07-2019,71.824
02-07-2019,71.778
01-07-2019,71.556
28-06-2019,71.383
27-06-2019,71.063
26-06-2019,70.706
25-06-2019,70.442
24-06-2019,70.086
21-06-2019,70.297
20-06-2019,70.39
19-06-2019,69.833
18-06-2019,70.266
17-06-2019,70.322
14-06-2019,71.147
13-06-2019,71.471
12-06-2019,71.713
11-06-2019,72.098
10-06-2019,71.908
07-06-2019,71.896
06-06-2019,71.979
04-06-2019,72.61
03-06-2019,72.744
31-05-2019,72.472
30-05-2019,72.427
29-05-2019,72.385
28-05-2019,72.622
27-05-2019,72.349
24-05-2019,71.002
23-05-2019,69.719
22-05-2019,69.285
21-05-2019,69.069
20-05-2019,69.332
17-05-2019,67.076
16-05-2019,67.033
15-05-2019,67.008
14-05-2019,67.167
13-05-2019,67.034
10-05-2019,68.053
09-05-2019,68.09
08-05-2019,68.549
07-05-2019,68.969
06-05-2019,69.409
03-05-2019,69.959
02-05-2019,70.213
30-04-2019,70.451
26-04-2019,71.011
25-04-2019,71.079
24-04-2019,71.064
23-04-2019,70.89
22-04-2019,70.86
18-04-2019,71.75
16-04-2019,72.254
15-04-2019,71.9
12-04-2019,71.588
11-04-2019,71.433
10-04-2019,71.44
09-04-2019,71.408
08-04-2019,71.542
05-04-2019,71.943
04-04-2019,71.514
03-04-2019,71.667
02-04-2019,72.135
01-04-2019,72.255
29-03-2019,72.066
28-03-2019,71.17
27-03-2019,70.703
26-03-2019,70.318
25-03-2019,69.84
22-03-2019,70.458
20-03-2019,70.797
19-03-2019,71.128
18-03-2019,70.863
15-03-2019,70.906
14-03-2019,70.911
13-03-2019,70.907
12-03-2019,71.087
11-03-2019,70.442
08-03-2019,69.453
07-03-2019,69.434
06-03-2019,69.238
05-03-2019,68.671
01-03-2019,66.819
28-02-2019,65.539
27-02-2019,65.016
26-02-2019,64.886
25-02-2019,65.103
22-02-2019,64.759
21-02-2019,64.636
20-02-2019,64.208
19-02-2019,63.598
18-02-2019,63.577
15-02-2019,64.027
14-02-2019,64.158
13-02-2019,64.166
12-02-2019,64.371
11-02-2019,64.614
08-02-2019,65.194
07-02-2019,65.588
06-02-2019,65.375
05-02-2019,65.636
04-02-2019,66.061
01-02-2019,66.664
31-01-2019,66.657
30-01-2019,66.494
29-01-2019,66.042
28-01-2019,65.962
25-01-2019,67.028
24-01-2019,67.669
23-01-2019,67.866
22-01-2019,67.886
21-01-2019,68.346
18-01-2019,68.744
17-01-2019,68.884
16-01-2019,69.084
15-01-2019,68.861
14-01-2019,68.297
11-01-2019,68.394
10-01-2019,68.506
09-01-2019,68.392
08-01-2019,68.448
07-01-2019,68.464
04-01-2019,68.567
03-01-2019,68.724
02-01-2019,69.114
01-01-2019,69.58
31-12-2018,69.512
28-12-2018,68.8
27-12-2018,68.619
26-12-2018,68.145
24-12-2018,68.382
21-12-2018,68.828
20-12-2018,69.392
19-12-2018,69.476
18-12-2018,68.879
17-12-2018,68.806
14-12-2018,68.581
13-12-2018,68.507
12-12-2018,67.987
11-12-2018,66.655
10-12-2018,66.084
07-12-2018,66.956
06-12-2018,67.027
05-12-2018,67.831
04-12-2018,68.378
03-12-2018,68.18
30-11-2018,68.032
29-11-2018,67.858
28-11-2018,67.633
27-11-2018,67.636
26-11-2018,67.396
22-11-2018,67.609
21-11-2018,67.651
20-11-2018,67.656
19-11-2018,68.06
16-11-2018,67.744
15-11-2018,67.628
14-11-2018,67.542
13-11-2018,67.327
12-11-2018,67.262
09-11-2018,67.789
06-11-2018,67.119
05-11-2018,67.381
02-11-2018,67.364
01-11-2018,66.851
31-10-2018,66.276
30-10-2018,65.431
29-10-2018,65.179
26-10-2018,64.277
25-10-2018,64.241
24-10-2018,64.717
23-10-2018,64.09
22-10-2018,64.906
19-10-2018,66.041
17-10-2018,66.999
16-10-2018,68.009
15-10-2018,66.977
12-10-2018,66.567
11-10-2018,65.174
10-10-2018,66.044
09-10-2018,64.201
08-10-2018,64.521
05-10-2018,65.52
04-10-2018,66.66
03-10-2018,67.751
01-10-2018,67.895
28-09-2018,68.163
27-09-2018,69.21
26-09-2018,70.062
25-09-2018,70.128
24-09-2018,70.517
21-09-2018,72.196
19-09-2018,73.324
18-09-2018,73.718
17-09-2018,74.295
14-09-2018,74.442
12-09-2018,73.893
11-09-2018,74.221
10-09-2018,74.744
07-09-2018,75.664
06-09-2018,75.355
05-09-2018,75.025
04-09-2018,75.38
03-09-2018,76.523
31-08-2018,76.762
30-08-2018,76.58
29-08-2018,76.585
28-08-2018,76.565
27-08-2018,76.22
24-08-2018,75.439
23-08-2018,75.602
21-08-2018,75.371
20-08-2018,75.128
17-08-2018,74.955
16-08-2018,74.541
14-08-2018,74.638
13-08-2018,74.235
10-08-2018,75.087
09-08-2018,75.531
08-08-2018,75.287
07-08-2018,75.176
06-08-2018,75.751
03-08-2018,75.488
02-08-2018,74.67
01-08-2018,74.805
31-07-2018,74.69
30-07-2018,74.372
27-07-2018,74.094
26-07-2018,73.372
25-07-2018,73.104
24-07-2018,73.298
23-07-2018,72.68
20-07-2018,72.158
19-07-2018,71.917
18-07-2018,72.714
17-07-2018,73.084
16-07-2018,72.706
13-07-2018,74.075
12-07-2018,74.674
11-07-2018,74.647
10-07-2018,74.909
09-07-2018,74.63
06-07-2018,73.982
05-07-2018,73.654
04-07-2018,74.146
03-07-2018,74.082
02-07-2018,73.412
29-06-2018,73.748
28-06-2018,72.87
27-06-2018,73.74
26-06-2018,74.437
25-06-2018,74.871
22-06-2018,75.592
21-06-2018,75.588
20-06-2018,76.092
19-06-2018,76.173
18-06-2018,76.883
15-06-2018,77.249
14-06-2018,77.533
13-06-2018,77.498
12-06-2018,77.881
11-06-2018,77.428
08-06-2018,77.226
07-06-2018,77.189
06-06-2018,76.227
05-06-2018,75.382
04-06-2018,76.681
01-06-2018,77.484
31-05-2018,78.466
30-05-2018,78.671
29-05-2018,78.786
28-05-2018,79.298
25-05-2018,78.706
24-05-2018,78.117
23-05-2018,78.202
22-05-2018,78.572
21-05-2018,78.169
18-05-2018,79.515
17-05-2018,80.377
16-05-2018,80.301
15-05-2018,80.419
14-05-2018,80.843
11-05-2018,81.134
10-05-2018,80.687
09-05-2018,81.478
08-05-2018,81.537
07-05-2018,81.397
04-05-2018,81.196
03-05-2018,81.071
02-05-2018,81.728
30-04-2018,82.66
27-04-2018,82.069
26-04-2018,81.469
25-04-2018,80.94
24-04-2018,81.349
23-04-2018,81.144
20-04-2018,80.694
19-04-2018,81.038
18-04-2018,80.75
17-04-2018,80.88
16-04-2018,81.046
13-04-2018,80.818
12-04-2018,80.823
11-04-2018,81.008
10-04-2018,80.674
09-04-2018,80.724
06-04-2018,80.348
05-04-2018,80.305
04-04-2018,79.005
03-04-2018,79.275
02-04-2018,78.443
28-03-2018,77.24
27-03-2018,77.738
26-03-2018,76.848
23-03-2018,76.084
22-03-2018,76.793
21-03-2018,77.258
20-03-2018,77.148
19-03-2018,77.274
16-03-2018,78.272
15-03-2018,78.972
14-03-2018,78.464
13-03-2018,78.34
12-03-2018,77.641
09-03-2018,77.437
08-03-2018,77.415
07-03-2018,77.172
06-03-2018,78.332
05-03-2018,78.694
01-03-2018,79.543
28-02-2018,79.658
27-02-2018,79.4
26-02-2018,79.471
23-02-2018,78.476
22-02-2018,77.576
21-02-2018,77.952
20-02-2018,78.103
19-02-2018,78.228
16-02-2018,79.132
15-02-2018,79.889
14-02-2018,80.505
12-02-2018,80.718
09-02-2018,79.932
08-02-2018,80.084
07-02-2018,78.716
06-02-2018,77.927
05-02-2018,78.791
02-02-2018,79.645
01-02-2018,82.091
31-01-2018,81.696
30-01-2018,82.12
29-01-2018,82.497
25-01-2018,83.425
24-01-2018,84.021
23-01-2018,84.535
22-01-2018,84.431
19-01-2018,84.175
18-01-2018,83.734
17-01-2018,84.41
16-01-2018,84.004
15-01-2018,85.198
12-01-2018,85.468
11-01-2018,85.373
10-01-2018,85.385
09-01-2018,85.591
08-01-2018,85.907
05-01-2018,85.396
04-01-2018,84.454
03-01-2018,83.571
02-01-2018,83.088
01-01-2018,83.725
29-12-2017,84.055
28-12-2017,83.736
27-12-2017,83.696
26-12-2017,83.827
22-12-2017,83.244
21-12-2017,82.876
20-12-2017,82.463
19-12-2017,81.9
18-12-2017,80.954
15-12-2017,80.41
14-12-2017,79.545
13-12-2017,79.366
12-12-2017,79.87
11-12-2017,80.431
08-12-2017,80.28
07-12-2017,79.577
06-12-2017,78.722
05-12-2017,79.236
04-12-2017,79.242
01-12-2017,79.392
30-11-2017,80.257
29-11-2017,80.159
28-11-2017,79.933
27-11-2017,79.709
24-11-2017,79.464
23-11-2017,79.163
22-11-2017,78.968
21-11-2017,78.865
20-11-2017,78.405
17-11-2017,77.973
16-11-2017,77.057
15-11-2017,76.195
14-11-2017,76.732
13-11-2017,76.704
10-11-2017,76.844
09-11-2017,77.019
08-11-2017,76.61
07-11-2017,76.955
06-11-2017,77.768
03-11-2017,77.658
02-11-2017,77.273
01-11-2017,77.069
31-10-2017,76.692
30-10-2017,76.58
27-10-2017,75.793
26-10-2017,75.524
25-10-2017,75.457
24-10-2017,75.765
23-10-2017,75.597
18-10-2017,75.663
17-10-2017,75.82
16-10-2017,75.862
13-10-2017,75.398
12-10-2017,75.486
11-10-2017,74.698
10-10-2017,75.258
09-10-2017,74.601
06-10-2017,74.323
05-10-2017,73.578
04-10-2017,73.176
03-10-2017,73.04
29-09-2017,72.865
28-09-2017,72.041
27-09-2017,71.883
26-09-2017,72.868
25-09-2017,72.475
22-09-2017,73.541
21-09-2017,75.27
20-09-2017,75.593
19-09-2017,75.953
18-09-2017,75.809
15-09-2017,74.427
14-09-2017,74.358
13-09-2017,73.966
12-09-2017,74.385
11-09-2017,73.893
08-09-2017,73.58
07-09-2017,73.727
06-09-2017,73.484
05-09-2017,73.598
04-09-2017,73.114
01-09-2017,73.267
31-08-2017,72.684
30-08-2017,72.195
29-08-2017,71.511
28-08-2017,72.216
24-08-2017,71.767
23-08-2017,71.341
22-08-2017,70.923
21-08-2017,71.014
18-08-2017,71.765
17-08-2017,72.058
16-08-2017,72.414
14-08-2017,71.708
11-08-2017,70.563
10-08-2017,70.545
09-08-2017,71.964
08-08-2017,73.381
07-08-2017,74.046
04-08-2017,73.549
03-08-2017,73.362
02-08-2017,74.001
01-08-2017,74.187
31-07-2017,74.005
28-07-2017,73.989
27-07-2017,73.991
26-07-2017,74.301
25-07-2017,74.375
24-07-2017,74.167
21-07-2017,74.341
20-07-2017,74.257
19-07-2017,74.714
18-07-2017,74.141
17-07-2017,74.497
14-07-2017,74.598
13-07-2017,74.84
12-07-2017,74.345
11-07-2017,73.997
10-07-2017,74.179
07-07-2017,73.671
06-07-2017,73.622
05-07-2017,73.562
04-07-2017,73.062
03-07-2017,73.139
30-06-2017,72.33
29-06-2017,71.874
28-06-2017,71.651
27-06-2017,71.553
23-06-2017,72.39
22-06-2017,73.174
21-06-2017,73.594
20-06-2017,73.708
19-06-2017,73.601
16-06-2017,73.517
15-06-2017,73.236
14-06-2017,73.363
13-06-2017,73.335
12-06-2017,73.497
09-06-2017,73.787
08-06-2017,73.68
07-06-2017,73.507
06-06-2017,72.966
05-06-2017,73.456
02-06-2017,73.297
01-06-2017,72.836
31-05-2017,72.393
30-05-2017,71.731
29-05-2017,71.34
26-05-2017,71.991
25-05-2017,70.747
24-05-2017,69.912
23-05-2017,70.469
22-05-2017,71.448
19-05-2017,71.791
18-05-2017,72.406
17-05-2017,73.607
16-05-2017,73.82
15-05-2017,73.536
12-05-2017,72.954
11-05-2017,73.484
10-05-2017,73.437
09-05-2017,72.952
08-05-2017,72.855
05-05-2017,72.541
04-05-2017,72.821
03-05-2017,72.608
02-05-2017,72.861
28-04-2017,72.729
27-04-2017,72.403
26-04-2017,72.466
25-04-2017,72.566
24-04-2017,72.047
21-04-2017,71.512
20-04-2017,71.379
19-04-2017,70.98
18-04-2017,70.705
17-04-2017,70.992
13-04-2017,71.082
12-04-2017,71.119
11-04-2017,71.313
10-04-2017,70.842
07-04-2017,70.279
06-04-2017,70.359
05-04-2017,70.326
03-04-2017,69.957
31-03-2017,69.605
30-03-2017,68.975
29-03-2017,68.382
28-03-2017,68.203
27-03-2017,67.468
24-03-2017,67.313
23-03-2017,67.08
22-03-2017,66.777
21-03-2017,67.284
20-03-2017,67.234
17-03-2017,67.198
16-03-2017,67.059
15-03-2017,66.58
14-03-2017,66.08
10-03-2017,65.398
09-03-2017,65.434
08-03-2017,65.457
07-03-2017,65.587
06-03-2017,65.665
03-03-2017,65.393
02-03-2017,65.423
01-03-2017,66.119
28-02-2017,65.879
27-02-2017,65.674
23-02-2017,65.668
22-02-2017,65.486
21-02-2017,65.721
20-02-2017,65.509
17-02-2017,65.172
16-02-2017,64.823
15-02-2017,63.987
14-02-2017,64.833
13-02-2017,65.094
10-02-2017,65.295
09-02-2017,65.229
08-02-2017,65.128
07-02-2017,64.995
06-02-2017,65.313
03-02-2017,64.734
02-02-2017,63.869
01-02-2017,63.331
31-01-2017,62.447
30-01-2017,62.874
27-01-2017,62.81
25-01-2017,62.584
24-01-2017,61.962
23-01-2017,61.425
20-01-2017,61.337
19-01-2017,61.875
18-01-2017,61.564
17-01-2017,61.102
16-01-2017,61.056
13-01-2017,60.924
12-01-2017,61.05
11-01-2017,61.137
10-01-2017,60.424
09-01-2017,59.914
06-01-2017,59.942
05-01-2017,59.988
04-01-2017,59.461
03-01-2017,59.129
02-01-2017,58.695
30-12-2016,58.362
29-12-2016,57.927
28-12-2016,57.395
27-12-2016,57.035
26-12-2016,56.203
23-12-2016,57.158
22-12-2016,57.356
21-12-2016,58.055
20-12-2016,58.134
19-12-2016,58.484
16-12-2016,58.791
15-12-2016,58.883
14-12-2016,59.04
13-12-2016,59.458
12-12-2016,59.682
09-12-2016,60.358
08-12-2016,60.112
07-12-2016,59.223
06-12-2016,59.375
05-12-2016,59.248
02-12-2016,59.153
01-12-2016,59.898
30-11-2016,60.604
29-11-2016,60.043
28-11-2016,59.74
25-11-2016,59.36
24-11-2016,58.482
23-11-2016,58.678
22-11-2016,58.068
21-11-2016,57.348
18-11-2016,58.593
17-11-2016,58.824
16-11-2016,59.237
15-11-2016,59.047
11-11-2016,61.532
10-11-2016,63.466
09-11-2016,62.661
08-11-2016,63.545
07-11-2016,63.514
04-11-2016,62.916
03-11-2016,63.79
02-11-2016,64.285
01-11-2016,65.276
28-10-2016,64.987
27-10-2016,64.463
26-10-2016,65.021
25-10-2016,65.558
24-10-2016,65.188
21-10-2016,65.034
20-10-2016,64.984
19-10-2016,64.957
18-10-2016,64.959
17-10-2016,64.232
14-10-2016,64.609
13-10-2016,64.143
10-10-2016,64.831
07-10-2016,64.67
06-10-2016,64.736
05-10-2016,64.813
04-10-2016,64.669
03-10-2016,64.372
30-09-2016,63.054
29-09-2016,62.383
28-09-2016,64.002
27-09-2016,63.551
26-09-2016,63.424
23-09-2016,63.72
22-09-2016,63.39
21-09-2016,62.775
20-09-2016,62.691
19-09-2016,62.736
16-09-2016,62.555
15-09-2016,62.473
14-09-2016,62.422
12-09-2016,61.92
09-09-2016,63.15
08-09-2016,63.423
07-09-2016,63.216
06-09-2016,63.206
02-09-2016,62.527
01-09-2016,62.307
31-08-2016,62.565
30-08-2016,62.069
29-08-2016,61.665
26-08-2016,61.633
25-08-2016,61.571
24-08-2016,61.772
23-08-2016,61.505
22-08-2016,61.652
19-08-2016,61.95
18-08-2016,61.806
17-08-2016,61.506
16-08-2016,61.24
12-08-2016,60.961
11-08-2016,60.813
10-08-2016,60.742
09-08-2016,61.27
08-08-2016,61.436
05-08-2016,61.002
04-08-2016,59.872
03-08-2016,59.487
02-08-2016,60.388
01-08-2016,60.567
29-07-2016,60.452
28-07-2016,60.171
27-07-2016,59.825
26-07-2016,59.636
25-07-2016,59.762
22-07-2016,59.256
21-07-2016,58.839
20-07-2016,58.819
19-07-2016,58.323
18-07-2016,58.252
15-07-2016,58.443
14-07-2016,58.868
13-07-2016,58.471
12-07-2016,58.71
11-07-2016,58.38
08-07-2016,57.892
07-07-2016,57.938
05-07-2016,58.06
04-07-2016,58.096
01-07-2016,57.622
30-06-2016,57.043
29-06-2016,56.456
28-06-2016,55.911
27-06-2016,55.648
24-06-2016,55.145
23-06-2016,55.759
22-06-2016,55.579
21-06-2016,55.728
20-06-2016,55.834
17-06-2016,55.775
16-06-2016,55.61
15-06-2016,55.92
14-06-2016,55.631
13-06-2016,55.545
10-06-2016,55.705
09-06-2016,55.944
08-06-2016,56.091
07-06-2016,55.862
06-06-2016,55.349
03-06-2016,55.227
02-06-2016,55.209
01-06-2016,55.05
31-05-2016,55.012
30-05-2016,55.096
27-05-2016,54.925
26-05-2016,54.39
25-05-2016,53.703
24-05-2016,52.904
23-05-2016,53.2
20-05-2016,53.334
19-05-2016,53.729
18-05-2016,54.299
17-05-2016,54.362
16-05-2016,54.005
13-05-2016,54.229
12-05-2016,54.482
11-05-2016,54.006
10-05-2016,53.871
09-05-2016,53.877
06-05-2016,53.366
05-05-2016,53.255
04-05-2016,53.208
03-05-2016,53.532
02-05-2016,53.676
29-04-2016,53.389
28-04-2016,53.415
27-04-2016,54.015
26-04-2016,53.935
25-04-2016,53.702
22-04-2016,53.754
21-04-2016,53.876
20-04-2016,54.122
18-04-2016,54.033
13-04-2016,53.401
12-04-2016,52.646
11-04-2016,52.335
08-04-2016,51.963
07-04-2016,51.584
06-04-2016,51.63
05-04-2016,51.39
04-04-2016,52.036
01-04-2016,51.942
31-03-2016,52.062
30-03-2016,51.588
29-03-2016,50.67
28-03-2016,50.57
23-03-2016,51.116
22-03-2016,51.062
21-03-2016,51.122
18-03-2016,50.284
17-03-2016,49.718
16-03-2016,49.26
15-03-2016,49.203
14-03-2016,49.288
11-03-2016,49.014
10-03-2016,48.81
09-03-2016,48.885
08-03-2016,48.776
04-03-2016,48.801
03-03-2016,48.443
02-03-2016,48.052
01-03-2016,47.049
29-02-2016,45.542
26-02-2016,45.544
25-02-2016,45.495
24-02-2016,45.953
23-02-2016,46.47
22-02-2016,47.012
19-02-2016,46.937
18-02-2016,46.954
17-02-2016,46.717
16-02-2016,46.43
15-02-2016,47.248
12-02-2016,45.736
11-02-2016,46.356
10-02-2016,47.778
09-02-2016,48.245
08-02-2016,48.984
05-02-2016,49.12
04-02-2016,48.579
03-02-2016,48.809
02-02-2016,49.552
01-02-2016,50.152
29-01-2016,49.943
28-01-2016,49.25
27-01-2016,49.515
25-01-2016,49.271
22-01-2016,48.993
21-01-2016,47.887
20-01-2016,47.583
19-01-2016,48.607
18-01-2016,48.065
15-01-2016,49.626
14-01-2016,50.748
13-01-2016,51.357
12-01-2016,51.768
11-01-2016,52.259
08-01-2016,52.72
07-01-2016,52.247
06-01-2016,53.57
05-01-2016,53.592
04-01-2016,53.387
01-01-2016,54.048
31-12-2015,53.611
30-12-2015,53.52
29-12-2015,53.527
28-12-2015,53.533
24-12-2015,53.315
23-12-2015,53.124
22-12-2015,52.605
21-12-2015,52.745
18-12-2015,52.23
17-12-2015,52.479
16-12-2015,51.835
15-12-2015,51.59
14-12-2015,51.333
11-12-2015,51.374
10-12-2015,51.86
09-12-2015,51.623
08-12-2015,52.325
07-12-2015,52.759
04-12-2015,52.583
03-12-2015,53.014
02-12-2015,53.164
01-12-2015,53.295
30-11-2015,53.268
27-11-2015,53.242
26-11-2015,52.934
24-11-2015,52.944
23-11-2015,52.93
20-11-2015,52.883
19-11-2015,52.585
18-11-2015,51.847
17-11-2015,52.363
16-11-2015,51.975
13-11-2015,51.927
10-11-2015,51.816
09-11-2015,52.282
06-11-2015,52.071
05-11-2015,51.969
04-11-2015,52.524
03-11-2015,52.566
02-11-2015,52.333
30-10-2015,52.402
29-10-2015,52.453
28-10-2015,52.652
27-10-2015,52.982
26-10-2015,53.05
23-10-2015,53.297
21-10-2015,53.442
20-10-2015,53.805
19-10-2015,53.815
16-10-2015,53.528
15-10-2015,53.373
14-10-2015,53.115
13-10-2015,52.969
12-10-2015,52.872
09-10-2015,52.845
08-10-2015,52.854
07-10-2015,53.203
06-10-2015,53.244
05-10-2015,53.28
01-10-2015,52.574
30-09-2015,52.345
29-09-2015,51.773
28-09-2015,51.75
24-09-2015,51.728
23-09-2015,51.656
22-09-2015,51.391
21-09-2015,52.319
18-09-2015,51.952
16-09-2015,51.556
15-09-2015,51.512
14-09-2015,51.723
11-09-2015,51.181
10-09-2015,50.917
09-09-2015,51.178
08-09-2015,50.593
07-09-2015,50.039
04-09-2015,51.089
03-09-2015,52.095
02-09-2015,51.532
01-09-2015,51.534
31-08-2015,52.498
28-08-2015,52.483
27-08-2015,52.263
26-08-2015,51.036
25-08-2015,51.266
24-08-2015,50.848
21-08-2015,54.562
20-08-2015,54.95
19-08-2015,55.794
18-08-2015,55.627
17-08-2015,55.282
14-08-2015,54.972
13-08-2015,53.912
12-08-2015,54.187
11-08-2015,55.205
10-08-2015,55.615
07-08-2015,55.653
06-08-2015,55.625
05-08-2015,55.816
04-08-2015,55.337
03-08-2015,55.052
31-07-2015,54.893
30-07-2015,54.315
29-07-2015,53.886
28-07-2015,53.561
27-07-2015,53.391
24-07-2015,54.001
23-07-2015,54.316
22-07-2015,53.976
21-07-2015,53.684
20-07-2015,54.594
17-07-2015,54.626
16-07-2015,54.31
15-07-2015,53.695
14-07-2015,53.734
13-07-2015,53.602
10-07-2015,52.997
09-07-2015,52.838
08-07-2015,52.879
07-07-2015,53.694
06-07-2015,53.387
03-07-2015,53.002
02-07-2015,52.974
01-07-2015,52.659
30-06-2015,51.942
29-06-2015,51.344
26-06-2015,52.083
25-06-2015,51.951
24-06-2015,51.839
23-06-2015,52.142
22-06-2015,51.785
19-06-2015,50.913
18-06-2015,50.675
17-06-2015,50.182
16-06-2015,49.38
15-06-2015,49.367
12-06-2015,49.351
11-06-2015,49.296
10-06-2015,50.071
09-06-2015,49.566
08-06-2015,49.751
05-06-2015,50.292
04-06-2015,50.246
03-06-2015,50.103
02-06-2015,50.657
01-06-2015,51.596
29-05-2015,51.643
28-05-2015,51.161
27-05-2015,51.338
26-05-2015,51.207
25-05-2015,51.105
22-05-2015,51.258
21-05-2015,51.053
20-05-2015,50.964
19-05-2015,51.003
18-05-2015,50.908
15-05-2015,50.664
14-05-2015,50.068
13-05-2015,49.713
12-05-2015,48.971
11-05-2015,49.89
08-05-2015,49.271
07-05-2015,48.598
06-05-2015,49.45
05-05-2015,50.894
04-05-2015,50.633
30-04-2015,50.124
29-04-2015,50.018
28-04-2015,49.497
27-04-2015,48.803
24-04-2015,50.052
23-04-2015,50.94
22-04-2015,50.812
21-04-2015,50.815
20-04-2015,51.122
17-04-2015,52.088
16-04-2015,52.844
15-04-2015,53.201
13-04-2015,53.355
10-04-2015,53.333
09-04-2015,53.295
08-04-2015,52.922
07-04-2015,52.622
06-04-2015,52.412
01-04-2015,51.935
31-03-2015,51.159
30-03-2015,50.99
27-03-2015,50.122
26-03-2015,50.032
25-03-2015,50.522
24-03-2015,50.682
23-03-2015,51.081
20-03-2015,51.448
19-03-2015,52.191
18-03-2015,52.649
17-03-2015,52.587
16-03-2015,51.968
13-03-2015,52.077
12-03-2015,52.559
11-03-2015,52.159
10-03-2015,52.243
09-03-2015,52.336
05-03-2015,53.015
04-03-2015,52.704
03-03-2015,53.344
02-03-2015,52.847
27-02-2015,51.849
26-02-2015,50.991
25-02-2015,51.427
24-02-2015,51.586
23-02-2015,51.749
20-02-2015,52.124
19-02-2015,51.983
18-02-2015,51.931
16-02-2015,51.453
13-02-2015,51.703
12-02-2015,51.1
11-02-2015,50.54
10-02-2015,49.997
09-02-2015,49.567
06-02-2015,50.101
05-02-2015,50.556
04-02-2015,50.991
03-02-2015,51.336
02-02-2015,51.495
30-01-2015,51.522
29-01-2015,52.083
28-01-2015,52.184
27-01-2015,52.013
23-01-2015,51.936
22-01-2015,52.108
21-01-2015,51.893
20-01-2015,51.944
19-01-2015,51.552
16-01-2015,51.294
15-01-2015,51.151
14-01-2015,50.552
13-01-2015,50.476
12-01-2015,50.465
09-01-2015,50.063
08-01-2015,49.817
07-01-2015,48.922
06-01-2015,49.033
05-01-2015,50.337
02-01-2015,50.484
01-01-2015,50.014
31-12-2014,49.934
30-12-2014,49.541
29-12-2014,49.291
26-12-2014,48.871
24-12-2014,48.65
23-12-2014,48.593
22-12-2014,48.554
19-12-2014,48.232
18-12-2014,47.757
17-12-2014,46.499
16-12-2014,46.781
15-12-2014,47.837
12-12-2014,47.93
11-12-2014,48.366
10-12-2014,48.687
09-12-2014,48.2
08-12-2014,48.746
05-12-2014,49.262
04-12-2014,49.38
03-12-2014,49.303
02-12-2014,48.676
01-12-2014,48.467
28-11-2014,48.446
27-11-2014,47.893
26-11-2014,47.535
25-11-2014,47.523
24-11-2014,48.174
21-11-2014,48.159
20-11-2014,47.801
19-11-2014,48.004
18-11-2014,48.316
17-11-2014,48.146
14-11-2014,47.652
13-11-2014,47.464
12-11-2014,47.428
11-11-2014,47.067
10-11-2014,46.863
07-11-2014,46.77
05-11-2014,46.574
03-11-2014,46.272
31-10-2014,45.936
30-10-2014,45.192
29-10-2014,44.728
28-10-2014,44.457
27-10-2014,44.299
22-10-2014,44.155
21-10-2014,43.687
20-10-2014,43.38
17-10-2014,42.95
16-10-2014,42.636
14-10-2014,43.652
13-10-2014,43.551
10-10-2014,43.22
09-10-2014,43.828
08-10-2014,43.252
07-10-2014,43.272
01-10-2014,43.832
30-09-2014,43.942
29-09-2014,43.823
26-09-2014,43.379
25-09-2014,42.955
24-09-2014,43.774
23-09-2014,44.103
22-09-2014,44.868
19-09-2014,44.817
18-09-2014,44.804
17-09-2014,44.144
16-09-2014,43.94
15-09-2014,45.351
12-09-2014,45.144
11-09-2014,45
10-09-2014,44.474
09-09-2014,44.435
08-09-2014,44.319
05-09-2014,43.593
04-09-2014,43.41
03-09-2014,43.379
02-09-2014,42.89
01-09-2014,42.562
28-08-2014,41.813
27-08-2014,41.902
26-08-2014,41.506
25-08-2014,41.478
22-08-2014,41.72
21-08-2014,41.483
20-08-2014,41.212
19-08-2014,41.244
18-08-2014,40.652
14-08-2014,39.82
13-08-2014,39.457
12-08-2014,39.854
11-08-2014,39.603
08-08-2014,39.281
07-08-2014,40.015
06-08-2014,40.172
05-08-2014,40.241
04-08-2014,39.908
01-08-2014,39.498
31-07-2014,39.734
30-07-2014,39.725
28-07-2014,39.273
25-07-2014,39.351
24-07-2014,39.735
23-07-2014,39.881
22-07-2014,39.847
21-07-2014,39.779
18-07-2014,39.59
17-07-2014,39.585
16-07-2014,39.146
15-07-2014,38.673
14-07-2014,38.083
11-07-2014,38.17
10-07-2014,38.967
09-07-2014,38.854
08-07-2014,39.191
07-07-2014,40.398
04-07-2014,40.449
03-07-2014,40.257
02-07-2014,40.227
01-07-2014,39.547
30-06-2014,39.407
27-06-2014,38.677
26-06-2014,38.426
25-06-2014,38.514
24-06-2014,38.509
23-06-2014,37.991
20-06-2014,37.618
19-06-2014,37.998
18-06-2014,38.206
17-06-2014,38.257
16-06-2014,37.56
13-06-2014,37.525
12-06-2014,38.202
11-06-2014,37.926
10-06-2014,38.138
09-06-2014,38.111
06-06-2014,37.68
05-06-2014,37.213
04-06-2014,36.94
03-06-2014,36.322
02-06-2014,36.155
30-05-2014,35.617
29-05-2014,35.748
28-05-2014,35.912
27-05-2014,35.556
26-05-2014,35.616
23-05-2014,36.196
22-05-2014,35.643
21-05-2014,35.02
20-05-2014,34.672
19-05-2014,34.053
16-05-2014,33.273
15-05-2014,32.73
14-05-2014,33.082
13-05-2014,32.881
12-05-2014,32.439
09-05-2014,32.181
08-05-2014,31.714
07-05-2014,31.564
06-05-2014,31.621
05-05-2014,31.533
02-05-2014,31.529
30-04-2014,31.487
29-04-2014,31.804
28-04-2014,31.848
25-04-2014,31.881
23-04-2014,31.916
22-04-2014,31.764
21-04-2014,31.768
17-04-2014,31.566
16-04-2014,31.224
15-04-2014,31.434
11-04-2014,31.545
10-04-2014,31.44
09-04-2014,31.442
07-04-2014,31.019
04-04-2014,31.142
03-04-2014,31.07
02-04-2014,31.251
01-04-2014,30.768
31-03-2014,30.889
28-03-2014,30.656
27-03-2014,30.213
26-03-2014,30.089
25-03-2014,29.973
24-03-2014,29.913
21-03-2014,29.625
20-03-2014,29.509
19-03-2014,29.465
18-03-2014,29.38
14-03-2014,29.141
13-03-2014,29.188
12-03-2014,29.306
11-03-2014,29.405
10-03-2014,29.401
07-03-2014,29.188
06-03-2014,29.041
05-03-2014,28.649
04-03-2014,28.363
03-03-2014,28.056
28-02-2014,28.104
26-02-2014,27.86
25-02-2014,27.869
24-02-2014,27.803
21-02-2014,27.602
20-02-2014,27.271
19-02-2014,27.385
18-02-2014,27.231
17-02-2014,27.095
14-02-2014,27.121
13-02-2014,27.059
12-02-2014,27.422
11-02-2014,27.403
10-02-2014,27.404
07-02-2014,27.42
06-02-2014,27.243
05-02-2014,27.293
04-02-2014,27.188
03-02-2014,27.163
31-01-2014,27.322
30-01-2014,26.785
29-01-2014,27.083
28-01-2014,27.188
27-01-2014,27.324
24-01-2014,27.954
23-01-2014,28.343
22-01-2014,28.335
21-01-2014,28.238
20-01-2014,28.064
17-01-2014,27.899
16-01-2014,28.311
15-01-2014,28.333
14-01-2014,28.284
13-01-2014,28.327
10-01-2014,28.291
09-01-2014,28.481
08-01-2014,28.644
07-01-2014,28.479
06-01-2014,28.566
03-01-2014,28.556
02-01-2014,28.459
01-01-2014,28.78
31-12-2013,28.694
30-12-2013,28.537
27-12-2013,28.496
26-12-2013,28.344
24-12-2013,28.367
23-12-2013,28.2
20-12-2013,27.94
19-12-2013,27.472
18-12-2013,27.627
17-12-2013,27.325
16-12-2013,27.208
13-12-2013,27.181
12-12-2013,27.461
11-12-2013,27.602
10-12-2013,27.6
09-12-2013,27.748
06-12-2013,27.44
05-12-2013,27.295
04-12-2013,27.199
03-12-2013,27.272
02-12-2013,27.22
29-11-2013,27.046
28-11-2013,26.818
27-11-2013,26.622
26-11-2013,26.661
25-11-2013,26.683
22-11-2013,26.451
21-11-2013,26.319
20-11-2013,26.551
19-11-2013,26.72
18-11-2013,26.587
14-11-2013,26.219
13-11-2013,25.88
12-11-2013,26.047
11-11-2013,26.202
08-11-2013,26.455
07-11-2013,26.559
06-11-2013,26.828
05-11-2013,26.863
01-11-2013,26.565
31-10-2013,26.337
30-10-2013,26.026
29-10-2013,25.874
28-10-2013,25.507
25-10-2013,25.757
24-10-2013,25.879
23-10-2013,25.872
22-10-2013,25.899
21-10-2013,25.785
18-10-2013,25.415
17-10-2013,25.055
15-10-2013,25.092
14-10-2013,25.298
11-10-2013,25.161
10-10-2013,25.074
09-10-2013,24.927
08-10-2013,24.679
07-10-2013,24.584
04-10-2013,24.39
03-10-2013,24.33
01-10-2013,23.862
30-09-2013,23.65
27-09-2013,23.743
26-09-2013,23.607
25-09-2013,23.535
24-09-2013,23.545
23-09-2013,23.516
20-09-2013,23.876
19-09-2013,24.122
18-09-2013,23.537
17-09-2013,23.326
16-09-2013,23.366
13-09-2013,23.391
12-09-2013,23.306
11-09-2013,23.431
10-09-2013,23.147
06-09-2013,22.76
05-09-2013,22.66
04-09-2013,22.043
03-09-2013,21.681
02-09-2013,22.203
30-08-2013,21.995
29-08-2013,21.809
28-08-2013,21.467
27-08-2013,21.805
26-08-2013,22.425
23-08-2013,22.408
22-08-2013,22.18
21-08-2013,22.074
20-08-2013,22.245
19-08-2013,22.298
16-08-2013,22.838
14-08-2013,23.6
13-08-2013,23.509
12-08-2013,23.227
08-08-2013,22.91
07-08-2013,22.636
06-08-2013,22.463
05-08-2013,23.131
02-08-2013,23.088
01-08-2013,23.299
31-07-2013,23.556
30-07-2013,23.529
29-07-2013,24.202
26-07-2013,24.39
25-07-2013,24.696
24-07-2013,24.988
23-07-2013,25.596
22-07-2013,25.524
19-07-2013,25.39
18-07-2013,25.521
17-07-2013,25.204
16-07-2013,25.394
15-07-2013,25.893
12-07-2013,25.623
11-07-2013,25.635
10-07-2013,25.39
09-07-2013,25.412
08-07-2013,25.232
05-07-2013,25.359
04-07-2013,25.378
03-07-2013,25.305
02-07-2013,25.757
01-07-2013,25.951
28-06-2013,25.64
27-06-2013,25.111
26-06-2013,25.1
25-06-2013,25.283
24-06-2013,25.221
21-06-2013,25.825
20-06-2013,25.993
19-06-2013,26.417
18-06-2013,26.258
17-06-2013,26.296
14-06-2013,26.199
13-06-2013,25.857
12-06-2013,26.247
11-06-2013,26.341
10-06-2013,26.829
07-06-2013,27.12
06-06-2013,27.322
05-06-2013,27.332
04-06-2013,27.293
03-06-2013,27.231
31-05-2013,27.027
30-05-2013,27.385
29-05-2013,27.47
28-05-2013,27.585
27-05-2013,27.465
24-05-2013,27.303
23-05-2013,27.156
22-05-2013,27.663
21-05-2013,27.898
20-05-2013,28.056
17-05-2013,28.228
16-05-2013,28.069
15-05-2013,27.953
14-05-2013,27.415
13-05-2013,27.341
10-05-2013,27.563
09-05-2013,27.507
08-05-2013,27.577
07-05-2013,27.648
06-05-2013,27.406
03-05-2013,27.157
02-05-2013,27.265
30-04-2013,27.08
29-04-2013,26.932
26-04-2013,26.747
25-04-2013,26.769
23-04-2013,26.586
22-04-2013,26.685
18-04-2013,26.393
17-04-2013,26.068
16-04-2013,26.026
15-04-2013,25.566
12-04-2013,25.496
11-04-2013,25.481
10-04-2013,25.447
09-04-2013,25.36
08-04-2013,25.646
05-04-2013,25.764
04-04-2013,25.807
03-04-2013,26.303
02-04-2013,26.582
01-04-2013,26.228
28-03-2013,26.014
26-03-2013,25.656
25-03-2013,25.684
22-03-2013,25.711
21-03-2013,25.729
20-03-2013,26.028
19-03-2013,26.578
18-03-2013,27.002
15-03-2013,27.116
14-03-2013,27.278
13-03-2013,27.147
12-03-2013,27.484
11-03-2013,27.603
08-03-2013,27.536
07-03-2013,27.396
06-03-2013,27.27
05-03-2013,27.033
04-03-2013,26.633
01-03-2013,26.979
28-02-2013,26.755
27-02-2013,27.417
26-02-2013,27.26
25-02-2013,27.7
22-02-2013,27.866
21-02-2013,27.962
20-02-2013,28.485
19-02-2013,28.482
18-02-2013,28.179
15-02-2013,28.14
14-02-2013,28.086
13-02-2013,28.503
12-02-2013,28.574
11-02-2013,28.521
08-02-2013,28.55
07-02-2013,28.714
06-02-2013,28.908
05-02-2013,28.943
04-02-2013,29.109
01-02-2013,29.475
31-01-2013,29.474
30-01-2013,29.331
29-01-2013,29.428
28-01-2013,29.576
25-01-2013,29.67
24-01-2013,29.301
23-01-2013,29.79
22-01-2013,29.958
21-01-2013,30.084
18-01-2013,30.096
17-01-2013,30.238
16-01-2013,30.229
15-01-2013,30.576
14-01-2013,30.561
11-01-2013,30.292
10-01-2013,30.593
09-01-2013,30.747
08-01-2013,30.811
07-01-2013,30.737
04-01-2013,30.708
03-01-2013,30.54
02-01-2013,30.515
01-01-2013,30.424
31-12-2012,30.176
28-12-2012,29.972
27-12-2012,29.745
26-12-2012,29.801
24-12-2012,29.588
21-12-2012,29.52
20-12-2012,29.87
19-12-2012,29.972
18-12-2012,29.846
17-12-2012,29.72
14-12-2012,29.656
13-12-2012,29.425
12-12-2012,29.693
11-12-2012,29.662
10-12-2012,29.806
07-12-2012,29.734
06-12-2012,29.689
05-12-2012,29.481
04-12-2012,29.301
03-12-2012,29.296
30-11-2012,29.041
29-11-2012,28.825
27-11-2012,28.637
26-11-2012,28.286
23-11-2012,27.848
22-11-2012,27.774
21-11-2012,27.625
20-11-2012,27.507
19-11-2012,27.682
16-11-2012,27.903
15-11-2012,28.034
12-11-2012,27.943
09-11-2012,27.856
08-11-2012,28.032
07-11-2012,28.001
06-11-2012,27.787
05-11-2012,27.738
02-11-2012,27.814
01-11-2012,27.609
31-10-2012,27.416
30-10-2012,27.153
29-10-2012,27.481
26-10-2012,27.501
25-10-2012,27.684
23-10-2012,27.489
22-10-2012,27.536
19-10-2012,27.476
18-10-2012,27.617
17-10-2012,27.323
16-10-2012,27.262
15-10-2012,27.527
12-10-2012,27.525
11-10-2012,27.481
10-10-2012,27.24
09-10-2012,27.459
08-10-2012,27.418
05-10-2012,27.535
04-10-2012,27.77
03-10-2012,27.623
01-10-2012,27.573
28-09-2012,27.368
27-09-2012,27.042
26-09-2012,26.969
25-09-2012,26.924
24-09-2012,26.683
21-09-2012,26.608
20-09-2012,26.17
18-09-2012,26.277
17-09-2012,26.022
14-09-2012,25.694
13-09-2012,25.481
12-09-2012,25.461
11-09-2012,25.391
10-09-2012,25.356
07-09-2012,25.202
06-09-2012,24.911
05-09-2012,24.813
04-09-2012,24.931
03-09-2012,24.83
31-08-2012,24.707
30-08-2012,24.716
29-08-2012,24.602
28-08-2012,24.726
27-08-2012,24.989
24-08-2012,25.143
23-08-2012,25.191
22-08-2012,25.136
21-08-2012,25.232
17-08-2012,25.137
16-08-2012,25.17
14-08-2012,25.118
13-08-2012,25.015
10-08-2012,24.874
09-08-2012,24.87
08-08-2012,24.967
07-08-2012,24.975
06-08-2012,24.84
03-08-2012,24.719
02-08-2012,24.763
01-08-2012,24.733
31-07-2012,24.579
30-07-2012,24.482
27-07-2012,24.101
26-07-2012,24.319
25-07-2012,24.579
24-07-2012,24.634
23-07-2012,24.56
20-07-2012,24.913
19-07-2012,24.922
18-07-2012,24.835
17-07-2012,24.781
16-07-2012,24.903
13-07-2012,24.947
12-07-2012,25.016
11-07-2012,25.141
10-07-2012,25.151
09-07-2012,24.967
06-07-2012,25.183
05-07-2012,25.221
04-07-2012,24.98
03-07-2012,24.874
02-07-2012,24.761
29-06-2012,24.595
28-06-2012,24.18
27-06-2012,24.202
26-06-2012,24.186
25-06-2012,24.088
22-06-2012,24.095
21-06-2012,24.105
20-06-2012,23.834
19-06-2012,23.591
18-06-2012,23.481
15-06-2012,23.753
14-06-2012,23.583
13-06-2012,23.859
12-06-2012,23.876
11-06-2012,23.684
08-06-2012,23.768
07-06-2012,23.629
06-06-2012,23.423
05-06-2012,22.986
04-06-2012,22.871
01-06-2012,22.927
31-05-2012,23.357
30-05-2012,23.226
29-05-2012,23.511
28-05-2012,23.559
25-05-2012,23.331
24-05-2012,23.314
23-05-2012,23.076
22-05-2012,23.197
21-05-2012,23.329
18-05-2012,23.181
17-05-2012,23.169
16-05-2012,23.273
15-05-2012,23.514
14-05-2012,23.432
11-05-2012,23.641
10-05-2012,23.791
09-05-2012,23.768
08-05-2012,23.92
07-05-2012,24.213
04-05-2012,24.09
03-05-2012,24.443
02-05-2012,24.697
30-04-2012,24.761
27-04-2012,24.488
26-04-2012,24.549
25-04-2012,24.627
24-04-2012,24.768
23-04-2012,24.798
20-04-2012,25.136
19-04-2012,25.294
18-04-2012,25.266
17-04-2012,25.111
16-04-2012,24.894
13-04-2012,24.734
12-04-2012,24.935
11-04-2012,24.762
10-04-2012,24.88
09-04-2012,24.922
04-04-2012,25.211
03-04-2012,25.154
02-04-2012,24.864
30-03-2012,24.715
29-03-2012,24.149
28-03-2012,24.011
27-03-2012,24.212
26-03-2012,24.197
23-03-2012,24.424
22-03-2012,24.316
21-03-2012,24.744
20-03-2012,24.296
19-03-2012,24.152
16-03-2012,24.341
15-03-2012,24.615
14-03-2012,24.923
13-03-2012,24.809
12-03-2012,24.557
09-03-2012,24.352
07-03-2012,23.844
06-03-2012,23.874
05-03-2012,23.955
02-03-2012,24.136
01-03-2012,24.085
29-02-2012,24.269
28-02-2012,23.966
27-02-2012,23.316
24-02-2012,23.895
23-02-2012,24.004
22-02-2012,24.159
21-02-2012,24.845
17-02-2012,24.751
16-02-2012,24.662
15-02-2012,24.663
14-02-2012,24.278
13-02-2012,24.046
10-02-2012,24.032
09-02-2012,23.843
08-02-2012,23.578
07-02-2012,23.405
06-02-2012,23.547
03-02-2012,23.27
02-02-2012,23.106
01-02-2012,22.948
31-01-2012,22.623
30-01-2012,22.132
27-01-2012,22.592
25-01-2012,22.368
24-01-2012,22.094
23-01-2012,21.829
20-01-2012,21.881
19-01-2012,21.802
18-01-2012,21.579
17-01-2012,21.703
16-01-2012,21.443
13-01-2012,21.446
12-01-2012,21.142
11-01-2012,21.093
10-01-2012,20.932
09-01-2012,20.53
06-01-2012,20.375
05-01-2012,20.439
04-01-2012,20.43
03-01-2012,20.412
02-01-2012,19.991
30-12-2011,20.086
29-12-2011,19.95
28-12-2011,20.05
27-12-2011,20.274
26-12-2011,20.42
23-12-2011,20.305
22-12-2011,20.378
21-12-2011,20.249
20-12-2011,19.948
19-12-2011,20.291
16-12-2011,20.797
15-12-2011,21.155
14-12-2011,21.268
13-12-2011,21.414
12-12-2011,21.508
09-12-2011,21.893
08-12-2011,22.038
07-12-2011,22.36
05-12-2011,22.321
02-12-2011,22.344
01-12-2011,22.034
30-11-2011,21.882
29-11-2011,21.911
28-11-2011,22.057
25-11-2011,21.796
24-11-2011,21.681
23-11-2011,21.411
22-11-2011,21.789
21-11-2011,21.793
18-11-2011,22.091
17-11-2011,22.249
16-11-2011,22.451
15-11-2011,22.693
14-11-2011,23.184
11-11-2011,23.488
09-11-2011,23.68
08-11-2011,23.952
04-11-2011,23.956
03-11-2011,23.825
02-11-2011,23.74
01-11-2011,23.697
31-10-2011,23.729
28-10-2011,23.662
25-10-2011,23.17
24-10-2011,23.089
21-10-2011,23.233
20-10-2011,23.393
19-10-2011,23.557
18-10-2011,23.247
17-10-2011,23.497
14-10-2011,23.504
13-10-2011,23.314
12-10-2011,23.282
11-10-2011,22.977
10-10-2011,22.839
07-10-2011,22.614
05-10-2011,22.345
04-10-2011,22.612
03-10-2011,22.838
30-09-2011,23.129
29-09-2011,23.288
28-09-2011,23.233
27-09-2011,23.414
26-09-2011,23.102
23-09-2011,23.329
22-09-2011,23.555
21-09-2011,24.109
20-09-2011,23.919
19-09-2011,23.75
16-09-2011,23.812
15-09-2011,23.796
14-09-2011,23.659
13-09-2011,23.626
12-09-2011,23.694
09-09-2011,24.097
08-09-2011,24.301
07-09-2011,24.308
06-09-2011,24
05-09-2011,23.87
02-09-2011,23.832
30-08-2011,23.768
29-08-2011,23.4
26-08-2011,22.971
25-08-2011,23.465
24-08-2011,23.64
23-08-2011,23.754
22-08-2011,23.551
19-08-2011,23.315
18-08-2011,23.634
17-08-2011,24.112
16-08-2011,24.296
12-08-2011,24.596
11-08-2011,24.641
10-08-2011,24.615
09-08-2011,24.083
08-08-2011,24.325
05-08-2011,24.607
04-08-2011,24.999
03-08-2011,25.164
02-08-2011,25.308
01-08-2011,25.574
29-07-2011,25.661
28-07-2011,25.787
27-07-2011,25.947
26-07-2011,25.983
25-07-2011,26.17
22-07-2011,26.041
21-07-2011,25.746
20-07-2011,25.892
19-07-2011,26.115
18-07-2011,26.1
15-07-2011,26.016
14-07-2011,25.99
13-07-2011,25.765
12-07-2011,25.438
11-07-2011,25.694
08-07-2011,25.688
07-07-2011,25.853
06-07-2011,25.661
05-07-2011,25.517
04-07-2011,25.553
01-07-2011,25.385
30-06-2011,25.187
29-06-2011,25.114
28-06-2011,24.982
27-06-2011,24.91
24-06-2011,24.643
23-06-2011,24.178
22-06-2011,24.232
21-06-2011,24.395
20-06-2011,24.463
17-06-2011,24.973
16-06-2011,25.12
15-06-2011,25.252
14-06-2011,25.353
13-06-2011,25.178
10-06-2011,25.059
09-06-2011,25.054
08-06-2011,25.084
07-06-2011,25.096
06-06-2011,24.982
03-06-2011,24.915
02-06-2011,24.961
01-06-2011,25.23
31-05-2011,25.091
30-05-2011,24.769
27-05-2011,24.574
26-05-2011,24.268
25-05-2011,24.262
24-05-2011,24.343
23-05-2011,24.264
20-05-2011,24.484
19-05-2011,24.317
18-05-2011,24.386
17-05-2011,24.463
16-05-2011,24.575
13-05-2011,24.798
12-05-2011,24.555
11-05-2011,24.817
10-05-2011,24.733
09-05-2011,24.699
06-05-2011,24.708
05-05-2011,24.332
04-05-2011,24.467
03-05-2011,24.641
02-05-2011,25.147
29-04-2011,25.296
28-04-2011,25.533
27-04-2011,25.61
26-04-2011,25.565
25-04-2011,25.541
21-04-2011,25.466
20-04-2011,25.457
19-04-2011,25.175
18-04-2011,25.172
15-04-2011,25.443
13-04-2011,25.454
11-04-2011,25.114
08-04-2011,25.273
07-04-2011,25.606
06-04-2011,25.394
05-04-2011,25.355
04-04-2011,25.157
01-04-2011,24.756
31-03-2011,24.577
30-03-2011,24.527
29-03-2011,24.022
28-03-2011,23.805
25-03-2011,23.728
24-03-2011,23.466
23-03-2011,23.29
22-03-2011,23.095
21-03-2011,22.971
18-03-2011,22.994
17-03-2011,23.131
16-03-2011,23.163
15-03-2011,22.857
14-03-2011,23.155
11-03-2011,22.982
10-03-2011,23.217
09-03-2011,23.198
08-03-2011,23.035
07-03-2011,22.825
04-03-2011,23.208
03-03-2011,23.13
01-03-2011,23.146
28-02-2011,22.431
25-02-2011,22.483
24-02-2011,22.555
23-02-2011,23.329
22-02-2011,23.518
21-02-2011,23.769
18-02-2011,23.659
17-02-2011,24.035
16-02-2011,23.835
15-02-2011,23.75
14-02-2011,23.692
11-02-2011,22.984
10-02-2011,22.347
09-02-2011,22.239
08-02-2011,22.813
07-02-2011,23.303
04-02-2011,23.416
03-02-2011,23.711
02-02-2011,23.504
01-02-2011,23.589
31-01-2011,24.034
28-01-2011,23.951
27-01-2011,24.643
25-01-2011,25.171
24-01-2011,25.361
21-01-2011,25.143
20-01-2011,25.111
19-01-2011,25.088
18-01-2011,25.066
17-01-2011,25.014
14-01-2011,25.269
13-01-2011,25.647
12-01-2011,25.892
11-01-2011,25.469
10-01-2011,25.557
07-01-2011,26.252
06-01-2011,26.858
05-01-2011,27.154
04-01-2011,27.532
03-01-2011,27.654
31-12-2010,27.477
30-12-2010,27.184
29-12-2010,26.989
28-12-2010,26.791
27-12-2010,26.85
24-12-2010,26.883
23-12-2010,26.812
22-12-2010,26.851
21-12-2010,26.862
20-12-2010,26.654
16-12-2010,26.728
15-12-2010,26.706
14-12-2010,27.046
13-12-2010,26.743
10-12-2010,26.301
09-12-2010,25.937
08-12-2010,26.793
07-12-2010,27.232
06-12-2010,27.576
03-12-2010,27.842
02-12-2010,28.291
01-12-2010,28.046
30-11-2010,27.535
29-11-2010,27.246
26-11-2010,27.146
25-11-2010,27.478
24-11-2010,27.997
23-11-2010,28.273
22-11-2010,28.544
19-11-2010,28.28
18-11-2010,28.778
16-11-2010,28.871
15-11-2010,29.413
12-11-2010,29.421
11-11-2010,30.006
10-11-2010,30.259
09-11-2010,30.234
08-11-2010,30.171
04-11-2010,29.991
03-11-2010,29.819
02-11-2010,29.648
01-11-2010,29.504
29-10-2010,29.147
28-10-2010,29.287
27-10-2010,29.441
26-10-2010,29.511
25-10-2010,29.61
22-10-2010,29.375
21-10-2010,29.334
20-10-2010,28.921
19-10-2010,28.938
18-10-2010,28.841
15-10-2010,28.966
14-10-2010,29.375
13-10-2010,29.459
12-10-2010,29.154
11-10-2010,29.358
08-10-2010,29.104
07-10-2010,29.248
06-10-2010,29.319
05-10-2010,29.092
04-10-2010,28.952
01-10-2010,28.84
30-09-2010,28.423
29-09-2010,28.465
28-09-2010,28.57
27-09-2010,28.572
24-09-2010,28.509
23-09-2010,28.284
22-09-2010,28.323
21-09-2010,28.458
20-09-2010,28.748
17-09-2010,28.612
16-09-2010,28.182
15-09-2010,28.45
14-09-2010,28.466
13-09-2010,28.58
09-09-2010,28.332
08-09-2010,28.006
07-09-2010,27.891
06-09-2010,27.855
03-09-2010,27.497
02-09-2010,27.213
01-09-2010,27.041
31-08-2010,26.579
30-08-2010,26.715
27-08-2010,26.721
26-08-2010,26.882
25-08-2010,26.826
24-08-2010,27.187
23-08-2010,27.34
20-08-2010,27.113
19-08-2010,27.042
18-08-2010,26.869
17-08-2010,26.549
16-08-2010,26.363
13-08-2010,26.416
12-08-2010,26.267
11-08-2010,26.212
10-08-2010,26.259
09-08-2010,26.347
06-08-2010,26.087
05-08-2010,26.001
04-08-2010,26.054
03-08-2010,25.95
02-08-2010,25.868
30-07-2010,25.583
29-07-2010,25.394
28-07-2010,25.381
27-07-2010,25.342
26-07-2010,25.29
23-07-2010,25.52
22-07-2010,25.538
21-07-2010,25.455
20-07-2010,25.309
19-07-2010,25.378
16-07-2010,25.329
15-07-2010,25.154
14-07-2010,25.153
13-07-2010,25.235
12-07-2010,25.063
09-07-2010,24.914
08-07-2010,24.746
07-07-2010,24.479
06-07-2010,24.537
05-07-2010,24.377
02-07-2010,24.27
01-07-2010,24.326
30-06-2010,24.421
29-06-2010,24.186
28-06-2010,24.345
25-06-2010,24.053
24-06-2010,24.166
23-06-2010,24.136
22-06-2010,23.961
21-06-2010,24.008
18-06-2010,23.786
17-06-2010,23.896
16-06-2010,23.813
15-06-2010,23.682
14-06-2010,23.624
11-06-2010,23.412
10-06-2010,23.363
09-06-2010,23.145
08-06-2010,23.076
07-06-2010,23.112
04-06-2010,23.387
03-06-2010,23.321
02-06-2010,23.055
01-06-2010,22.844
31-05-2010,23.12
28-05-2010,22.879
27-05-2010,22.438
26-05-2010,22.157
25-05-2010,21.899
24-05-2010,22.555
21-05-2010,22.525
20-05-2010,22.692
19-05-2010,22.641
18-05-2010,23.138
17-05-2010,23.059
14-05-2010,23.073
13-05-2010,23.289
12-05-2010,23.014
11-05-2010,22.904
10-05-2010,23.039
07-05-2010,22.637
06-05-2010,23.107
05-05-2010,23.282
04-05-2010,23.257
03-05-2010,23.59
30-04-2010,23.727
29-04-2010,23.509
28-04-2010,23.326
27-04-2010,23.608
26-04-2010,23.588
23-04-2010,23.473
22-04-2010,23.393
21-04-2010,23.439
20-04-2010,23.256
19-04-2010,22.935
16-04-2010,23.103
15-04-2010,23.12
13-04-2010,23.183
12-04-2010,23.249
09-04-2010,23.265
08-04-2010,23.017
07-04-2010,23.193
06-04-2010,23.018
05-04-2010,22.919
01-04-2010,22.644
31-03-2010,22.448
30-03-2010,22.367
29-03-2010,22.237
26-03-2010,22.193
25-03-2010,22.064
23-03-2010,22.026
22-03-2010,21.927
19-03-2010,22.117
18-03-2010,22.139
17-03-2010,22.058
16-03-2010,21.963
15-03-2010,21.771
12-03-2010,21.838
11-03-2010,21.84
10-03-2010,21.836
09-03-2010,21.865
08-03-2010,22.022
05-03-2010,21.803
04-03-2010,21.712
03-03-2010,21.382
02-03-2010,21.107
26-02-2010,20.749
25-02-2010,20.572
24-02-2010,20.655
23-02-2010,20.685
22-02-2010,20.824
19-02-2010,20.938
18-02-2010,21.154
17-02-2010,21.255
16-02-2010,21.016
15-02-2010,20.906
11-02-2010,21.035
10-02-2010,20.93
09-02-2010,20.921
08-02-2010,20.764
05-02-2010,20.503
04-02-2010,20.929
03-02-2010,21.292
02-02-2010,20.943
01-02-2010,21.109
29-01-2010,20.794
28-01-2010,20.665
27-01-2010,20.561
25-01-2010,21.358
22-01-2010,21.599
21-01-2010,21.815
20-01-2010,22.311
19-01-2010,22.34
18-01-2010,22.424
15-01-2010,22.276
14-01-2010,22.189
13-01-2010,22.049
12-01-2010,22.02
11-01-2010,22.242
08-01-2010,22.094
07-01-2010,22.134
06-01-2010,22.11
05-01-2010,21.925
04-01-2010,21.755
31-12-2009,21.466
30-12-2009,21.453
29-12-2009,21.383
24-12-2009,21.29
23-12-2009,21.194
22-12-2009,20.856
21-12-2009,20.677
18-12-2009,20.772
17-12-2009,20.831
16-12-2009,20.697
15-12-2009,20.743
14-12-2009,20.982
11-12-2009,21.106
10-12-2009,21.325
09-12-2009,21.21
08-12-2009,21.409
07-12-2009,21.115
04-12-2009,21.31
03-12-2009,21.319
02-12-2009,21.191
01-12-2009,21.008
30-11-2009,20.61
27-11-2009,20.248
26-11-2009,20.557
25-11-2009,20.939
24-11-2009,20.902
23-11-2009,20.914
20-11-2009,20.781
19-11-2009,20.57
18-11-2009,20.827
17-11-2009,20.742
16-11-2009,20.725
13-11-2009,20.5
12-11-2009,20.437
11-11-2009,20.606
10-11-2009,20.214
09-11-2009,20.244
06-11-2009,19.866
05-11-2009,19.438
04-11-2009,19.076
03-11-2009,18.523
30-10-2009,19.167
29-10-2009,19.27
28-10-2009,19.542
27-10-2009,19.42
26-10-2009,20.105
23-10-2009,20.513
22-10-2009,20.244
21-10-2009,20.671
20-10-2009,21.012
16-10-2009,20.869
15-10-2009,20.612
14-10-2009,20.568
12-10-2009,20.096
09-10-2009,19.634
08-10-2009,19.773
07-10-2009,19.547
06-10-2009,19.239
05-10-2009,19.275
01-10-2009,19.615
30-09-2009,19.688
29-09-2009,19.489
25-09-2009,19.492
24-09-2009,19.354
23-09-2009,19.172
22-09-2009,19.458
18-09-2009,19.338
17-09-2009,19.334
16-09-2009,19.267
15-09-2009,18.955
14-09-2009,18.475
11-09-2009,18.368
10-09-2009,18.397
09-09-2009,18.352
08-09-2009,18.436
07-09-2009,18.406
04-09-2009,18.073
03-09-2009,17.965
02-09-2009,17.992
01-09-2009,18.052
31-08-2009,18.285
28-08-2009,18.266
27-08-2009,18.086
26-08-2009,18.099
25-08-2009,17.889
24-08-2009,17.798
21-08-2009,17.387
20-08-2009,17.172
19-08-2009,17.035
18-08-2009,17.188
17-08-2009,16.844
14-08-2009,17.519
13-08-2009,17.427
12-08-2009,16.859
11-08-2009,16.876
10-08-2009,16.806
07-08-2009,17.056
06-08-2009,17.347
05-08-2009,17.673
04-08-2009,17.664
03-08-2009,17.766
31-07-2009,17.429
30-07-2009,17.249
29-07-2009,17.121
28-07-2009,17.278
27-07-2009,17.158
24-07-2009,17.002
23-07-2009,16.704
22-07-2009,16.436
21-07-2009,16.575
20-07-2009,16.497
17-07-2009,16.137
16-07-2009,15.767
15-07-2009,15.787
14-07-2009,15.3
13-07-2009,14.694
10-07-2009,15.102
09-07-2009,15.395
08-07-2009,15.245
07-07-2009,15.822
06-07-2009,15.441
03-07-2009,16.386
02-07-2009,16.154
01-07-2009,16.056
30-06-2009,15.863
29-06-2009,16.303
26-06-2009,16.259
25-06-2009,15.862
24-06-2009,15.851
23-06-2009,15.455
22-06-2009,15.375
19-06-2009,15.377
18-06-2009,15.065
17-06-2009,15.493
16-06-2009,16.182
15-06-2009,15.924
12-06-2009,16.269
11-06-2009,16.588
10-06-2009,16.687
09-06-2009,16.303
08-06-2009,15.899
05-06-2009,16.817
04-06-2009,16.848
03-06-2009,16.526
02-06-2009,16.344
01-06-2009,16.469
29-05-2009,16.26
28-05-2009,15.874
27-05-2009,15.755
26-05-2009,15.297
25-05-2009,15.804
22-05-2009,15.486
21-05-2009,15.365
20-05-2009,15.36
19-05-2009,14.896
15-05-2009,12.954
14-05-2009,12.748
13-05-2009,12.644
12-05-2009,12.544
11-05-2009,12.406
08-05-2009,12.525
07-05-2009,12.577
06-05-2009,12.349
05-05-2009,12.564
04-05-2009,12.429
29-04-2009,12.003
28-04-2009,11.79
27-04-2009,12.128
24-04-2009,12.14
23-04-2009,11.975
22-04-2009,11.824
21-04-2009,11.952
20-04-2009,12.023
17-04-2009,11.881
16-04-2009,11.684
15-04-2009,12.09
13-04-2009,11.617
09-04-2009,11.31
08-04-2009,11.177
06-04-2009,11.055
02-04-2009,11.005
01-04-2009,10.754
31-03-2009,10.709
30-03-2009,10.548
27-03-2009,10.657
26-03-2009,10.517
25-03-2009,10.281
24-03-2009,10.224
23-03-2009,10.297
20-03-2009,10.034
19-03-2009,10.116
18-03-2009,10.134
17-03-2009,10.017
16-03-2009,10.082
13-03-2009,9.84
12-03-2009,9.66
09-03-2009,9.587
06-03-2009,9.706
05-03-2009,9.73
04-03-2009,9.883
03-03-2009,9.904
02-03-2009,10.042
27-02-2009,10.251
26-02-2009,10.181
25-02-2009,10.208
24-02-2009,10.211
20-02-2009,10.38
19-02-2009,10.479
18-02-2009,10.504
17-02-2009,10.563
16-02-2009,10.723
13-02-2009,10.929
12-02-2009,10.824
11-02-2009,10.829
10-02-2009,10.849
09-02-2009,10.755
06-02-2009,10.607
05-02-2009,10.492
04-02-2009,10.546
03-02-2009,10.6
02-02-2009,10.654
30-01-2009,10.719
29-01-2009,10.628
28-01-2009,10.665
27-01-2009,10.646
23-01-2009,10.657
22-01-2009,10.786
21-01-2009,10.854
20-01-2009,11.032
19-01-2009,11.126
16-01-2009,11.113
15-01-2009,11
14-01-2009,11.126
13-01-2009,10.964
12-01-2009,11
09-01-2009,11.117
07-01-2009,11.267
06-01-2009,11.77
05-01-2009,11.81
02-01-2009,11.729
01-01-2009,11.552
31-12-2008,11.392
30-12-2008,11.366
29-12-2008,11.197
26-12-2008,11.116
24-12-2008,11.197
23-12-2008,11.194
22-12-2008,11.363
19-12-2008,11.396
18-12-2008,11.201
17-12-2008,11.038
16-12-2008,11.132
15-12-2008,10.975
12-12-2008,10.808
11-12-2008,10.725
10-12-2008,10.683
08-12-2008,10.535
05-12-2008,10.564
04-12-2008,10.725
03-12-2008,10.415
02-12-2008,10.331
01-12-2008,10.414
28-11-2008,10.556
26-11-2008,10.462
25-11-2008,10.389
24-11-2008,10.465
21-11-2008,10.514
20-11-2008,10.401
19-11-2008,10.669
18-11-2008,10.76
17-11-2008,10.935
14-11-2008,11.228
12-11-2008,11.378
11-11-2008,11.546
10-11-2008,11.917
07-11-2008,11.62
06-11-2008,11.431
05-11-2008,11.639
04-11-2008,11.66
03-11-2008,11.421
31-10-2008,10.959
29-10-2008,10.547
27-10-2008,10.162
24-10-2008,10.552
23-10-2008,11.401
22-10-2008,11.698
21-10-2008,12.128
20-10-2008,11.733
17-10-2008,11.712
16-10-2008,12.035
15-10-2008,12.211
14-10-2008,12.951
13-10-2008,12.759
10-10-2008,12.025
08-10-2008,13
07-10-2008,13.603
06-10-2008,13.882
03-10-2008,14.885
01-10-2008,15.385
30-09-2008,15.3
29-09-2008,15.107
26-09-2008,15.743
25-09-2008,16.224
24-09-2008,16.363
23-09-2008,16.326
22-09-2008,16.708
19-09-2008,16.745
18-09-2008,16.225
17-09-2008,16.34
16-09-2008,16.614
15-09-2008,16.801
12-09-2008,17.382
11-09-2008,17.624
10-09-2008,17.821
09-09-2008,17.985
08-09-2008,18.108
05-09-2008,17.967
04-09-2008,18.18
02-09-2008,18.244
01-09-2008,17.933
29-08-2008,17.888
28-08-2008,17.501
27-08-2008,17.679
26-08-2008,17.821
25-08-2008,17.798
22-08-2008,17.742
21-08-2008,17.702
20-08-2008,18.05
19-08-2008,17.919
18-08-2008,18.043
14-08-2008,18.218
13-08-2008,18.55
12-08-2008,18.592
11-08-2008,18.749
08-08-2008,18.441
07-08-2008,18.387
06-08-2008,18.42
05-08-2008,18.494
04-08-2008,18.224
01-08-2008,17.912
31-07-2008,17.615
30-07-2008,17.614
29-07-2008,17.288
28-07-2008,17.835
25-07-2008,17.767
24-07-2008,17.874
23-07-2008,18.03
22-07-2008,17.125
21-07-2008,16.767
18-07-2008,16.61
17-07-2008,16.363
16-07-2008,15.995
15-07-2008,16.214
14-07-2008,16.744
11-07-2008,16.818
10-07-2008,17.081
09-07-2008,17.062
08-07-2008,16.498
07-07-2008,16.614
04-07-2008,16.407
03-07-2008,15.903
02-07-2008,16.466
01-07-2008,15.842
30-06-2008,16.576
27-06-2008,17.047
26-06-2008,17.835
25-06-2008,17.805
24-06-2008,17.632
23-06-2008,18.026
20-06-2008,18.685
19-06-2008,19.248
18-06-2008,19.712
17-06-2008,19.921
16-06-2008,19.598
13-06-2008,19.381
12-06-2008,19.307
11-06-2008,19.167
10-06-2008,18.911
09-06-2008,19.278
06-06-2008,19.931
05-06-2008,20.033
04-06-2008,19.97
03-06-2008,20.523
02-06-2008,20.86
30-05-2008,21.321
29-05-2008,21.193
28-05-2008,21.241
27-05-2008,21.051
26-05-2008,21.199
23-05-2008,21.752
22-05-2008,21.969
21-05-2008,22.323
20-05-2008,22.209
16-05-2008,22.291
15-05-2008,22.077
14-05-2008,21.881
13-05-2008,21.745
12-05-2008,21.699
09-05-2008,21.763
08-05-2008,22.197
07-05-2008,22.469
06-05-2008,22.593
05-05-2008,22.867
02-05-2008,22.64
30-04-2008,22.344
29-04-2008,22.328
28-04-2008,22.104
25-04-2008,21.991
24-04-2008,21.83
23-04-2008,21.937
22-04-2008,21.947
21-04-2008,21.787
17-04-2008,21.463
16-04-2008,21.063
15-04-2008,20.87
11-04-2008,20.69
10-04-2008,20.538
09-04-2008,20.46
08-04-2008,20.244
07-04-2008,20.214
04-04-2008,19.973
03-04-2008,20.413
02-04-2008,20.441
01-04-2008,20.347
31-03-2008,20.592
28-03-2008,20.96
27-03-2008,20.208
26-03-2008,20.251
25-03-2008,19.934
24-03-2008,18.935
19-03-2008,19.237
18-03-2008,19.339
17-03-2008,19.742
14-03-2008,21.03
13-03-2008,20.855
12-03-2008,22.039
11-03-2008,22.097
10-03-2008,21.396
07-03-2008,21.373
05-03-2008,22.283
04-03-2008,22.687
03-03-2008,23.185
29-02-2008,24.321
28-02-2008,24.358
27-02-2008,24.351
26-02-2008,24.17
25-02-2008,23.821
22-02-2008,23.949
21-02-2008,24.26
20-02-2008,24.241
19-02-2008,24.702
18-02-2008,24.563
15-02-2008,24.532
14-02-2008,24.166
13-02-2008,23.131
12-02-2008,23.178
11-02-2008,23.508
08-02-2008,24.661
07-02-2008,25.199
06-02-2008,25.771
05-02-2008,26.131
04-02-2008,26.077
01-02-2008,25.453
31-01-2008,25.478
30-01-2008,25.817
29-01-2008,26.563
28-01-2008,26.603
25-01-2008,26.6
24-01-2008,24.979
23-01-2008,25.731
22-01-2008,24.072
21-01-2008,25.802
18-01-2008,28.459
17-01-2008,29.768
16-01-2008,29.738
15-01-2008,30.492
14-01-2008,30.853
11-01-2008,30.571
10-01-2008,30.479
09-01-2008,31.384
08-01-2008,31.417
07-01-2008,32.166
04-01-2008,32.398
03-01-2008,32.008
02-01-2008,31.965
01-01-2008,31.15
31-12-2007,30.723
28-12-2007,30.127
27-12-2007,29.68
26-12-2007,29.634
24-12-2007,28.958
20-12-2007,28.348
19-12-2007,28.448
18-12-2007,28.642
17-12-2007,28.76
14-12-2007,29.824
13-12-2007,29.625
12-12-2007,29.411
11-12-2007,29.158
10-12-2007,28.813
07-12-2007,28.738
06-12-2007,28.739
05-12-2007,28.692
04-12-2007,28.23
03-12-2007,27.814
30-11-2007,27.273
29-11-2007,26.602
28-11-2007,26.756
27-11-2007,26.938
26-11-2007,27.005
23-11-2007,26.5
22-11-2007,26.186
21-11-2007,26.488
20-11-2007,27.587
19-11-2007,28.099
16-11-2007,27.447
15-11-2007,27.269
14-11-2007,27.079
13-11-2007,26.38
12-11-2007,25.843
08-11-2007,26.04
07-11-2007,26.389
06-11-2007,26.54
05-11-2007,26.722
02-11-2007,26.57
01-11-2007,26.18
31-10-2007,26.502
30-10-2007,26.487
29-10-2007,26.591
26-10-2007,26.335
25-10-2007,25.839
24-10-2007,25.59
23-10-2007,25.279
22-10-2007,24.139
19-10-2007,24
18-10-2007,24.763
17-10-2007,25.56
16-10-2007,26.003
15-10-2007,25.716
12-10-2007,25.086
11-10-2007,25.204
10-10-2007,24.931
09-10-2007,24.473
08-10-2007,23.943
05-10-2007,24.631
04-10-2007,24.763
03-10-2007,24.744
01-10-2007,24.593
28-09-2007,24.294
27-09-2007,23.965
26-09-2007,23.974
25-09-2007,23.932
24-09-2007,23.84
21-09-2007,23.675
20-09-2007,23.487
19-09-2007,23.427
18-09-2007,23.111
17-09-2007,23.039
14-09-2007,22.999
13-09-2007,23.175
12-09-2007,23.103
11-09-2007,23.07
10-09-2007,23.051
07-09-2007,23.24
06-09-2007,23.231
05-09-2007,23.127
04-09-2007,23.113
03-09-2007,23.035
31-08-2007,22.9
30-08-2007,22.482
29-08-2007,22.373
28-08-2007,22.315
27-08-2007,22.254
24-08-2007,21.618
23-08-2007,21.375
22-08-2007,21.479
21-08-2007,21.473
20-08-2007,22.151
17-08-2007,21.916
16-08-2007,22.324
14-08-2007,23.128
13-08-2007,23.162
10-08-2007,23.036
09-08-2007,23.291
08-08-2007,23.708
07-08-2007,23.37
06-08-2007,23.302
03-08-2007,23.489
02-08-2007,23.234
01-08-2007,23.08
31-07-2007,23.791
30-07-2007,23.499
27-07-2007,23.437
26-07-2007,24.005
25-07-2007,23.952
24-07-2007,24.193
23-07-2007,24.355
20-07-2007,24.279
19-07-2007,24.388
18-07-2007,24.085
17-07-2007,24.09
16-07-2007,24.34
13-07-2007,24.187
12-07-2007,24.179
11-07-2007,23.737
10-07-2007,23.714
09-07-2007,23.713
06-07-2007,23.523
05-07-2007,23.434
04-07-2007,23.67
03-07-2007,23.555
02-07-2007,23.362
29-06-2007,23.246
28-06-2007,22.99
27-06-2007,23.002
26-06-2007,22.944
25-06-2007,22.877
22-06-2007,22.819
21-06-2007,22.77
20-06-2007,22.689
19-06-2007,22.392
18-06-2007,22.157
15-06-2007,22.213
14-06-2007,21.991
13-06-2007,21.612
12-06-2007,21.656
11-06-2007,21.862
08-06-2007,21.871
07-06-2007,22.072
06-06-2007,21.973
05-06-2007,22.301
04-06-2007,22.158
01-06-2007,22.217
31-05-2007,22.037
30-05-2007,21.968
29-05-2007,22.07
28-05-2007,21.922
25-05-2007,21.786
24-05-2007,21.697
23-05-2007,21.755
22-05-2007,21.81
21-05-2007,21.75
18-05-2007,21.614
17-05-2007,21.573
16-05-2007,21.503
15-05-2007,21.2
14-05-2007,21.147
11-05-2007,20.991
10-05-2007,20.925
09-05-2007,20.793
08-05-2007,20.817
07-05-2007,20.975
04-05-2007,21.019
03-05-2007,21.056
30-04-2007,20.708
27-04-2007,20.517
26-04-2007,20.635
25-04-2007,20.633
24-04-2007,20.386
23-04-2007,20.224
20-04-2007,20.256
19-04-2007,20.074
18-04-2007,20.124
17-04-2007,20.001
16-04-2007,19.961
13-04-2007,19.76
12-04-2007,19.499
11-04-2007,19.561
10-04-2007,19.332
09-04-2007,19.254
05-04-2007,18.953
04-04-2007,18.815
03-04-2007,18.743
02-04-2007,18.614
30-03-2007,19.248
29-03-2007,19.023
28-03-2007,18.96
26-03-2007,19.171
23-03-2007,19.267
22-03-2007,19.273
21-03-2007,18.998
20-03-2007,18.912
19-03-2007,18.733
16-03-2007,18.524
15-03-2007,18.705
14-03-2007,18.606
13-03-2007,18.915
12-03-2007,18.735
09-03-2007,18.54
08-03-2007,18.537
07-03-2007,18.161
06-03-2007,18.469
05-03-2007,18.373
02-03-2007,19.168
01-03-2007,19.329
28-02-2007,19.306
27-02-2007,19.998
26-02-2007,19.955
23-02-2007,19.865
22-02-2007,20.353
21-02-2007,20.52
20-02-2007,20.482
19-02-2007,20.75
15-02-2007,20.694
14-02-2007,20.105
13-02-2007,20.235
12-02-2007,20.334
09-02-2007,20.998
08-02-2007,21.347
07-02-2007,21.42
06-02-2007,21.386
05-02-2007,21.198
02-02-2007,21.235
01-02-2007,20.766
31-01-2007,20.672
29-01-2007,20.761
25-01-2007,20.751
24-01-2007,20.626
23-01-2007,20.523
22-01-2007,20.636
19-01-2007,20.594
18-01-2007,20.684
17-01-2007,20.654
16-01-2007,20.531
15-01-2007,20.496
12-01-2007,20.347
11-01-2007,20.085
10-01-2007,19.886
09-01-2007,20.038
08-01-2007,20.062
05-01-2007,20.132
04-01-2007,20.14
03-01-2007,20.154
02-01-2007,19.936
29-12-2006,19.686
28-12-2006,19.389
27-12-2006,19.327
26-12-2006,19.141
22-12-2006,18.969
21-12-2006,18.818
20-12-2006,18.747
19-12-2006,18.78
18-12-2006,18.955
15-12-2006,18.968
14-12-2006,18.78
13-12-2006,18.352
12-12-2006,18.123
11-12-2006,18.72
08-12-2006,19.112
07-12-2006,19.239
06-12-2006,19.27
05-12-2006,19.447
04-12-2006,19.406
01-12-2006,19.336
30-11-2006,19.021
29-11-2006,18.914
28-11-2006,18.663
27-11-2006,18.757
24-11-2006,18.716
23-11-2006,18.569
22-11-2006,18.55
21-11-2006,18.46
20-11-2006,18.232
17-11-2006,18.384
16-11-2006,18.613
15-11-2006,18.587
14-11-2006,18.678
13-11-2006,18.824
10-11-2006,18.598
09-11-2006,18.477
08-11-2006,18.308
07-11-2006,18.509
06-11-2006,18.468
03-11-2006,18.235
02-11-2006,18.3
01-11-2006,18.212
31-10-2006,18.138
30-10-2006,18.125
27-10-2006,18.193
26-10-2006,18.107
23-10-2006,18.042
20-10-2006,17.991
19-10-2006,17.862
18-10-2006,17.872
17-10-2006,17.73
16-10-2006,17.815
13-10-2006,17.788
12-10-2006,17.753
11-10-2006,17.661
10-10-2006,17.749
09-10-2006,17.799
06-10-2006,17.75
05-10-2006,17.517
04-10-2006,17.255
03-10-2006,17.306
29-09-2006,17.291
28-09-2006,17.113
27-09-2006,17.027
26-09-2006,17.07
25-09-2006,17.12
22-09-2006,17.152
21-09-2006,17.212
20-09-2006,17.099
19-09-2006,17.094
18-09-2006,17.259
15-09-2006,17.223
14-09-2006,17.178
13-09-2006,17.089
12-09-2006,16.903
11-09-2006,16.686
08-09-2006,17.123
07-09-2006,17.023
06-09-2006,17.009
05-09-2006,16.937
04-09-2006,16.879
01-09-2006,16.623
31-08-2006,16.572
30-08-2006,16.776
29-08-2006,16.866
28-08-2006,16.897
25-08-2006,16.81
24-08-2006,16.693
23-08-2006,16.629
22-08-2006,16.698
21-08-2006,16.626
18-08-2006,16.525
17-08-2006,16.538
16-08-2006,16.674
14-08-2006,16.468
11-08-2006,16.241
10-08-2006,16.034
09-08-2006,15.915
08-08-2006,15.633
07-08-2006,15.469
04-08-2006,15.526
03-08-2006,15.492
02-08-2006,15.361
01-08-2006,15.18
31-07-2006,15.266
28-07-2006,15.124
27-07-2006,14.953
26-07-2006,14.714
25-07-2006,14.381
24-07-2006,14.172
21-07-2006,14.275
20-07-2006,14.554
19-07-2006,14.414
18-07-2006,14.705
17-07-2006,14.768
14-07-2006,15.022
13-07-2006,15.129
12-07-2006,15.157
11-07-2006,14.979
10-07-2006,14.96
07-07-2006,14.973
06-07-2006,15.14
05-07-2006,15.224
04-07-2006,15.156
03-07-2006,15.173
30-06-2006,15.102
29-06-2006,14.617
28-06-2006,14.565
27-06-2006,14.732
26-06-2006,14.88
23-06-2006,15.346
22-06-2006,15.33
21-06-2006,15.006
20-06-2006,14.672
19-06-2006,14.681
16-06-2006,14.293
15-06-2006,13.696
14-06-2006,13.049
13-06-2006,13.559
12-06-2006,14.437
09-06-2006,14.672
08-06-2006,13.962
07-06-2006,15.185
06-06-2006,16.153
05-06-2006,16.784
02-06-2006,17.104
01-06-2006,17.207
31-05-2006,17.75
30-05-2006,18.338
29-05-2006,18.398
26-05-2006,18.29
25-05-2006,17.789
24-05-2006,17.842
23-05-2006,17.85
22-05-2006,17.501
19-05-2006,18.674
18-05-2006,19.324
17-05-2006,20.637
16-05-2006,19.97
15-05-2006,20.272
12-05-2006,20.884
11-05-2006,20.984
10-05-2006,20.991
09-05-2006,20.742
08-05-2006,20.669
05-05-2006,20.675
04-05-2006,20.7
03-05-2006,20.729
02-05-2006,20.758
28-04-2006,20.201
27-04-2006,20.29
26-04-2006,20.316
25-04-2006,20.003
24-04-2006,20.294
21-04-2006,20.237
20-04-2006,20.371
19-04-2006,20.144
18-04-2006,20.151
17-04-2006,19.964
13-04-2006,19.629
12-04-2006,20.099
10-04-2006,20.518
07-04-2006,20.251
05-04-2006,20.383
04-04-2006,20.146
03-04-2006,20.101
31-03-2006,19.789
30-03-2006,19.566
29-03-2006,19.419
28-03-2006,19.37
27-03-2006,19.405
24-03-2006,19.149
23-03-2006,19.06
22-03-2006,18.811
21-03-2006,18.983
20-03-2006,19.035
17-03-2006,18.701
16-03-2006,18.649
14-03-2006,18.616
13-03-2006,18.66
10-03-2006,18.559
09-03-2006,18.199
08-03-2006,18.021
07-03-2006,18.186
06-03-2006,18.157
03-03-2006,17.864
02-03-2006,17.776
01-03-2006,17.575
28-02-2006,17.164
27-02-2006,17.184
24-02-2006,16.923
23-02-2006,16.842
22-02-2006,16.881
21-02-2006,16.939
20-02-2006,16.754
17-02-2006,16.866
16-02-2006,17.151
15-02-2006,17.071
14-02-2006,17.172
13-02-2006,17.483
10-02-2006,17.163
08-02-2006,16.73
07-02-2006,16.662
06-02-2006,16.355
03-02-2006,16.141
02-02-2006,16.048
01-02-2006,16.053
31-01-2006,16.156
30-01-2006,16.168
27-01-2006,16.358
25-01-2006,16.134
24-01-2006,16.16
23-01-2006,15.981
20-01-2006,15.988
19-01-2006,15.754
18-01-2006,15.467
17-01-2006,15.612
16-01-2006,15.746
13-01-2006,15.814
12-01-2006,15.794
10-01-2006,15.842
09-01-2006,15.858
06-01-2006,15.757
05-01-2006,15.624
04-01-2006,15.524
03-01-2006,15.368
02-01-2006,15.192
30-12-2005,15.03
29-12-2005,14.972
28-12-2005,14.824
27-12-2005,14.771
26-12-2005,14.443
23-12-2005,14.741
22-12-2005,14.872
21-12-2005,14.84
20-12-2005,14.862
19-12-2005,14.884
16-12-2005,14.819
15-12-2005,14.745
14-12-2005,14.807
13-12-2005,14.938
12-12-2005,14.896
09-12-2005,14.872
08-12-2005,14.676
07-12-2005,14.683
06-12-2005,14.651
05-12-2005,14.665
02-12-2005,14.728
01-12-2005,14.51
30-11-2005,14.322
29-11-2005,14.39
28-11-2005,14.439
25-11-2005,14.075
24-11-2005,13.912
23-11-2005,13.865
22-11-2005,13.772
21-11-2005,13.82
18-11-2005,13.943
17-11-2005,13.836
16-11-2005,13.694
14-11-2005,13.619
11-11-2005,13.603
10-11-2005,13.42
09-11-2005,13.4
08-11-2005,13.354
07-11-2005,13.266
02-11-2005,13.132
31-10-2005,12.799
28-10-2005,12.646
27-10-2005,12.859
26-10-2005,12.952
25-10-2005,12.99
24-10-2005,12.963
21-10-2005,12.939
20-10-2005,12.846
19-10-2005,13.055
18-10-2005,13.41
17-10-2005,13.356
14-10-2005,13.468
13-10-2005,13.804
11-10-2005,13.956
10-10-2005,13.989
07-10-2005,14.102
06-10-2005,14.204
05-10-2005,14.381
04-10-2005,14.354
03-10-2005,14.277
30-09-2005,14.218
29-09-2005,14.233
28-09-2005,14.198
27-09-2005,14.027
26-09-2005,13.963
23-09-2005,13.463
22-09-2005,13.468
21-09-2005,14.079
20-09-2005,14.336
19-09-2005,14.367
16-09-2005,14.35
15-09-2005,14.276
14-09-2005,14.162
13-09-2005,14.187
12-09-2005,14.077
09-09-2005,13.863
08-09-2005,13.884
06-09-2005,13.813
05-09-2005,13.734
02-09-2005,13.801
01-09-2005,13.77
31-08-2005,13.696
30-08-2005,13.587
29-08-2005,13.432
26-08-2005,13.388
25-08-2005,13.225
24-08-2005,13.027
23-08-2005,13.141
22-08-2005,13.373
19-08-2005,13.372
18-08-2005,13.383
17-08-2005,13.376
16-08-2005,13.334
12-08-2005,13.252
11-08-2005,13.16
10-08-2005,13.068
09-08-2005,12.699
08-08-2005,12.6
05-08-2005,12.784
04-08-2005,12.658
03-08-2005,12.516
02-08-2005,12.431
01-08-2005,12.145
29-07-2005,12.13
27-07-2005,12.24
26-07-2005,12.122
25-07-2005,12.135
22-07-2005,12.024
21-07-2005,11.956
20-07-2005,12.002
19-07-2005,11.902
18-07-2005,11.87
15-07-2005,11.725
14-07-2005,11.586
13-07-2005,11.626
12-07-2005,11.59
11-07-2005,11.589
08-07-2005,11.397
07-07-2005,11.197
06-07-2005,11.288
05-07-2005,11.131
04-07-2005,11.183
01-07-2005,11.034
30-06-2005,10.954
29-06-2005,10.849
28-06-2005,10.812
27-06-2005,10.919
24-06-2005,10.954
23-06-2005,10.853
22-06-2005,10.836
21-06-2005,10.797
20-06-2005,10.773
17-06-2005,10.902
16-06-2005,11.093
15-06-2005,11.11
14-06-2005,11.047
13-06-2005,11.012
10-06-2005,11.008
09-06-2005,11.056
08-06-2005,11.058
07-06-2005,11.049
06-06-2005,11.051
03-06-2005,11.041
02-06-2005,11.001
01-06-2005,11.08
31-05-2005,11.017
30-05-2005,11.027
27-05-2005,11.141
26-05-2005,11.13
25-05-2005,11.086
24-05-2005,11.067
23-05-2005,10.988
20-05-2005,10.935
19-05-2005,10.941
18-05-2005,10.908
17-05-2005,10.913
16-05-2005,10.916
13-05-2005,10.849
12-05-2005,10.884
11-05-2005,10.749
10-05-2005,10.793
09-05-2005,10.774
06-05-2005,10.62
05-05-2005,10.589
04-05-2005,10.492
03-05-2005,10.327
02-05-2005,10.257
29-04-2005,10.311
28-04-2005,10.413
27-04-2005,10.457
26-04-2005,10.514
25-04-2005,10.512
22-04-2005,10.389
21-04-2005,10.29
20-04-2005,10.096
19-04-2005,10.063
18-04-2005,10.115
15-04-2005,10.113
13-04-2005,10.276
12-04-2005,10.196
11-04-2005,10.141
08-04-2005,10.165
07-04-2005,10.232
06-04-2005,10.221
05-04-2005,10.2
04-04-2005,10.249
01-04-2005,10.201
31-03-2005,10.096
30-03-2005,9.984
29-03-2005,9.897
28-03-2005,9.964
24-03-2005,9.902
23-03-2005,9.978
22-03-2005,10.077
21-03-2005,10.211
18-03-2005,10.203
17-03-2005,10.228
16-03-2005,10.304
15-03-2005,10.294
14-03-2005,10.304
11-03-2005,10.331
10-03-2005,10.339
09-03-2005,10.312
08-03-2005,10.39
07-03-2005,10.376
04-03-2005,10.335
03-03-2005,10.278
02-03-2005,10.218
01-03-2005,10.177
28-02-2005,10.169
24-02-2005,10
